VERSION=v24_fixedalpha, MAX_ITERS=20000, checkpoints -> /home/iai-labor/BuildingControlCFD/experiments/gnot/checkpoints/v24_fixedalpha
Using device: cuda
[v21] scenarios: FIXED V = [1.0, 0.0, 0.0, 0.0, 0.0, 0.0, 0.0, 0.0]; nu curriculum: 0.01 (to the end); CO2 window factor: OFF
GNOT parameters: 322,438
[v8_nondim] Trivial-solution CO2(scaled) reference = 0.2849  (CO2(scaled) near this = still stuck on C=const; clearly below = learning CO2)
[v8_nondim] adaptive CO2 weighting: OFF (co2_weight fixed at 1.0); guide_w column = norm-balancing weight the Expert's Guide rule would pick (diagnostic)
Optimizer: Adam
LR schedule: exponential 0.001 * 0.9**(it/2000) -> 3.49e-04 at iter 20000
[Iter 00000/20000] Total=31.82689 | NS=7.37496 CO2(scaled)=21.56973 CO2_weight=1.00 guide_w=0.167 Walls=0.25274(x10) g_ns/g_walls=1.23 Windows=0.13986 Doors=0.01405 IC=0.00000 CO2_BC=0.20088 LR=1.00e-03 nu=0.01 NSraw=39.8 alpha(W1/W8/all)=0.59/0.39/0.48 | 0.70 it/s
[Iter 00010/20000] Total=1.00363 | NS=0.09028 CO2(scaled)=0.14616 CO2_weight=1.00 guide_w=0.167 Walls=0.07340(x10) g_ns/g_walls=1.23 Windows=0.03068 Doors=0.00161 IC=0.00000 CO2_BC=0.00090 LR=9.99e-04 nu=0.01 NSraw=0.157 alpha(W1/W8/all)=0.59/0.39/0.48 | 0.82 it/s
[Iter 00020/20000] Total=0.97236 | NS=0.15203 CO2(scaled)=0.11193 CO2_weight=1.00 guide_w=0.167 Walls=0.06387(x10) g_ns/g_walls=1.23 Windows=0.06917 Doors=0.00038 IC=0.00000 CO2_BC=0.00017 LR=9.99e-04 nu=0.01 NSraw=0.6916 alpha(W1/W8/all)=0.59/0.39/0.48 | 0.83 it/s
[Iter 00030/20000] Total=0.77887 | NS=0.10710 CO2(scaled)=0.10766 CO2_weight=1.00 guide_w=0.167 Walls=0.05517(x10) g_ns/g_walls=1.23 Windows=0.01225 Doors=0.00005 IC=0.00000 CO2_BC=0.00007 LR=9.98e-04 nu=0.01 NSraw=0.5059 alpha(W1/W8/all)=0.59/0.39/0.48 | 0.84 it/s
[Iter 00040/20000] Total=0.86016 | NS=0.10074 CO2(scaled)=0.10579 CO2_weight=1.00 guide_w=0.167 Walls=0.06319(x10) g_ns/g_walls=1.23 Windows=0.02169 Doors=0.00001 IC=0.00000 CO2_BC=0.00004 LR=9.98e-04 nu=0.01 NSraw=0.596 alpha(W1/W8/all)=0.59/0.39/0.48 | 0.84 it/s
[Iter 00050/20000] Total=0.64518 | NS=0.08843 CO2(scaled)=0.11106 CO2_weight=1.00 guide_w=0.167 Walls=0.04346(x10) g_ns/g_walls=1.23 Windows=0.01102 Doors=0.00008 IC=0.00000 CO2_BC=0.00002 LR=9.97e-04 nu=0.01 NSraw=0.379 alpha(W1/W8/all)=0.59/0.39/0.48 | 0.84 it/s
[Iter 00060/20000] Total=0.71804 | NS=0.06364 CO2(scaled)=0.10822 CO2_weight=1.00 guide_w=0.167 Walls=0.05365(x10) g_ns/g_walls=1.23 Windows=0.00951 Doors=0.00012 IC=0.00000 CO2_BC=0.00002 LR=9.97e-04 nu=0.01 NSraw=0.259 alpha(W1/W8/all)=0.59/0.39/0.48 | 0.84 it/s
[Iter 00070/20000] Total=0.64291 | NS=0.13164 CO2(scaled)=0.10595 CO2_weight=1.00 guide_w=0.167 Walls=0.03927(x10) g_ns/g_walls=1.23 Windows=0.01202 Doors=0.00055 IC=0.00000 CO2_BC=0.00001 LR=9.96e-04 nu=0.01 NSraw=0.4988 alpha(W1/W8/all)=0.59/0.39/0.48 | 0.84 it/s
[Iter 00080/20000] Total=0.84209 | NS=0.13160 CO2(scaled)=0.10531 CO2_weight=1.00 guide_w=0.167 Walls=0.05934(x10) g_ns/g_walls=1.23 Windows=0.01146 Doors=0.00032 IC=0.00000 CO2_BC=0.00002 LR=9.96e-04 nu=0.01 NSraw=0.7878 alpha(W1/W8/all)=0.59/0.39/0.48 | 0.85 it/s
[Iter 00090/20000] Total=0.67666 | NS=0.11913 CO2(scaled)=0.10224 CO2_weight=1.00 guide_w=0.167 Walls=0.04476(x10) g_ns/g_walls=1.23 Windows=0.00763 Doors=0.00001 IC=0.00000 CO2_BC=0.00003 LR=9.95e-04 nu=0.01 NSraw=0.4556 alpha(W1/W8/all)=0.59/0.39/0.48 | 0.85 it/s
[Iter 00100/20000] Total=0.86773 | NS=0.18044 CO2(scaled)=0.10329 CO2_weight=1.00 guide_w=14.1 Walls=0.05640(x10) g_ns/g_walls=0.282 Windows=0.01992 Doors=0.00005 IC=0.00000 CO2_BC=0.00005 LR=9.95e-04 nu=0.01 NSraw=2.313 alpha(W1/W8/all)=0.59/0.39/0.48 | 0.85 it/s
[Iter 00110/20000] Total=0.80618 | NS=0.06294 CO2(scaled)=0.09851 CO2_weight=1.00 guide_w=14.1 Walls=0.06281(x10) g_ns/g_walls=0.282 Windows=0.01641 Doors=0.00010 IC=0.00000 CO2_BC=0.00008 LR=9.94e-04 nu=0.01 NSraw=0.2917 alpha(W1/W8/all)=0.59/0.39/0.48 | 0.85 it/s
[Iter 00120/20000] Total=0.57983 | NS=0.07637 CO2(scaled)=0.10008 CO2_weight=1.00 guide_w=14.1 Walls=0.03807(x10) g_ns/g_walls=0.282 Windows=0.02244 Doors=0.00014 IC=0.00000 CO2_BC=0.00015 LR=9.94e-04 nu=0.01 NSraw=0.2847 alpha(W1/W8/all)=0.59/0.39/0.48 | 0.85 it/s
[Iter 00130/20000] Total=0.74353 | NS=0.15128 CO2(scaled)=0.09181 CO2_weight=1.00 guide_w=14.1 Walls=0.04907(x10) g_ns/g_walls=0.282 Windows=0.00947 Doors=0.00001 IC=0.00000 CO2_BC=0.00029 LR=9.93e-04 nu=0.01 NSraw=1.223 alpha(W1/W8/all)=0.59/0.39/0.48 | 0.85 it/s
[Iter 00140/20000] Total=0.83578 | NS=0.17505 CO2(scaled)=0.08844 CO2_weight=1.00 guide_w=14.1 Walls=0.05549(x10) g_ns/g_walls=0.282 Windows=0.01652 Doors=0.00003 IC=0.00000 CO2_BC=0.00078 LR=9.93e-04 nu=0.01 NSraw=1.147 alpha(W1/W8/all)=0.59/0.39/0.48 | 0.85 it/s
[Iter 00150/20000] Total=0.47431 | NS=0.04767 CO2(scaled)=0.08205 CO2_weight=1.00 guide_w=14.1 Walls=0.03344(x10) g_ns/g_walls=0.282 Windows=0.00890 Doors=0.00005 IC=0.00000 CO2_BC=0.00129 LR=9.92e-04 nu=0.01 NSraw=0.0885 alpha(W1/W8/all)=0.59/0.39/0.48 | 0.85 it/s
[Iter 00160/20000] Total=0.61220 | NS=0.19018 CO2(scaled)=0.08458 CO2_weight=1.00 guide_w=14.1 Walls=0.03260(x10) g_ns/g_walls=0.282 Windows=0.01002 Doors=0.00012 IC=0.00000 CO2_BC=0.00127 LR=9.92e-04 nu=0.01 NSraw=3.589 alpha(W1/W8/all)=0.59/0.39/0.48 | 0.85 it/s
[Iter 00170/20000] Total=0.78032 | NS=0.18356 CO2(scaled)=0.06736 CO2_weight=1.00 guide_w=14.1 Walls=0.04984(x10) g_ns/g_walls=0.282 Windows=0.02981 Doors=0.00025 IC=0.00000 CO2_BC=0.00089 LR=9.91e-04 nu=0.01 NSraw=0.776 alpha(W1/W8/all)=0.59/0.39/0.48 | 0.85 it/s
[Iter 00180/20000] Total=0.51267 | NS=0.16225 CO2(scaled)=0.06131 CO2_weight=1.00 guide_w=14.1 Walls=0.02753(x10) g_ns/g_walls=0.282 Windows=0.01267 Doors=0.00000 IC=0.00000 CO2_BC=0.00116 LR=9.91e-04 nu=0.01 NSraw=0.4663 alpha(W1/W8/all)=0.59/0.39/0.48 | 0.85 it/s
[Iter 00190/20000] Total=0.34432 | NS=0.12925 CO2(scaled)=0.05049 CO2_weight=1.00 guide_w=14.1 Walls=0.01577(x10) g_ns/g_walls=0.282 Windows=0.00477 Doors=0.00002 IC=0.00000 CO2_BC=0.00211 LR=9.90e-04 nu=0.01 NSraw=0.3134 alpha(W1/W8/all)=0.59/0.39/0.48 | 0.85 it/s
[Iter 00200/20000] Total=0.51508 | NS=0.12037 CO2(scaled)=0.05609 CO2_weight=1.00 guide_w=0.375 Walls=0.03170(x10) g_ns/g_walls=0.0334 Windows=0.02006 Doors=0.00003 IC=0.00000 CO2_BC=0.00157 LR=9.90e-04 nu=0.01 NSraw=0.4835 alpha(W1/W8/all)=0.59/0.39/0.48 | 0.85 it/s
[Iter 00210/20000] Total=0.69051 | NS=0.31788 CO2(scaled)=0.06278 CO2_weight=1.00 guide_w=0.375 Walls=0.03011(x10) g_ns/g_walls=0.0334 Windows=0.00677 Doors=0.00033 IC=0.00000 CO2_BC=0.00168 LR=9.89e-04 nu=0.01 NSraw=4.552 alpha(W1/W8/all)=0.59/0.39/0.48 | 0.85 it/s
[Iter 00220/20000] Total=0.50063 | NS=0.08737 CO2(scaled)=0.04330 CO2_weight=1.00 guide_w=0.375 Walls=0.03513(x10) g_ns/g_walls=0.0334 Windows=0.01512 Doors=0.00131 IC=0.00000 CO2_BC=0.00221 LR=9.88e-04 nu=0.01 NSraw=0.2935 alpha(W1/W8/all)=0.59/0.39/0.48 | 0.85 it/s
[Iter 00230/20000] Total=0.41595 | NS=0.09425 CO2(scaled)=0.04142 CO2_weight=1.00 guide_w=0.375 Walls=0.02701(x10) g_ns/g_walls=0.0334 Windows=0.00669 Doors=0.00170 IC=0.00000 CO2_BC=0.00183 LR=9.88e-04 nu=0.01 NSraw=0.4211 alpha(W1/W8/all)=0.59/0.39/0.48 | 0.85 it/s
[Iter 00240/20000] Total=0.30591 | NS=0.08962 CO2(scaled)=0.03790 CO2_weight=1.00 guide_w=0.375 Walls=0.01660(x10) g_ns/g_walls=0.0334 Windows=0.01017 Doors=0.00009 IC=0.00000 CO2_BC=0.00213 LR=9.87e-04 nu=0.01 NSraw=0.2055 alpha(W1/W8/all)=0.59/0.39/0.48 | 0.85 it/s
[Iter 00250/20000] Total=0.51055 | NS=0.16134 CO2(scaled)=0.04400 CO2_weight=1.00 guide_w=0.375 Walls=0.02854(x10) g_ns/g_walls=0.0334 Windows=0.01799 Doors=0.00000 IC=0.00000 CO2_BC=0.00183 LR=9.87e-04 nu=0.01 NSraw=0.7148 alpha(W1/W8/all)=0.59/0.39/0.48 | 0.85 it/s
[Iter 00260/20000] Total=0.41106 | NS=0.23018 CO2(scaled)=0.03898 CO2_weight=1.00 guide_w=0.375 Walls=0.01354(x10) g_ns/g_walls=0.0334 Windows=0.00469 Doors=0.00001 IC=0.00000 CO2_BC=0.00179 LR=9.86e-04 nu=0.01 NSraw=3.933 alpha(W1/W8/all)=0.59/0.39/0.48 | 0.85 it/s
[Iter 00270/20000] Total=0.52762 | NS=0.25680 CO2(scaled)=0.03611 CO2_weight=1.00 guide_w=0.375 Walls=0.02235(x10) g_ns/g_walls=0.0334 Windows=0.00888 Doors=0.00001 IC=0.00000 CO2_BC=0.00231 LR=9.86e-04 nu=0.01 NSraw=4.775 alpha(W1/W8/all)=0.59/0.39/0.48 | 0.85 it/s
[Iter 00280/20000] Total=0.27040 | NS=0.05606 CO2(scaled)=0.03150 CO2_weight=1.00 guide_w=0.375 Walls=0.01746(x10) g_ns/g_walls=0.0334 Windows=0.00611 Doors=0.00000 IC=0.00000 CO2_BC=0.00213 LR=9.85e-04 nu=0.01 NSraw=0.1059 alpha(W1/W8/all)=0.59/0.39/0.48 | 0.85 it/s
[Iter 00290/20000] Total=0.24473 | NS=0.03276 CO2(scaled)=0.03164 CO2_weight=1.00 guide_w=0.375 Walls=0.01718(x10) g_ns/g_walls=0.0334 Windows=0.00645 Doors=0.00023 IC=0.00000 CO2_BC=0.00185 LR=9.85e-04 nu=0.01 NSraw=0.06042 alpha(W1/W8/all)=0.59/0.39/0.48 | 0.85 it/s
[Iter 00300/20000] Total=0.26742 | NS=0.08141 CO2(scaled)=0.02647 CO2_weight=1.00 guide_w=3.85 Walls=0.01538(x10) g_ns/g_walls=0.253 Windows=0.00335 Doors=0.00003 IC=0.00000 CO2_BC=0.00240 LR=9.84e-04 nu=0.01 NSraw=0.2675 alpha(W1/W8/all)=0.59/0.39/0.48 | 0.85 it/s
[Iter 00310/20000] Total=0.27882 | NS=0.11738 CO2(scaled)=0.02542 CO2_weight=1.00 guide_w=3.85 Walls=0.01298(x10) g_ns/g_walls=0.253 Windows=0.00452 Doors=0.00004 IC=0.00000 CO2_BC=0.00165 LR=9.84e-04 nu=0.01 NSraw=0.7184 alpha(W1/W8/all)=0.59/0.39/0.48 | 0.85 it/s
[Iter 00320/20000] Total=0.23034 | NS=0.09248 CO2(scaled)=0.02706 CO2_weight=1.00 guide_w=3.85 Walls=0.01021(x10) g_ns/g_walls=0.253 Windows=0.00622 Doors=0.00002 IC=0.00000 CO2_BC=0.00250 LR=9.83e-04 nu=0.01 NSraw=0.2683 alpha(W1/W8/all)=0.59/0.39/0.48 | 0.85 it/s
[Iter 00330/20000] Total=0.27943 | NS=0.12335 CO2(scaled)=0.02853 CO2_weight=1.00 guide_w=3.85 Walls=0.01210(x10) g_ns/g_walls=0.253 Windows=0.00455 Doors=0.00001 IC=0.00000 CO2_BC=0.00202 LR=9.83e-04 nu=0.01 NSraw=0.4619 alpha(W1/W8/all)=0.59/0.39/0.48 | 0.85 it/s
[Iter 00340/20000] Total=0.46400 | NS=0.25173 CO2(scaled)=0.03484 CO2_weight=1.00 guide_w=3.85 Walls=0.01637(x10) g_ns/g_walls=0.253 Windows=0.01021 Doors=0.00024 IC=0.00000 CO2_BC=0.00330 LR=9.82e-04 nu=0.01 NSraw=5.048 alpha(W1/W8/all)=0.59/0.39/0.48 | 0.85 it/s
[Iter 00350/20000] Total=0.52351 | NS=0.16378 CO2(scaled)=0.05308 CO2_weight=1.00 guide_w=3.85 Walls=0.02916(x10) g_ns/g_walls=0.253 Windows=0.01362 Doors=0.00008 IC=0.00000 CO2_BC=0.00134 LR=9.82e-04 nu=0.01 NSraw=1.077 alpha(W1/W8/all)=0.59/0.39/0.48 | 0.85 it/s
[Iter 00360/20000] Total=0.72588 | NS=0.43095 CO2(scaled)=0.03055 CO2_weight=1.00 guide_w=3.85 Walls=0.02514(x10) g_ns/g_walls=0.253 Windows=0.01059 Doors=0.00003 IC=0.00000 CO2_BC=0.00232 LR=9.81e-04 nu=0.01 NSraw=16.43 alpha(W1/W8/all)=0.59/0.39/0.48 | 0.85 it/s
[Iter 00370/20000] Total=0.39140 | NS=0.22644 CO2(scaled)=0.02957 CO2_weight=1.00 guide_w=3.85 Walls=0.01289(x10) g_ns/g_walls=0.253 Windows=0.00466 Doors=0.00020 IC=0.00000 CO2_BC=0.00168 LR=9.81e-04 nu=0.01 NSraw=2.661 alpha(W1/W8/all)=0.59/0.39/0.48 | 0.85 it/s
[Iter 00380/20000] Total=0.36900 | NS=0.18517 CO2(scaled)=0.02946 CO2_weight=1.00 guide_w=3.85 Walls=0.01459(x10) g_ns/g_walls=0.253 Windows=0.00660 Doors=0.00042 IC=0.00000 CO2_BC=0.00141 LR=9.80e-04 nu=0.01 NSraw=3.221 alpha(W1/W8/all)=0.59/0.39/0.48 | 0.85 it/s
[Iter 00390/20000] Total=0.23878 | NS=0.10441 CO2(scaled)=0.04030 CO2_weight=1.00 guide_w=3.85 Walls=0.00853(x10) g_ns/g_walls=0.253 Windows=0.00312 Doors=0.00155 IC=0.00000 CO2_BC=0.00408 LR=9.80e-04 nu=0.01 NSraw=0.412 alpha(W1/W8/all)=0.59/0.39/0.48 | 0.85 it/s
[Iter 00400/20000] Total=0.31557 | NS=0.14270 CO2(scaled)=0.03570 CO2_weight=1.00 guide_w=3.28 Walls=0.01302(x10) g_ns/g_walls=0.343 Windows=0.00541 Doors=0.00002 IC=0.00000 CO2_BC=0.00158 LR=9.79e-04 nu=0.01 NSraw=0.6008 alpha(W1/W8/all)=0.59/0.39/0.48 | 0.85 it/s
[Iter 00410/20000] Total=0.32084 | NS=0.12830 CO2(scaled)=0.02798 CO2_weight=1.00 guide_w=3.28 Walls=0.01558(x10) g_ns/g_walls=0.343 Windows=0.00513 Doors=0.00121 IC=0.00000 CO2_BC=0.00241 LR=9.79e-04 nu=0.01 NSraw=0.6837 alpha(W1/W8/all)=0.59/0.39/0.48 | 0.85 it/s
[Iter 00420/20000] Total=0.30853 | NS=0.09238 CO2(scaled)=0.02852 CO2_weight=1.00 guide_w=3.28 Walls=0.01806(x10) g_ns/g_walls=0.343 Windows=0.00431 Doors=0.00052 IC=0.00000 CO2_BC=0.00223 LR=9.78e-04 nu=0.01 NSraw=0.2625 alpha(W1/W8/all)=0.59/0.39/0.48 | 0.85 it/s
[Iter 00430/20000] Total=0.31127 | NS=0.08928 CO2(scaled)=0.03486 CO2_weight=1.00 guide_w=3.28 Walls=0.01768(x10) g_ns/g_walls=0.343 Windows=0.00614 Doors=0.00037 IC=0.00000 CO2_BC=0.00385 LR=9.78e-04 nu=0.01 NSraw=0.2131 alpha(W1/W8/all)=0.59/0.39/0.48 | 0.85 it/s
[Iter 00440/20000] Total=0.34698 | NS=0.15555 CO2(scaled)=0.04724 CO2_weight=1.00 guide_w=3.28 Walls=0.01335(x10) g_ns/g_walls=0.343 Windows=0.00778 Doors=0.00000 IC=0.00000 CO2_BC=0.00294 LR=9.77e-04 nu=0.01 NSraw=0.7279 alpha(W1/W8/all)=0.59/0.39/0.48 | 0.85 it/s
[Iter 00450/20000] Total=0.25030 | NS=0.10843 CO2(scaled)=0.02372 CO2_weight=1.00 guide_w=3.28 Walls=0.01113(x10) g_ns/g_walls=0.343 Windows=0.00472 Doors=0.00004 IC=0.00000 CO2_BC=0.00208 LR=9.77e-04 nu=0.01 NSraw=0.755 alpha(W1/W8/all)=0.59/0.39/0.48 | 0.85 it/s
[Iter 00460/20000] Total=0.31808 | NS=0.09656 CO2(scaled)=0.02671 CO2_weight=1.00 guide_w=3.28 Walls=0.01863(x10) g_ns/g_walls=0.343 Windows=0.00616 Doors=0.00016 IC=0.00000 CO2_BC=0.00222 LR=9.76e-04 nu=0.01 NSraw=0.3313 alpha(W1/W8/all)=0.59/0.39/0.48 | 0.85 it/s
[Iter 00470/20000] Total=0.27581 | NS=0.10090 CO2(scaled)=0.02461 CO2_weight=1.00 guide_w=3.28 Walls=0.01402(x10) g_ns/g_walls=0.343 Windows=0.00798 Doors=0.00010 IC=0.00000 CO2_BC=0.00201 LR=9.76e-04 nu=0.01 NSraw=0.367 alpha(W1/W8/all)=0.59/0.39/0.48 | 0.85 it/s
[Iter 00480/20000] Total=0.22482 | NS=0.11886 CO2(scaled)=0.02155 CO2_weight=1.00 guide_w=3.28 Walls=0.00792(x10) g_ns/g_walls=0.343 Windows=0.00319 Doors=0.00006 IC=0.00000 CO2_BC=0.00191 LR=9.75e-04 nu=0.01 NSraw=0.4592 alpha(W1/W8/all)=0.59/0.39/0.48 | 0.85 it/s
[Iter 00490/20000] Total=0.32262 | NS=0.15190 CO2(scaled)=0.01919 CO2_weight=1.00 guide_w=3.28 Walls=0.01360(x10) g_ns/g_walls=0.343 Windows=0.01374 Doors=0.00006 IC=0.00000 CO2_BC=0.00177 LR=9.75e-04 nu=0.01 NSraw=0.5511 alpha(W1/W8/all)=0.59/0.39/0.48 | 0.85 it/s
[Iter 00500/20000] Total=0.38386 | NS=0.29372 CO2(scaled)=0.01930 CO2_weight=1.00 guide_w=1.48 Walls=0.00647(x10) g_ns/g_walls=0.183 Windows=0.00398 Doors=0.00028 IC=0.00000 CO2_BC=0.00185 LR=9.74e-04 nu=0.01 NSraw=5.396 alpha(W1/W8/all)=0.59/0.39/0.48 | 0.85 it/s
[Iter 00510/20000] Total=0.44544 | NS=0.25811 CO2(scaled)=0.01760 CO2_weight=1.00 guide_w=1.48 Walls=0.01615(x10) g_ns/g_walls=0.183 Windows=0.00534 Doors=0.00028 IC=0.00000 CO2_BC=0.00263 LR=9.73e-04 nu=0.01 NSraw=4.626 alpha(W1/W8/all)=0.59/0.39/0.48 | 0.85 it/s
[Iter 00520/20000] Total=0.20769 | NS=0.06562 CO2(scaled)=0.01894 CO2_weight=1.00 guide_w=1.48 Walls=0.01136(x10) g_ns/g_walls=0.183 Windows=0.00562 Doors=0.00166 IC=0.00000 CO2_BC=0.00221 LR=9.73e-04 nu=0.01 NSraw=0.1807 alpha(W1/W8/all)=0.59/0.39/0.48 | 0.85 it/s
[Iter 00530/20000] Total=0.25877 | NS=0.11758 CO2(scaled)=0.02083 CO2_weight=1.00 guide_w=1.48 Walls=0.01161(x10) g_ns/g_walls=0.183 Windows=0.00241 Doors=0.00001 IC=0.00000 CO2_BC=0.00179 LR=9.72e-04 nu=0.01 NSraw=0.4584 alpha(W1/W8/all)=0.59/0.39/0.48 | 0.85 it/s
[Iter 00540/20000] Total=0.92070 | NS=0.60315 CO2(scaled)=0.03244 CO2_weight=1.00 guide_w=1.48 Walls=0.02716(x10) g_ns/g_walls=0.183 Windows=0.01141 Doors=0.00065 IC=0.00000 CO2_BC=0.00148 LR=9.72e-04 nu=0.01 NSraw=57.41 alpha(W1/W8/all)=0.59/0.39/0.48 | 0.85 it/s
[Iter 00550/20000] Total=0.39879 | NS=0.18736 CO2(scaled)=0.01993 CO2_weight=1.00 guide_w=1.48 Walls=0.01749(x10) g_ns/g_walls=0.183 Windows=0.01414 Doors=0.00023 IC=0.00000 CO2_BC=0.00221 LR=9.71e-04 nu=0.01 NSraw=1.874 alpha(W1/W8/all)=0.59/0.39/0.48 | 0.85 it/s
[Iter 00560/20000] Total=0.36835 | NS=0.17692 CO2(scaled)=0.02658 CO2_weight=1.00 guide_w=1.48 Walls=0.01485(x10) g_ns/g_walls=0.183 Windows=0.01461 Doors=0.00009 IC=0.00000 CO2_BC=0.00167 LR=9.71e-04 nu=0.01 NSraw=2.595 alpha(W1/W8/all)=0.59/0.39/0.48 | 0.85 it/s
[Iter 00570/20000] Total=0.28038 | NS=0.07153 CO2(scaled)=0.02111 CO2_weight=1.00 guide_w=1.48 Walls=0.01719(x10) g_ns/g_walls=0.183 Windows=0.01333 Doors=0.00053 IC=0.00000 CO2_BC=0.00199 LR=9.70e-04 nu=0.01 NSraw=0.2583 alpha(W1/W8/all)=0.59/0.39/0.48 | 0.85 it/s
[Iter 00580/20000] Total=0.31757 | NS=0.12734 CO2(scaled)=0.02799 CO2_weight=1.00 guide_w=1.48 Walls=0.01473(x10) g_ns/g_walls=0.183 Windows=0.01201 Doors=0.00052 IC=0.00000 CO2_BC=0.00240 LR=9.70e-04 nu=0.01 NSraw=0.5067 alpha(W1/W8/all)=0.59/0.39/0.48 | 0.85 it/s
[Iter 00590/20000] Total=0.24270 | NS=0.06684 CO2(scaled)=0.02298 CO2_weight=1.00 guide_w=1.48 Walls=0.01461(x10) g_ns/g_walls=0.183 Windows=0.00407 Doors=0.00031 IC=0.00000 CO2_BC=0.00241 LR=9.69e-04 nu=0.01 NSraw=0.1546 alpha(W1/W8/all)=0.59/0.39/0.48 | 0.85 it/s
[Iter 00600/20000] Total=0.23931 | NS=0.05027 CO2(scaled)=0.02613 CO2_weight=1.00 guide_w=0.611 Walls=0.01546(x10) g_ns/g_walls=0.0473 Windows=0.00637 Doors=0.00016 IC=0.00000 CO2_BC=0.00179 LR=9.69e-04 nu=0.01 NSraw=0.1099 alpha(W1/W8/all)=0.59/0.39/0.48 | 0.85 it/s
[Iter 00610/20000] Total=0.33782 | NS=0.09656 CO2(scaled)=0.03355 CO2_weight=1.00 guide_w=0.611 Walls=0.01961(x10) g_ns/g_walls=0.0473 Windows=0.00898 Doors=0.00020 IC=0.00000 CO2_BC=0.00246 LR=9.68e-04 nu=0.01 NSraw=0.2893 alpha(W1/W8/all)=0.59/0.39/0.48 | 0.85 it/s
[Iter 00620/20000] Total=0.20686 | NS=0.10657 CO2(scaled)=0.01826 CO2_weight=1.00 guide_w=0.611 Walls=0.00785(x10) g_ns/g_walls=0.0473 Windows=0.00170 Doors=0.00019 IC=0.00000 CO2_BC=0.00165 LR=9.68e-04 nu=0.01 NSraw=0.4163 alpha(W1/W8/all)=0.59/0.39/0.48 | 0.85 it/s
[Iter 00630/20000] Total=0.33517 | NS=0.17662 CO2(scaled)=0.02298 CO2_weight=1.00 guide_w=0.611 Walls=0.01312(x10) g_ns/g_walls=0.0473 Windows=0.00225 Doors=0.00002 IC=0.00000 CO2_BC=0.00211 LR=9.67e-04 nu=0.01 NSraw=0.7593 alpha(W1/W8/all)=0.59/0.39/0.48 | 0.85 it/s
[Iter 00640/20000] Total=0.27175 | NS=0.10242 CO2(scaled)=0.02956 CO2_weight=1.00 guide_w=0.611 Walls=0.01318(x10) g_ns/g_walls=0.0473 Windows=0.00542 Doors=0.00024 IC=0.00000 CO2_BC=0.00233 LR=9.67e-04 nu=0.01 NSraw=0.3919 alpha(W1/W8/all)=0.59/0.39/0.48 | 0.85 it/s
[Iter 00650/20000] Total=0.24527 | NS=0.11134 CO2(scaled)=0.02474 CO2_weight=1.00 guide_w=0.611 Walls=0.01037(x10) g_ns/g_walls=0.0473 Windows=0.00409 Doors=0.00003 IC=0.00000 CO2_BC=0.00134 LR=9.66e-04 nu=0.01 NSraw=0.443 alpha(W1/W8/all)=0.59/0.39/0.48 | 0.85 it/s
[Iter 00660/20000] Total=0.17211 | NS=0.07805 CO2(scaled)=0.01810 CO2_weight=1.00 guide_w=0.611 Walls=0.00701(x10) g_ns/g_walls=0.0473 Windows=0.00351 Doors=0.00006 IC=0.00000 CO2_BC=0.00233 LR=9.66e-04 nu=0.01 NSraw=0.2557 alpha(W1/W8/all)=0.59/0.39/0.48 | 0.85 it/s
[Iter 00670/20000] Total=0.27087 | NS=0.09759 CO2(scaled)=0.01972 CO2_weight=1.00 guide_w=0.611 Walls=0.01398(x10) g_ns/g_walls=0.0473 Windows=0.01191 Doors=0.00025 IC=0.00000 CO2_BC=0.00161 LR=9.65e-04 nu=0.01 NSraw=0.4201 alpha(W1/W8/all)=0.59/0.39/0.48 | 0.85 it/s
[Iter 00680/20000] Total=0.22292 | NS=0.10415 CO2(scaled)=0.02164 CO2_weight=1.00 guide_w=0.611 Walls=0.00909(x10) g_ns/g_walls=0.0473 Windows=0.00375 Doors=0.00015 IC=0.00000 CO2_BC=0.00234 LR=9.65e-04 nu=0.01 NSraw=0.473 alpha(W1/W8/all)=0.59/0.39/0.48 | 0.85 it/s
[Iter 00690/20000] Total=0.81299 | NS=0.68621 CO2(scaled)=0.01677 CO2_weight=1.00 guide_w=0.611 Walls=0.01002(x10) g_ns/g_walls=0.0473 Windows=0.00756 Doors=0.00001 IC=0.00000 CO2_BC=0.00227 LR=9.64e-04 nu=0.01 NSraw=89.73 alpha(W1/W8/all)=0.59/0.39/0.48 | 0.85 it/s
[Iter 00700/20000] Total=0.15215 | NS=0.07486 CO2(scaled)=0.02428 CO2_weight=1.00 guide_w=0.205 Walls=0.00494(x10) g_ns/g_walls=0.0487 Windows=0.00206 Doors=0.00021 IC=0.00000 CO2_BC=0.00138 LR=9.64e-04 nu=0.01 NSraw=0.1978 alpha(W1/W8/all)=0.59/0.39/0.48 | 0.85 it/s
[Iter 00710/20000] Total=0.24405 | NS=0.10361 CO2(scaled)=0.02389 CO2_weight=1.00 guide_w=0.205 Walls=0.01097(x10) g_ns/g_walls=0.0487 Windows=0.00494 Doors=0.00005 IC=0.00000 CO2_BC=0.00185 LR=9.63e-04 nu=0.01 NSraw=0.5283 alpha(W1/W8/all)=0.59/0.39/0.48 | 0.85 it/s
[Iter 00720/20000] Total=0.21479 | NS=0.10293 CO2(scaled)=0.02120 CO2_weight=1.00 guide_w=0.205 Walls=0.00867(x10) g_ns/g_walls=0.0487 Windows=0.00170 Doors=0.00002 IC=0.00000 CO2_BC=0.00230 LR=9.63e-04 nu=0.01 NSraw=0.347 alpha(W1/W8/all)=0.59/0.39/0.48 | 0.85 it/s
[Iter 00730/20000] Total=0.16510 | NS=0.08672 CO2(scaled)=0.01738 CO2_weight=1.00 guide_w=0.205 Walls=0.00562(x10) g_ns/g_walls=0.0487 Windows=0.00288 Doors=0.00002 IC=0.00000 CO2_BC=0.00189 LR=9.62e-04 nu=0.01 NSraw=0.4062 alpha(W1/W8/all)=0.59/0.39/0.48 | 0.85 it/s
[Iter 00740/20000] Total=0.33186 | NS=0.05992 CO2(scaled)=0.01989 CO2_weight=1.00 guide_w=0.205 Walls=0.02456(x10) g_ns/g_walls=0.0487 Windows=0.00471 Doors=0.00001 IC=0.00000 CO2_BC=0.00169 LR=9.62e-04 nu=0.01 NSraw=0.1339 alpha(W1/W8/all)=0.59/0.39/0.48 | 0.85 it/s
[Iter 00750/20000] Total=0.31950 | NS=0.07200 CO2(scaled)=0.02510 CO2_weight=1.00 guide_w=0.205 Walls=0.02140(x10) g_ns/g_walls=0.0487 Windows=0.00676 Doors=0.00031 IC=0.00000 CO2_BC=0.00132 LR=9.61e-04 nu=0.01 NSraw=0.1409 alpha(W1/W8/all)=0.59/0.39/0.48 | 0.85 it/s
[Iter 00760/20000] Total=0.69653 | NS=0.43894 CO2(scaled)=0.03309 CO2_weight=1.00 guide_w=0.205 Walls=0.02154(x10) g_ns/g_walls=0.0487 Windows=0.00426 Doors=0.00174 IC=0.00000 CO2_BC=0.00309 LR=9.61e-04 nu=0.01 NSraw=27.43 alpha(W1/W8/all)=0.59/0.39/0.48 | 0.85 it/s
[Iter 00770/20000] Total=0.59239 | NS=0.33882 CO2(scaled)=0.03242 CO2_weight=1.00 guide_w=0.205 Walls=0.02113(x10) g_ns/g_walls=0.0487 Windows=0.00444 Doors=0.00302 IC=0.00000 CO2_BC=0.00235 LR=9.60e-04 nu=0.01 NSraw=11.5 alpha(W1/W8/all)=0.59/0.39/0.48 | 0.85 it/s
[Iter 00780/20000] Total=0.33447 | NS=0.13441 CO2(scaled)=0.01998 CO2_weight=1.00 guide_w=0.205 Walls=0.01682(x10) g_ns/g_walls=0.0487 Windows=0.00895 Doors=0.00086 IC=0.00000 CO2_BC=0.00205 LR=9.60e-04 nu=0.01 NSraw=0.5083 alpha(W1/W8/all)=0.59/0.39/0.48 | 0.85 it/s
[Iter 00790/20000] Total=0.29365 | NS=0.08112 CO2(scaled)=0.01782 CO2_weight=1.00 guide_w=0.205 Walls=0.01910(x10) g_ns/g_walls=0.0487 Windows=0.00186 Doors=0.00013 IC=0.00000 CO2_BC=0.00169 LR=9.59e-04 nu=0.01 NSraw=0.409 alpha(W1/W8/all)=0.59/0.39/0.48 | 0.85 it/s
[Iter 00800/20000] Total=0.44203 | NS=0.28903 CO2(scaled)=0.02209 CO2_weight=1.00 guide_w=2.02 Walls=0.01246(x10) g_ns/g_walls=0.726 Windows=0.00438 Doors=0.00011 IC=0.00000 CO2_BC=0.00181 LR=9.59e-04 nu=0.01 NSraw=7.624 alpha(W1/W8/all)=0.59/0.39/0.48 | 0.85 it/s
[Iter 00810/20000] Total=0.19614 | NS=0.07897 CO2(scaled)=0.01917 CO2_weight=1.00 guide_w=2.02 Walls=0.00893(x10) g_ns/g_walls=0.726 Windows=0.00673 Doors=0.00003 IC=0.00000 CO2_BC=0.00197 LR=9.58e-04 nu=0.01 NSraw=0.1851 alpha(W1/W8/all)=0.59/0.39/0.48 | 0.85 it/s
[Iter 00820/20000] Total=0.33258 | NS=0.13009 CO2(scaled)=0.01764 CO2_weight=1.00 guide_w=2.02 Walls=0.01789(x10) g_ns/g_walls=0.726 Windows=0.00384 Doors=0.00005 IC=0.00000 CO2_BC=0.00209 LR=9.58e-04 nu=0.01 NSraw=0.6459 alpha(W1/W8/all)=0.59/0.39/0.48 | 0.85 it/s
[Iter 00830/20000] Total=0.29051 | NS=0.15207 CO2(scaled)=0.01475 CO2_weight=1.00 guide_w=2.02 Walls=0.01192(x10) g_ns/g_walls=0.726 Windows=0.00247 Doors=0.00001 IC=0.00000 CO2_BC=0.00196 LR=9.57e-04 nu=0.01 NSraw=0.8584 alpha(W1/W8/all)=0.59/0.39/0.48 | 0.85 it/s
[Iter 00840/20000] Total=0.20690 | NS=0.07608 CO2(scaled)=0.01485 CO2_weight=1.00 guide_w=2.02 Walls=0.01109(x10) g_ns/g_walls=0.726 Windows=0.00301 Doors=0.00003 IC=0.00000 CO2_BC=0.00202 LR=9.57e-04 nu=0.01 NSraw=0.2541 alpha(W1/W8/all)=0.59/0.39/0.48 | 0.85 it/s
[Iter 00850/20000] Total=0.34178 | NS=0.16465 CO2(scaled)=0.02512 CO2_weight=1.00 guide_w=2.02 Walls=0.01420(x10) g_ns/g_walls=0.726 Windows=0.00840 Doors=0.00001 IC=0.00000 CO2_BC=0.00163 LR=9.56e-04 nu=0.01 NSraw=1.041 alpha(W1/W8/all)=0.59/0.39/0.48 | 0.85 it/s
[Iter 00860/20000] Total=0.24318 | NS=0.04170 CO2(scaled)=0.02144 CO2_weight=1.00 guide_w=2.02 Walls=0.01667(x10) g_ns/g_walls=0.726 Windows=0.01212 Doors=0.00008 IC=0.00000 CO2_BC=0.00111 LR=9.56e-04 nu=0.01 NSraw=0.06957 alpha(W1/W8/all)=0.59/0.39/0.48 | 0.85 it/s
[Iter 00870/20000] Total=0.19988 | NS=0.08041 CO2(scaled)=0.01433 CO2_weight=1.00 guide_w=2.02 Walls=0.00999(x10) g_ns/g_walls=0.726 Windows=0.00339 Doors=0.00028 IC=0.00000 CO2_BC=0.00157 LR=9.55e-04 nu=0.01 NSraw=0.3087 alpha(W1/W8/all)=0.59/0.39/0.48 | 0.85 it/s
[Iter 00880/20000] Total=0.24720 | NS=0.06102 CO2(scaled)=0.01779 CO2_weight=1.00 guide_w=2.02 Walls=0.01617(x10) g_ns/g_walls=0.726 Windows=0.00452 Doors=0.00029 IC=0.00000 CO2_BC=0.00190 LR=9.55e-04 nu=0.01 NSraw=0.1676 alpha(W1/W8/all)=0.59/0.39/0.48 | 0.86 it/s
[Iter 00890/20000] Total=0.17532 | NS=0.06615 CO2(scaled)=0.01721 CO2_weight=1.00 guide_w=2.02 Walls=0.00864(x10) g_ns/g_walls=0.726 Windows=0.00355 Doors=0.00002 IC=0.00000 CO2_BC=0.00195 LR=9.54e-04 nu=0.01 NSraw=0.2212 alpha(W1/W8/all)=0.59/0.39/0.48 | 0.86 it/s
[Iter 00900/20000] Total=0.44995 | NS=0.31839 CO2(scaled)=0.02224 CO2_weight=1.00 guide_w=81.7 Walls=0.01045(x10) g_ns/g_walls=4.46 Windows=0.00310 Doors=0.00016 IC=0.00000 CO2_BC=0.00156 LR=9.54e-04 nu=0.01 NSraw=4.48 alpha(W1/W8/all)=0.59/0.39/0.48 | 0.86 it/s
[Iter 00910/20000] Total=0.24333 | NS=0.14025 CO2(scaled)=0.01635 CO2_weight=1.00 guide_w=81.7 Walls=0.00814(x10) g_ns/g_walls=4.46 Windows=0.00265 Doors=0.00002 IC=0.00000 CO2_BC=0.00266 LR=9.53e-04 nu=0.01 NSraw=0.8989 alpha(W1/W8/all)=0.59/0.39/0.48 | 0.86 it/s
[Iter 00920/20000] Total=0.22561 | NS=0.07143 CO2(scaled)=0.01848 CO2_weight=1.00 guide_w=81.7 Walls=0.01308(x10) g_ns/g_walls=4.46 Windows=0.00288 Doors=0.00002 IC=0.00000 CO2_BC=0.00200 LR=9.53e-04 nu=0.01 NSraw=0.2398 alpha(W1/W8/all)=0.59/0.39/0.48 | 0.86 it/s
[Iter 00930/20000] Total=0.16813 | NS=0.08808 CO2(scaled)=0.01808 CO2_weight=1.00 guide_w=81.7 Walls=0.00571(x10) g_ns/g_walls=4.46 Windows=0.00339 Doors=0.00001 IC=0.00000 CO2_BC=0.00147 LR=9.52e-04 nu=0.01 NSraw=0.3813 alpha(W1/W8/all)=0.59/0.39/0.48 | 0.86 it/s
[Iter 00940/20000] Total=0.21176 | NS=0.11268 CO2(scaled)=0.01814 CO2_weight=1.00 guide_w=81.7 Walls=0.00764(x10) g_ns/g_walls=4.46 Windows=0.00223 Doors=0.00002 IC=0.00000 CO2_BC=0.00229 LR=9.52e-04 nu=0.01 NSraw=0.378 alpha(W1/W8/all)=0.59/0.39/0.48 | 0.86 it/s
[Iter 00950/20000] Total=0.23564 | NS=0.09766 CO2(scaled)=0.01901 CO2_weight=1.00 guide_w=81.7 Walls=0.01149(x10) g_ns/g_walls=4.46 Windows=0.00215 Doors=0.00007 IC=0.00000 CO2_BC=0.00182 LR=9.51e-04 nu=0.01 NSraw=0.3154 alpha(W1/W8/all)=0.59/0.39/0.48 | 0.86 it/s
[Iter 00960/20000] Total=0.23006 | NS=0.08526 CO2(scaled)=0.02145 CO2_weight=1.00 guide_w=81.7 Walls=0.01186(x10) g_ns/g_walls=4.46 Windows=0.00243 Doors=0.00002 IC=0.00000 CO2_BC=0.00228 LR=9.51e-04 nu=0.01 NSraw=0.2881 alpha(W1/W8/all)=0.59/0.39/0.48 | 0.86 it/s
[Iter 00970/20000] Total=0.30140 | NS=0.18069 CO2(scaled)=0.01742 CO2_weight=1.00 guide_w=81.7 Walls=0.00995(x10) g_ns/g_walls=4.46 Windows=0.00184 Doors=0.00001 IC=0.00000 CO2_BC=0.00194 LR=9.50e-04 nu=0.01 NSraw=0.8052 alpha(W1/W8/all)=0.59/0.39/0.48 | 0.86 it/s
[Iter 00980/20000] Total=0.19115 | NS=0.07754 CO2(scaled)=0.01972 CO2_weight=1.00 guide_w=81.7 Walls=0.00897(x10) g_ns/g_walls=4.46 Windows=0.00252 Doors=0.00003 IC=0.00000 CO2_BC=0.00160 LR=9.50e-04 nu=0.01 NSraw=0.2677 alpha(W1/W8/all)=0.59/0.39/0.48 | 0.86 it/s
[Iter 00990/20000] Total=0.20923 | NS=0.11543 CO2(scaled)=0.01644 CO2_weight=1.00 guide_w=81.7 Walls=0.00714(x10) g_ns/g_walls=4.46 Windows=0.00383 Doors=0.00003 IC=0.00000 CO2_BC=0.00207 LR=9.49e-04 nu=0.01 NSraw=0.4012 alpha(W1/W8/all)=0.59/0.39/0.48 | 0.86 it/s
[Iter 01000/20000] Total=0.23270 | NS=0.13390 CO2(scaled)=0.01608 CO2_weight=1.00 guide_w=1.46 Walls=0.00765(x10) g_ns/g_walls=0.405 Windows=0.00437 Doors=0.00001 IC=0.00000 CO2_BC=0.00187 LR=9.49e-04 nu=0.01 NSraw=0.6954 alpha(W1/W8/all)=0.59/0.39/0.48 | 0.86 it/s
  -> saved checkpoint: /home/iai-labor/BuildingControlCFD/experiments/gnot/checkpoints/v24_fixedalpha/gnot_v24_fixedalpha_iter1000.pth
[Iter 01010/20000] Total=0.18711 | NS=0.06120 CO2(scaled)=0.01577 CO2_weight=1.00 guide_w=1.46 Walls=0.00997(x10) g_ns/g_walls=0.405 Windows=0.00863 Doors=0.00003 IC=0.00000 CO2_BC=0.00183 LR=9.48e-04 nu=0.01 NSraw=0.1505 alpha(W1/W8/all)=0.59/0.39/0.48 | 0.86 it/s
[Iter 01020/20000] Total=0.17641 | NS=0.09568 CO2(scaled)=0.01277 CO2_weight=1.00 guide_w=1.46 Walls=0.00639(x10) g_ns/g_walls=0.405 Windows=0.00203 Doors=0.00001 IC=0.00000 CO2_BC=0.00201 LR=9.48e-04 nu=0.01 NSraw=0.3689 alpha(W1/W8/all)=0.59/0.39/0.48 | 0.86 it/s
[Iter 01030/20000] Total=0.23040 | NS=0.15029 CO2(scaled)=0.01251 CO2_weight=1.00 guide_w=1.46 Walls=0.00633(x10) g_ns/g_walls=0.405 Windows=0.00213 Doors=0.00004 IC=0.00000 CO2_BC=0.00216 LR=9.47e-04 nu=0.01 NSraw=0.7608 alpha(W1/W8/all)=0.59/0.39/0.48 | 0.86 it/s
[Iter 01040/20000] Total=0.13408 | NS=0.06488 CO2(scaled)=0.01293 CO2_weight=1.00 guide_w=1.46 Walls=0.00518(x10) g_ns/g_walls=0.405 Windows=0.00224 Doors=0.00002 IC=0.00000 CO2_BC=0.00220 LR=9.47e-04 nu=0.01 NSraw=0.1625 alpha(W1/W8/all)=0.59/0.39/0.48 | 0.86 it/s
[Iter 01050/20000] Total=0.12617 | NS=0.06568 CO2(scaled)=0.01446 CO2_weight=1.00 guide_w=1.46 Walls=0.00417(x10) g_ns/g_walls=0.405 Windows=0.00216 Doors=0.00003 IC=0.00000 CO2_BC=0.00217 LR=9.46e-04 nu=0.01 NSraw=0.2367 alpha(W1/W8/all)=0.59/0.39/0.48 | 0.86 it/s
[Iter 01060/20000] Total=0.35655 | NS=0.26828 CO2(scaled)=0.01741 CO2_weight=1.00 guide_w=1.46 Walls=0.00614(x10) g_ns/g_walls=0.405 Windows=0.00716 Doors=0.00002 IC=0.00000 CO2_BC=0.00233 LR=9.46e-04 nu=0.01 NSraw=1.941 alpha(W1/W8/all)=0.59/0.39/0.48 | 0.86 it/s
[Iter 01070/20000] Total=0.22891 | NS=0.11588 CO2(scaled)=0.02023 CO2_weight=1.00 guide_w=1.46 Walls=0.00876(x10) g_ns/g_walls=0.405 Windows=0.00333 Doors=0.00004 IC=0.00000 CO2_BC=0.00180 LR=9.45e-04 nu=0.01 NSraw=0.6343 alpha(W1/W8/all)=0.59/0.39/0.48 | 0.86 it/s
[Iter 01080/20000] Total=0.34149 | NS=0.15035 CO2(scaled)=0.03709 CO2_weight=1.00 guide_w=1.46 Walls=0.01469(x10) g_ns/g_walls=0.405 Windows=0.00524 Doors=0.00007 IC=0.00000 CO2_BC=0.00180 LR=9.45e-04 nu=0.01 NSraw=0.5471 alpha(W1/W8/all)=0.59/0.39/0.48 | 0.86 it/s
[Iter 01090/20000] Total=0.61178 | NS=0.45881 CO2(scaled)=0.02729 CO2_weight=1.00 guide_w=1.46 Walls=0.01116(x10) g_ns/g_walls=0.405 Windows=0.01246 Doors=0.00001 IC=0.00000 CO2_BC=0.00162 LR=9.44e-04 nu=0.01 NSraw=33.53 alpha(W1/W8/all)=0.59/0.39/0.48 | 0.86 it/s
[Iter 01100/20000] Total=0.22259 | NS=0.13481 CO2(scaled)=0.01631 CO2_weight=1.00 guide_w=1.2 Walls=0.00644(x10) g_ns/g_walls=0.185 Windows=0.00543 Doors=0.00001 IC=0.00000 CO2_BC=0.00168 LR=9.44e-04 nu=0.01 NSraw=0.5422 alpha(W1/W8/all)=0.59/0.39/0.48 | 0.86 it/s
[Iter 01110/20000] Total=0.22846 | NS=0.10853 CO2(scaled)=0.01713 CO2_weight=1.00 guide_w=1.2 Walls=0.00967(x10) g_ns/g_walls=0.185 Windows=0.00455 Doors=0.00001 IC=0.00000 CO2_BC=0.00152 LR=9.43e-04 nu=0.01 NSraw=0.4196 alpha(W1/W8/all)=0.59/0.39/0.48 | 0.86 it/s
[Iter 01120/20000] Total=0.20448 | NS=0.10161 CO2(scaled)=0.02462 CO2_weight=1.00 guide_w=1.2 Walls=0.00699(x10) g_ns/g_walls=0.185 Windows=0.00566 Doors=0.00002 IC=0.00000 CO2_BC=0.00268 LR=9.43e-04 nu=0.01 NSraw=0.3225 alpha(W1/W8/all)=0.59/0.39/0.48 | 0.86 it/s
[Iter 01130/20000] Total=0.10971 | NS=0.03549 CO2(scaled)=0.02278 CO2_weight=1.00 guide_w=1.2 Walls=0.00474(x10) g_ns/g_walls=0.185 Windows=0.00245 Doors=0.00006 IC=0.00000 CO2_BC=0.00153 LR=9.42e-04 nu=0.01 NSraw=0.05301 alpha(W1/W8/all)=0.59/0.39/0.48 | 0.86 it/s
[Iter 01140/20000] Total=0.17963 | NS=0.10360 CO2(scaled)=0.02007 CO2_weight=1.00 guide_w=1.2 Walls=0.00516(x10) g_ns/g_walls=0.185 Windows=0.00226 Doors=0.00003 IC=0.00000 CO2_BC=0.00203 LR=9.42e-04 nu=0.01 NSraw=0.3948 alpha(W1/W8/all)=0.59/0.39/0.48 | 0.86 it/s
[Iter 01150/20000] Total=0.22933 | NS=0.06226 CO2(scaled)=0.01961 CO2_weight=1.00 guide_w=1.2 Walls=0.01315(x10) g_ns/g_walls=0.185 Windows=0.01444 Doors=0.00002 IC=0.00000 CO2_BC=0.00155 LR=9.41e-04 nu=0.01 NSraw=0.1446 alpha(W1/W8/all)=0.59/0.39/0.48 | 0.86 it/s
[Iter 01160/20000] Total=0.32783 | NS=0.22104 CO2(scaled)=0.01636 CO2_weight=1.00 guide_w=1.2 Walls=0.00856(x10) g_ns/g_walls=0.185 Windows=0.00297 Doors=0.00006 IC=0.00000 CO2_BC=0.00176 LR=9.41e-04 nu=0.01 NSraw=8.259 alpha(W1/W8/all)=0.59/0.39/0.48 | 0.86 it/s
[Iter 01170/20000] Total=0.16016 | NS=0.06950 CO2(scaled)=0.01549 CO2_weight=1.00 guide_w=1.2 Walls=0.00675(x10) g_ns/g_walls=0.185 Windows=0.00527 Doors=0.00004 IC=0.00000 CO2_BC=0.00235 LR=9.40e-04 nu=0.01 NSraw=0.3285 alpha(W1/W8/all)=0.59/0.39/0.48 | 0.86 it/s
[Iter 01180/20000] Total=0.77594 | NS=0.72146 CO2(scaled)=0.01733 CO2_weight=1.00 guide_w=1.2 Walls=0.00338(x10) g_ns/g_walls=0.185 Windows=0.00186 Doors=0.00001 IC=0.00000 CO2_BC=0.00149 LR=9.40e-04 nu=0.01 NSraw=48.02 alpha(W1/W8/all)=0.59/0.39/0.48 | 0.86 it/s
[Iter 01190/20000] Total=0.14944 | NS=0.06580 CO2(scaled)=0.01650 CO2_weight=1.00 guide_w=1.2 Walls=0.00616(x10) g_ns/g_walls=0.185 Windows=0.00395 Doors=0.00001 IC=0.00000 CO2_BC=0.00153 LR=9.39e-04 nu=0.01 NSraw=0.2099 alpha(W1/W8/all)=0.59/0.39/0.48 | 0.86 it/s
[Iter 01200/20000] Total=0.08824 | NS=0.03328 CO2(scaled)=0.01399 CO2_weight=1.00 guide_w=0.313 Walls=0.00364(x10) g_ns/g_walls=0.115 Windows=0.00286 Doors=0.00001 IC=0.00000 CO2_BC=0.00173 LR=9.39e-04 nu=0.01 NSraw=0.0544 alpha(W1/W8/all)=0.59/0.39/0.48 | 0.86 it/s
[Iter 01210/20000] Total=0.20150 | NS=0.11407 CO2(scaled)=0.01457 CO2_weight=1.00 guide_w=0.313 Walls=0.00689(x10) g_ns/g_walls=0.115 Windows=0.00216 Doors=0.00001 IC=0.00000 CO2_BC=0.00176 LR=9.38e-04 nu=0.01 NSraw=1.07 alpha(W1/W8/all)=0.59/0.39/0.48 | 0.86 it/s
[Iter 01220/20000] Total=0.13592 | NS=0.06270 CO2(scaled)=0.01557 CO2_weight=1.00 guide_w=0.313 Walls=0.00533(x10) g_ns/g_walls=0.115 Windows=0.00196 Doors=0.00001 IC=0.00000 CO2_BC=0.00237 LR=9.38e-04 nu=0.01 NSraw=0.1502 alpha(W1/W8/all)=0.59/0.39/0.48 | 0.86 it/s
[Iter 01230/20000] Total=0.41813 | NS=0.30822 CO2(scaled)=0.01971 CO2_weight=1.00 guide_w=0.313 Walls=0.00835(x10) g_ns/g_walls=0.115 Windows=0.00441 Doors=0.00002 IC=0.00000 CO2_BC=0.00229 LR=9.37e-04 nu=0.01 NSraw=5.524 alpha(W1/W8/all)=0.59/0.39/0.48 | 0.86 it/s
[Iter 01240/20000] Total=0.21114 | NS=0.11679 CO2(scaled)=0.01341 CO2_weight=1.00 guide_w=0.313 Walls=0.00755(x10) g_ns/g_walls=0.115 Windows=0.00408 Doors=0.00004 IC=0.00000 CO2_BC=0.00131 LR=9.37e-04 nu=0.01 NSraw=1.263 alpha(W1/W8/all)=0.59/0.39/0.48 | 0.86 it/s
[Iter 01250/20000] Total=0.17849 | NS=0.10355 CO2(scaled)=0.01338 CO2_weight=1.00 guide_w=0.313 Walls=0.00586(x10) g_ns/g_walls=0.115 Windows=0.00116 Doors=0.00001 IC=0.00000 CO2_BC=0.00183 LR=9.36e-04 nu=0.01 NSraw=0.3225 alpha(W1/W8/all)=0.59/0.39/0.48 | 0.86 it/s
[Iter 01260/20000] Total=0.12686 | NS=0.05023 CO2(scaled)=0.01621 CO2_weight=1.00 guide_w=0.313 Walls=0.00556(x10) g_ns/g_walls=0.115 Windows=0.00295 Doors=0.00003 IC=0.00000 CO2_BC=0.00184 LR=9.36e-04 nu=0.01 NSraw=0.123 alpha(W1/W8/all)=0.59/0.39/0.48 | 0.86 it/s
[Iter 01270/20000] Total=0.20763 | NS=0.11403 CO2(scaled)=0.01559 CO2_weight=1.00 guide_w=0.313 Walls=0.00719(x10) g_ns/g_walls=0.115 Windows=0.00447 Doors=0.00007 IC=0.00000 CO2_BC=0.00159 LR=9.35e-04 nu=0.01 NSraw=0.3905 alpha(W1/W8/all)=0.59/0.39/0.48 | 0.86 it/s
[Iter 01280/20000] Total=0.37246 | NS=0.31264 CO2(scaled)=0.01450 CO2_weight=1.00 guide_w=0.313 Walls=0.00405(x10) g_ns/g_walls=0.115 Windows=0.00260 Doors=0.00006 IC=0.00000 CO2_BC=0.00212 LR=9.35e-04 nu=0.01 NSraw=6.413 alpha(W1/W8/all)=0.59/0.39/0.48 | 0.86 it/s
[Iter 01290/20000] Total=0.24498 | NS=0.15039 CO2(scaled)=0.01878 CO2_weight=1.00 guide_w=0.313 Walls=0.00707(x10) g_ns/g_walls=0.115 Windows=0.00317 Doors=0.00009 IC=0.00000 CO2_BC=0.00185 LR=9.34e-04 nu=0.01 NSraw=2.453 alpha(W1/W8/all)=0.59/0.39/0.48 | 0.86 it/s
[Iter 01300/20000] Total=0.36242 | NS=0.14979 CO2(scaled)=0.03430 CO2_weight=1.00 guide_w=1.97 Walls=0.01720(x10) g_ns/g_walls=0.194 Windows=0.00380 Doors=0.00001 IC=0.00000 CO2_BC=0.00254 LR=9.34e-04 nu=0.01 NSraw=0.843 alpha(W1/W8/all)=0.59/0.39/0.48 | 0.86 it/s
[Iter 01310/20000] Total=0.37210 | NS=0.20126 CO2(scaled)=0.04187 CO2_weight=1.00 guide_w=1.97 Walls=0.01222(x10) g_ns/g_walls=0.194 Windows=0.00403 Doors=0.00001 IC=0.00000 CO2_BC=0.00268 LR=9.33e-04 nu=0.01 NSraw=1.045 alpha(W1/W8/all)=0.59/0.39/0.48 | 0.86 it/s
[Iter 01320/20000] Total=0.35822 | NS=0.23311 CO2(scaled)=0.03332 CO2_weight=1.00 guide_w=1.97 Walls=0.00814(x10) g_ns/g_walls=0.194 Windows=0.00826 Doors=0.00004 IC=0.00000 CO2_BC=0.00214 LR=9.33e-04 nu=0.01 NSraw=1.575 alpha(W1/W8/all)=0.59/0.39/0.48 | 0.86 it/s
[Iter 01330/20000] Total=0.36790 | NS=0.18419 CO2(scaled)=0.01873 CO2_weight=1.00 guide_w=1.97 Walls=0.01546(x10) g_ns/g_walls=0.194 Windows=0.00886 Doors=0.00002 IC=0.00000 CO2_BC=0.00149 LR=9.32e-04 nu=0.01 NSraw=1.427 alpha(W1/W8/all)=0.59/0.39/0.48 | 0.86 it/s
[Iter 01340/20000] Total=0.23432 | NS=0.06438 CO2(scaled)=0.01559 CO2_weight=1.00 guide_w=1.97 Walls=0.01432(x10) g_ns/g_walls=0.194 Windows=0.00958 Doors=0.00001 IC=0.00000 CO2_BC=0.00151 LR=9.32e-04 nu=0.01 NSraw=0.3245 alpha(W1/W8/all)=0.59/0.39/0.48 | 0.86 it/s
[Iter 01350/20000] Total=0.31338 | NS=0.13036 CO2(scaled)=0.02122 CO2_weight=1.00 guide_w=1.97 Walls=0.01532(x10) g_ns/g_walls=0.194 Windows=0.00686 Doors=0.00002 IC=0.00000 CO2_BC=0.00170 LR=9.31e-04 nu=0.01 NSraw=0.7083 alpha(W1/W8/all)=0.59/0.39/0.48 | 0.86 it/s
[Iter 01360/20000] Total=0.14416 | NS=0.05474 CO2(scaled)=0.01460 CO2_weight=1.00 guide_w=1.97 Walls=0.00692(x10) g_ns/g_walls=0.194 Windows=0.00393 Doors=0.00001 IC=0.00000 CO2_BC=0.00164 LR=9.31e-04 nu=0.01 NSraw=0.09697 alpha(W1/W8/all)=0.59/0.39/0.48 | 0.86 it/s
[Iter 01370/20000] Total=0.20454 | NS=0.10034 CO2(scaled)=0.01777 CO2_weight=1.00 guide_w=1.97 Walls=0.00807(x10) g_ns/g_walls=0.194 Windows=0.00394 Doors=0.00002 IC=0.00000 CO2_BC=0.00176 LR=9.30e-04 nu=0.01 NSraw=0.3688 alpha(W1/W8/all)=0.59/0.39/0.48 | 0.86 it/s
[Iter 01380/20000] Total=0.13920 | NS=0.06404 CO2(scaled)=0.01708 CO2_weight=1.00 guide_w=1.97 Walls=0.00532(x10) g_ns/g_walls=0.194 Windows=0.00317 Doors=0.00002 IC=0.00000 CO2_BC=0.00165 LR=9.30e-04 nu=0.01 NSraw=0.1855 alpha(W1/W8/all)=0.59/0.39/0.48 | 0.86 it/s
[Iter 01390/20000] Total=0.28177 | NS=0.16680 CO2(scaled)=0.01584 CO2_weight=1.00 guide_w=1.97 Walls=0.00938(x10) g_ns/g_walls=0.194 Windows=0.00346 Doors=0.00001 IC=0.00000 CO2_BC=0.00182 LR=9.29e-04 nu=0.01 NSraw=0.768 alpha(W1/W8/all)=0.59/0.39/0.48 | 0.86 it/s
[Iter 01400/20000] Total=0.13946 | NS=0.07381 CO2(scaled)=0.01506 CO2_weight=1.00 guide_w=2.51 Walls=0.00449(x10) g_ns/g_walls=0.634 Windows=0.00389 Doors=0.00002 IC=0.00000 CO2_BC=0.00182 LR=9.29e-04 nu=0.01 NSraw=0.2442 alpha(W1/W8/all)=0.59/0.39/0.48 | 0.86 it/s
[Iter 01410/20000] Total=0.25223 | NS=0.15339 CO2(scaled)=0.01314 CO2_weight=1.00 guide_w=2.51 Walls=0.00807(x10) g_ns/g_walls=0.634 Windows=0.00331 Doors=0.00009 IC=0.00000 CO2_BC=0.00158 LR=9.28e-04 nu=0.01 NSraw=2.164 alpha(W1/W8/all)=0.59/0.39/0.48 | 0.86 it/s
[Iter 01420/20000] Total=0.21178 | NS=0.10122 CO2(scaled)=0.01562 CO2_weight=1.00 guide_w=2.51 Walls=0.00884(x10) g_ns/g_walls=0.634 Windows=0.00434 Doors=0.00007 IC=0.00000 CO2_BC=0.00210 LR=9.28e-04 nu=0.01 NSraw=0.3491 alpha(W1/W8/all)=0.59/0.39/0.48 | 0.86 it/s
[Iter 01430/20000] Total=0.17455 | NS=0.08817 CO2(scaled)=0.01398 CO2_weight=1.00 guide_w=2.51 Walls=0.00665(x10) g_ns/g_walls=0.634 Windows=0.00396 Doors=0.00006 IC=0.00000 CO2_BC=0.00183 LR=9.27e-04 nu=0.01 NSraw=0.3084 alpha(W1/W8/all)=0.59/0.39/0.48 | 0.86 it/s
[Iter 01440/20000] Total=0.19992 | NS=0.13980 CO2(scaled)=0.01121 CO2_weight=1.00 guide_w=2.51 Walls=0.00445(x10) g_ns/g_walls=0.634 Windows=0.00231 Doors=0.00004 IC=0.00000 CO2_BC=0.00207 LR=9.27e-04 nu=0.01 NSraw=0.5911 alpha(W1/W8/all)=0.59/0.39/0.48 | 0.86 it/s
[Iter 01450/20000] Total=0.11756 | NS=0.05129 CO2(scaled)=0.01269 CO2_weight=1.00 guide_w=2.51 Walls=0.00488(x10) g_ns/g_walls=0.634 Windows=0.00242 Doors=0.00005 IC=0.00000 CO2_BC=0.00230 LR=9.26e-04 nu=0.01 NSraw=0.1012 alpha(W1/W8/all)=0.59/0.39/0.48 | 0.86 it/s
[Iter 01460/20000] Total=0.17758 | NS=0.11640 CO2(scaled)=0.01496 CO2_weight=1.00 guide_w=2.51 Walls=0.00424(x10) g_ns/g_walls=0.634 Windows=0.00240 Doors=0.00004 IC=0.00000 CO2_BC=0.00140 LR=9.26e-04 nu=0.01 NSraw=0.6132 alpha(W1/W8/all)=0.59/0.39/0.48 | 0.86 it/s
[Iter 01470/20000] Total=0.14461 | NS=0.07883 CO2(scaled)=0.01093 CO2_weight=1.00 guide_w=2.51 Walls=0.00512(x10) g_ns/g_walls=0.634 Windows=0.00155 Doors=0.00001 IC=0.00000 CO2_BC=0.00207 LR=9.25e-04 nu=0.01 NSraw=0.3186 alpha(W1/W8/all)=0.59/0.39/0.48 | 0.86 it/s
[Iter 01480/20000] Total=0.54238 | NS=0.47055 CO2(scaled)=0.01275 CO2_weight=1.00 guide_w=2.51 Walls=0.00554(x10) g_ns/g_walls=0.634 Windows=0.00195 Doors=0.00002 IC=0.00000 CO2_BC=0.00172 LR=9.25e-04 nu=0.01 NSraw=16.11 alpha(W1/W8/all)=0.59/0.39/0.48 | 0.86 it/s
[Iter 01490/20000] Total=0.19074 | NS=0.10176 CO2(scaled)=0.01408 CO2_weight=1.00 guide_w=2.51 Walls=0.00672(x10) g_ns/g_walls=0.634 Windows=0.00582 Doors=0.00003 IC=0.00000 CO2_BC=0.00186 LR=9.25e-04 nu=0.01 NSraw=0.5461 alpha(W1/W8/all)=0.59/0.39/0.48 | 0.86 it/s
[Iter 01500/20000] Total=0.23813 | NS=0.19061 CO2(scaled)=0.01179 CO2_weight=1.00 guide_w=15.2 Walls=0.00315(x10) g_ns/g_walls=6.47 Windows=0.00254 Doors=0.00005 IC=0.00000 CO2_BC=0.00165 LR=9.24e-04 nu=0.01 NSraw=2.06 alpha(W1/W8/all)=0.59/0.39/0.48 | 0.86 it/s
[Iter 01510/20000] Total=0.19355 | NS=0.09234 CO2(scaled)=0.01489 CO2_weight=1.00 guide_w=15.2 Walls=0.00805(x10) g_ns/g_walls=6.47 Windows=0.00439 Doors=0.00003 IC=0.00000 CO2_BC=0.00139 LR=9.24e-04 nu=0.01 NSraw=0.2792 alpha(W1/W8/all)=0.59/0.39/0.48 | 0.86 it/s
[Iter 01520/20000] Total=0.19046 | NS=0.11924 CO2(scaled)=0.01095 CO2_weight=1.00 guide_w=15.2 Walls=0.00564(x10) g_ns/g_walls=6.47 Windows=0.00221 Doors=0.00001 IC=0.00000 CO2_BC=0.00165 LR=9.23e-04 nu=0.01 NSraw=0.5261 alpha(W1/W8/all)=0.59/0.39/0.48 | 0.86 it/s
[Iter 01530/20000] Total=0.13948 | NS=0.08011 CO2(scaled)=0.01303 CO2_weight=1.00 guide_w=15.2 Walls=0.00431(x10) g_ns/g_walls=6.47 Windows=0.00141 Doors=0.00001 IC=0.00000 CO2_BC=0.00178 LR=9.23e-04 nu=0.01 NSraw=0.1971 alpha(W1/W8/all)=0.59/0.39/0.48 | 0.86 it/s
[Iter 01540/20000] Total=0.15942 | NS=0.10400 CO2(scaled)=0.01159 CO2_weight=1.00 guide_w=15.2 Walls=0.00391(x10) g_ns/g_walls=6.47 Windows=0.00286 Doors=0.00002 IC=0.00000 CO2_BC=0.00181 LR=9.22e-04 nu=0.01 NSraw=0.4411 alpha(W1/W8/all)=0.59/0.39/0.48 | 0.86 it/s
[Iter 01550/20000] Total=0.13836 | NS=0.05796 CO2(scaled)=0.01109 CO2_weight=1.00 guide_w=15.2 Walls=0.00621(x10) g_ns/g_walls=6.47 Windows=0.00521 Doors=0.00005 IC=0.00000 CO2_BC=0.00198 LR=9.22e-04 nu=0.01 NSraw=0.1416 alpha(W1/W8/all)=0.59/0.39/0.48 | 0.86 it/s
[Iter 01560/20000] Total=0.24282 | NS=0.17701 CO2(scaled)=0.01432 CO2_weight=1.00 guide_w=15.2 Walls=0.00439(x10) g_ns/g_walls=6.47 Windows=0.00558 Doors=0.00004 IC=0.00000 CO2_BC=0.00195 LR=9.21e-04 nu=0.01 NSraw=1.373 alpha(W1/W8/all)=0.59/0.39/0.48 | 0.86 it/s
[Iter 01570/20000] Total=0.47641 | NS=0.34797 CO2(scaled)=0.01186 CO2_weight=1.00 guide_w=15.2 Walls=0.01035(x10) g_ns/g_walls=6.47 Windows=0.01172 Doors=0.00002 IC=0.00000 CO2_BC=0.00135 LR=9.21e-04 nu=0.01 NSraw=7.914 alpha(W1/W8/all)=0.59/0.39/0.48 | 0.86 it/s
[Iter 01580/20000] Total=0.28351 | NS=0.19812 CO2(scaled)=0.01263 CO2_weight=1.00 guide_w=15.2 Walls=0.00632(x10) g_ns/g_walls=6.47 Windows=0.00782 Doors=0.00002 IC=0.00000 CO2_BC=0.00171 LR=9.20e-04 nu=0.01 NSraw=3.255 alpha(W1/W8/all)=0.59/0.39/0.48 | 0.86 it/s
[Iter 01590/20000] Total=0.16576 | NS=0.10273 CO2(scaled)=0.01229 CO2_weight=1.00 guide_w=15.2 Walls=0.00452(x10) g_ns/g_walls=6.47 Windows=0.00423 Doors=0.00004 IC=0.00000 CO2_BC=0.00127 LR=9.20e-04 nu=0.01 NSraw=0.3074 alpha(W1/W8/all)=0.59/0.39/0.48 | 0.86 it/s
[Iter 01600/20000] Total=0.19545 | NS=0.14726 CO2(scaled)=0.01149 CO2_weight=1.00 guide_w=0.556 Walls=0.00327(x10) g_ns/g_walls=0.305 Windows=0.00187 Doors=0.00002 IC=0.00000 CO2_BC=0.00216 LR=9.19e-04 nu=0.01 NSraw=0.5932 alpha(W1/W8/all)=0.59/0.39/0.48 | 0.86 it/s
[Iter 01610/20000] Total=0.14435 | NS=0.08767 CO2(scaled)=0.01001 CO2_weight=1.00 guide_w=0.556 Walls=0.00416(x10) g_ns/g_walls=0.305 Windows=0.00372 Doors=0.00002 IC=0.00000 CO2_BC=0.00130 LR=9.19e-04 nu=0.01 NSraw=0.3577 alpha(W1/W8/all)=0.59/0.39/0.48 | 0.86 it/s
[Iter 01620/20000] Total=0.17344 | NS=0.11832 CO2(scaled)=0.00872 CO2_weight=1.00 guide_w=0.556 Walls=0.00426(x10) g_ns/g_walls=0.305 Windows=0.00148 Doors=0.00003 IC=0.00000 CO2_BC=0.00230 LR=9.18e-04 nu=0.01 NSraw=0.5276 alpha(W1/W8/all)=0.59/0.39/0.48 | 0.86 it/s
[Iter 01630/20000] Total=0.19119 | NS=0.10954 CO2(scaled)=0.01225 CO2_weight=1.00 guide_w=0.556 Walls=0.00622(x10) g_ns/g_walls=0.305 Windows=0.00525 Doors=0.00004 IC=0.00000 CO2_BC=0.00191 LR=9.18e-04 nu=0.01 NSraw=0.5641 alpha(W1/W8/all)=0.59/0.39/0.48 | 0.86 it/s
[Iter 01640/20000] Total=0.24217 | NS=0.11122 CO2(scaled)=0.01407 CO2_weight=1.00 guide_w=0.556 Walls=0.01117(x10) g_ns/g_walls=0.305 Windows=0.00294 Doors=0.00004 IC=0.00000 CO2_BC=0.00217 LR=9.17e-04 nu=0.01 NSraw=0.373 alpha(W1/W8/all)=0.59/0.39/0.48 | 0.86 it/s
[Iter 01650/20000] Total=0.18429 | NS=0.11573 CO2(scaled)=0.01315 CO2_weight=1.00 guide_w=0.556 Walls=0.00517(x10) g_ns/g_walls=0.305 Windows=0.00205 Doors=0.00001 IC=0.00000 CO2_BC=0.00162 LR=9.17e-04 nu=0.01 NSraw=0.4793 alpha(W1/W8/all)=0.59/0.39/0.48 | 0.86 it/s
[Iter 01660/20000] Total=0.16968 | NS=0.11185 CO2(scaled)=0.01362 CO2_weight=1.00 guide_w=0.556 Walls=0.00382(x10) g_ns/g_walls=0.305 Windows=0.00422 Doors=0.00002 IC=0.00000 CO2_BC=0.00178 LR=9.16e-04 nu=0.01 NSraw=0.4086 alpha(W1/W8/all)=0.59/0.39/0.48 | 0.86 it/s
[Iter 01670/20000] Total=0.26398 | NS=0.22119 CO2(scaled)=0.00998 CO2_weight=1.00 guide_w=0.556 Walls=0.00279(x10) g_ns/g_walls=0.305 Windows=0.00265 Doors=0.00003 IC=0.00000 CO2_BC=0.00228 LR=9.16e-04 nu=0.01 NSraw=2.565 alpha(W1/W8/all)=0.59/0.39/0.48 | 0.86 it/s
[Iter 01680/20000] Total=0.19627 | NS=0.12934 CO2(scaled)=0.01093 CO2_weight=1.00 guide_w=0.556 Walls=0.00521(x10) g_ns/g_walls=0.305 Windows=0.00165 Doors=0.00005 IC=0.00000 CO2_BC=0.00221 LR=9.15e-04 nu=0.01 NSraw=1.046 alpha(W1/W8/all)=0.59/0.39/0.48 | 0.86 it/s
[Iter 01690/20000] Total=0.13025 | NS=0.07323 CO2(scaled)=0.01171 CO2_weight=1.00 guide_w=0.556 Walls=0.00409(x10) g_ns/g_walls=0.305 Windows=0.00217 Doors=0.00006 IC=0.00000 CO2_BC=0.00212 LR=9.15e-04 nu=0.01 NSraw=0.1785 alpha(W1/W8/all)=0.59/0.39/0.48 | 0.86 it/s
[Iter 01700/20000] Total=0.23276 | NS=0.17685 CO2(scaled)=0.01645 CO2_weight=1.00 guide_w=9.87 Walls=0.00347(x10) g_ns/g_walls=2 Windows=0.00205 Doors=0.00003 IC=0.00000 CO2_BC=0.00269 LR=9.14e-04 nu=0.01 NSraw=1.103 alpha(W1/W8/all)=0.59/0.39/0.48 | 0.86 it/s
[Iter 01710/20000] Total=0.19590 | NS=0.10120 CO2(scaled)=0.01805 CO2_weight=1.00 guide_w=9.87 Walls=0.00685(x10) g_ns/g_walls=2 Windows=0.00644 Doors=0.00006 IC=0.00000 CO2_BC=0.00168 LR=9.14e-04 nu=0.01 NSraw=0.4609 alpha(W1/W8/all)=0.59/0.39/0.48 | 0.86 it/s
[Iter 01720/20000] Total=0.31497 | NS=0.17822 CO2(scaled)=0.01861 CO2_weight=1.00 guide_w=9.87 Walls=0.01117(x10) g_ns/g_walls=2 Windows=0.00445 Doors=0.00004 IC=0.00000 CO2_BC=0.00196 LR=9.13e-04 nu=0.01 NSraw=3.609 alpha(W1/W8/all)=0.59/0.39/0.48 | 0.86 it/s
[Iter 01730/20000] Total=0.22903 | NS=0.07645 CO2(scaled)=0.01801 CO2_weight=1.00 guide_w=9.87 Walls=0.01273(x10) g_ns/g_walls=2 Windows=0.00519 Doors=0.00001 IC=0.00000 CO2_BC=0.00203 LR=9.13e-04 nu=0.01 NSraw=0.2622 alpha(W1/W8/all)=0.59/0.39/0.48 | 0.86 it/s
[Iter 01740/20000] Total=0.14543 | NS=0.09972 CO2(scaled)=0.00952 CO2_weight=1.00 guide_w=9.87 Walls=0.00326(x10) g_ns/g_walls=2 Windows=0.00160 Doors=0.00002 IC=0.00000 CO2_BC=0.00192 LR=9.12e-04 nu=0.01 NSraw=0.4121 alpha(W1/W8/all)=0.59/0.39/0.48 | 0.86 it/s
[Iter 01750/20000] Total=0.25924 | NS=0.20404 CO2(scaled)=0.01375 CO2_weight=1.00 guide_w=9.87 Walls=0.00372(x10) g_ns/g_walls=2 Windows=0.00230 Doors=0.00013 IC=0.00000 CO2_BC=0.00177 LR=9.12e-04 nu=0.01 NSraw=0.9305 alpha(W1/W8/all)=0.59/0.39/0.48 | 0.86 it/s
[Iter 01760/20000] Total=0.19801 | NS=0.11027 CO2(scaled)=0.00963 CO2_weight=1.00 guide_w=9.87 Walls=0.00745(x10) g_ns/g_walls=2 Windows=0.00197 Doors=0.00002 IC=0.00000 CO2_BC=0.00161 LR=9.11e-04 nu=0.01 NSraw=0.7779 alpha(W1/W8/all)=0.59/0.39/0.48 | 0.86 it/s
[Iter 01770/20000] Total=0.25290 | NS=0.15140 CO2(scaled)=0.01177 CO2_weight=1.00 guide_w=9.87 Walls=0.00777(x10) g_ns/g_walls=2 Windows=0.01043 Doors=0.00009 IC=0.00000 CO2_BC=0.00154 LR=9.11e-04 nu=0.01 NSraw=0.6452 alpha(W1/W8/all)=0.59/0.39/0.48 | 0.86 it/s
[Iter 01780/20000] Total=0.34630 | NS=0.27094 CO2(scaled)=0.01274 CO2_weight=1.00 guide_w=9.87 Walls=0.00550(x10) g_ns/g_walls=2 Windows=0.00582 Doors=0.00003 IC=0.00000 CO2_BC=0.00181 LR=9.10e-04 nu=0.01 NSraw=1.851 alpha(W1/W8/all)=0.59/0.39/0.48 | 0.86 it/s
[Iter 01790/20000] Total=0.24146 | NS=0.15602 CO2(scaled)=0.01544 CO2_weight=1.00 guide_w=9.87 Walls=0.00614(x10) g_ns/g_walls=2 Windows=0.00665 Doors=0.00002 IC=0.00000 CO2_BC=0.00195 LR=9.10e-04 nu=0.01 NSraw=0.7853 alpha(W1/W8/all)=0.59/0.39/0.48 | 0.86 it/s
[Iter 01800/20000] Total=0.16291 | NS=0.11824 CO2(scaled)=0.00968 CO2_weight=1.00 guide_w=12.5 Walls=0.00298(x10) g_ns/g_walls=2.52 Windows=0.00348 Doors=0.00002 IC=0.00000 CO2_BC=0.00171 LR=9.10e-04 nu=0.01 NSraw=0.5105 alpha(W1/W8/all)=0.59/0.39/0.48 | 0.86 it/s
[Iter 01810/20000] Total=0.15078 | NS=0.08735 CO2(scaled)=0.01048 CO2_weight=1.00 guide_w=12.5 Walls=0.00487(x10) g_ns/g_walls=2.52 Windows=0.00258 Doors=0.00003 IC=0.00000 CO2_BC=0.00162 LR=9.09e-04 nu=0.01 NSraw=0.2776 alpha(W1/W8/all)=0.59/0.39/0.48 | 0.86 it/s
[Iter 01820/20000] Total=0.23204 | NS=0.11115 CO2(scaled)=0.01321 CO2_weight=1.00 guide_w=12.5 Walls=0.00965(x10) g_ns/g_walls=2.52 Windows=0.00928 Doors=0.00002 IC=0.00000 CO2_BC=0.00186 LR=9.09e-04 nu=0.01 NSraw=0.4397 alpha(W1/W8/all)=0.59/0.39/0.48 | 0.86 it/s
[Iter 01830/20000] Total=0.14274 | NS=0.06052 CO2(scaled)=0.01065 CO2_weight=1.00 guide_w=12.5 Walls=0.00632(x10) g_ns/g_walls=2.52 Windows=0.00711 Doors=0.00003 IC=0.00000 CO2_BC=0.00128 LR=9.08e-04 nu=0.01 NSraw=0.1253 alpha(W1/W8/all)=0.59/0.39/0.48 | 0.86 it/s
[Iter 01840/20000] Total=0.18254 | NS=0.14970 CO2(scaled)=0.01026 CO2_weight=1.00 guide_w=12.5 Walls=0.00197(x10) g_ns/g_walls=2.52 Windows=0.00124 Doors=0.00002 IC=0.00000 CO2_BC=0.00159 LR=9.08e-04 nu=0.01 NSraw=0.7106 alpha(W1/W8/all)=0.59/0.39/0.48 | 0.86 it/s
[Iter 01850/20000] Total=0.14187 | NS=0.10703 CO2(scaled)=0.01014 CO2_weight=1.00 guide_w=12.5 Walls=0.00219(x10) g_ns/g_walls=2.52 Windows=0.00132 Doors=0.00004 IC=0.00000 CO2_BC=0.00142 LR=9.07e-04 nu=0.01 NSraw=0.8004 alpha(W1/W8/all)=0.59/0.39/0.48 | 0.86 it/s
[Iter 01860/20000] Total=0.13161 | NS=0.09314 CO2(scaled)=0.01025 CO2_weight=1.00 guide_w=12.5 Walls=0.00239(x10) g_ns/g_walls=2.52 Windows=0.00237 Doors=0.00002 IC=0.00000 CO2_BC=0.00193 LR=9.07e-04 nu=0.01 NSraw=0.3979 alpha(W1/W8/all)=0.59/0.39/0.48 | 0.86 it/s
[Iter 01870/20000] Total=0.14712 | NS=0.07374 CO2(scaled)=0.01045 CO2_weight=1.00 guide_w=12.5 Walls=0.00583(x10) g_ns/g_walls=2.52 Windows=0.00321 Doors=0.00004 IC=0.00000 CO2_BC=0.00142 LR=9.06e-04 nu=0.01 NSraw=0.2525 alpha(W1/W8/all)=0.59/0.39/0.48 | 0.86 it/s
[Iter 01880/20000] Total=0.40431 | NS=0.36739 CO2(scaled)=0.01046 CO2_weight=1.00 guide_w=12.5 Walls=0.00219(x10) g_ns/g_walls=2.52 Windows=0.00287 Doors=0.00003 IC=0.00000 CO2_BC=0.00170 LR=9.06e-04 nu=0.01 NSraw=9.83 alpha(W1/W8/all)=0.59/0.39/0.48 | 0.86 it/s
[Iter 01890/20000] Total=0.12515 | NS=0.06513 CO2(scaled)=0.00950 CO2_weight=1.00 guide_w=12.5 Walls=0.00437(x10) g_ns/g_walls=2.52 Windows=0.00509 Doors=0.00002 IC=0.00000 CO2_BC=0.00169 LR=9.05e-04 nu=0.01 NSraw=0.2102 alpha(W1/W8/all)=0.59/0.39/0.48 | 0.86 it/s
[Iter 01900/20000] Total=0.13839 | NS=0.09121 CO2(scaled)=0.01041 CO2_weight=1.00 guide_w=0.929 Walls=0.00329(x10) g_ns/g_walls=0.242 Windows=0.00248 Doors=0.00003 IC=0.00000 CO2_BC=0.00136 LR=9.05e-04 nu=0.01 NSraw=0.2745 alpha(W1/W8/all)=0.59/0.39/0.48 | 0.86 it/s
[Iter 01910/20000] Total=0.21791 | NS=0.17873 CO2(scaled)=0.01150 CO2_weight=1.00 guide_w=0.929 Walls=0.00235(x10) g_ns/g_walls=0.242 Windows=0.00288 Doors=0.00004 IC=0.00000 CO2_BC=0.00127 LR=9.04e-04 nu=0.01 NSraw=0.8697 alpha(W1/W8/all)=0.59/0.39/0.48 | 0.86 it/s
[Iter 01920/20000] Total=0.14283 | NS=0.09370 CO2(scaled)=0.01102 CO2_weight=1.00 guide_w=0.929 Walls=0.00335(x10) g_ns/g_walls=0.242 Windows=0.00307 Doors=0.00002 IC=0.00000 CO2_BC=0.00151 LR=9.04e-04 nu=0.01 NSraw=0.327 alpha(W1/W8/all)=0.59/0.39/0.48 | 0.86 it/s
[Iter 01930/20000] Total=0.17802 | NS=0.13132 CO2(scaled)=0.00932 CO2_weight=1.00 guide_w=0.929 Walls=0.00335(x10) g_ns/g_walls=0.242 Windows=0.00237 Doors=0.00004 IC=0.00000 CO2_BC=0.00144 LR=9.03e-04 nu=0.01 NSraw=0.8322 alpha(W1/W8/all)=0.59/0.39/0.48 | 0.86 it/s
[Iter 01940/20000] Total=0.21648 | NS=0.15013 CO2(scaled)=0.01989 CO2_weight=1.00 guide_w=0.929 Walls=0.00419(x10) g_ns/g_walls=0.242 Windows=0.00154 Doors=0.00001 IC=0.00000 CO2_BC=0.00305 LR=9.03e-04 nu=0.01 NSraw=0.7732 alpha(W1/W8/all)=0.59/0.39/0.48 | 0.86 it/s
[Iter 01950/20000] Total=0.14034 | NS=0.08543 CO2(scaled)=0.01174 CO2_weight=1.00 guide_w=0.929 Walls=0.00384(x10) g_ns/g_walls=0.242 Windows=0.00362 Doors=0.00001 IC=0.00000 CO2_BC=0.00119 LR=9.02e-04 nu=0.01 NSraw=0.2856 alpha(W1/W8/all)=0.59/0.39/0.48 | 0.86 it/s
[Iter 01960/20000] Total=0.16617 | NS=0.10298 CO2(scaled)=0.01438 CO2_weight=1.00 guide_w=0.929 Walls=0.00431(x10) g_ns/g_walls=0.242 Windows=0.00410 Doors=0.00002 IC=0.00000 CO2_BC=0.00162 LR=9.02e-04 nu=0.01 NSraw=0.4168 alpha(W1/W8/all)=0.59/0.39/0.48 | 0.86 it/s
[Iter 01970/20000] Total=0.44128 | NS=0.32705 CO2(scaled)=0.01095 CO2_weight=1.00 guide_w=0.929 Walls=0.00975(x10) g_ns/g_walls=0.242 Windows=0.00436 Doors=0.00003 IC=0.00000 CO2_BC=0.00136 LR=9.01e-04 nu=0.01 NSraw=17.51 alpha(W1/W8/all)=0.59/0.39/0.48 | 0.86 it/s
[Iter 01980/20000] Total=0.20914 | NS=0.12370 CO2(scaled)=0.00999 CO2_weight=1.00 guide_w=0.929 Walls=0.00715(x10) g_ns/g_walls=0.242 Windows=0.00215 Doors=0.00002 IC=0.00000 CO2_BC=0.00178 LR=9.01e-04 nu=0.01 NSraw=0.4523 alpha(W1/W8/all)=0.59/0.39/0.48 | 0.86 it/s
[Iter 01990/20000] Total=0.11750 | NS=0.02882 CO2(scaled)=0.00956 CO2_weight=1.00 guide_w=0.929 Walls=0.00734(x10) g_ns/g_walls=0.242 Windows=0.00413 Doors=0.00004 IC=0.00000 CO2_BC=0.00157 LR=9.00e-04 nu=0.01 NSraw=0.05799 alpha(W1/W8/all)=0.59/0.39/0.48 | 0.86 it/s
[Iter 02000/20000] Total=0.20789 | NS=0.14579 CO2(scaled)=0.01072 CO2_weight=1.00 guide_w=2.97 Walls=0.00453(x10) g_ns/g_walls=0.584 Windows=0.00449 Doors=0.00002 IC=0.00000 CO2_BC=0.00152 LR=9.00e-04 nu=0.01 NSraw=0.8633 alpha(W1/W8/all)=0.59/0.39/0.48 | 0.86 it/s
  -> saved checkpoint: /home/iai-labor/BuildingControlCFD/experiments/gnot/checkpoints/v24_fixedalpha/gnot_v24_fixedalpha_iter2000.pth
[Iter 02010/20000] Total=0.18490 | NS=0.13932 CO2(scaled)=0.00877 CO2_weight=1.00 guide_w=2.97 Walls=0.00331(x10) g_ns/g_walls=0.584 Windows=0.00202 Doors=0.00003 IC=0.00000 CO2_BC=0.00162 LR=9.00e-04 nu=0.01 NSraw=0.6617 alpha(W1/W8/all)=0.59/0.39/0.48 | 0.86 it/s
[Iter 02020/20000] Total=0.20886 | NS=0.16325 CO2(scaled)=0.00778 CO2_weight=1.00 guide_w=2.97 Walls=0.00341(x10) g_ns/g_walls=0.584 Windows=0.00218 Doors=0.00002 IC=0.00000 CO2_BC=0.00154 LR=8.99e-04 nu=0.01 NSraw=1.215 alpha(W1/W8/all)=0.59/0.39/0.48 | 0.86 it/s
[Iter 02030/20000] Total=0.17047 | NS=0.11304 CO2(scaled)=0.01002 CO2_weight=1.00 guide_w=2.97 Walls=0.00421(x10) g_ns/g_walls=0.584 Windows=0.00344 Doors=0.00002 IC=0.00000 CO2_BC=0.00188 LR=8.99e-04 nu=0.01 NSraw=0.5232 alpha(W1/W8/all)=0.59/0.39/0.48 | 0.86 it/s
[Iter 02040/20000] Total=0.25521 | NS=0.20927 CO2(scaled)=0.00775 CO2_weight=1.00 guide_w=2.97 Walls=0.00349(x10) g_ns/g_walls=0.584 Windows=0.00179 Doors=0.00002 IC=0.00000 CO2_BC=0.00151 LR=8.98e-04 nu=0.01 NSraw=1.223 alpha(W1/W8/all)=0.59/0.39/0.48 | 0.86 it/s
[Iter 02050/20000] Total=0.11682 | NS=0.08405 CO2(scaled)=0.00670 CO2_weight=1.00 guide_w=2.97 Walls=0.00234(x10) g_ns/g_walls=0.584 Windows=0.00150 Doors=0.00006 IC=0.00000 CO2_BC=0.00109 LR=8.98e-04 nu=0.01 NSraw=0.3975 alpha(W1/W8/all)=0.59/0.39/0.48 | 0.86 it/s
[Iter 02060/20000] Total=0.19190 | NS=0.13565 CO2(scaled)=0.00845 CO2_weight=1.00 guide_w=2.97 Walls=0.00442(x10) g_ns/g_walls=0.584 Windows=0.00190 Doors=0.00002 IC=0.00000 CO2_BC=0.00169 LR=8.97e-04 nu=0.01 NSraw=0.6356 alpha(W1/W8/all)=0.59/0.39/0.48 | 0.86 it/s
[Iter 02070/20000] Total=0.41196 | NS=0.09532 CO2(scaled)=0.00995 CO2_weight=1.00 guide_w=2.97 Walls=0.02798(x10) g_ns/g_walls=0.584 Windows=0.02581 Doors=0.00002 IC=0.00000 CO2_BC=0.00107 LR=8.97e-04 nu=0.01 NSraw=0.2421 alpha(W1/W8/all)=0.59/0.39/0.48 | 0.86 it/s
[Iter 02080/20000] Total=0.41841 | NS=0.31986 CO2(scaled)=0.00979 CO2_weight=1.00 guide_w=2.97 Walls=0.00823(x10) g_ns/g_walls=0.584 Windows=0.00521 Doors=0.00003 IC=0.00000 CO2_BC=0.00121 LR=8.96e-04 nu=0.01 NSraw=4.687 alpha(W1/W8/all)=0.59/0.39/0.48 | 0.86 it/s
[Iter 02090/20000] Total=0.15379 | NS=0.10998 CO2(scaled)=0.00802 CO2_weight=1.00 guide_w=2.97 Walls=0.00330(x10) g_ns/g_walls=0.584 Windows=0.00122 Doors=0.00006 IC=0.00000 CO2_BC=0.00155 LR=8.96e-04 nu=0.01 NSraw=0.3855 alpha(W1/W8/all)=0.59/0.39/0.48 | 0.86 it/s
[Iter 02100/20000] Total=0.18120 | NS=0.10668 CO2(scaled)=0.01013 CO2_weight=1.00 guide_w=0.766 Walls=0.00558(x10) g_ns/g_walls=0.113 Windows=0.00716 Doors=0.00011 IC=0.00000 CO2_BC=0.00137 LR=8.95e-04 nu=0.01 NSraw=0.6635 alpha(W1/W8/all)=0.59/0.39/0.48 | 0.86 it/s
[Iter 02110/20000] Total=0.08269 | NS=0.04735 CO2(scaled)=0.00955 CO2_weight=1.00 guide_w=0.766 Walls=0.00228(x10) g_ns/g_walls=0.113 Windows=0.00159 Doors=0.00007 IC=0.00000 CO2_BC=0.00134 LR=8.95e-04 nu=0.01 NSraw=0.09276 alpha(W1/W8/all)=0.59/0.39/0.48 | 0.86 it/s
[Iter 02120/20000] Total=0.20798 | NS=0.14603 CO2(scaled)=0.00921 CO2_weight=1.00 guide_w=0.766 Walls=0.00486(x10) g_ns/g_walls=0.113 Windows=0.00233 Doors=0.00003 IC=0.00000 CO2_BC=0.00180 LR=8.94e-04 nu=0.01 NSraw=0.5596 alpha(W1/W8/all)=0.59/0.39/0.48 | 0.86 it/s
[Iter 02130/20000] Total=0.21170 | NS=0.09935 CO2(scaled)=0.00921 CO2_weight=1.00 guide_w=0.766 Walls=0.00973(x10) g_ns/g_walls=0.113 Windows=0.00479 Doors=0.00002 IC=0.00000 CO2_BC=0.00100 LR=8.94e-04 nu=0.01 NSraw=0.4549 alpha(W1/W8/all)=0.59/0.39/0.48 | 0.86 it/s
[Iter 02140/20000] Total=0.15485 | NS=0.10373 CO2(scaled)=0.00921 CO2_weight=1.00 guide_w=0.766 Walls=0.00390(x10) g_ns/g_walls=0.113 Windows=0.00154 Doors=0.00010 IC=0.00000 CO2_BC=0.00122 LR=8.93e-04 nu=0.01 NSraw=0.4037 alpha(W1/W8/all)=0.59/0.39/0.48 | 0.86 it/s
[Iter 02150/20000] Total=0.15258 | NS=0.12063 CO2(scaled)=0.00672 CO2_weight=1.00 guide_w=0.766 Walls=0.00225(x10) g_ns/g_walls=0.113 Windows=0.00158 Doors=0.00005 IC=0.00000 CO2_BC=0.00112 LR=8.93e-04 nu=0.01 NSraw=0.4083 alpha(W1/W8/all)=0.59/0.39/0.48 | 0.86 it/s
[Iter 02160/20000] Total=0.12856 | NS=0.08847 CO2(scaled)=0.00832 CO2_weight=1.00 guide_w=0.766 Walls=0.00277(x10) g_ns/g_walls=0.113 Windows=0.00283 Doors=0.00003 IC=0.00000 CO2_BC=0.00124 LR=8.92e-04 nu=0.01 NSraw=0.3315 alpha(W1/W8/all)=0.59/0.39/0.48 | 0.86 it/s
[Iter 02170/20000] Total=0.12204 | NS=0.06774 CO2(scaled)=0.00781 CO2_weight=1.00 guide_w=0.766 Walls=0.00406(x10) g_ns/g_walls=0.113 Windows=0.00440 Doors=0.00005 IC=0.00000 CO2_BC=0.00148 LR=8.92e-04 nu=0.01 NSraw=0.2433 alpha(W1/W8/all)=0.59/0.39/0.48 | 0.86 it/s
[Iter 02180/20000] Total=0.20176 | NS=0.13402 CO2(scaled)=0.00582 CO2_weight=1.00 guide_w=0.766 Walls=0.00529(x10) g_ns/g_walls=0.113 Windows=0.00779 Doors=0.00005 IC=0.00000 CO2_BC=0.00119 LR=8.92e-04 nu=0.01 NSraw=1.192 alpha(W1/W8/all)=0.59/0.39/0.48 | 0.86 it/s
[Iter 02190/20000] Total=0.11318 | NS=0.07530 CO2(scaled)=0.00653 CO2_weight=1.00 guide_w=0.766 Walls=0.00267(x10) g_ns/g_walls=0.113 Windows=0.00307 Doors=0.00001 IC=0.00000 CO2_BC=0.00157 LR=8.91e-04 nu=0.01 NSraw=0.2214 alpha(W1/W8/all)=0.59/0.39/0.48 | 0.86 it/s
[Iter 02200/20000] Total=0.22381 | NS=0.17191 CO2(scaled)=0.00647 CO2_weight=1.00 guide_w=9.91 Walls=0.00410(x10) g_ns/g_walls=0.463 Windows=0.00297 Doors=0.00002 IC=0.00000 CO2_BC=0.00143 LR=8.91e-04 nu=0.01 NSraw=1.282 alpha(W1/W8/all)=0.59/0.39/0.48 | 0.86 it/s
[Iter 02210/20000] Total=0.24447 | NS=0.21263 CO2(scaled)=0.00679 CO2_weight=1.00 guide_w=9.91 Walls=0.00212(x10) g_ns/g_walls=0.463 Windows=0.00250 Doors=0.00002 IC=0.00000 CO2_BC=0.00133 LR=8.90e-04 nu=0.01 NSraw=2.114 alpha(W1/W8/all)=0.59/0.39/0.48 | 0.86 it/s
[Iter 02220/20000] Total=0.12572 | NS=0.08339 CO2(scaled)=0.00799 CO2_weight=1.00 guide_w=9.91 Walls=0.00303(x10) g_ns/g_walls=0.463 Windows=0.00258 Doors=0.00003 IC=0.00000 CO2_BC=0.00147 LR=8.90e-04 nu=0.01 NSraw=0.2179 alpha(W1/W8/all)=0.59/0.39/0.48 | 0.86 it/s
[Iter 02230/20000] Total=0.13859 | NS=0.10711 CO2(scaled)=0.00628 CO2_weight=1.00 guide_w=9.91 Walls=0.00222(x10) g_ns/g_walls=0.463 Windows=0.00152 Doors=0.00002 IC=0.00000 CO2_BC=0.00145 LR=8.89e-04 nu=0.01 NSraw=0.4787 alpha(W1/W8/all)=0.59/0.39/0.48 | 0.86 it/s
[Iter 02240/20000] Total=0.18866 | NS=0.09002 CO2(scaled)=0.00795 CO2_weight=1.00 guide_w=9.91 Walls=0.00858(x10) g_ns/g_walls=0.463 Windows=0.00364 Doors=0.00008 IC=0.00000 CO2_BC=0.00116 LR=8.89e-04 nu=0.01 NSraw=0.2689 alpha(W1/W8/all)=0.59/0.39/0.48 | 0.86 it/s
[Iter 02250/20000] Total=0.14013 | NS=0.07434 CO2(scaled)=0.01013 CO2_weight=1.00 guide_w=9.91 Walls=0.00519(x10) g_ns/g_walls=0.463 Windows=0.00265 Doors=0.00002 IC=0.00000 CO2_BC=0.00110 LR=8.88e-04 nu=0.01 NSraw=0.1796 alpha(W1/W8/all)=0.59/0.39/0.48 | 0.86 it/s
[Iter 02260/20000] Total=0.13155 | NS=0.07897 CO2(scaled)=0.01057 CO2_weight=1.00 guide_w=9.91 Walls=0.00395(x10) g_ns/g_walls=0.463 Windows=0.00103 Doors=0.00006 IC=0.00000 CO2_BC=0.00138 LR=8.88e-04 nu=0.01 NSraw=0.2285 alpha(W1/W8/all)=0.59/0.39/0.48 | 0.86 it/s
[Iter 02270/20000] Total=0.30367 | NS=0.21487 CO2(scaled)=0.00653 CO2_weight=1.00 guide_w=9.91 Walls=0.00761(x10) g_ns/g_walls=0.463 Windows=0.00429 Doors=0.00003 IC=0.00000 CO2_BC=0.00183 LR=8.87e-04 nu=0.01 NSraw=6.515 alpha(W1/W8/all)=0.59/0.39/0.48 | 0.86 it/s
[Iter 02280/20000] Total=0.21042 | NS=0.15257 CO2(scaled)=0.00640 CO2_weight=1.00 guide_w=9.91 Walls=0.00488(x10) g_ns/g_walls=0.463 Windows=0.00141 Doors=0.00007 IC=0.00000 CO2_BC=0.00119 LR=8.87e-04 nu=0.01 NSraw=0.8063 alpha(W1/W8/all)=0.59/0.39/0.48 | 0.86 it/s
[Iter 02290/20000] Total=0.10220 | NS=0.04822 CO2(scaled)=0.00587 CO2_weight=1.00 guide_w=9.91 Walls=0.00451(x10) g_ns/g_walls=0.463 Windows=0.00168 Doors=0.00020 IC=0.00000 CO2_BC=0.00112 LR=8.86e-04 nu=0.01 NSraw=0.09478 alpha(W1/W8/all)=0.59/0.39/0.48 | 0.86 it/s
[Iter 02300/20000] Total=0.10429 | NS=0.06590 CO2(scaled)=0.00723 CO2_weight=1.00 guide_w=1.2 Walls=0.00279(x10) g_ns/g_walls=0.241 Windows=0.00156 Doors=0.00010 IC=0.00000 CO2_BC=0.00157 LR=8.86e-04 nu=0.01 NSraw=0.199 alpha(W1/W8/all)=0.59/0.39/0.48 | 0.86 it/s
[Iter 02310/20000] Total=0.12383 | NS=0.06198 CO2(scaled)=0.00719 CO2_weight=1.00 guide_w=1.2 Walls=0.00482(x10) g_ns/g_walls=0.241 Windows=0.00505 Doors=0.00003 IC=0.00000 CO2_BC=0.00136 LR=8.85e-04 nu=0.01 NSraw=0.1636 alpha(W1/W8/all)=0.59/0.39/0.48 | 0.86 it/s
[Iter 02320/20000] Total=0.17612 | NS=0.11556 CO2(scaled)=0.02269 CO2_weight=1.00 guide_w=1.2 Walls=0.00323(x10) g_ns/g_walls=0.241 Windows=0.00396 Doors=0.00003 IC=0.00000 CO2_BC=0.00159 LR=8.85e-04 nu=0.01 NSraw=0.5643 alpha(W1/W8/all)=0.59/0.39/0.48 | 0.86 it/s
[Iter 02330/20000] Total=0.29033 | NS=0.09879 CO2(scaled)=0.00780 CO2_weight=1.00 guide_w=1.2 Walls=0.01645(x10) g_ns/g_walls=0.241 Windows=0.01754 Doors=0.00009 IC=0.00000 CO2_BC=0.00162 LR=8.84e-04 nu=0.01 NSraw=0.4185 alpha(W1/W8/all)=0.59/0.39/0.48 | 0.86 it/s
[Iter 02340/20000] Total=0.19869 | NS=0.12903 CO2(scaled)=0.00753 CO2_weight=1.00 guide_w=1.2 Walls=0.00579(x10) g_ns/g_walls=0.241 Windows=0.00293 Doors=0.00002 IC=0.00000 CO2_BC=0.00128 LR=8.84e-04 nu=0.01 NSraw=0.5326 alpha(W1/W8/all)=0.59/0.39/0.48 | 0.86 it/s
[Iter 02350/20000] Total=0.11440 | NS=0.08721 CO2(scaled)=0.00645 CO2_weight=1.00 guide_w=1.2 Walls=0.00183(x10) g_ns/g_walls=0.241 Windows=0.00131 Doors=0.00003 IC=0.00000 CO2_BC=0.00110 LR=8.84e-04 nu=0.01 NSraw=0.4044 alpha(W1/W8/all)=0.59/0.39/0.48 | 0.86 it/s
[Iter 02360/20000] Total=0.07499 | NS=0.04887 CO2(scaled)=0.00566 CO2_weight=1.00 guide_w=1.2 Walls=0.00170(x10) g_ns/g_walls=0.241 Windows=0.00195 Doors=0.00004 IC=0.00000 CO2_BC=0.00151 LR=8.83e-04 nu=0.01 NSraw=0.117 alpha(W1/W8/all)=0.59/0.39/0.48 | 0.86 it/s
[Iter 02370/20000] Total=0.11333 | NS=0.05392 CO2(scaled)=0.00754 CO2_weight=1.00 guide_w=1.2 Walls=0.00478(x10) g_ns/g_walls=0.241 Windows=0.00313 Doors=0.00002 IC=0.00000 CO2_BC=0.00088 LR=8.83e-04 nu=0.01 NSraw=0.1217 alpha(W1/W8/all)=0.59/0.39/0.48 | 0.86 it/s
[Iter 02380/20000] Total=0.08488 | NS=0.05840 CO2(scaled)=0.00858 CO2_weight=1.00 guide_w=1.2 Walls=0.00153(x10) g_ns/g_walls=0.241 Windows=0.00136 Doors=0.00001 IC=0.00000 CO2_BC=0.00123 LR=8.82e-04 nu=0.01 NSraw=0.1542 alpha(W1/W8/all)=0.59/0.39/0.48 | 0.86 it/s
[Iter 02390/20000] Total=0.08086 | NS=0.04121 CO2(scaled)=0.00880 CO2_weight=1.00 guide_w=1.2 Walls=0.00268(x10) g_ns/g_walls=0.241 Windows=0.00264 Doors=0.00003 IC=0.00000 CO2_BC=0.00141 LR=8.82e-04 nu=0.01 NSraw=0.06498 alpha(W1/W8/all)=0.59/0.39/0.48 | 0.86 it/s
[Iter 02400/20000] Total=0.08881 | NS=0.04793 CO2(scaled)=0.00999 CO2_weight=1.00 guide_w=0.56 Walls=0.00279(x10) g_ns/g_walls=0.141 Windows=0.00171 Doors=0.00003 IC=0.00000 CO2_BC=0.00127 LR=8.81e-04 nu=0.01 NSraw=0.1354 alpha(W1/W8/all)=0.59/0.39/0.48 | 0.86 it/s
[Iter 02410/20000] Total=0.32333 | NS=0.29873 CO2(scaled)=0.00621 CO2_weight=1.00 guide_w=0.56 Walls=0.00150(x10) g_ns/g_walls=0.141 Windows=0.00207 Doors=0.00002 IC=0.00000 CO2_BC=0.00132 LR=8.81e-04 nu=0.01 NSraw=12.11 alpha(W1/W8/all)=0.59/0.39/0.48 | 0.86 it/s
[Iter 02420/20000] Total=0.14427 | NS=0.09016 CO2(scaled)=0.00952 CO2_weight=1.00 guide_w=0.56 Walls=0.00410(x10) g_ns/g_walls=0.141 Windows=0.00242 Doors=0.00002 IC=0.00000 CO2_BC=0.00112 LR=8.80e-04 nu=0.01 NSraw=0.2896 alpha(W1/W8/all)=0.59/0.39/0.48 | 0.86 it/s
[Iter 02430/20000] Total=0.24170 | NS=0.19913 CO2(scaled)=0.00762 CO2_weight=1.00 guide_w=0.56 Walls=0.00323(x10) g_ns/g_walls=0.141 Windows=0.00140 Doors=0.00003 IC=0.00000 CO2_BC=0.00125 LR=8.80e-04 nu=0.01 NSraw=1.259 alpha(W1/W8/all)=0.59/0.39/0.48 | 0.86 it/s
[Iter 02440/20000] Total=0.23209 | NS=0.18169 CO2(scaled)=0.00615 CO2_weight=1.00 guide_w=0.56 Walls=0.00405(x10) g_ns/g_walls=0.141 Windows=0.00257 Doors=0.00002 IC=0.00000 CO2_BC=0.00115 LR=8.79e-04 nu=0.01 NSraw=1.179 alpha(W1/W8/all)=0.59/0.39/0.48 | 0.86 it/s
[Iter 02450/20000] Total=0.25979 | NS=0.20985 CO2(scaled)=0.00709 CO2_weight=1.00 guide_w=0.56 Walls=0.00393(x10) g_ns/g_walls=0.141 Windows=0.00229 Doors=0.00002 IC=0.00000 CO2_BC=0.00125 LR=8.79e-04 nu=0.01 NSraw=2.54 alpha(W1/W8/all)=0.59/0.39/0.48 | 0.86 it/s
[Iter 02460/20000] Total=0.27719 | NS=0.23583 CO2(scaled)=0.00630 CO2_weight=1.00 guide_w=0.56 Walls=0.00303(x10) g_ns/g_walls=0.141 Windows=0.00376 Doors=0.00009 IC=0.00000 CO2_BC=0.00094 LR=8.78e-04 nu=0.01 NSraw=6.658 alpha(W1/W8/all)=0.59/0.39/0.48 | 0.86 it/s
[Iter 02470/20000] Total=0.22733 | NS=0.18228 CO2(scaled)=0.00609 CO2_weight=1.00 guide_w=0.56 Walls=0.00351(x10) g_ns/g_walls=0.141 Windows=0.00277 Doors=0.00008 IC=0.00000 CO2_BC=0.00097 LR=8.78e-04 nu=0.01 NSraw=0.998 alpha(W1/W8/all)=0.59/0.39/0.48 | 0.86 it/s
[Iter 02480/20000] Total=0.23084 | NS=0.20269 CO2(scaled)=0.00562 CO2_weight=1.00 guide_w=0.56 Walls=0.00201(x10) g_ns/g_walls=0.141 Windows=0.00132 Doors=0.00002 IC=0.00000 CO2_BC=0.00114 LR=8.78e-04 nu=0.01 NSraw=3.265 alpha(W1/W8/all)=0.59/0.39/0.48 | 0.86 it/s
[Iter 02490/20000] Total=0.09769 | NS=0.06937 CO2(scaled)=0.00469 CO2_weight=1.00 guide_w=0.56 Walls=0.00201(x10) g_ns/g_walls=0.141 Windows=0.00252 Doors=0.00004 IC=0.00000 CO2_BC=0.00095 LR=8.77e-04 nu=0.01 NSraw=0.2063 alpha(W1/W8/all)=0.59/0.39/0.48 | 0.86 it/s
[Iter 02500/20000] Total=0.13663 | NS=0.11373 CO2(scaled)=0.00752 CO2_weight=1.00 guide_w=0.909 Walls=0.00130(x10) g_ns/g_walls=0.447 Windows=0.00152 Doors=0.00006 IC=0.00000 CO2_BC=0.00077 LR=8.77e-04 nu=0.01 NSraw=0.4569 alpha(W1/W8/all)=0.59/0.39/0.48 | 0.86 it/s
[Iter 02510/20000] Total=0.20746 | NS=0.15276 CO2(scaled)=0.00538 CO2_weight=1.00 guide_w=0.909 Walls=0.00461(x10) g_ns/g_walls=0.447 Windows=0.00222 Doors=0.00002 IC=0.00000 CO2_BC=0.00102 LR=8.76e-04 nu=0.01 NSraw=0.6775 alpha(W1/W8/all)=0.59/0.39/0.48 | 0.86 it/s
[Iter 02520/20000] Total=0.12115 | NS=0.08268 CO2(scaled)=0.00611 CO2_weight=1.00 guide_w=0.909 Walls=0.00301(x10) g_ns/g_walls=0.447 Windows=0.00134 Doors=0.00001 IC=0.00000 CO2_BC=0.00095 LR=8.76e-04 nu=0.01 NSraw=0.334 alpha(W1/W8/all)=0.59/0.39/0.48 | 0.86 it/s
[Iter 02530/20000] Total=0.31660 | NS=0.26109 CO2(scaled)=0.00584 CO2_weight=1.00 guide_w=0.909 Walls=0.00470(x10) g_ns/g_walls=0.447 Windows=0.00182 Doors=0.00003 IC=0.00000 CO2_BC=0.00078 LR=8.75e-04 nu=0.01 NSraw=10.75 alpha(W1/W8/all)=0.59/0.39/0.48 | 0.86 it/s
[Iter 02540/20000] Total=0.10095 | NS=0.07037 CO2(scaled)=0.00681 CO2_weight=1.00 guide_w=0.909 Walls=0.00209(x10) g_ns/g_walls=0.447 Windows=0.00168 Doors=0.00002 IC=0.00000 CO2_BC=0.00117 LR=8.75e-04 nu=0.01 NSraw=0.2532 alpha(W1/W8/all)=0.59/0.39/0.48 | 0.86 it/s
[Iter 02550/20000] Total=0.08935 | NS=0.06211 CO2(scaled)=0.00584 CO2_weight=1.00 guide_w=0.909 Walls=0.00188(x10) g_ns/g_walls=0.447 Windows=0.00147 Doors=0.00001 IC=0.00000 CO2_BC=0.00108 LR=8.74e-04 nu=0.01 NSraw=0.1847 alpha(W1/W8/all)=0.59/0.39/0.48 | 0.86 it/s
[Iter 02560/20000] Total=0.12702 | NS=0.09240 CO2(scaled)=0.00758 CO2_weight=1.00 guide_w=0.909 Walls=0.00241(x10) g_ns/g_walls=0.447 Windows=0.00176 Doors=0.00002 IC=0.00000 CO2_BC=0.00113 LR=8.74e-04 nu=0.01 NSraw=0.5287 alpha(W1/W8/all)=0.59/0.39/0.48 | 0.86 it/s
[Iter 02570/20000] Total=0.24827 | NS=0.21005 CO2(scaled)=0.00875 CO2_weight=1.00 guide_w=0.909 Walls=0.00264(x10) g_ns/g_walls=0.447 Windows=0.00197 Doors=0.00003 IC=0.00000 CO2_BC=0.00106 LR=8.73e-04 nu=0.01 NSraw=1.908 alpha(W1/W8/all)=0.59/0.39/0.48 | 0.86 it/s
[Iter 02580/20000] Total=0.08852 | NS=0.04251 CO2(scaled)=0.00936 CO2_weight=1.00 guide_w=0.909 Walls=0.00328(x10) g_ns/g_walls=0.447 Windows=0.00284 Doors=0.00008 IC=0.00000 CO2_BC=0.00090 LR=8.73e-04 nu=0.01 NSraw=0.09231 alpha(W1/W8/all)=0.59/0.39/0.48 | 0.86 it/s
[Iter 02590/20000] Total=0.12396 | NS=0.09803 CO2(scaled)=0.00637 CO2_weight=1.00 guide_w=0.909 Walls=0.00173(x10) g_ns/g_walls=0.447 Windows=0.00124 Doors=0.00002 IC=0.00000 CO2_BC=0.00095 LR=8.72e-04 nu=0.01 NSraw=0.367 alpha(W1/W8/all)=0.59/0.39/0.48 | 0.86 it/s
[Iter 02600/20000] Total=0.15756 | NS=0.10346 CO2(scaled)=0.00816 CO2_weight=1.00 guide_w=0.824 Walls=0.00418(x10) g_ns/g_walls=0.157 Windows=0.00326 Doors=0.00003 IC=0.00000 CO2_BC=0.00088 LR=8.72e-04 nu=0.01 NSraw=0.4972 alpha(W1/W8/all)=0.59/0.39/0.48 | 0.86 it/s
[Iter 02610/20000] Total=0.14262 | NS=0.11852 CO2(scaled)=0.00483 CO2_weight=1.00 guide_w=0.824 Walls=0.00164(x10) g_ns/g_walls=0.157 Windows=0.00187 Doors=0.00002 IC=0.00000 CO2_BC=0.00096 LR=8.72e-04 nu=0.01 NSraw=1.496 alpha(W1/W8/all)=0.59/0.39/0.48 | 0.86 it/s
[Iter 02620/20000] Total=0.14065 | NS=0.11062 CO2(scaled)=0.00829 CO2_weight=1.00 guide_w=0.824 Walls=0.00190(x10) g_ns/g_walls=0.157 Windows=0.00192 Doors=0.00003 IC=0.00000 CO2_BC=0.00077 LR=8.71e-04 nu=0.01 NSraw=0.3401 alpha(W1/W8/all)=0.59/0.39/0.48 | 0.86 it/s
[Iter 02630/20000] Total=0.15371 | NS=0.10191 CO2(scaled)=0.00772 CO2_weight=1.00 guide_w=0.824 Walls=0.00409(x10) g_ns/g_walls=0.157 Windows=0.00231 Doors=0.00004 IC=0.00000 CO2_BC=0.00083 LR=8.71e-04 nu=0.01 NSraw=0.5422 alpha(W1/W8/all)=0.59/0.39/0.48 | 0.86 it/s
[Iter 02640/20000] Total=0.14996 | NS=0.12183 CO2(scaled)=0.00710 CO2_weight=1.00 guide_w=0.824 Walls=0.00186(x10) g_ns/g_walls=0.157 Windows=0.00176 Doors=0.00005 IC=0.00000 CO2_BC=0.00063 LR=8.70e-04 nu=0.01 NSraw=0.4901 alpha(W1/W8/all)=0.59/0.39/0.48 | 0.86 it/s
[Iter 02650/20000] Total=0.21057 | NS=0.18347 CO2(scaled)=0.00664 CO2_weight=1.00 guide_w=0.824 Walls=0.00176(x10) g_ns/g_walls=0.157 Windows=0.00179 Doors=0.00027 IC=0.00000 CO2_BC=0.00081 LR=8.70e-04 nu=0.01 NSraw=3.978 alpha(W1/W8/all)=0.59/0.39/0.48 | 0.86 it/s
[Iter 02660/20000] Total=0.12106 | NS=0.08137 CO2(scaled)=0.00688 CO2_weight=1.00 guide_w=0.824 Walls=0.00286(x10) g_ns/g_walls=0.157 Windows=0.00320 Doors=0.00010 IC=0.00000 CO2_BC=0.00094 LR=8.69e-04 nu=0.01 NSraw=0.281 alpha(W1/W8/all)=0.59/0.39/0.48 | 0.86 it/s
[Iter 02670/20000] Total=0.13585 | NS=0.10841 CO2(scaled)=0.00514 CO2_weight=1.00 guide_w=0.824 Walls=0.00201(x10) g_ns/g_walls=0.157 Windows=0.00117 Doors=0.00003 IC=0.00000 CO2_BC=0.00103 LR=8.69e-04 nu=0.01 NSraw=0.4166 alpha(W1/W8/all)=0.59/0.39/0.48 | 0.86 it/s
[Iter 02680/20000] Total=0.05793 | NS=0.03419 CO2(scaled)=0.00552 CO2_weight=1.00 guide_w=0.824 Walls=0.00159(x10) g_ns/g_walls=0.157 Windows=0.00123 Doors=0.00007 IC=0.00000 CO2_BC=0.00104 LR=8.68e-04 nu=0.01 NSraw=0.06466 alpha(W1/W8/all)=0.59/0.39/0.48 | 0.86 it/s
[Iter 02690/20000] Total=0.10495 | NS=0.04929 CO2(scaled)=0.00773 CO2_weight=1.00 guide_w=0.824 Walls=0.00445(x10) g_ns/g_walls=0.157 Windows=0.00235 Doors=0.00004 IC=0.00000 CO2_BC=0.00107 LR=8.68e-04 nu=0.01 NSraw=0.1093 alpha(W1/W8/all)=0.59/0.39/0.48 | 0.86 it/s
[Iter 02700/20000] Total=0.14908 | NS=0.06706 CO2(scaled)=0.00841 CO2_weight=1.00 guide_w=2.39 Walls=0.00692(x10) g_ns/g_walls=0.315 Windows=0.00366 Doors=0.00003 IC=0.00000 CO2_BC=0.00075 LR=8.67e-04 nu=0.01 NSraw=0.2065 alpha(W1/W8/all)=0.59/0.39/0.48 | 0.86 it/s
[Iter 02710/20000] Total=0.39658 | NS=0.36618 CO2(scaled)=0.00628 CO2_weight=1.00 guide_w=2.39 Walls=0.00214(x10) g_ns/g_walls=0.315 Windows=0.00218 Doors=0.00002 IC=0.00000 CO2_BC=0.00047 LR=8.67e-04 nu=0.01 NSraw=17.13 alpha(W1/W8/all)=0.59/0.39/0.48 | 0.86 it/s
[Iter 02720/20000] Total=0.06767 | NS=0.02615 CO2(scaled)=0.00733 CO2_weight=1.00 guide_w=2.39 Walls=0.00304(x10) g_ns/g_walls=0.315 Windows=0.00230 Doors=0.00008 IC=0.00000 CO2_BC=0.00139 LR=8.67e-04 nu=0.01 NSraw=0.03979 alpha(W1/W8/all)=0.59/0.39/0.48 | 0.86 it/s
[Iter 02730/20000] Total=0.12606 | NS=0.09097 CO2(scaled)=0.00698 CO2_weight=1.00 guide_w=2.39 Walls=0.00256(x10) g_ns/g_walls=0.315 Windows=0.00161 Doors=0.00003 IC=0.00000 CO2_BC=0.00084 LR=8.66e-04 nu=0.01 NSraw=0.5996 alpha(W1/W8/all)=0.59/0.39/0.48 | 0.86 it/s
[Iter 02740/20000] Total=0.15811 | NS=0.11752 CO2(scaled)=0.00680 CO2_weight=1.00 guide_w=2.39 Walls=0.00306(x10) g_ns/g_walls=0.315 Windows=0.00243 Doors=0.00002 IC=0.00000 CO2_BC=0.00076 LR=8.66e-04 nu=0.01 NSraw=0.6622 alpha(W1/W8/all)=0.59/0.39/0.48 | 0.86 it/s
[Iter 02750/20000] Total=0.09873 | NS=0.05206 CO2(scaled)=0.00884 CO2_weight=1.00 guide_w=2.39 Walls=0.00351(x10) g_ns/g_walls=0.315 Windows=0.00178 Doors=0.00004 IC=0.00000 CO2_BC=0.00093 LR=8.65e-04 nu=0.01 NSraw=0.126 alpha(W1/W8/all)=0.59/0.39/0.48 | 0.86 it/s
[Iter 02760/20000] Total=0.16242 | NS=0.07163 CO2(scaled)=0.00554 CO2_weight=1.00 guide_w=2.39 Walls=0.00809(x10) g_ns/g_walls=0.315 Windows=0.00344 Doors=0.00005 IC=0.00000 CO2_BC=0.00086 LR=8.65e-04 nu=0.01 NSraw=0.3966 alpha(W1/W8/all)=0.59/0.39/0.48 | 0.86 it/s
[Iter 02770/20000] Total=0.07852 | NS=0.04992 CO2(scaled)=0.00663 CO2_weight=1.00 guide_w=2.39 Walls=0.00195(x10) g_ns/g_walls=0.315 Windows=0.00158 Doors=0.00001 IC=0.00000 CO2_BC=0.00088 LR=8.64e-04 nu=0.01 NSraw=0.1175 alpha(W1/W8/all)=0.59/0.39/0.48 | 0.86 it/s
[Iter 02780/20000] Total=0.27288 | NS=0.23553 CO2(scaled)=0.00855 CO2_weight=1.00 guide_w=2.39 Walls=0.00261(x10) g_ns/g_walls=0.315 Windows=0.00173 Doors=0.00003 IC=0.00000 CO2_BC=0.00092 LR=8.64e-04 nu=0.01 NSraw=4.23 alpha(W1/W8/all)=0.59/0.39/0.48 | 0.86 it/s
[Iter 02790/20000] Total=0.23550 | NS=0.17801 CO2(scaled)=0.01011 CO2_weight=1.00 guide_w=2.39 Walls=0.00439(x10) g_ns/g_walls=0.315 Windows=0.00251 Doors=0.00005 IC=0.00000 CO2_BC=0.00094 LR=8.63e-04 nu=0.01 NSraw=1.109 alpha(W1/W8/all)=0.59/0.39/0.48 | 0.86 it/s
[Iter 02800/20000] Total=0.14617 | NS=0.12058 CO2(scaled)=0.00616 CO2_weight=1.00 guide_w=2.17 Walls=0.00173(x10) g_ns/g_walls=0.664 Windows=0.00121 Doors=0.00003 IC=0.00000 CO2_BC=0.00088 LR=8.63e-04 nu=0.01 NSraw=0.3858 alpha(W1/W8/all)=0.59/0.39/0.48 | 0.86 it/s
[Iter 02810/20000] Total=0.14334 | NS=0.09272 CO2(scaled)=0.00596 CO2_weight=1.00 guide_w=2.17 Walls=0.00422(x10) g_ns/g_walls=0.664 Windows=0.00160 Doors=0.00002 IC=0.00000 CO2_BC=0.00081 LR=8.62e-04 nu=0.01 NSraw=0.2746 alpha(W1/W8/all)=0.59/0.39/0.48 | 0.86 it/s
[Iter 02820/20000] Total=0.16864 | NS=0.10748 CO2(scaled)=0.00796 CO2_weight=1.00 guide_w=2.17 Walls=0.00501(x10) g_ns/g_walls=0.664 Windows=0.00213 Doors=0.00004 IC=0.00000 CO2_BC=0.00093 LR=8.62e-04 nu=0.01 NSraw=0.5445 alpha(W1/W8/all)=0.59/0.39/0.48 | 0.86 it/s
[Iter 02830/20000] Total=0.18035 | NS=0.14372 CO2(scaled)=0.00474 CO2_weight=1.00 guide_w=2.17 Walls=0.00300(x10) g_ns/g_walls=0.664 Windows=0.00116 Doors=0.00003 IC=0.00000 CO2_BC=0.00066 LR=8.61e-04 nu=0.01 NSraw=1.81 alpha(W1/W8/all)=0.59/0.39/0.48 | 0.86 it/s
[Iter 02840/20000] Total=0.09569 | NS=0.06737 CO2(scaled)=0.00760 CO2_weight=1.00 guide_w=2.17 Walls=0.00188(x10) g_ns/g_walls=0.664 Windows=0.00111 Doors=0.00001 IC=0.00000 CO2_BC=0.00083 LR=8.61e-04 nu=0.01 NSraw=0.1495 alpha(W1/W8/all)=0.59/0.39/0.48 | 0.86 it/s
[Iter 02850/20000] Total=0.12725 | NS=0.07140 CO2(scaled)=0.00699 CO2_weight=1.00 guide_w=2.17 Walls=0.00429(x10) g_ns/g_walls=0.664 Windows=0.00515 Doors=0.00002 IC=0.00000 CO2_BC=0.00076 LR=8.61e-04 nu=0.01 NSraw=0.26 alpha(W1/W8/all)=0.59/0.39/0.48 | 0.86 it/s
[Iter 02860/20000] Total=0.55425 | NS=0.51143 CO2(scaled)=0.00789 CO2_weight=1.00 guide_w=2.17 Walls=0.00309(x10) g_ns/g_walls=0.664 Windows=0.00326 Doors=0.00018 IC=0.00000 CO2_BC=0.00063 LR=8.60e-04 nu=0.01 NSraw=38.49 alpha(W1/W8/all)=0.59/0.39/0.48 | 0.86 it/s
[Iter 02870/20000] Total=0.28917 | NS=0.21839 CO2(scaled)=0.01171 CO2_weight=1.00 guide_w=2.17 Walls=0.00489(x10) g_ns/g_walls=0.664 Windows=0.00901 Doors=0.00024 IC=0.00000 CO2_BC=0.00093 LR=8.60e-04 nu=0.01 NSraw=6.122 alpha(W1/W8/all)=0.59/0.39/0.48 | 0.86 it/s
[Iter 02880/20000] Total=0.14857 | NS=0.10341 CO2(scaled)=0.00980 CO2_weight=1.00 guide_w=2.17 Walls=0.00316(x10) g_ns/g_walls=0.664 Windows=0.00318 Doors=0.00003 IC=0.00000 CO2_BC=0.00059 LR=8.59e-04 nu=0.01 NSraw=0.4104 alpha(W1/W8/all)=0.59/0.39/0.48 | 0.86 it/s
[Iter 02890/20000] Total=0.12439 | NS=0.07953 CO2(scaled)=0.00688 CO2_weight=1.00 guide_w=2.17 Walls=0.00355(x10) g_ns/g_walls=0.664 Windows=0.00172 Doors=0.00009 IC=0.00000 CO2_BC=0.00068 LR=8.59e-04 nu=0.01 NSraw=0.2006 alpha(W1/W8/all)=0.59/0.39/0.48 | 0.86 it/s
[Iter 02900/20000] Total=0.45913 | NS=0.41760 CO2(scaled)=0.00700 CO2_weight=1.00 guide_w=7.7 Walls=0.00308(x10) g_ns/g_walls=1.9 Windows=0.00279 Doors=0.00007 IC=0.00000 CO2_BC=0.00091 LR=8.58e-04 nu=0.01 NSraw=21.04 alpha(W1/W8/all)=0.59/0.39/0.48 | 0.86 it/s
[Iter 02910/20000] Total=0.16144 | NS=0.11531 CO2(scaled)=0.00910 CO2_weight=1.00 guide_w=7.7 Walls=0.00337(x10) g_ns/g_walls=1.9 Windows=0.00230 Doors=0.00015 IC=0.00000 CO2_BC=0.00088 LR=8.58e-04 nu=0.01 NSraw=0.6076 alpha(W1/W8/all)=0.59/0.39/0.48 | 0.86 it/s
[Iter 02920/20000] Total=0.14549 | NS=0.11698 CO2(scaled)=0.00477 CO2_weight=1.00 guide_w=7.7 Walls=0.00206(x10) g_ns/g_walls=1.9 Windows=0.00248 Doors=0.00004 IC=0.00000 CO2_BC=0.00060 LR=8.57e-04 nu=0.01 NSraw=0.8151 alpha(W1/W8/all)=0.59/0.39/0.48 | 0.86 it/s
[Iter 02930/20000] Total=0.13061 | NS=0.10067 CO2(scaled)=0.00706 CO2_weight=1.00 guide_w=7.7 Walls=0.00193(x10) g_ns/g_walls=1.9 Windows=0.00260 Doors=0.00012 IC=0.00000 CO2_BC=0.00081 LR=8.57e-04 nu=0.01 NSraw=0.4361 alpha(W1/W8/all)=0.59/0.39/0.48 | 0.86 it/s
[Iter 02940/20000] Total=0.21987 | NS=0.19562 CO2(scaled)=0.00682 CO2_weight=1.00 guide_w=7.7 Walls=0.00154(x10) g_ns/g_walls=1.9 Windows=0.00146 Doors=0.00004 IC=0.00000 CO2_BC=0.00055 LR=8.57e-04 nu=0.01 NSraw=2.341 alpha(W1/W8/all)=0.59/0.39/0.48 | 0.86 it/s
[Iter 02950/20000] Total=0.12506 | NS=0.10060 CO2(scaled)=0.00403 CO2_weight=1.00 guide_w=7.7 Walls=0.00187(x10) g_ns/g_walls=1.9 Windows=0.00103 Doors=0.00008 IC=0.00000 CO2_BC=0.00061 LR=8.56e-04 nu=0.01 NSraw=0.4724 alpha(W1/W8/all)=0.59/0.39/0.48 | 0.86 it/s
[Iter 02960/20000] Total=0.08889 | NS=0.06479 CO2(scaled)=0.00343 CO2_weight=1.00 guide_w=7.7 Walls=0.00183(x10) g_ns/g_walls=1.9 Windows=0.00139 Doors=0.00005 IC=0.00000 CO2_BC=0.00091 LR=8.56e-04 nu=0.01 NSraw=0.1434 alpha(W1/W8/all)=0.59/0.39/0.48 | 0.86 it/s
[Iter 02970/20000] Total=0.14299 | NS=0.11997 CO2(scaled)=0.00457 CO2_weight=1.00 guide_w=7.7 Walls=0.00161(x10) g_ns/g_walls=1.9 Windows=0.00092 Doors=0.00075 IC=0.00000 CO2_BC=0.00065 LR=8.55e-04 nu=0.01 NSraw=0.6676 alpha(W1/W8/all)=0.59/0.39/0.48 | 0.86 it/s
[Iter 02980/20000] Total=0.16929 | NS=0.12539 CO2(scaled)=0.00462 CO2_weight=1.00 guide_w=7.7 Walls=0.00369(x10) g_ns/g_walls=1.9 Windows=0.00130 Doors=0.00010 IC=0.00000 CO2_BC=0.00097 LR=8.55e-04 nu=0.01 NSraw=0.4926 alpha(W1/W8/all)=0.59/0.39/0.48 | 0.86 it/s
[Iter 02990/20000] Total=0.12970 | NS=0.07490 CO2(scaled)=0.00797 CO2_weight=1.00 guide_w=7.7 Walls=0.00405(x10) g_ns/g_walls=1.9 Windows=0.00355 Doors=0.00185 IC=0.00000 CO2_BC=0.00099 LR=8.54e-04 nu=0.01 NSraw=0.2775 alpha(W1/W8/all)=0.59/0.39/0.48 | 0.86 it/s
[Iter 03000/20000] Total=0.22109 | NS=0.17940 CO2(scaled)=0.00572 CO2_weight=1.00 guide_w=49.8 Walls=0.00328(x10) g_ns/g_walls=7.73 Windows=0.00149 Doors=0.00101 IC=0.00000 CO2_BC=0.00067 LR=8.54e-04 nu=0.01 NSraw=2.154 alpha(W1/W8/all)=0.59/0.39/0.48 | 0.86 it/s
  -> saved checkpoint: /home/iai-labor/BuildingControlCFD/experiments/gnot/checkpoints/v24_fixedalpha/gnot_v24_fixedalpha_iter3000.pth
[Iter 03010/20000] Total=0.12084 | NS=0.08466 CO2(scaled)=0.00549 CO2_weight=1.00 guide_w=49.8 Walls=0.00280(x10) g_ns/g_walls=7.73 Windows=0.00179 Doors=0.00004 IC=0.00000 CO2_BC=0.00085 LR=8.53e-04 nu=0.01 NSraw=0.3613 alpha(W1/W8/all)=0.59/0.39/0.48 | 0.86 it/s
[Iter 03020/20000] Total=0.25652 | NS=0.23220 CO2(scaled)=0.00441 CO2_weight=1.00 guide_w=49.8 Walls=0.00177(x10) g_ns/g_walls=7.73 Windows=0.00135 Doors=0.00002 IC=0.00000 CO2_BC=0.00087 LR=8.53e-04 nu=0.01 NSraw=2.173 alpha(W1/W8/all)=0.59/0.39/0.48 | 0.86 it/s
[Iter 03030/20000] Total=0.18010 | NS=0.10338 CO2(scaled)=0.00731 CO2_weight=1.00 guide_w=49.8 Walls=0.00608(x10) g_ns/g_walls=7.73 Windows=0.00720 Doors=0.00034 IC=0.00000 CO2_BC=0.00111 LR=8.52e-04 nu=0.01 NSraw=0.3378 alpha(W1/W8/all)=0.59/0.39/0.48 | 0.86 it/s
[Iter 03040/20000] Total=0.18004 | NS=0.15387 CO2(scaled)=0.00448 CO2_weight=1.00 guide_w=49.8 Walls=0.00196(x10) g_ns/g_walls=7.73 Windows=0.00130 Doors=0.00002 IC=0.00000 CO2_BC=0.00074 LR=8.52e-04 nu=0.01 NSraw=0.8168 alpha(W1/W8/all)=0.59/0.39/0.48 | 0.86 it/s
[Iter 03050/20000] Total=0.07777 | NS=0.04427 CO2(scaled)=0.00498 CO2_weight=1.00 guide_w=49.8 Walls=0.00243(x10) g_ns/g_walls=7.73 Windows=0.00278 Doors=0.00070 IC=0.00000 CO2_BC=0.00071 LR=8.52e-04 nu=0.01 NSraw=0.09975 alpha(W1/W8/all)=0.59/0.39/0.48 | 0.86 it/s
[Iter 03060/20000] Total=0.24116 | NS=0.16680 CO2(scaled)=0.00654 CO2_weight=1.00 guide_w=49.8 Walls=0.00654(x10) g_ns/g_walls=7.73 Windows=0.00180 Doors=0.00007 IC=0.00000 CO2_BC=0.00052 LR=8.51e-04 nu=0.01 NSraw=1.488 alpha(W1/W8/all)=0.59/0.39/0.48 | 0.86 it/s
[Iter 03070/20000] Total=0.21706 | NS=0.13812 CO2(scaled)=0.00601 CO2_weight=1.00 guide_w=49.8 Walls=0.00675(x10) g_ns/g_walls=7.73 Windows=0.00474 Doors=0.00012 IC=0.00000 CO2_BC=0.00059 LR=8.51e-04 nu=0.01 NSraw=0.6167 alpha(W1/W8/all)=0.59/0.39/0.48 | 0.86 it/s
[Iter 03080/20000] Total=0.13977 | NS=0.10737 CO2(scaled)=0.00577 CO2_weight=1.00 guide_w=49.8 Walls=0.00244(x10) g_ns/g_walls=7.73 Windows=0.00148 Doors=0.00008 IC=0.00000 CO2_BC=0.00070 LR=8.50e-04 nu=0.01 NSraw=0.4875 alpha(W1/W8/all)=0.59/0.39/0.48 | 0.86 it/s
[Iter 03090/20000] Total=0.14415 | NS=0.08540 CO2(scaled)=0.00484 CO2_weight=1.00 guide_w=49.8 Walls=0.00497(x10) g_ns/g_walls=7.73 Windows=0.00357 Doors=0.00003 IC=0.00000 CO2_BC=0.00056 LR=8.50e-04 nu=0.01 NSraw=0.2815 alpha(W1/W8/all)=0.59/0.39/0.48 | 0.86 it/s
[Iter 03100/20000] Total=0.10286 | NS=0.07032 CO2(scaled)=0.00432 CO2_weight=1.00 guide_w=4.26 Walls=0.00252(x10) g_ns/g_walls=0.135 Windows=0.00216 Doors=0.00002 IC=0.00000 CO2_BC=0.00079 LR=8.49e-04 nu=0.01 NSraw=0.4267 alpha(W1/W8/all)=0.59/0.39/0.48 | 0.86 it/s
[Iter 03110/20000] Total=0.05403 | NS=0.03146 CO2(scaled)=0.00582 CO2_weight=1.00 guide_w=4.26 Walls=0.00144(x10) g_ns/g_walls=0.135 Windows=0.00144 Doors=0.00001 IC=0.00000 CO2_BC=0.00094 LR=8.49e-04 nu=0.01 NSraw=0.04874 alpha(W1/W8/all)=0.59/0.39/0.48 | 0.86 it/s
[Iter 03120/20000] Total=0.29699 | NS=0.26498 CO2(scaled)=0.00497 CO2_weight=1.00 guide_w=4.26 Walls=0.00247(x10) g_ns/g_walls=0.135 Windows=0.00145 Doors=0.00002 IC=0.00000 CO2_BC=0.00082 LR=8.48e-04 nu=0.01 NSraw=10.77 alpha(W1/W8/all)=0.59/0.39/0.48 | 0.86 it/s
[Iter 03130/20000] Total=0.11674 | NS=0.09487 CO2(scaled)=0.00507 CO2_weight=1.00 guide_w=4.26 Walls=0.00151(x10) g_ns/g_walls=0.135 Windows=0.00115 Doors=0.00004 IC=0.00000 CO2_BC=0.00055 LR=8.48e-04 nu=0.01 NSraw=0.6385 alpha(W1/W8/all)=0.59/0.39/0.48 | 0.86 it/s
[Iter 03140/20000] Total=0.22576 | NS=0.18870 CO2(scaled)=0.00523 CO2_weight=1.00 guide_w=4.26 Walls=0.00299(x10) g_ns/g_walls=0.135 Windows=0.00135 Doors=0.00001 IC=0.00000 CO2_BC=0.00055 LR=8.48e-04 nu=0.01 NSraw=5.098 alpha(W1/W8/all)=0.59/0.39/0.48 | 0.86 it/s
[Iter 03150/20000] Total=0.15117 | NS=0.09748 CO2(scaled)=0.00489 CO2_weight=1.00 guide_w=4.26 Walls=0.00459(x10) g_ns/g_walls=0.135 Windows=0.00216 Doors=0.00005 IC=0.00000 CO2_BC=0.00066 LR=8.47e-04 nu=0.01 NSraw=0.3842 alpha(W1/W8/all)=0.59/0.39/0.48 | 0.86 it/s
[Iter 03160/20000] Total=0.14011 | NS=0.08284 CO2(scaled)=0.00482 CO2_weight=1.00 guide_w=4.26 Walls=0.00464(x10) g_ns/g_walls=0.135 Windows=0.00553 Doors=0.00002 IC=0.00000 CO2_BC=0.00051 LR=8.47e-04 nu=0.01 NSraw=0.3051 alpha(W1/W8/all)=0.59/0.39/0.48 | 0.86 it/s
[Iter 03170/20000] Total=0.14351 | NS=0.10279 CO2(scaled)=0.00465 CO2_weight=1.00 guide_w=4.26 Walls=0.00311(x10) g_ns/g_walls=0.135 Windows=0.00431 Doors=0.00003 IC=0.00000 CO2_BC=0.00068 LR=8.46e-04 nu=0.01 NSraw=0.4624 alpha(W1/W8/all)=0.59/0.39/0.48 | 0.86 it/s
[Iter 03180/20000] Total=0.10716 | NS=0.06815 CO2(scaled)=0.00493 CO2_weight=1.00 guide_w=4.26 Walls=0.00299(x10) g_ns/g_walls=0.135 Windows=0.00349 Doors=0.00002 IC=0.00000 CO2_BC=0.00063 LR=8.46e-04 nu=0.01 NSraw=0.265 alpha(W1/W8/all)=0.59/0.39/0.48 | 0.86 it/s
[Iter 03190/20000] Total=0.29252 | NS=0.24185 CO2(scaled)=0.00455 CO2_weight=1.00 guide_w=4.26 Walls=0.00423(x10) g_ns/g_walls=0.135 Windows=0.00276 Doors=0.00002 IC=0.00000 CO2_BC=0.00104 LR=8.45e-04 nu=0.01 NSraw=4.772 alpha(W1/W8/all)=0.59/0.39/0.48 | 0.86 it/s
[Iter 03200/20000] Total=0.29965 | NS=0.27366 CO2(scaled)=0.00510 CO2_weight=1.00 guide_w=3.91 Walls=0.00182(x10) g_ns/g_walls=0.92 Windows=0.00189 Doors=0.00001 IC=0.00000 CO2_BC=0.00083 LR=8.45e-04 nu=0.01 NSraw=7.651 alpha(W1/W8/all)=0.59/0.39/0.48 | 0.86 it/s
[Iter 03210/20000] Total=0.35415 | NS=0.33082 CO2(scaled)=0.00383 CO2_weight=1.00 guide_w=3.91 Walls=0.00170(x10) g_ns/g_walls=0.92 Windows=0.00181 Doors=0.00002 IC=0.00000 CO2_BC=0.00070 LR=8.44e-04 nu=0.01 NSraw=12.46 alpha(W1/W8/all)=0.59/0.39/0.48 | 0.86 it/s
[Iter 03220/20000] Total=0.27966 | NS=0.25506 CO2(scaled)=0.00384 CO2_weight=1.00 guide_w=3.91 Walls=0.00193(x10) g_ns/g_walls=0.92 Windows=0.00076 Doors=0.00002 IC=0.00000 CO2_BC=0.00066 LR=8.44e-04 nu=0.01 NSraw=4.132 alpha(W1/W8/all)=0.59/0.39/0.48 | 0.86 it/s
[Iter 03230/20000] Total=0.13653 | NS=0.07412 CO2(scaled)=0.00842 CO2_weight=1.00 guide_w=3.91 Walls=0.00508(x10) g_ns/g_walls=0.92 Windows=0.00272 Doors=0.00001 IC=0.00000 CO2_BC=0.00044 LR=8.44e-04 nu=0.01 NSraw=0.2749 alpha(W1/W8/all)=0.59/0.39/0.48 | 0.86 it/s
[Iter 03240/20000] Total=0.14247 | NS=0.09910 CO2(scaled)=0.00596 CO2_weight=1.00 guide_w=3.91 Walls=0.00345(x10) g_ns/g_walls=0.92 Windows=0.00232 Doors=0.00002 IC=0.00000 CO2_BC=0.00061 LR=8.43e-04 nu=0.01 NSraw=0.3877 alpha(W1/W8/all)=0.59/0.39/0.48 | 0.86 it/s
[Iter 03250/20000] Total=0.15200 | NS=0.05769 CO2(scaled)=0.00557 CO2_weight=1.00 guide_w=3.91 Walls=0.00778(x10) g_ns/g_walls=0.92 Windows=0.01040 Doors=0.00001 IC=0.00000 CO2_BC=0.00054 LR=8.43e-04 nu=0.01 NSraw=0.12 alpha(W1/W8/all)=0.59/0.39/0.48 | 0.86 it/s
[Iter 03260/20000] Total=0.13254 | NS=0.09785 CO2(scaled)=0.00418 CO2_weight=1.00 guide_w=3.91 Walls=0.00291(x10) g_ns/g_walls=0.92 Windows=0.00089 Doors=0.00003 IC=0.00000 CO2_BC=0.00052 LR=8.42e-04 nu=0.01 NSraw=0.5023 alpha(W1/W8/all)=0.59/0.39/0.48 | 0.86 it/s
[Iter 03270/20000] Total=0.12486 | NS=0.04943 CO2(scaled)=0.01568 CO2_weight=1.00 guide_w=3.91 Walls=0.00551(x10) g_ns/g_walls=0.92 Windows=0.00398 Doors=0.00004 IC=0.00000 CO2_BC=0.00067 LR=8.42e-04 nu=0.01 NSraw=0.1008 alpha(W1/W8/all)=0.59/0.39/0.48 | 0.86 it/s
[Iter 03280/20000] Total=0.11472 | NS=0.07756 CO2(scaled)=0.00619 CO2_weight=1.00 guide_w=3.91 Walls=0.00282(x10) g_ns/g_walls=0.92 Windows=0.00221 Doors=0.00002 IC=0.00000 CO2_BC=0.00050 LR=8.41e-04 nu=0.01 NSraw=0.2152 alpha(W1/W8/all)=0.59/0.39/0.48 | 0.86 it/s
[Iter 03290/20000] Total=0.17449 | NS=0.14092 CO2(scaled)=0.00406 CO2_weight=1.00 guide_w=3.91 Walls=0.00274(x10) g_ns/g_walls=0.92 Windows=0.00149 Doors=0.00001 IC=0.00000 CO2_BC=0.00064 LR=8.41e-04 nu=0.01 NSraw=0.8693 alpha(W1/W8/all)=0.59/0.39/0.48 | 0.86 it/s
[Iter 03300/20000] Total=0.13710 | NS=0.10325 CO2(scaled)=0.00364 CO2_weight=1.00 guide_w=4.24 Walls=0.00283(x10) g_ns/g_walls=0.581 Windows=0.00097 Doors=0.00002 IC=0.00000 CO2_BC=0.00094 LR=8.40e-04 nu=0.01 NSraw=0.5089 alpha(W1/W8/all)=0.59/0.39/0.48 | 0.86 it/s
[Iter 03310/20000] Total=0.29587 | NS=0.27446 CO2(scaled)=0.00359 CO2_weight=1.00 guide_w=4.24 Walls=0.00159(x10) g_ns/g_walls=0.581 Windows=0.00123 Doors=0.00004 IC=0.00000 CO2_BC=0.00062 LR=8.40e-04 nu=0.01 NSraw=7.894 alpha(W1/W8/all)=0.59/0.39/0.48 | 0.86 it/s
[Iter 03320/20000] Total=0.23421 | NS=0.17823 CO2(scaled)=0.00685 CO2_weight=1.00 guide_w=4.24 Walls=0.00430(x10) g_ns/g_walls=0.581 Windows=0.00539 Doors=0.00003 IC=0.00000 CO2_BC=0.00068 LR=8.40e-04 nu=0.01 NSraw=1.088 alpha(W1/W8/all)=0.59/0.39/0.48 | 0.86 it/s
[Iter 03330/20000] Total=0.05354 | NS=0.02949 CO2(scaled)=0.00430 CO2_weight=1.00 guide_w=4.24 Walls=0.00175(x10) g_ns/g_walls=0.581 Windows=0.00150 Doors=0.00002 IC=0.00000 CO2_BC=0.00078 LR=8.39e-04 nu=0.01 NSraw=0.05475 alpha(W1/W8/all)=0.59/0.39/0.48 | 0.86 it/s
[Iter 03340/20000] Total=0.04417 | NS=0.02156 CO2(scaled)=0.00445 CO2_weight=1.00 guide_w=4.24 Walls=0.00162(x10) g_ns/g_walls=0.581 Windows=0.00140 Doors=0.00001 IC=0.00000 CO2_BC=0.00056 LR=8.39e-04 nu=0.01 NSraw=0.03752 alpha(W1/W8/all)=0.59/0.39/0.48 | 0.86 it/s
[Iter 03350/20000] Total=0.26172 | NS=0.23285 CO2(scaled)=0.00456 CO2_weight=1.00 guide_w=4.24 Walls=0.00220(x10) g_ns/g_walls=0.581 Windows=0.00180 Doors=0.00003 IC=0.00000 CO2_BC=0.00046 LR=8.38e-04 nu=0.01 NSraw=3.405 alpha(W1/W8/all)=0.59/0.39/0.48 | 0.86 it/s
[Iter 03360/20000] Total=0.15641 | NS=0.11992 CO2(scaled)=0.00539 CO2_weight=1.00 guide_w=4.24 Walls=0.00290(x10) g_ns/g_walls=0.581 Windows=0.00127 Doors=0.00005 IC=0.00000 CO2_BC=0.00075 LR=8.38e-04 nu=0.01 NSraw=0.5741 alpha(W1/W8/all)=0.59/0.39/0.48 | 0.86 it/s
[Iter 03370/20000] Total=0.16189 | NS=0.12556 CO2(scaled)=0.00550 CO2_weight=1.00 guide_w=4.24 Walls=0.00284(x10) g_ns/g_walls=0.581 Windows=0.00194 Doors=0.00006 IC=0.00000 CO2_BC=0.00045 LR=8.37e-04 nu=0.01 NSraw=0.5477 alpha(W1/W8/all)=0.59/0.39/0.48 | 0.86 it/s
[Iter 03380/20000] Total=0.20457 | NS=0.08268 CO2(scaled)=0.01010 CO2_weight=1.00 guide_w=4.24 Walls=0.01065(x10) g_ns/g_walls=0.581 Windows=0.00464 Doors=0.00009 IC=0.00000 CO2_BC=0.00060 LR=8.37e-04 nu=0.01 NSraw=0.3006 alpha(W1/W8/all)=0.59/0.39/0.48 | 0.86 it/s
[Iter 03390/20000] Total=0.15867 | NS=0.11495 CO2(scaled)=0.00574 CO2_weight=1.00 guide_w=4.24 Walls=0.00351(x10) g_ns/g_walls=0.581 Windows=0.00209 Doors=0.00010 IC=0.00000 CO2_BC=0.00065 LR=8.36e-04 nu=0.01 NSraw=0.4474 alpha(W1/W8/all)=0.59/0.39/0.48 | 0.86 it/s
[Iter 03400/20000] Total=0.07967 | NS=0.03436 CO2(scaled)=0.00716 CO2_weight=1.00 guide_w=0.2 Walls=0.00352(x10) g_ns/g_walls=0.0457 Windows=0.00221 Doors=0.00009 IC=0.00000 CO2_BC=0.00063 LR=8.36e-04 nu=0.01 NSraw=0.05708 alpha(W1/W8/all)=0.59/0.39/0.48 | 0.86 it/s
[Iter 03410/20000] Total=0.27860 | NS=0.25408 CO2(scaled)=0.00515 CO2_weight=1.00 guide_w=0.2 Walls=0.00175(x10) g_ns/g_walls=0.0457 Windows=0.00122 Doors=0.00002 IC=0.00000 CO2_BC=0.00058 LR=8.36e-04 nu=0.01 NSraw=4.589 alpha(W1/W8/all)=0.59/0.39/0.48 | 0.86 it/s
[Iter 03420/20000] Total=0.18853 | NS=0.16443 CO2(scaled)=0.00595 CO2_weight=1.00 guide_w=0.2 Walls=0.00155(x10) g_ns/g_walls=0.0457 Windows=0.00215 Doors=0.00002 IC=0.00000 CO2_BC=0.00051 LR=8.35e-04 nu=0.01 NSraw=3.236 alpha(W1/W8/all)=0.59/0.39/0.48 | 0.86 it/s
[Iter 03430/20000] Total=0.21448 | NS=0.18735 CO2(scaled)=0.00389 CO2_weight=1.00 guide_w=0.2 Walls=0.00216(x10) g_ns/g_walls=0.0457 Windows=0.00107 Doors=0.00003 IC=0.00000 CO2_BC=0.00055 LR=8.35e-04 nu=0.01 NSraw=0.9193 alpha(W1/W8/all)=0.59/0.39/0.48 | 0.86 it/s
[Iter 03440/20000] Total=0.17214 | NS=0.11361 CO2(scaled)=0.00539 CO2_weight=1.00 guide_w=0.2 Walls=0.00493(x10) g_ns/g_walls=0.0457 Windows=0.00314 Doors=0.00002 IC=0.00000 CO2_BC=0.00065 LR=8.34e-04 nu=0.01 NSraw=0.3729 alpha(W1/W8/all)=0.59/0.39/0.48 | 0.86 it/s
[Iter 03450/20000] Total=0.20376 | NS=0.14487 CO2(scaled)=0.00577 CO2_weight=1.00 guide_w=0.2 Walls=0.00507(x10) g_ns/g_walls=0.0457 Windows=0.00177 Doors=0.00009 IC=0.00000 CO2_BC=0.00060 LR=8.34e-04 nu=0.01 NSraw=0.8624 alpha(W1/W8/all)=0.59/0.39/0.48 | 0.86 it/s
[Iter 03460/20000] Total=0.12155 | NS=0.07257 CO2(scaled)=0.00636 CO2_weight=1.00 guide_w=0.2 Walls=0.00395(x10) g_ns/g_walls=0.0457 Windows=0.00255 Doors=0.00003 IC=0.00000 CO2_BC=0.00050 LR=8.33e-04 nu=0.01 NSraw=0.2042 alpha(W1/W8/all)=0.59/0.39/0.48 | 0.86 it/s
[Iter 03470/20000] Total=0.44752 | NS=0.41520 CO2(scaled)=0.00381 CO2_weight=1.00 guide_w=0.2 Walls=0.00255(x10) g_ns/g_walls=0.0457 Windows=0.00236 Doors=0.00004 IC=0.00000 CO2_BC=0.00062 LR=8.33e-04 nu=0.01 NSraw=13.96 alpha(W1/W8/all)=0.59/0.39/0.48 | 0.86 it/s
[Iter 03480/20000] Total=0.26863 | NS=0.20934 CO2(scaled)=0.00889 CO2_weight=1.00 guide_w=0.2 Walls=0.00473(x10) g_ns/g_walls=0.0457 Windows=0.00246 Doors=0.00002 IC=0.00000 CO2_BC=0.00064 LR=8.32e-04 nu=0.01 NSraw=1.547 alpha(W1/W8/all)=0.59/0.39/0.48 | 0.86 it/s
[Iter 03490/20000] Total=0.08165 | NS=0.04179 CO2(scaled)=0.00766 CO2_weight=1.00 guide_w=0.2 Walls=0.00300(x10) g_ns/g_walls=0.0457 Windows=0.00137 Doors=0.00003 IC=0.00000 CO2_BC=0.00083 LR=8.32e-04 nu=0.01 NSraw=0.07467 alpha(W1/W8/all)=0.59/0.39/0.48 | 0.86 it/s
[Iter 03500/20000] Total=0.11420 | NS=0.08323 CO2(scaled)=0.00792 CO2_weight=1.00 guide_w=0.636 Walls=0.00208(x10) g_ns/g_walls=0.119 Windows=0.00105 Doors=0.00004 IC=0.00000 CO2_BC=0.00114 LR=8.32e-04 nu=0.01 NSraw=0.3281 alpha(W1/W8/all)=0.59/0.39/0.48 | 0.86 it/s
[Iter 03510/20000] Total=0.11258 | NS=0.03014 CO2(scaled)=0.00437 CO2_weight=1.00 guide_w=0.636 Walls=0.00706(x10) g_ns/g_walls=0.119 Windows=0.00438 Doors=0.00005 IC=0.00000 CO2_BC=0.00307 LR=8.31e-04 nu=0.01 NSraw=0.05804 alpha(W1/W8/all)=0.59/0.39/0.48 | 0.86 it/s
[Iter 03520/20000] Total=0.14822 | NS=0.13160 CO2(scaled)=0.00417 CO2_weight=1.00 guide_w=0.636 Walls=0.00099(x10) g_ns/g_walls=0.119 Windows=0.00187 Doors=0.00002 IC=0.00000 CO2_BC=0.00064 LR=8.31e-04 nu=0.01 NSraw=0.5595 alpha(W1/W8/all)=0.59/0.39/0.48 | 0.86 it/s
[Iter 03530/20000] Total=0.23190 | NS=0.19667 CO2(scaled)=0.00758 CO2_weight=1.00 guide_w=0.636 Walls=0.00252(x10) g_ns/g_walls=0.119 Windows=0.00194 Doors=0.00002 IC=0.00000 CO2_BC=0.00051 LR=8.30e-04 nu=0.01 NSraw=1.266 alpha(W1/W8/all)=0.59/0.39/0.48 | 0.86 it/s
[Iter 03540/20000] Total=0.13438 | NS=0.10822 CO2(scaled)=0.00363 CO2_weight=1.00 guide_w=0.636 Walls=0.00208(x10) g_ns/g_walls=0.119 Windows=0.00108 Doors=0.00002 IC=0.00000 CO2_BC=0.00067 LR=8.30e-04 nu=0.01 NSraw=0.4429 alpha(W1/W8/all)=0.59/0.39/0.48 | 0.86 it/s
[Iter 03550/20000] Total=0.21954 | NS=0.20049 CO2(scaled)=0.00386 CO2_weight=1.00 guide_w=0.636 Walls=0.00132(x10) g_ns/g_walls=0.119 Windows=0.00132 Doors=0.00002 IC=0.00000 CO2_BC=0.00067 LR=8.29e-04 nu=0.01 NSraw=2.36 alpha(W1/W8/all)=0.59/0.39/0.48 | 0.86 it/s
[Iter 03560/20000] Total=0.12092 | NS=0.09065 CO2(scaled)=0.00299 CO2_weight=1.00 guide_w=0.636 Walls=0.00240(x10) g_ns/g_walls=0.119 Windows=0.00276 Doors=0.00002 IC=0.00000 CO2_BC=0.00048 LR=8.29e-04 nu=0.01 NSraw=0.4181 alpha(W1/W8/all)=0.59/0.39/0.48 | 0.86 it/s
[Iter 03570/20000] Total=0.30562 | NS=0.27921 CO2(scaled)=0.00342 CO2_weight=1.00 guide_w=0.636 Walls=0.00203(x10) g_ns/g_walls=0.119 Windows=0.00201 Doors=0.00004 IC=0.00000 CO2_BC=0.00060 LR=8.29e-04 nu=0.01 NSraw=9.668 alpha(W1/W8/all)=0.59/0.39/0.48 | 0.86 it/s
[Iter 03580/20000] Total=0.15679 | NS=0.11414 CO2(scaled)=0.00304 CO2_weight=1.00 guide_w=0.636 Walls=0.00379(x10) g_ns/g_walls=0.119 Windows=0.00110 Doors=0.00004 IC=0.00000 CO2_BC=0.00061 LR=8.28e-04 nu=0.01 NSraw=0.4568 alpha(W1/W8/all)=0.59/0.39/0.48 | 0.86 it/s
[Iter 03590/20000] Total=0.19632 | NS=0.16429 CO2(scaled)=0.00386 CO2_weight=1.00 guide_w=0.636 Walls=0.00268(x10) g_ns/g_walls=0.119 Windows=0.00095 Doors=0.00002 IC=0.00000 CO2_BC=0.00041 LR=8.28e-04 nu=0.01 NSraw=0.8796 alpha(W1/W8/all)=0.59/0.39/0.48 | 0.86 it/s
[Iter 03600/20000] Total=0.08797 | NS=0.04953 CO2(scaled)=0.00309 CO2_weight=1.00 guide_w=18.9 Walls=0.00316(x10) g_ns/g_walls=0.771 Windows=0.00303 Doors=0.00007 IC=0.00000 CO2_BC=0.00059 LR=8.27e-04 nu=0.01 NSraw=0.1311 alpha(W1/W8/all)=0.59/0.39/0.48 | 0.86 it/s
[Iter 03610/20000] Total=0.08511 | NS=0.05497 CO2(scaled)=0.00417 CO2_weight=1.00 guide_w=18.9 Walls=0.00212(x10) g_ns/g_walls=0.771 Windows=0.00411 Doors=0.00005 IC=0.00000 CO2_BC=0.00063 LR=8.27e-04 nu=0.01 NSraw=0.142 alpha(W1/W8/all)=0.59/0.39/0.48 | 0.86 it/s
[Iter 03620/20000] Total=0.19398 | NS=0.15154 CO2(scaled)=0.00467 CO2_weight=1.00 guide_w=18.9 Walls=0.00344(x10) g_ns/g_walls=0.771 Windows=0.00284 Doors=0.00002 IC=0.00000 CO2_BC=0.00047 LR=8.26e-04 nu=0.01 NSraw=0.8662 alpha(W1/W8/all)=0.59/0.39/0.48 | 0.86 it/s
[Iter 03630/20000] Total=0.13769 | NS=0.11933 CO2(scaled)=0.00351 CO2_weight=1.00 guide_w=18.9 Walls=0.00130(x10) g_ns/g_walls=0.771 Windows=0.00129 Doors=0.00003 IC=0.00000 CO2_BC=0.00048 LR=8.26e-04 nu=0.01 NSraw=0.6062 alpha(W1/W8/all)=0.59/0.39/0.48 | 0.86 it/s
[Iter 03640/20000] Total=0.22389 | NS=0.18639 CO2(scaled)=0.00476 CO2_weight=1.00 guide_w=18.9 Walls=0.00278(x10) g_ns/g_walls=0.771 Windows=0.00454 Doors=0.00002 IC=0.00000 CO2_BC=0.00043 LR=8.26e-04 nu=0.01 NSraw=3.098 alpha(W1/W8/all)=0.59/0.39/0.48 | 0.86 it/s
[Iter 03650/20000] Total=0.25158 | NS=0.17840 CO2(scaled)=0.00390 CO2_weight=1.00 guide_w=18.9 Walls=0.00675(x10) g_ns/g_walls=0.771 Windows=0.00113 Doors=0.00002 IC=0.00000 CO2_BC=0.00059 LR=8.25e-04 nu=0.01 NSraw=0.863 alpha(W1/W8/all)=0.59/0.39/0.48 | 0.86 it/s
[Iter 03660/20000] Total=0.10664 | NS=0.07625 CO2(scaled)=0.00412 CO2_weight=1.00 guide_w=18.9 Walls=0.00248(x10) g_ns/g_walls=0.771 Windows=0.00095 Doors=0.00002 IC=0.00000 CO2_BC=0.00052 LR=8.25e-04 nu=0.01 NSraw=0.3812 alpha(W1/W8/all)=0.59/0.39/0.48 | 0.86 it/s
[Iter 03670/20000] Total=0.12844 | NS=0.09514 CO2(scaled)=0.00721 CO2_weight=1.00 guide_w=18.9 Walls=0.00230(x10) g_ns/g_walls=0.771 Windows=0.00269 Doors=0.00002 IC=0.00000 CO2_BC=0.00040 LR=8.24e-04 nu=0.01 NSraw=0.3659 alpha(W1/W8/all)=0.59/0.39/0.48 | 0.86 it/s
[Iter 03680/20000] Total=0.11684 | NS=0.09348 CO2(scaled)=0.00405 CO2_weight=1.00 guide_w=18.9 Walls=0.00173(x10) g_ns/g_walls=0.771 Windows=0.00141 Doors=0.00006 IC=0.00000 CO2_BC=0.00051 LR=8.24e-04 nu=0.01 NSraw=0.3159 alpha(W1/W8/all)=0.59/0.39/0.48 | 0.86 it/s
[Iter 03690/20000] Total=0.11783 | NS=0.09369 CO2(scaled)=0.00509 CO2_weight=1.00 guide_w=18.9 Walls=0.00173(x10) g_ns/g_walls=0.771 Windows=0.00120 Doors=0.00005 IC=0.00000 CO2_BC=0.00054 LR=8.23e-04 nu=0.01 NSraw=0.3632 alpha(W1/W8/all)=0.59/0.39/0.48 | 0.86 it/s
[Iter 03700/20000] Total=0.11682 | NS=0.07830 CO2(scaled)=0.00748 CO2_weight=1.00 guide_w=2.37 Walls=0.00282(x10) g_ns/g_walls=0.557 Windows=0.00235 Doors=0.00007 IC=0.00000 CO2_BC=0.00041 LR=8.23e-04 nu=0.01 NSraw=0.2663 alpha(W1/W8/all)=0.59/0.39/0.48 | 0.86 it/s
[Iter 03710/20000] Total=0.17905 | NS=0.14383 CO2(scaled)=0.00415 CO2_weight=1.00 guide_w=2.37 Walls=0.00276(x10) g_ns/g_walls=0.557 Windows=0.00296 Doors=0.00001 IC=0.00000 CO2_BC=0.00050 LR=8.22e-04 nu=0.01 NSraw=0.7915 alpha(W1/W8/all)=0.59/0.39/0.48 | 0.86 it/s
[Iter 03720/20000] Total=0.71718 | NS=0.64685 CO2(scaled)=0.00509 CO2_weight=1.00 guide_w=2.37 Walls=0.00594(x10) g_ns/g_walls=0.557 Windows=0.00523 Doors=0.00002 IC=0.00000 CO2_BC=0.00059 LR=8.22e-04 nu=0.01 NSraw=78.01 alpha(W1/W8/all)=0.59/0.39/0.48 | 0.86 it/s
[Iter 03730/20000] Total=0.31136 | NS=0.28714 CO2(scaled)=0.00330 CO2_weight=1.00 guide_w=2.37 Walls=0.00188(x10) g_ns/g_walls=0.557 Windows=0.00135 Doors=0.00002 IC=0.00000 CO2_BC=0.00071 LR=8.22e-04 nu=0.01 NSraw=9.608 alpha(W1/W8/all)=0.59/0.39/0.48 | 0.86 it/s
[Iter 03740/20000] Total=0.21872 | NS=0.12017 CO2(scaled)=0.00518 CO2_weight=1.00 guide_w=2.37 Walls=0.00833(x10) g_ns/g_walls=0.557 Windows=0.00933 Doors=0.00001 IC=0.00000 CO2_BC=0.00075 LR=8.21e-04 nu=0.01 NSraw=0.5342 alpha(W1/W8/all)=0.59/0.39/0.48 | 0.86 it/s
[Iter 03750/20000] Total=0.12171 | NS=0.10065 CO2(scaled)=0.00285 CO2_weight=1.00 guide_w=2.37 Walls=0.00151(x10) g_ns/g_walls=0.557 Windows=0.00236 Doors=0.00001 IC=0.00000 CO2_BC=0.00078 LR=8.21e-04 nu=0.01 NSraw=0.4606 alpha(W1/W8/all)=0.59/0.39/0.48 | 0.86 it/s
[Iter 03760/20000] Total=0.10628 | NS=0.08344 CO2(scaled)=0.00562 CO2_weight=1.00 guide_w=2.37 Walls=0.00149(x10) g_ns/g_walls=0.557 Windows=0.00195 Doors=0.00002 IC=0.00000 CO2_BC=0.00037 LR=8.20e-04 nu=0.01 NSraw=0.2996 alpha(W1/W8/all)=0.59/0.39/0.48 | 0.86 it/s
[Iter 03770/20000] Total=0.14478 | NS=0.11507 CO2(scaled)=0.01028 CO2_weight=1.00 guide_w=2.37 Walls=0.00167(x10) g_ns/g_walls=0.557 Windows=0.00208 Doors=0.00003 IC=0.00000 CO2_BC=0.00063 LR=8.20e-04 nu=0.01 NSraw=0.8928 alpha(W1/W8/all)=0.59/0.39/0.48 | 0.86 it/s
[Iter 03780/20000] Total=0.15408 | NS=0.11806 CO2(scaled)=0.00337 CO2_weight=1.00 guide_w=2.37 Walls=0.00293(x10) g_ns/g_walls=0.557 Windows=0.00289 Doors=0.00003 IC=0.00000 CO2_BC=0.00048 LR=8.19e-04 nu=0.01 NSraw=0.8266 alpha(W1/W8/all)=0.59/0.39/0.48 | 0.86 it/s
[Iter 03790/20000] Total=0.12582 | NS=0.09580 CO2(scaled)=0.00348 CO2_weight=1.00 guide_w=2.37 Walls=0.00234(x10) g_ns/g_walls=0.557 Windows=0.00275 Doors=0.00004 IC=0.00000 CO2_BC=0.00039 LR=8.19e-04 nu=0.01 NSraw=0.634 alpha(W1/W8/all)=0.59/0.39/0.48 | 0.86 it/s
[Iter 03800/20000] Total=0.11725 | NS=0.08318 CO2(scaled)=0.00340 CO2_weight=1.00 guide_w=1.21 Walls=0.00277(x10) g_ns/g_walls=0.0568 Windows=0.00254 Doors=0.00003 IC=0.00000 CO2_BC=0.00045 LR=8.19e-04 nu=0.01 NSraw=0.24 alpha(W1/W8/all)=0.59/0.39/0.48 | 0.86 it/s
[Iter 03810/20000] Total=0.20776 | NS=0.16937 CO2(scaled)=0.00443 CO2_weight=1.00 guide_w=1.21 Walls=0.00303(x10) g_ns/g_walls=0.0568 Windows=0.00298 Doors=0.00007 IC=0.00000 CO2_BC=0.00056 LR=8.18e-04 nu=0.01 NSraw=0.8163 alpha(W1/W8/all)=0.59/0.39/0.48 | 0.86 it/s
[Iter 03820/20000] Total=0.17364 | NS=0.15129 CO2(scaled)=0.00424 CO2_weight=1.00 guide_w=1.21 Walls=0.00157(x10) g_ns/g_walls=0.0568 Windows=0.00185 Doors=0.00006 IC=0.00000 CO2_BC=0.00049 LR=8.18e-04 nu=0.01 NSraw=0.7768 alpha(W1/W8/all)=0.59/0.39/0.48 | 0.86 it/s
[Iter 03830/20000] Total=0.08570 | NS=0.05548 CO2(scaled)=0.00322 CO2_weight=1.00 guide_w=1.21 Walls=0.00254(x10) g_ns/g_walls=0.0568 Windows=0.00120 Doors=0.00002 IC=0.00000 CO2_BC=0.00041 LR=8.17e-04 nu=0.01 NSraw=0.1324 alpha(W1/W8/all)=0.59/0.39/0.48 | 0.86 it/s
[Iter 03840/20000] Total=0.39605 | NS=0.37460 CO2(scaled)=0.00378 CO2_weight=1.00 guide_w=1.21 Walls=0.00158(x10) g_ns/g_walls=0.0568 Windows=0.00127 Doors=0.00008 IC=0.00000 CO2_BC=0.00052 LR=8.17e-04 nu=0.01 NSraw=12.48 alpha(W1/W8/all)=0.59/0.39/0.48 | 0.86 it/s
[Iter 03850/20000] Total=0.31225 | NS=0.28753 CO2(scaled)=0.00351 CO2_weight=1.00 guide_w=1.21 Walls=0.00192(x10) g_ns/g_walls=0.0568 Windows=0.00153 Doors=0.00003 IC=0.00000 CO2_BC=0.00043 LR=8.16e-04 nu=0.01 NSraw=10.05 alpha(W1/W8/all)=0.59/0.39/0.48 | 0.86 it/s
[Iter 03860/20000] Total=0.18298 | NS=0.11997 CO2(scaled)=0.00281 CO2_weight=1.00 guide_w=1.21 Walls=0.00566(x10) g_ns/g_walls=0.0568 Windows=0.00297 Doors=0.00006 IC=0.00000 CO2_BC=0.00054 LR=8.16e-04 nu=0.01 NSraw=0.4563 alpha(W1/W8/all)=0.59/0.39/0.48 | 0.86 it/s
[Iter 03870/20000] Total=0.53545 | NS=0.50250 CO2(scaled)=0.00290 CO2_weight=1.00 guide_w=1.21 Walls=0.00281(x10) g_ns/g_walls=0.0568 Windows=0.00155 Doors=0.00003 IC=0.00000 CO2_BC=0.00039 LR=8.16e-04 nu=0.01 NSraw=25.63 alpha(W1/W8/all)=0.59/0.39/0.48 | 0.86 it/s
[Iter 03880/20000] Total=0.14957 | NS=0.08506 CO2(scaled)=0.00769 CO2_weight=1.00 guide_w=1.21 Walls=0.00522(x10) g_ns/g_walls=0.0568 Windows=0.00387 Doors=0.00006 IC=0.00000 CO2_BC=0.00068 LR=8.15e-04 nu=0.01 NSraw=0.1956 alpha(W1/W8/all)=0.59/0.39/0.48 | 0.86 it/s
[Iter 03890/20000] Total=0.16551 | NS=0.12018 CO2(scaled)=0.00612 CO2_weight=1.00 guide_w=1.21 Walls=0.00350(x10) g_ns/g_walls=0.0568 Windows=0.00246 Doors=0.00002 IC=0.00000 CO2_BC=0.00171 LR=8.15e-04 nu=0.01 NSraw=0.5505 alpha(W1/W8/all)=0.59/0.39/0.48 | 0.86 it/s
[Iter 03900/20000] Total=0.13544 | NS=0.10239 CO2(scaled)=0.00412 CO2_weight=1.00 guide_w=0.319 Walls=0.00261(x10) g_ns/g_walls=0.0368 Windows=0.00231 Doors=0.00001 IC=0.00000 CO2_BC=0.00048 LR=8.14e-04 nu=0.01 NSraw=0.3961 alpha(W1/W8/all)=0.59/0.39/0.48 | 0.86 it/s
[Iter 03910/20000] Total=0.07335 | NS=0.05734 CO2(scaled)=0.00370 CO2_weight=1.00 guide_w=0.319 Walls=0.00106(x10) g_ns/g_walls=0.0368 Windows=0.00103 Doors=0.00003 IC=0.00000 CO2_BC=0.00062 LR=8.14e-04 nu=0.01 NSraw=0.1377 alpha(W1/W8/all)=0.59/0.39/0.48 | 0.86 it/s
[Iter 03920/20000] Total=0.12735 | NS=0.09356 CO2(scaled)=0.00356 CO2_weight=1.00 guide_w=0.319 Walls=0.00268(x10) g_ns/g_walls=0.0368 Windows=0.00284 Doors=0.00001 IC=0.00000 CO2_BC=0.00058 LR=8.13e-04 nu=0.01 NSraw=0.4192 alpha(W1/W8/all)=0.59/0.39/0.48 | 0.86 it/s
[Iter 03930/20000] Total=0.08799 | NS=0.05777 CO2(scaled)=0.00412 CO2_weight=1.00 guide_w=0.319 Walls=0.00238(x10) g_ns/g_walls=0.0368 Windows=0.00174 Doors=0.00006 IC=0.00000 CO2_BC=0.00053 LR=8.13e-04 nu=0.01 NSraw=0.1489 alpha(W1/W8/all)=0.59/0.39/0.48 | 0.86 it/s
[Iter 03940/20000] Total=0.08353 | NS=0.05432 CO2(scaled)=0.00485 CO2_weight=1.00 guide_w=0.319 Walls=0.00213(x10) g_ns/g_walls=0.0368 Windows=0.00249 Doors=0.00008 IC=0.00000 CO2_BC=0.00045 LR=8.13e-04 nu=0.01 NSraw=0.1963 alpha(W1/W8/all)=0.59/0.39/0.48 | 0.86 it/s
[Iter 03950/20000] Total=0.44949 | NS=0.42225 CO2(scaled)=0.00293 CO2_weight=1.00 guide_w=0.319 Walls=0.00225(x10) g_ns/g_walls=0.0368 Windows=0.00111 Doors=0.00004 IC=0.00000 CO2_BC=0.00064 LR=8.12e-04 nu=0.01 NSraw=35.71 alpha(W1/W8/all)=0.59/0.39/0.48 | 0.86 it/s
[Iter 03960/20000] Total=0.07318 | NS=0.04969 CO2(scaled)=0.00487 CO2_weight=1.00 guide_w=0.319 Walls=0.00165(x10) g_ns/g_walls=0.0368 Windows=0.00156 Doors=0.00008 IC=0.00000 CO2_BC=0.00048 LR=8.12e-04 nu=0.01 NSraw=0.1078 alpha(W1/W8/all)=0.59/0.39/0.48 | 0.86 it/s
[Iter 03970/20000] Total=0.08122 | NS=0.05493 CO2(scaled)=0.00362 CO2_weight=1.00 guide_w=0.319 Walls=0.00199(x10) g_ns/g_walls=0.0368 Windows=0.00236 Doors=0.00006 IC=0.00000 CO2_BC=0.00037 LR=8.11e-04 nu=0.01 NSraw=0.1619 alpha(W1/W8/all)=0.59/0.39/0.48 | 0.86 it/s
[Iter 03980/20000] Total=0.14813 | NS=0.12385 CO2(scaled)=0.00418 CO2_weight=1.00 guide_w=0.319 Walls=0.00182(x10) g_ns/g_walls=0.0368 Windows=0.00141 Doors=0.00003 IC=0.00000 CO2_BC=0.00043 LR=8.11e-04 nu=0.01 NSraw=0.5535 alpha(W1/W8/all)=0.59/0.39/0.48 | 0.86 it/s
[Iter 03990/20000] Total=0.10074 | NS=0.07706 CO2(scaled)=0.00291 CO2_weight=1.00 guide_w=0.319 Walls=0.00192(x10) g_ns/g_walls=0.0368 Windows=0.00117 Doors=0.00004 IC=0.00000 CO2_BC=0.00039 LR=8.10e-04 nu=0.01 NSraw=0.2304 alpha(W1/W8/all)=0.59/0.39/0.48 | 0.86 it/s
[Iter 04000/20000] Total=0.33718 | NS=0.30745 CO2(scaled)=0.00360 CO2_weight=1.00 guide_w=4.91 Walls=0.00247(x10) g_ns/g_walls=1.03 Windows=0.00102 Doors=0.00004 IC=0.00000 CO2_BC=0.00038 LR=8.10e-04 nu=0.01 NSraw=11.53 alpha(W1/W8/all)=0.59/0.39/0.48 | 0.86 it/s
  -> saved checkpoint: /home/iai-labor/BuildingControlCFD/experiments/gnot/checkpoints/v24_fixedalpha/gnot_v24_fixedalpha_iter4000.pth
[Iter 04010/20000] Total=0.07386 | NS=0.04826 CO2(scaled)=0.00305 CO2_weight=1.00 guide_w=4.91 Walls=0.00209(x10) g_ns/g_walls=1.03 Windows=0.00126 Doors=0.00002 IC=0.00000 CO2_BC=0.00038 LR=8.10e-04 nu=0.01 NSraw=0.08392 alpha(W1/W8/all)=0.59/0.39/0.48 | 0.86 it/s
[Iter 04020/20000] Total=0.15667 | NS=0.11428 CO2(scaled)=0.00336 CO2_weight=1.00 guide_w=4.91 Walls=0.00357(x10) g_ns/g_walls=1.03 Windows=0.00295 Doors=0.00001 IC=0.00000 CO2_BC=0.00036 LR=8.09e-04 nu=0.01 NSraw=0.4588 alpha(W1/W8/all)=0.59/0.39/0.48 | 0.86 it/s
[Iter 04030/20000] Total=0.10196 | NS=0.08082 CO2(scaled)=0.00425 CO2_weight=1.00 guide_w=4.91 Walls=0.00155(x10) g_ns/g_walls=1.03 Windows=0.00084 Doors=0.00004 IC=0.00000 CO2_BC=0.00054 LR=8.09e-04 nu=0.01 NSraw=0.2194 alpha(W1/W8/all)=0.59/0.39/0.48 | 0.86 it/s
[Iter 04040/20000] Total=0.14337 | NS=0.10811 CO2(scaled)=0.00268 CO2_weight=1.00 guide_w=4.91 Walls=0.00313(x10) g_ns/g_walls=1.03 Windows=0.00092 Doors=0.00002 IC=0.00000 CO2_BC=0.00031 LR=8.08e-04 nu=0.01 NSraw=1.667 alpha(W1/W8/all)=0.59/0.39/0.48 | 0.86 it/s
[Iter 04050/20000] Total=0.27739 | NS=0.24976 CO2(scaled)=0.00396 CO2_weight=1.00 guide_w=4.91 Walls=0.00220(x10) g_ns/g_walls=1.03 Windows=0.00109 Doors=0.00002 IC=0.00000 CO2_BC=0.00056 LR=8.08e-04 nu=0.01 NSraw=6.581 alpha(W1/W8/all)=0.59/0.39/0.48 | 0.86 it/s
[Iter 04060/20000] Total=0.11376 | NS=0.08677 CO2(scaled)=0.00210 CO2_weight=1.00 guide_w=4.91 Walls=0.00232(x10) g_ns/g_walls=1.03 Windows=0.00124 Doors=0.00003 IC=0.00000 CO2_BC=0.00042 LR=8.07e-04 nu=0.01 NSraw=0.3274 alpha(W1/W8/all)=0.59/0.39/0.48 | 0.86 it/s
[Iter 04070/20000] Total=0.11010 | NS=0.07905 CO2(scaled)=0.00618 CO2_weight=1.00 guide_w=4.91 Walls=0.00234(x10) g_ns/g_walls=1.03 Windows=0.00085 Doors=0.00005 IC=0.00000 CO2_BC=0.00057 LR=8.07e-04 nu=0.01 NSraw=0.2194 alpha(W1/W8/all)=0.59/0.39/0.48 | 0.86 it/s
[Iter 04080/20000] Total=0.16075 | NS=0.13459 CO2(scaled)=0.00342 CO2_weight=1.00 guide_w=4.91 Walls=0.00205(x10) g_ns/g_walls=1.03 Windows=0.00180 Doors=0.00004 IC=0.00000 CO2_BC=0.00038 LR=8.07e-04 nu=0.01 NSraw=0.804 alpha(W1/W8/all)=0.59/0.39/0.48 | 0.86 it/s
[Iter 04090/20000] Total=0.11045 | NS=0.08591 CO2(scaled)=0.00210 CO2_weight=1.00 guide_w=4.91 Walls=0.00213(x10) g_ns/g_walls=1.03 Windows=0.00074 Doors=0.00002 IC=0.00000 CO2_BC=0.00036 LR=8.06e-04 nu=0.01 NSraw=0.3309 alpha(W1/W8/all)=0.59/0.39/0.48 | 0.86 it/s
[Iter 04100/20000] Total=0.06371 | NS=0.05167 CO2(scaled)=0.00260 CO2_weight=1.00 guide_w=3.25 Walls=0.00082(x10) g_ns/g_walls=7.31 Windows=0.00086 Doors=0.00002 IC=0.00000 CO2_BC=0.00036 LR=8.06e-04 nu=0.01 NSraw=0.137 alpha(W1/W8/all)=0.59/0.39/0.48 | 0.86 it/s
[Iter 04110/20000] Total=0.13009 | NS=0.07839 CO2(scaled)=0.00771 CO2_weight=1.00 guide_w=3.25 Walls=0.00409(x10) g_ns/g_walls=7.31 Windows=0.00279 Doors=0.00002 IC=0.00000 CO2_BC=0.00026 LR=8.05e-04 nu=0.01 NSraw=0.3036 alpha(W1/W8/all)=0.59/0.39/0.48 | 0.86 it/s
[Iter 04120/20000] Total=0.13684 | NS=0.11158 CO2(scaled)=0.00386 CO2_weight=1.00 guide_w=3.25 Walls=0.00194(x10) g_ns/g_walls=7.31 Windows=0.00156 Doors=0.00002 IC=0.00000 CO2_BC=0.00041 LR=8.05e-04 nu=0.01 NSraw=0.5538 alpha(W1/W8/all)=0.59/0.39/0.48 | 0.86 it/s
[Iter 04130/20000] Total=0.43967 | NS=0.40433 CO2(scaled)=0.00423 CO2_weight=1.00 guide_w=3.25 Walls=0.00282(x10) g_ns/g_walls=7.31 Windows=0.00240 Doors=0.00002 IC=0.00000 CO2_BC=0.00045 LR=8.04e-04 nu=0.01 NSraw=14.6 alpha(W1/W8/all)=0.59/0.39/0.48 | 0.86 it/s
[Iter 04140/20000] Total=0.09176 | NS=0.06480 CO2(scaled)=0.00394 CO2_weight=1.00 guide_w=3.25 Walls=0.00212(x10) g_ns/g_walls=7.31 Windows=0.00132 Doors=0.00002 IC=0.00000 CO2_BC=0.00047 LR=8.04e-04 nu=0.01 NSraw=0.2388 alpha(W1/W8/all)=0.59/0.39/0.48 | 0.86 it/s
[Iter 04150/20000] Total=0.16713 | NS=0.12667 CO2(scaled)=0.00351 CO2_weight=1.00 guide_w=3.25 Walls=0.00355(x10) g_ns/g_walls=7.31 Windows=0.00104 Doors=0.00003 IC=0.00000 CO2_BC=0.00041 LR=8.04e-04 nu=0.01 NSraw=0.7642 alpha(W1/W8/all)=0.59/0.39/0.48 | 0.86 it/s
[Iter 04160/20000] Total=0.10221 | NS=0.07194 CO2(scaled)=0.00262 CO2_weight=1.00 guide_w=3.25 Walls=0.00262(x10) g_ns/g_walls=7.31 Windows=0.00096 Doors=0.00002 IC=0.00000 CO2_BC=0.00049 LR=8.03e-04 nu=0.01 NSraw=0.296 alpha(W1/W8/all)=0.59/0.39/0.48 | 0.86 it/s
[Iter 04170/20000] Total=0.18348 | NS=0.16701 CO2(scaled)=0.00330 CO2_weight=1.00 guide_w=3.25 Walls=0.00117(x10) g_ns/g_walls=7.31 Windows=0.00115 Doors=0.00004 IC=0.00000 CO2_BC=0.00030 LR=8.03e-04 nu=0.01 NSraw=1.175 alpha(W1/W8/all)=0.59/0.39/0.48 | 0.86 it/s
[Iter 04180/20000] Total=0.10379 | NS=0.08440 CO2(scaled)=0.00406 CO2_weight=1.00 guide_w=3.25 Walls=0.00138(x10) g_ns/g_walls=7.31 Windows=0.00102 Doors=0.00002 IC=0.00000 CO2_BC=0.00049 LR=8.02e-04 nu=0.01 NSraw=0.3153 alpha(W1/W8/all)=0.59/0.39/0.48 | 0.86 it/s
[Iter 04190/20000] Total=0.13645 | NS=0.11551 CO2(scaled)=0.00524 CO2_weight=1.00 guide_w=3.25 Walls=0.00139(x10) g_ns/g_walls=7.31 Windows=0.00128 Doors=0.00001 IC=0.00000 CO2_BC=0.00046 LR=8.02e-04 nu=0.01 NSraw=0.6311 alpha(W1/W8/all)=0.59/0.39/0.48 | 0.86 it/s
[Iter 04200/20000] Total=0.32376 | NS=0.30163 CO2(scaled)=0.00437 CO2_weight=1.00 guide_w=19.8 Walls=0.00157(x10) g_ns/g_walls=1.62 Windows=0.00151 Doors=0.00003 IC=0.00000 CO2_BC=0.00054 LR=8.02e-04 nu=0.01 NSraw=4.422 alpha(W1/W8/all)=0.59/0.39/0.48 | 0.86 it/s
[Iter 04210/20000] Total=0.08431 | NS=0.05233 CO2(scaled)=0.00388 CO2_weight=1.00 guide_w=19.8 Walls=0.00267(x10) g_ns/g_walls=1.62 Windows=0.00107 Doors=0.00003 IC=0.00000 CO2_BC=0.00033 LR=8.01e-04 nu=0.01 NSraw=0.1514 alpha(W1/W8/all)=0.59/0.39/0.48 | 0.86 it/s
[Iter 04220/20000] Total=0.11159 | NS=0.08500 CO2(scaled)=0.00625 CO2_weight=1.00 guide_w=19.8 Walls=0.00181(x10) g_ns/g_walls=1.62 Windows=0.00176 Doors=0.00001 IC=0.00000 CO2_BC=0.00042 LR=8.01e-04 nu=0.01 NSraw=0.3113 alpha(W1/W8/all)=0.59/0.39/0.48 | 0.86 it/s
[Iter 04230/20000] Total=0.09209 | NS=0.06377 CO2(scaled)=0.00596 CO2_weight=1.00 guide_w=19.8 Walls=0.00206(x10) g_ns/g_walls=1.62 Windows=0.00127 Doors=0.00002 IC=0.00000 CO2_BC=0.00046 LR=8.00e-04 nu=0.01 NSraw=0.4713 alpha(W1/W8/all)=0.59/0.39/0.48 | 0.86 it/s
[Iter 04240/20000] Total=0.37608 | NS=0.34570 CO2(scaled)=0.00560 CO2_weight=1.00 guide_w=19.8 Walls=0.00225(x10) g_ns/g_walls=1.62 Windows=0.00174 Doors=0.00002 IC=0.00000 CO2_BC=0.00049 LR=8.00e-04 nu=0.01 NSraw=15.97 alpha(W1/W8/all)=0.59/0.39/0.48 | 0.86 it/s
[Iter 04250/20000] Total=0.10628 | NS=0.06256 CO2(scaled)=0.00295 CO2_weight=1.00 guide_w=19.8 Walls=0.00372(x10) g_ns/g_walls=1.62 Windows=0.00312 Doors=0.00004 IC=0.00000 CO2_BC=0.00041 LR=7.99e-04 nu=0.01 NSraw=0.2048 alpha(W1/W8/all)=0.59/0.39/0.48 | 0.86 it/s
[Iter 04260/20000] Total=0.10452 | NS=0.08363 CO2(scaled)=0.00548 CO2_weight=1.00 guide_w=19.8 Walls=0.00143(x10) g_ns/g_walls=1.62 Windows=0.00073 Doors=0.00002 IC=0.00000 CO2_BC=0.00038 LR=7.99e-04 nu=0.01 NSraw=0.3331 alpha(W1/W8/all)=0.59/0.39/0.48 | 0.86 it/s
[Iter 04270/20000] Total=0.06674 | NS=0.04724 CO2(scaled)=0.00393 CO2_weight=1.00 guide_w=19.8 Walls=0.00133(x10) g_ns/g_walls=1.62 Windows=0.00188 Doors=0.00002 IC=0.00000 CO2_BC=0.00042 LR=7.99e-04 nu=0.01 NSraw=0.09504 alpha(W1/W8/all)=0.59/0.39/0.48 | 0.86 it/s
[Iter 04280/20000] Total=0.15498 | NS=0.10422 CO2(scaled)=0.00418 CO2_weight=1.00 guide_w=19.8 Walls=0.00429(x10) g_ns/g_walls=1.62 Windows=0.00315 Doors=0.00006 IC=0.00000 CO2_BC=0.00043 LR=7.98e-04 nu=0.01 NSraw=0.7425 alpha(W1/W8/all)=0.59/0.39/0.48 | 0.86 it/s
[Iter 04290/20000] Total=0.11473 | NS=0.09024 CO2(scaled)=0.00275 CO2_weight=1.00 guide_w=19.8 Walls=0.00191(x10) g_ns/g_walls=1.62 Windows=0.00225 Doors=0.00002 IC=0.00000 CO2_BC=0.00035 LR=7.98e-04 nu=0.01 NSraw=0.3241 alpha(W1/W8/all)=0.59/0.39/0.48 | 0.86 it/s
[Iter 04300/20000] Total=0.13952 | NS=0.07917 CO2(scaled)=0.00351 CO2_weight=1.00 guide_w=3.46 Walls=0.00548(x10) g_ns/g_walls=0.678 Windows=0.00152 Doors=0.00001 IC=0.00000 CO2_BC=0.00050 LR=7.97e-04 nu=0.01 NSraw=0.2448 alpha(W1/W8/all)=0.59/0.39/0.48 | 0.86 it/s
[Iter 04310/20000] Total=0.10090 | NS=0.07037 CO2(scaled)=0.00329 CO2_weight=1.00 guide_w=3.46 Walls=0.00255(x10) g_ns/g_walls=0.678 Windows=0.00135 Doors=0.00002 IC=0.00000 CO2_BC=0.00043 LR=7.97e-04 nu=0.01 NSraw=0.2052 alpha(W1/W8/all)=0.59/0.39/0.48 | 0.86 it/s
[Iter 04320/20000] Total=0.11636 | NS=0.08103 CO2(scaled)=0.00259 CO2_weight=1.00 guide_w=3.46 Walls=0.00308(x10) g_ns/g_walls=0.678 Windows=0.00144 Doors=0.00001 IC=0.00000 CO2_BC=0.00047 LR=7.96e-04 nu=0.01 NSraw=0.2524 alpha(W1/W8/all)=0.59/0.39/0.48 | 0.86 it/s
[Iter 04330/20000] Total=0.09497 | NS=0.05269 CO2(scaled)=0.00217 CO2_weight=1.00 guide_w=3.46 Walls=0.00389(x10) g_ns/g_walls=0.678 Windows=0.00085 Doors=0.00001 IC=0.00000 CO2_BC=0.00034 LR=7.96e-04 nu=0.01 NSraw=0.1144 alpha(W1/W8/all)=0.59/0.39/0.48 | 0.86 it/s
[Iter 04340/20000] Total=0.09559 | NS=0.06175 CO2(scaled)=0.00317 CO2_weight=1.00 guide_w=3.46 Walls=0.00286(x10) g_ns/g_walls=0.678 Windows=0.00174 Doors=0.00001 IC=0.00000 CO2_BC=0.00027 LR=7.96e-04 nu=0.01 NSraw=0.1462 alpha(W1/W8/all)=0.59/0.39/0.48 | 0.86 it/s
[Iter 04350/20000] Total=0.06461 | NS=0.04428 CO2(scaled)=0.00254 CO2_weight=1.00 guide_w=3.46 Walls=0.00167(x10) g_ns/g_walls=0.678 Windows=0.00088 Doors=0.00002 IC=0.00000 CO2_BC=0.00025 LR=7.95e-04 nu=0.01 NSraw=0.09042 alpha(W1/W8/all)=0.59/0.39/0.48 | 0.86 it/s
[Iter 04360/20000] Total=0.29349 | NS=0.27465 CO2(scaled)=0.00333 CO2_weight=1.00 guide_w=3.46 Walls=0.00139(x10) g_ns/g_walls=0.678 Windows=0.00129 Doors=0.00001 IC=0.00000 CO2_BC=0.00033 LR=7.95e-04 nu=0.01 NSraw=4.724 alpha(W1/W8/all)=0.59/0.39/0.48 | 0.86 it/s
[Iter 04370/20000] Total=0.28064 | NS=0.25728 CO2(scaled)=0.00271 CO2_weight=1.00 guide_w=3.46 Walls=0.00183(x10) g_ns/g_walls=0.678 Windows=0.00215 Doors=0.00002 IC=0.00000 CO2_BC=0.00020 LR=7.94e-04 nu=0.01 NSraw=7.043 alpha(W1/W8/all)=0.59/0.39/0.48 | 0.86 it/s
[Iter 04380/20000] Total=0.08364 | NS=0.05760 CO2(scaled)=0.00410 CO2_weight=1.00 guide_w=3.46 Walls=0.00203(x10) g_ns/g_walls=0.678 Windows=0.00128 Doors=0.00002 IC=0.00000 CO2_BC=0.00031 LR=7.94e-04 nu=0.01 NSraw=0.1516 alpha(W1/W8/all)=0.59/0.39/0.48 | 0.86 it/s
[Iter 04390/20000] Total=0.13070 | NS=0.10467 CO2(scaled)=0.00230 CO2_weight=1.00 guide_w=3.46 Walls=0.00219(x10) g_ns/g_walls=0.678 Windows=0.00133 Doors=0.00001 IC=0.00000 CO2_BC=0.00045 LR=7.94e-04 nu=0.01 NSraw=0.5053 alpha(W1/W8/all)=0.59/0.39/0.48 | 0.86 it/s
[Iter 04400/20000] Total=0.16851 | NS=0.14779 CO2(scaled)=0.00228 CO2_weight=1.00 guide_w=2.96 Walls=0.00171(x10) g_ns/g_walls=0.236 Windows=0.00102 Doors=0.00003 IC=0.00000 CO2_BC=0.00031 LR=7.93e-04 nu=0.01 NSraw=0.7029 alpha(W1/W8/all)=0.59/0.39/0.48 | 0.86 it/s
[Iter 04410/20000] Total=0.19171 | NS=0.17054 CO2(scaled)=0.00228 CO2_weight=1.00 guide_w=2.96 Walls=0.00176(x10) g_ns/g_walls=0.236 Windows=0.00096 Doors=0.00001 IC=0.00000 CO2_BC=0.00031 LR=7.93e-04 nu=0.01 NSraw=1.371 alpha(W1/W8/all)=0.59/0.39/0.48 | 0.86 it/s
[Iter 04420/20000] Total=0.07090 | NS=0.05013 CO2(scaled)=0.00204 CO2_weight=1.00 guide_w=2.96 Walls=0.00171(x10) g_ns/g_walls=0.236 Windows=0.00128 Doors=0.00004 IC=0.00000 CO2_BC=0.00035 LR=7.92e-04 nu=0.01 NSraw=0.14 alpha(W1/W8/all)=0.59/0.39/0.48 | 0.86 it/s
[Iter 04430/20000] Total=0.12689 | NS=0.09799 CO2(scaled)=0.00544 CO2_weight=1.00 guide_w=2.96 Walls=0.00217(x10) g_ns/g_walls=0.236 Windows=0.00136 Doors=0.00002 IC=0.00000 CO2_BC=0.00035 LR=7.92e-04 nu=0.01 NSraw=0.3305 alpha(W1/W8/all)=0.59/0.39/0.48 | 0.86 it/s
[Iter 04440/20000] Total=0.06555 | NS=0.04321 CO2(scaled)=0.00280 CO2_weight=1.00 guide_w=2.96 Walls=0.00184(x10) g_ns/g_walls=0.236 Windows=0.00077 Doors=0.00002 IC=0.00000 CO2_BC=0.00035 LR=7.91e-04 nu=0.01 NSraw=0.08685 alpha(W1/W8/all)=0.59/0.39/0.48 | 0.86 it/s
[Iter 04450/20000] Total=0.07138 | NS=0.05533 CO2(scaled)=0.00272 CO2_weight=1.00 guide_w=2.96 Walls=0.00124(x10) g_ns/g_walls=0.236 Windows=0.00065 Doors=0.00005 IC=0.00000 CO2_BC=0.00025 LR=7.91e-04 nu=0.01 NSraw=0.145 alpha(W1/W8/all)=0.59/0.39/0.48 | 0.86 it/s
[Iter 04460/20000] Total=0.14979 | NS=0.12684 CO2(scaled)=0.00267 CO2_weight=1.00 guide_w=2.96 Walls=0.00179(x10) g_ns/g_walls=0.236 Windows=0.00184 Doors=0.00002 IC=0.00000 CO2_BC=0.00051 LR=7.91e-04 nu=0.01 NSraw=0.6846 alpha(W1/W8/all)=0.59/0.39/0.48 | 0.86 it/s
[Iter 04470/20000] Total=0.08318 | NS=0.06841 CO2(scaled)=0.00259 CO2_weight=1.00 guide_w=2.96 Walls=0.00111(x10) g_ns/g_walls=0.236 Windows=0.00089 Doors=0.00001 IC=0.00000 CO2_BC=0.00023 LR=7.90e-04 nu=0.01 NSraw=0.3381 alpha(W1/W8/all)=0.59/0.39/0.48 | 0.86 it/s
[Iter 04480/20000] Total=0.90748 | NS=0.87712 CO2(scaled)=0.00628 CO2_weight=1.00 guide_w=2.96 Walls=0.00206(x10) g_ns/g_walls=0.236 Windows=0.00291 Doors=0.00003 IC=0.00000 CO2_BC=0.00049 LR=7.90e-04 nu=0.01 NSraw=143.2 alpha(W1/W8/all)=0.59/0.39/0.48 | 0.86 it/s
[Iter 04490/20000] Total=0.12897 | NS=0.10413 CO2(scaled)=0.00358 CO2_weight=1.00 guide_w=2.96 Walls=0.00195(x10) g_ns/g_walls=0.236 Windows=0.00132 Doors=0.00004 IC=0.00000 CO2_BC=0.00037 LR=7.89e-04 nu=0.01 NSraw=0.6185 alpha(W1/W8/all)=0.59/0.39/0.48 | 0.86 it/s
[Iter 04500/20000] Total=0.26027 | NS=0.23220 CO2(scaled)=0.00302 CO2_weight=1.00 guide_w=5.12 Walls=0.00231(x10) g_ns/g_walls=0.482 Windows=0.00137 Doors=0.00002 IC=0.00000 CO2_BC=0.00055 LR=7.89e-04 nu=0.01 NSraw=8.163 alpha(W1/W8/all)=0.59/0.39/0.48 | 0.86 it/s
[Iter 04510/20000] Total=0.21565 | NS=0.16001 CO2(scaled)=0.00552 CO2_weight=1.00 guide_w=5.12 Walls=0.00485(x10) g_ns/g_walls=0.482 Windows=0.00130 Doors=0.00002 IC=0.00000 CO2_BC=0.00030 LR=7.89e-04 nu=0.01 NSraw=3.076 alpha(W1/W8/all)=0.59/0.39/0.48 | 0.86 it/s
[Iter 04520/20000] Total=0.22444 | NS=0.18725 CO2(scaled)=0.00681 CO2_weight=1.00 guide_w=5.12 Walls=0.00284(x10) g_ns/g_walls=0.482 Windows=0.00155 Doors=0.00002 IC=0.00000 CO2_BC=0.00045 LR=7.88e-04 nu=0.01 NSraw=4.059 alpha(W1/W8/all)=0.59/0.39/0.48 | 0.86 it/s
[Iter 04530/20000] Total=0.11213 | NS=0.08756 CO2(scaled)=0.00378 CO2_weight=1.00 guide_w=5.12 Walls=0.00188(x10) g_ns/g_walls=0.482 Windows=0.00162 Doors=0.00002 IC=0.00000 CO2_BC=0.00039 LR=7.88e-04 nu=0.01 NSraw=0.2673 alpha(W1/W8/all)=0.59/0.39/0.48 | 0.86 it/s
[Iter 04540/20000] Total=0.11462 | NS=0.09295 CO2(scaled)=0.00318 CO2_weight=1.00 guide_w=5.12 Walls=0.00171(x10) g_ns/g_walls=0.482 Windows=0.00083 Doors=0.00010 IC=0.00000 CO2_BC=0.00043 LR=7.87e-04 nu=0.01 NSraw=0.5924 alpha(W1/W8/all)=0.59/0.39/0.48 | 0.86 it/s
[Iter 04550/20000] Total=0.08601 | NS=0.05491 CO2(scaled)=0.00343 CO2_weight=1.00 guide_w=5.12 Walls=0.00248(x10) g_ns/g_walls=0.482 Windows=0.00237 Doors=0.00014 IC=0.00000 CO2_BC=0.00031 LR=7.87e-04 nu=0.01 NSraw=0.1504 alpha(W1/W8/all)=0.59/0.39/0.48 | 0.86 it/s
[Iter 04560/20000] Total=0.07117 | NS=0.04634 CO2(scaled)=0.00249 CO2_weight=1.00 guide_w=5.12 Walls=0.00207(x10) g_ns/g_walls=0.482 Windows=0.00132 Doors=0.00004 IC=0.00000 CO2_BC=0.00026 LR=7.86e-04 nu=0.01 NSraw=0.1098 alpha(W1/W8/all)=0.59/0.39/0.48 | 0.86 it/s
[Iter 04570/20000] Total=0.14020 | NS=0.11859 CO2(scaled)=0.00443 CO2_weight=1.00 guide_w=5.12 Walls=0.00155(x10) g_ns/g_walls=0.482 Windows=0.00120 Doors=0.00002 IC=0.00000 CO2_BC=0.00047 LR=7.86e-04 nu=0.01 NSraw=0.5242 alpha(W1/W8/all)=0.59/0.39/0.48 | 0.86 it/s
[Iter 04580/20000] Total=0.09683 | NS=0.07451 CO2(scaled)=0.00348 CO2_weight=1.00 guide_w=5.12 Walls=0.00168(x10) g_ns/g_walls=0.482 Windows=0.00159 Doors=0.00002 IC=0.00000 CO2_BC=0.00039 LR=7.86e-04 nu=0.01 NSraw=0.3604 alpha(W1/W8/all)=0.59/0.39/0.48 | 0.86 it/s
[Iter 04590/20000] Total=0.09839 | NS=0.05691 CO2(scaled)=0.00414 CO2_weight=1.00 guide_w=5.12 Walls=0.00344(x10) g_ns/g_walls=0.482 Windows=0.00247 Doors=0.00008 IC=0.00000 CO2_BC=0.00043 LR=7.85e-04 nu=0.01 NSraw=0.2716 alpha(W1/W8/all)=0.59/0.39/0.48 | 0.86 it/s
[Iter 04600/20000] Total=0.13235 | NS=0.11007 CO2(scaled)=0.00681 CO2_weight=1.00 guide_w=0.543 Walls=0.00141(x10) g_ns/g_walls=0.151 Windows=0.00088 Doors=0.00003 IC=0.00000 CO2_BC=0.00043 LR=7.85e-04 nu=0.01 NSraw=0.6811 alpha(W1/W8/all)=0.59/0.39/0.48 | 0.86 it/s
[Iter 04610/20000] Total=0.22435 | NS=0.20194 CO2(scaled)=0.00469 CO2_weight=1.00 guide_w=0.543 Walls=0.00159(x10) g_ns/g_walls=0.151 Windows=0.00152 Doors=0.00001 IC=0.00000 CO2_BC=0.00026 LR=7.84e-04 nu=0.01 NSraw=4.737 alpha(W1/W8/all)=0.59/0.39/0.48 | 0.86 it/s
[Iter 04620/20000] Total=0.16116 | NS=0.13553 CO2(scaled)=0.00385 CO2_weight=1.00 guide_w=0.543 Walls=0.00200(x10) g_ns/g_walls=0.151 Windows=0.00123 Doors=0.00019 IC=0.00000 CO2_BC=0.00035 LR=7.84e-04 nu=0.01 NSraw=2.487 alpha(W1/W8/all)=0.59/0.39/0.48 | 0.86 it/s
[Iter 04630/20000] Total=0.05856 | NS=0.03177 CO2(scaled)=0.00367 CO2_weight=1.00 guide_w=0.543 Walls=0.00211(x10) g_ns/g_walls=0.151 Windows=0.00160 Doors=0.00003 IC=0.00000 CO2_BC=0.00044 LR=7.84e-04 nu=0.01 NSraw=0.06439 alpha(W1/W8/all)=0.59/0.39/0.48 | 0.86 it/s
[Iter 04640/20000] Total=0.13990 | NS=0.12526 CO2(scaled)=0.00241 CO2_weight=1.00 guide_w=0.543 Walls=0.00108(x10) g_ns/g_walls=0.151 Windows=0.00102 Doors=0.00002 IC=0.00000 CO2_BC=0.00039 LR=7.83e-04 nu=0.01 NSraw=0.8831 alpha(W1/W8/all)=0.59/0.39/0.48 | 0.86 it/s
[Iter 04650/20000] Total=0.15968 | NS=0.14191 CO2(scaled)=0.00293 CO2_weight=1.00 guide_w=0.543 Walls=0.00132(x10) g_ns/g_walls=0.151 Windows=0.00125 Doors=0.00003 IC=0.00000 CO2_BC=0.00034 LR=7.83e-04 nu=0.01 NSraw=0.6869 alpha(W1/W8/all)=0.59/0.39/0.48 | 0.86 it/s
[Iter 04660/20000] Total=0.21492 | NS=0.17447 CO2(scaled)=0.00400 CO2_weight=1.00 guide_w=0.543 Walls=0.00321(x10) g_ns/g_walls=0.151 Windows=0.00396 Doors=0.00003 IC=0.00000 CO2_BC=0.00034 LR=7.82e-04 nu=0.01 NSraw=1.295 alpha(W1/W8/all)=0.59/0.39/0.48 | 0.86 it/s
[Iter 04670/20000] Total=0.21232 | NS=0.18420 CO2(scaled)=0.00227 CO2_weight=1.00 guide_w=0.543 Walls=0.00238(x10) g_ns/g_walls=0.151 Windows=0.00172 Doors=0.00001 IC=0.00000 CO2_BC=0.00035 LR=7.82e-04 nu=0.01 NSraw=1.518 alpha(W1/W8/all)=0.59/0.39/0.48 | 0.86 it/s
[Iter 04680/20000] Total=0.07604 | NS=0.05109 CO2(scaled)=0.00252 CO2_weight=1.00 guide_w=0.543 Walls=0.00208(x10) g_ns/g_walls=0.151 Windows=0.00126 Doors=0.00004 IC=0.00000 CO2_BC=0.00029 LR=7.81e-04 nu=0.01 NSraw=0.1453 alpha(W1/W8/all)=0.59/0.39/0.48 | 0.86 it/s
[Iter 04690/20000] Total=0.40413 | NS=0.36730 CO2(scaled)=0.00498 CO2_weight=1.00 guide_w=0.543 Walls=0.00287(x10) g_ns/g_walls=0.151 Windows=0.00259 Doors=0.00011 IC=0.00000 CO2_BC=0.00040 LR=7.81e-04 nu=0.01 NSraw=14.07 alpha(W1/W8/all)=0.59/0.39/0.48 | 0.86 it/s
[Iter 04700/20000] Total=0.08174 | NS=0.06383 CO2(scaled)=0.00287 CO2_weight=1.00 guide_w=0.308 Walls=0.00138(x10) g_ns/g_walls=0.0864 Windows=0.00092 Doors=0.00002 IC=0.00000 CO2_BC=0.00027 LR=7.81e-04 nu=0.01 NSraw=0.1762 alpha(W1/W8/all)=0.59/0.39/0.48 | 0.86 it/s
[Iter 04710/20000] Total=0.13828 | NS=0.11699 CO2(scaled)=0.00259 CO2_weight=1.00 guide_w=0.308 Walls=0.00169(x10) g_ns/g_walls=0.0864 Windows=0.00139 Doors=0.00008 IC=0.00000 CO2_BC=0.00032 LR=7.80e-04 nu=0.01 NSraw=0.7944 alpha(W1/W8/all)=0.59/0.39/0.48 | 0.86 it/s
[Iter 04720/20000] Total=0.26917 | NS=0.24473 CO2(scaled)=0.00357 CO2_weight=1.00 guide_w=0.308 Walls=0.00193(x10) g_ns/g_walls=0.0864 Windows=0.00127 Doors=0.00005 IC=0.00000 CO2_BC=0.00031 LR=7.80e-04 nu=0.01 NSraw=1.716 alpha(W1/W8/all)=0.59/0.39/0.48 | 0.86 it/s
[Iter 04730/20000] Total=0.44844 | NS=0.42763 CO2(scaled)=0.00282 CO2_weight=1.00 guide_w=0.308 Walls=0.00158(x10) g_ns/g_walls=0.0864 Windows=0.00178 Doors=0.00003 IC=0.00000 CO2_BC=0.00034 LR=7.79e-04 nu=0.01 NSraw=28.44 alpha(W1/W8/all)=0.59/0.39/0.48 | 0.86 it/s
[Iter 04740/20000] Total=0.09598 | NS=0.06523 CO2(scaled)=0.00209 CO2_weight=1.00 guide_w=0.308 Walls=0.00265(x10) g_ns/g_walls=0.0864 Windows=0.00183 Doors=0.00003 IC=0.00000 CO2_BC=0.00034 LR=7.79e-04 nu=0.01 NSraw=0.2316 alpha(W1/W8/all)=0.59/0.39/0.48 | 0.86 it/s
[Iter 04750/20000] Total=0.32749 | NS=0.22992 CO2(scaled)=0.00269 CO2_weight=1.00 guide_w=0.308 Walls=0.00865(x10) g_ns/g_walls=0.0864 Windows=0.00797 Doors=0.00001 IC=0.00000 CO2_BC=0.00040 LR=7.79e-04 nu=0.01 NSraw=8.498 alpha(W1/W8/all)=0.59/0.39/0.48 | 0.86 it/s
[Iter 04760/20000] Total=0.14625 | NS=0.11299 CO2(scaled)=0.00286 CO2_weight=1.00 guide_w=0.308 Walls=0.00278(x10) g_ns/g_walls=0.0864 Windows=0.00227 Doors=0.00002 IC=0.00000 CO2_BC=0.00032 LR=7.78e-04 nu=0.01 NSraw=0.4988 alpha(W1/W8/all)=0.59/0.39/0.48 | 0.86 it/s
[Iter 04770/20000] Total=0.07147 | NS=0.04869 CO2(scaled)=0.00383 CO2_weight=1.00 guide_w=0.308 Walls=0.00176(x10) g_ns/g_walls=0.0864 Windows=0.00115 Doors=0.00004 IC=0.00000 CO2_BC=0.00021 LR=7.78e-04 nu=0.01 NSraw=0.1544 alpha(W1/W8/all)=0.59/0.39/0.48 | 0.86 it/s
[Iter 04780/20000] Total=0.22907 | NS=0.19788 CO2(scaled)=0.00471 CO2_weight=1.00 guide_w=0.308 Walls=0.00235(x10) g_ns/g_walls=0.0864 Windows=0.00267 Doors=0.00004 IC=0.00000 CO2_BC=0.00027 LR=7.77e-04 nu=0.01 NSraw=2.612 alpha(W1/W8/all)=0.59/0.39/0.48 | 0.86 it/s
[Iter 04790/20000] Total=0.15625 | NS=0.13228 CO2(scaled)=0.00241 CO2_weight=1.00 guide_w=0.308 Walls=0.00199(x10) g_ns/g_walls=0.0864 Windows=0.00122 Doors=0.00005 IC=0.00000 CO2_BC=0.00035 LR=7.77e-04 nu=0.01 NSraw=0.9695 alpha(W1/W8/all)=0.59/0.39/0.48 | 0.86 it/s
[Iter 04800/20000] Total=0.11443 | NS=0.07703 CO2(scaled)=0.00313 CO2_weight=1.00 guide_w=0.327 Walls=0.00290(x10) g_ns/g_walls=0.0456 Windows=0.00496 Doors=0.00009 IC=0.00000 CO2_BC=0.00022 LR=7.77e-04 nu=0.01 NSraw=0.285 alpha(W1/W8/all)=0.59/0.39/0.48 | 0.86 it/s
[Iter 04810/20000] Total=0.12259 | NS=0.07042 CO2(scaled)=0.00480 CO2_weight=1.00 guide_w=0.327 Walls=0.00412(x10) g_ns/g_walls=0.0456 Windows=0.00565 Doors=0.00002 IC=0.00000 CO2_BC=0.00046 LR=7.76e-04 nu=0.01 NSraw=0.1859 alpha(W1/W8/all)=0.59/0.39/0.48 | 0.86 it/s
[Iter 04820/20000] Total=0.18765 | NS=0.14931 CO2(scaled)=0.00649 CO2_weight=1.00 guide_w=0.327 Walls=0.00304(x10) g_ns/g_walls=0.0456 Windows=0.00107 Doors=0.00002 IC=0.00000 CO2_BC=0.00037 LR=7.76e-04 nu=0.01 NSraw=1.064 alpha(W1/W8/all)=0.59/0.39/0.48 | 0.86 it/s
[Iter 04830/20000] Total=0.15332 | NS=0.11498 CO2(scaled)=0.00435 CO2_weight=1.00 guide_w=0.327 Walls=0.00314(x10) g_ns/g_walls=0.0456 Windows=0.00221 Doors=0.00004 IC=0.00000 CO2_BC=0.00039 LR=7.75e-04 nu=0.01 NSraw=0.6794 alpha(W1/W8/all)=0.59/0.39/0.48 | 0.86 it/s
[Iter 04840/20000] Total=0.07797 | NS=0.05692 CO2(scaled)=0.00252 CO2_weight=1.00 guide_w=0.327 Walls=0.00169(x10) g_ns/g_walls=0.0456 Windows=0.00130 Doors=0.00002 IC=0.00000 CO2_BC=0.00035 LR=7.75e-04 nu=0.01 NSraw=0.1824 alpha(W1/W8/all)=0.59/0.39/0.48 | 0.86 it/s
[Iter 04850/20000] Total=0.07193 | NS=0.05227 CO2(scaled)=0.00359 CO2_weight=1.00 guide_w=0.327 Walls=0.00142(x10) g_ns/g_walls=0.0456 Windows=0.00139 Doors=0.00002 IC=0.00000 CO2_BC=0.00050 LR=7.75e-04 nu=0.01 NSraw=0.1615 alpha(W1/W8/all)=0.59/0.39/0.48 | 0.86 it/s
[Iter 04860/20000] Total=0.20193 | NS=0.17105 CO2(scaled)=0.00320 CO2_weight=1.00 guide_w=0.327 Walls=0.00261(x10) g_ns/g_walls=0.0456 Windows=0.00122 Doors=0.00002 IC=0.00000 CO2_BC=0.00030 LR=7.74e-04 nu=0.01 NSraw=2.848 alpha(W1/W8/all)=0.59/0.39/0.48 | 0.86 it/s
[Iter 04870/20000] Total=0.13274 | NS=0.08691 CO2(scaled)=0.00365 CO2_weight=1.00 guide_w=0.327 Walls=0.00383(x10) g_ns/g_walls=0.0456 Windows=0.00354 Doors=0.00005 IC=0.00000 CO2_BC=0.00034 LR=7.74e-04 nu=0.01 NSraw=0.3514 alpha(W1/W8/all)=0.59/0.39/0.48 | 0.86 it/s
[Iter 04880/20000] Total=0.07222 | NS=0.03002 CO2(scaled)=0.00426 CO2_weight=1.00 guide_w=0.327 Walls=0.00353(x10) g_ns/g_walls=0.0456 Windows=0.00228 Doors=0.00004 IC=0.00000 CO2_BC=0.00032 LR=7.73e-04 nu=0.01 NSraw=0.06035 alpha(W1/W8/all)=0.59/0.39/0.48 | 0.86 it/s
[Iter 04890/20000] Total=0.07236 | NS=0.03774 CO2(scaled)=0.00335 CO2_weight=1.00 guide_w=0.327 Walls=0.00287(x10) g_ns/g_walls=0.0456 Windows=0.00222 Doors=0.00001 IC=0.00000 CO2_BC=0.00038 LR=7.73e-04 nu=0.01 NSraw=0.08996 alpha(W1/W8/all)=0.59/0.39/0.48 | 0.86 it/s
[Iter 04900/20000] Total=0.20485 | NS=0.13495 CO2(scaled)=0.00347 CO2_weight=1.00 guide_w=2.38 Walls=0.00611(x10) g_ns/g_walls=0.23 Windows=0.00486 Doors=0.00001 IC=0.00000 CO2_BC=0.00044 LR=7.72e-04 nu=0.01 NSraw=1.873 alpha(W1/W8/all)=0.59/0.39/0.48 | 0.86 it/s
[Iter 04910/20000] Total=0.21723 | NS=0.13393 CO2(scaled)=0.00297 CO2_weight=1.00 guide_w=2.38 Walls=0.00724(x10) g_ns/g_walls=0.23 Windows=0.00761 Doors=0.00003 IC=0.00000 CO2_BC=0.00027 LR=7.72e-04 nu=0.01 NSraw=0.7754 alpha(W1/W8/all)=0.59/0.39/0.48 | 0.86 it/s
[Iter 04920/20000] Total=0.06198 | NS=0.03564 CO2(scaled)=0.00339 CO2_weight=1.00 guide_w=2.38 Walls=0.00209(x10) g_ns/g_walls=0.23 Windows=0.00179 Doors=0.00001 IC=0.00000 CO2_BC=0.00022 LR=7.72e-04 nu=0.01 NSraw=0.1337 alpha(W1/W8/all)=0.59/0.39/0.48 | 0.86 it/s
[Iter 04930/20000] Total=0.11907 | NS=0.08103 CO2(scaled)=0.00313 CO2_weight=1.00 guide_w=2.38 Walls=0.00314(x10) g_ns/g_walls=0.23 Windows=0.00307 Doors=0.00002 IC=0.00000 CO2_BC=0.00040 LR=7.71e-04 nu=0.01 NSraw=0.2864 alpha(W1/W8/all)=0.59/0.39/0.48 | 0.86 it/s
[Iter 04940/20000] Total=0.18934 | NS=0.15009 CO2(scaled)=0.00301 CO2_weight=1.00 guide_w=2.38 Walls=0.00342(x10) g_ns/g_walls=0.23 Windows=0.00174 Doors=0.00002 IC=0.00000 CO2_BC=0.00029 LR=7.71e-04 nu=0.01 NSraw=0.953 alpha(W1/W8/all)=0.59/0.39/0.48 | 0.86 it/s
[Iter 04950/20000] Total=0.07018 | NS=0.05248 CO2(scaled)=0.00260 CO2_weight=1.00 guide_w=2.38 Walls=0.00137(x10) g_ns/g_walls=0.23 Windows=0.00099 Doors=0.00003 IC=0.00000 CO2_BC=0.00035 LR=7.70e-04 nu=0.01 NSraw=0.1763 alpha(W1/W8/all)=0.59/0.39/0.48 | 0.86 it/s
[Iter 04960/20000] Total=0.25166 | NS=0.20188 CO2(scaled)=0.00263 CO2_weight=1.00 guide_w=2.38 Walls=0.00419(x10) g_ns/g_walls=0.23 Windows=0.00491 Doors=0.00004 IC=0.00000 CO2_BC=0.00029 LR=7.70e-04 nu=0.01 NSraw=1.983 alpha(W1/W8/all)=0.59/0.39/0.48 | 0.86 it/s
[Iter 04970/20000] Total=0.25236 | NS=0.21488 CO2(scaled)=0.00407 CO2_weight=1.00 guide_w=2.38 Walls=0.00302(x10) g_ns/g_walls=0.23 Windows=0.00273 Doors=0.00012 IC=0.00000 CO2_BC=0.00038 LR=7.70e-04 nu=0.01 NSraw=2.161 alpha(W1/W8/all)=0.59/0.39/0.48 | 0.86 it/s
[Iter 04980/20000] Total=0.10682 | NS=0.09047 CO2(scaled)=0.00245 CO2_weight=1.00 guide_w=2.38 Walls=0.00125(x10) g_ns/g_walls=0.23 Windows=0.00113 Doors=0.00002 IC=0.00000 CO2_BC=0.00027 LR=7.69e-04 nu=0.01 NSraw=0.6148 alpha(W1/W8/all)=0.59/0.39/0.48 | 0.86 it/s
[Iter 04990/20000] Total=0.13828 | NS=0.11814 CO2(scaled)=0.00363 CO2_weight=1.00 guide_w=2.38 Walls=0.00152(x10) g_ns/g_walls=0.23 Windows=0.00101 Doors=0.00003 IC=0.00000 CO2_BC=0.00030 LR=7.69e-04 nu=0.01 NSraw=0.5963 alpha(W1/W8/all)=0.59/0.39/0.48 | 0.86 it/s
[Iter 05000/20000] Total=0.07160 | NS=0.05264 CO2(scaled)=0.00344 CO2_weight=1.00 guide_w=0.543 Walls=0.00130(x10) g_ns/g_walls=0.13 Windows=0.00213 Doors=0.00004 IC=0.00000 CO2_BC=0.00036 LR=7.68e-04 nu=0.01 NSraw=0.1535 alpha(W1/W8/all)=0.59/0.39/0.48 | 0.86 it/s
  -> saved checkpoint: /home/iai-labor/BuildingControlCFD/experiments/gnot/checkpoints/v24_fixedalpha/gnot_v24_fixedalpha_iter5000.pth
[Iter 05010/20000] Total=0.34640 | NS=0.32555 CO2(scaled)=0.00355 CO2_weight=1.00 guide_w=0.543 Walls=0.00156(x10) g_ns/g_walls=0.13 Windows=0.00137 Doors=0.00006 IC=0.00000 CO2_BC=0.00030 LR=7.68e-04 nu=0.01 NSraw=20.03 alpha(W1/W8/all)=0.59/0.39/0.48 | 0.86 it/s
[Iter 05020/20000] Total=0.06891 | NS=0.03668 CO2(scaled)=0.00295 CO2_weight=1.00 guide_w=0.543 Walls=0.00260(x10) g_ns/g_walls=0.13 Windows=0.00279 Doors=0.00005 IC=0.00000 CO2_BC=0.00042 LR=7.68e-04 nu=0.01 NSraw=0.09017 alpha(W1/W8/all)=0.59/0.39/0.48 | 0.86 it/s
[Iter 05030/20000] Total=0.09672 | NS=0.06355 CO2(scaled)=0.00261 CO2_weight=1.00 guide_w=0.543 Walls=0.00285(x10) g_ns/g_walls=0.13 Windows=0.00162 Doors=0.00002 IC=0.00000 CO2_BC=0.00037 LR=7.67e-04 nu=0.01 NSraw=0.3223 alpha(W1/W8/all)=0.59/0.39/0.48 | 0.86 it/s
[Iter 05040/20000] Total=0.18485 | NS=0.14909 CO2(scaled)=0.00502 CO2_weight=1.00 guide_w=0.543 Walls=0.00281(x10) g_ns/g_walls=0.13 Windows=0.00231 Doors=0.00003 IC=0.00000 CO2_BC=0.00028 LR=7.67e-04 nu=0.01 NSraw=1.319 alpha(W1/W8/all)=0.59/0.39/0.48 | 0.86 it/s
[Iter 05050/20000] Total=0.07139 | NS=0.04497 CO2(scaled)=0.00326 CO2_weight=1.00 guide_w=0.543 Walls=0.00207(x10) g_ns/g_walls=0.13 Windows=0.00186 Doors=0.00002 IC=0.00000 CO2_BC=0.00064 LR=7.66e-04 nu=0.01 NSraw=0.1512 alpha(W1/W8/all)=0.59/0.39/0.48 | 0.86 it/s
[Iter 05060/20000] Total=0.12018 | NS=0.10728 CO2(scaled)=0.00214 CO2_weight=1.00 guide_w=0.543 Walls=0.00096(x10) g_ns/g_walls=0.13 Windows=0.00084 Doors=0.00002 IC=0.00000 CO2_BC=0.00032 LR=7.66e-04 nu=0.01 NSraw=0.4935 alpha(W1/W8/all)=0.59/0.39/0.48 | 0.86 it/s
[Iter 05070/20000] Total=0.17225 | NS=0.14828 CO2(scaled)=0.00215 CO2_weight=1.00 guide_w=0.543 Walls=0.00206(x10) g_ns/g_walls=0.13 Windows=0.00085 Doors=0.00001 IC=0.00000 CO2_BC=0.00038 LR=7.66e-04 nu=0.01 NSraw=0.8199 alpha(W1/W8/all)=0.59/0.39/0.48 | 0.86 it/s
[Iter 05080/20000] Total=0.17201 | NS=0.13904 CO2(scaled)=0.00240 CO2_weight=1.00 guide_w=0.543 Walls=0.00269(x10) g_ns/g_walls=0.13 Windows=0.00339 Doors=0.00002 IC=0.00000 CO2_BC=0.00024 LR=7.65e-04 nu=0.01 NSraw=0.5679 alpha(W1/W8/all)=0.59/0.39/0.48 | 0.86 it/s
[Iter 05090/20000] Total=0.08131 | NS=0.05410 CO2(scaled)=0.00174 CO2_weight=1.00 guide_w=0.543 Walls=0.00242(x10) g_ns/g_walls=0.13 Windows=0.00092 Doors=0.00002 IC=0.00000 CO2_BC=0.00029 LR=7.65e-04 nu=0.01 NSraw=0.1605 alpha(W1/W8/all)=0.59/0.39/0.48 | 0.86 it/s
[Iter 05100/20000] Total=0.38577 | NS=0.37042 CO2(scaled)=0.00230 CO2_weight=1.00 guide_w=35.6 Walls=0.00118(x10) g_ns/g_walls=6.09 Windows=0.00075 Doors=0.00028 IC=0.00000 CO2_BC=0.00024 LR=7.64e-04 nu=0.01 NSraw=13.01 alpha(W1/W8/all)=0.59/0.39/0.48 | 0.86 it/s
[Iter 05110/20000] Total=0.10324 | NS=0.08410 CO2(scaled)=0.00210 CO2_weight=1.00 guide_w=35.6 Walls=0.00159(x10) g_ns/g_walls=6.09 Windows=0.00070 Doors=0.00007 IC=0.00000 CO2_BC=0.00034 LR=7.64e-04 nu=0.01 NSraw=0.3719 alpha(W1/W8/all)=0.59/0.39/0.48 | 0.86 it/s
[Iter 05120/20000] Total=0.06874 | NS=0.04067 CO2(scaled)=0.00261 CO2_weight=1.00 guide_w=35.6 Walls=0.00238(x10) g_ns/g_walls=6.09 Windows=0.00129 Doors=0.00009 IC=0.00000 CO2_BC=0.00024 LR=7.64e-04 nu=0.01 NSraw=0.09369 alpha(W1/W8/all)=0.59/0.39/0.48 | 0.86 it/s
[Iter 05130/20000] Total=0.13376 | NS=0.11238 CO2(scaled)=0.00262 CO2_weight=1.00 guide_w=35.6 Walls=0.00173(x10) g_ns/g_walls=6.09 Windows=0.00113 Doors=0.00005 IC=0.00000 CO2_BC=0.00027 LR=7.63e-04 nu=0.01 NSraw=0.5798 alpha(W1/W8/all)=0.59/0.39/0.48 | 0.86 it/s
[Iter 05140/20000] Total=0.14659 | NS=0.12187 CO2(scaled)=0.00254 CO2_weight=1.00 guide_w=35.6 Walls=0.00208(x10) g_ns/g_walls=6.09 Windows=0.00092 Doors=0.00011 IC=0.00000 CO2_BC=0.00033 LR=7.63e-04 nu=0.01 NSraw=0.5516 alpha(W1/W8/all)=0.59/0.39/0.48 | 0.86 it/s
[Iter 05150/20000] Total=0.15345 | NS=0.08191 CO2(scaled)=0.00336 CO2_weight=1.00 guide_w=35.6 Walls=0.00653(x10) g_ns/g_walls=6.09 Windows=0.00167 Doors=0.00081 IC=0.00000 CO2_BC=0.00038 LR=7.62e-04 nu=0.01 NSraw=0.3141 alpha(W1/W8/all)=0.59/0.39/0.48 | 0.86 it/s
[Iter 05160/20000] Total=0.16873 | NS=0.14440 CO2(scaled)=0.00259 CO2_weight=1.00 guide_w=35.6 Walls=0.00195(x10) g_ns/g_walls=6.09 Windows=0.00168 Doors=0.00016 IC=0.00000 CO2_BC=0.00037 LR=7.62e-04 nu=0.01 NSraw=0.6378 alpha(W1/W8/all)=0.59/0.39/0.48 | 0.86 it/s
[Iter 05170/20000] Total=0.13851 | NS=0.11156 CO2(scaled)=0.00400 CO2_weight=1.00 guide_w=35.6 Walls=0.00206(x10) g_ns/g_walls=6.09 Windows=0.00176 Doors=0.00032 IC=0.00000 CO2_BC=0.00027 LR=7.62e-04 nu=0.01 NSraw=0.511 alpha(W1/W8/all)=0.59/0.39/0.48 | 0.86 it/s
[Iter 05180/20000] Total=0.05917 | NS=0.03629 CO2(scaled)=0.00350 CO2_weight=1.00 guide_w=35.6 Walls=0.00177(x10) g_ns/g_walls=6.09 Windows=0.00142 Doors=0.00004 IC=0.00000 CO2_BC=0.00027 LR=7.61e-04 nu=0.01 NSraw=0.06838 alpha(W1/W8/all)=0.59/0.39/0.48 | 0.86 it/s
[Iter 05190/20000] Total=0.11074 | NS=0.08248 CO2(scaled)=0.00260 CO2_weight=1.00 guide_w=35.6 Walls=0.00229(x10) g_ns/g_walls=6.09 Windows=0.00248 Doors=0.00004 IC=0.00000 CO2_BC=0.00023 LR=7.61e-04 nu=0.01 NSraw=0.2494 alpha(W1/W8/all)=0.59/0.39/0.48 | 0.86 it/s
[Iter 05200/20000] Total=0.12480 | NS=0.08110 CO2(scaled)=0.00395 CO2_weight=1.00 guide_w=1.36 Walls=0.00363(x10) g_ns/g_walls=0.222 Windows=0.00311 Doors=0.00003 IC=0.00000 CO2_BC=0.00029 LR=7.60e-04 nu=0.01 NSraw=0.3137 alpha(W1/W8/all)=0.59/0.39/0.48 | 0.86 it/s
[Iter 05210/20000] Total=0.20785 | NS=0.15825 CO2(scaled)=0.00371 CO2_weight=1.00 guide_w=1.36 Walls=0.00421(x10) g_ns/g_walls=0.222 Windows=0.00356 Doors=0.00002 IC=0.00000 CO2_BC=0.00026 LR=7.60e-04 nu=0.01 NSraw=2.287 alpha(W1/W8/all)=0.59/0.39/0.48 | 0.86 it/s
[Iter 05220/20000] Total=0.12388 | NS=0.09192 CO2(scaled)=0.00273 CO2_weight=1.00 guide_w=1.36 Walls=0.00273(x10) g_ns/g_walls=0.222 Windows=0.00162 Doors=0.00003 IC=0.00000 CO2_BC=0.00032 LR=7.60e-04 nu=0.01 NSraw=0.3686 alpha(W1/W8/all)=0.59/0.39/0.48 | 0.86 it/s
[Iter 05230/20000] Total=0.05438 | NS=0.02814 CO2(scaled)=0.00236 CO2_weight=1.00 guide_w=1.36 Walls=0.00213(x10) g_ns/g_walls=0.222 Windows=0.00223 Doors=0.00002 IC=0.00000 CO2_BC=0.00037 LR=7.59e-04 nu=0.01 NSraw=0.05271 alpha(W1/W8/all)=0.59/0.39/0.48 | 0.86 it/s
[Iter 05240/20000] Total=0.17465 | NS=0.15206 CO2(scaled)=0.00341 CO2_weight=1.00 guide_w=1.36 Walls=0.00173(x10) g_ns/g_walls=0.222 Windows=0.00161 Doors=0.00002 IC=0.00000 CO2_BC=0.00023 LR=7.59e-04 nu=0.01 NSraw=1.197 alpha(W1/W8/all)=0.59/0.39/0.48 | 0.86 it/s
[Iter 05250/20000] Total=0.11516 | NS=0.10022 CO2(scaled)=0.00247 CO2_weight=1.00 guide_w=1.36 Walls=0.00111(x10) g_ns/g_walls=0.222 Windows=0.00101 Doors=0.00003 IC=0.00000 CO2_BC=0.00033 LR=7.58e-04 nu=0.01 NSraw=0.5877 alpha(W1/W8/all)=0.59/0.39/0.48 | 0.86 it/s
[Iter 05260/20000] Total=0.08710 | NS=0.07129 CO2(scaled)=0.00192 CO2_weight=1.00 guide_w=1.36 Walls=0.00121(x10) g_ns/g_walls=0.222 Windows=0.00139 Doors=0.00002 IC=0.00000 CO2_BC=0.00034 LR=7.58e-04 nu=0.01 NSraw=0.301 alpha(W1/W8/all)=0.59/0.39/0.48 | 0.86 it/s
[Iter 05270/20000] Total=0.11036 | NS=0.08603 CO2(scaled)=0.00430 CO2_weight=1.00 guide_w=1.36 Walls=0.00184(x10) g_ns/g_walls=0.222 Windows=0.00130 Doors=0.00005 IC=0.00000 CO2_BC=0.00032 LR=7.58e-04 nu=0.01 NSraw=0.4165 alpha(W1/W8/all)=0.59/0.39/0.48 | 0.86 it/s
[Iter 05280/20000] Total=0.09475 | NS=0.05780 CO2(scaled)=0.00311 CO2_weight=1.00 guide_w=1.36 Walls=0.00307(x10) g_ns/g_walls=0.222 Windows=0.00251 Doors=0.00027 IC=0.00000 CO2_BC=0.00036 LR=7.57e-04 nu=0.01 NSraw=0.2484 alpha(W1/W8/all)=0.59/0.39/0.48 | 0.86 it/s
[Iter 05290/20000] Total=0.06660 | NS=0.05014 CO2(scaled)=0.00202 CO2_weight=1.00 guide_w=1.36 Walls=0.00125(x10) g_ns/g_walls=0.222 Windows=0.00157 Doors=0.00014 IC=0.00000 CO2_BC=0.00026 LR=7.57e-04 nu=0.01 NSraw=0.1618 alpha(W1/W8/all)=0.59/0.39/0.48 | 0.86 it/s
[Iter 05300/20000] Total=0.14095 | NS=0.11899 CO2(scaled)=0.00202 CO2_weight=1.00 guide_w=5.81 Walls=0.00191(x10) g_ns/g_walls=0.814 Windows=0.00064 Doors=0.00005 IC=0.00000 CO2_BC=0.00017 LR=7.56e-04 nu=0.01 NSraw=0.7879 alpha(W1/W8/all)=0.59/0.39/0.48 | 0.86 it/s
[Iter 05310/20000] Total=0.12562 | NS=0.05584 CO2(scaled)=0.00632 CO2_weight=1.00 guide_w=5.81 Walls=0.00589(x10) g_ns/g_walls=0.814 Windows=0.00428 Doors=0.00004 IC=0.00000 CO2_BC=0.00029 LR=7.56e-04 nu=0.01 NSraw=0.1679 alpha(W1/W8/all)=0.59/0.39/0.48 | 0.86 it/s
[Iter 05320/20000] Total=0.61954 | NS=0.58657 CO2(scaled)=0.00282 CO2_weight=1.00 guide_w=5.81 Walls=0.00284(x10) g_ns/g_walls=0.814 Windows=0.00143 Doors=0.00008 IC=0.00000 CO2_BC=0.00025 LR=7.56e-04 nu=0.01 NSraw=53.52 alpha(W1/W8/all)=0.59/0.39/0.48 | 0.86 it/s
[Iter 05330/20000] Total=0.26208 | NS=0.23720 CO2(scaled)=0.00466 CO2_weight=1.00 guide_w=5.81 Walls=0.00188(x10) g_ns/g_walls=0.814 Windows=0.00120 Doors=0.00005 IC=0.00000 CO2_BC=0.00017 LR=7.55e-04 nu=0.01 NSraw=7.395 alpha(W1/W8/all)=0.59/0.39/0.48 | 0.86 it/s
[Iter 05340/20000] Total=0.11942 | NS=0.08306 CO2(scaled)=0.00392 CO2_weight=1.00 guide_w=5.81 Walls=0.00292(x10) g_ns/g_walls=0.814 Windows=0.00288 Doors=0.00006 IC=0.00000 CO2_BC=0.00029 LR=7.55e-04 nu=0.01 NSraw=0.2566 alpha(W1/W8/all)=0.59/0.39/0.48 | 0.86 it/s
[Iter 05350/20000] Total=0.24623 | NS=0.23060 CO2(scaled)=0.00210 CO2_weight=1.00 guide_w=5.81 Walls=0.00124(x10) g_ns/g_walls=0.814 Windows=0.00079 Doors=0.00002 IC=0.00000 CO2_BC=0.00028 LR=7.54e-04 nu=0.01 NSraw=1.798 alpha(W1/W8/all)=0.59/0.39/0.48 | 0.86 it/s
[Iter 05360/20000] Total=0.07541 | NS=0.05323 CO2(scaled)=0.00281 CO2_weight=1.00 guide_w=5.81 Walls=0.00178(x10) g_ns/g_walls=0.814 Windows=0.00127 Doors=0.00002 IC=0.00000 CO2_BC=0.00026 LR=7.54e-04 nu=0.01 NSraw=0.1394 alpha(W1/W8/all)=0.59/0.39/0.48 | 0.86 it/s
[Iter 05370/20000] Total=0.07788 | NS=0.05067 CO2(scaled)=0.00316 CO2_weight=1.00 guide_w=5.81 Walls=0.00219(x10) g_ns/g_walls=0.814 Windows=0.00188 Doors=0.00002 IC=0.00000 CO2_BC=0.00028 LR=7.54e-04 nu=0.01 NSraw=0.1861 alpha(W1/W8/all)=0.59/0.39/0.48 | 0.86 it/s
[Iter 05380/20000] Total=0.05781 | NS=0.04041 CO2(scaled)=0.00279 CO2_weight=1.00 guide_w=5.81 Walls=0.00126(x10) g_ns/g_walls=0.814 Windows=0.00168 Doors=0.00001 IC=0.00000 CO2_BC=0.00029 LR=7.53e-04 nu=0.01 NSraw=0.08338 alpha(W1/W8/all)=0.59/0.39/0.48 | 0.86 it/s
[Iter 05390/20000] Total=0.11019 | NS=0.08504 CO2(scaled)=0.00257 CO2_weight=1.00 guide_w=5.81 Walls=0.00201(x10) g_ns/g_walls=0.814 Windows=0.00213 Doors=0.00004 IC=0.00000 CO2_BC=0.00027 LR=7.53e-04 nu=0.01 NSraw=0.3078 alpha(W1/W8/all)=0.59/0.39/0.48 | 0.86 it/s
[Iter 05400/20000] Total=0.14820 | NS=0.13033 CO2(scaled)=0.00270 CO2_weight=1.00 guide_w=9.6 Walls=0.00136(x10) g_ns/g_walls=1.56 Windows=0.00128 Doors=0.00002 IC=0.00000 CO2_BC=0.00026 LR=7.52e-04 nu=0.01 NSraw=0.7028 alpha(W1/W8/all)=0.59/0.39/0.48 | 0.86 it/s
[Iter 05410/20000] Total=0.12065 | NS=0.10139 CO2(scaled)=0.00286 CO2_weight=1.00 guide_w=9.6 Walls=0.00151(x10) g_ns/g_walls=1.56 Windows=0.00099 Doors=0.00005 IC=0.00000 CO2_BC=0.00027 LR=7.52e-04 nu=0.01 NSraw=0.4489 alpha(W1/W8/all)=0.59/0.39/0.48 | 0.86 it/s
[Iter 05420/20000] Total=0.06468 | NS=0.04539 CO2(scaled)=0.00215 CO2_weight=1.00 guide_w=9.6 Walls=0.00159(x10) g_ns/g_walls=1.56 Windows=0.00091 Doors=0.00003 IC=0.00000 CO2_BC=0.00029 LR=7.52e-04 nu=0.01 NSraw=0.143 alpha(W1/W8/all)=0.59/0.39/0.48 | 0.86 it/s
[Iter 05430/20000] Total=0.06950 | NS=0.04033 CO2(scaled)=0.00337 CO2_weight=1.00 guide_w=9.6 Walls=0.00243(x10) g_ns/g_walls=1.56 Windows=0.00107 Doors=0.00007 IC=0.00000 CO2_BC=0.00039 LR=7.51e-04 nu=0.01 NSraw=0.1008 alpha(W1/W8/all)=0.59/0.39/0.48 | 0.86 it/s
[Iter 05440/20000] Total=0.08911 | NS=0.05218 CO2(scaled)=0.00227 CO2_weight=1.00 guide_w=9.6 Walls=0.00324(x10) g_ns/g_walls=1.56 Windows=0.00174 Doors=0.00003 IC=0.00000 CO2_BC=0.00047 LR=7.51e-04 nu=0.01 NSraw=0.1269 alpha(W1/W8/all)=0.59/0.39/0.48 | 0.86 it/s
[Iter 05450/20000] Total=0.13040 | NS=0.10175 CO2(scaled)=0.00338 CO2_weight=1.00 guide_w=9.6 Walls=0.00232(x10) g_ns/g_walls=1.56 Windows=0.00163 Doors=0.00007 IC=0.00000 CO2_BC=0.00031 LR=7.50e-04 nu=0.01 NSraw=0.3564 alpha(W1/W8/all)=0.59/0.39/0.48 | 0.86 it/s
[Iter 05460/20000] Total=0.15251 | NS=0.12612 CO2(scaled)=0.00376 CO2_weight=1.00 guide_w=9.6 Walls=0.00207(x10) g_ns/g_walls=1.56 Windows=0.00158 Doors=0.00007 IC=0.00000 CO2_BC=0.00026 LR=7.50e-04 nu=0.01 NSraw=0.6504 alpha(W1/W8/all)=0.59/0.39/0.48 | 0.86 it/s
[Iter 05470/20000] Total=0.21263 | NS=0.19497 CO2(scaled)=0.00271 CO2_weight=1.00 guide_w=9.6 Walls=0.00136(x10) g_ns/g_walls=1.56 Windows=0.00092 Doors=0.00004 IC=0.00000 CO2_BC=0.00035 LR=7.50e-04 nu=0.01 NSraw=2.333 alpha(W1/W8/all)=0.59/0.39/0.48 | 0.86 it/s
[Iter 05480/20000] Total=0.10911 | NS=0.07591 CO2(scaled)=0.00277 CO2_weight=1.00 guide_w=9.6 Walls=0.00282(x10) g_ns/g_walls=1.56 Windows=0.00188 Doors=0.00003 IC=0.00000 CO2_BC=0.00034 LR=7.49e-04 nu=0.01 NSraw=0.6318 alpha(W1/W8/all)=0.59/0.39/0.48 | 0.86 it/s
[Iter 05490/20000] Total=0.07578 | NS=0.04463 CO2(scaled)=0.00518 CO2_weight=1.00 guide_w=9.6 Walls=0.00241(x10) g_ns/g_walls=1.56 Windows=0.00152 Doors=0.00006 IC=0.00000 CO2_BC=0.00033 LR=7.49e-04 nu=0.01 NSraw=0.106 alpha(W1/W8/all)=0.59/0.39/0.48 | 0.86 it/s
[Iter 05500/20000] Total=0.05656 | NS=0.03576 CO2(scaled)=0.00245 CO2_weight=1.00 guide_w=5.08 Walls=0.00169(x10) g_ns/g_walls=0.615 Windows=0.00115 Doors=0.00004 IC=0.00000 CO2_BC=0.00027 LR=7.48e-04 nu=0.01 NSraw=0.07617 alpha(W1/W8/all)=0.59/0.39/0.48 | 0.86 it/s
[Iter 05510/20000] Total=0.11530 | NS=0.09230 CO2(scaled)=0.00221 CO2_weight=1.00 guide_w=5.08 Walls=0.00195(x10) g_ns/g_walls=0.615 Windows=0.00090 Doors=0.00004 IC=0.00000 CO2_BC=0.00037 LR=7.48e-04 nu=0.01 NSraw=0.2995 alpha(W1/W8/all)=0.59/0.39/0.48 | 0.86 it/s
[Iter 05520/20000] Total=0.05999 | NS=0.04497 CO2(scaled)=0.00214 CO2_weight=1.00 guide_w=5.08 Walls=0.00119(x10) g_ns/g_walls=0.615 Windows=0.00073 Doors=0.00004 IC=0.00000 CO2_BC=0.00026 LR=7.48e-04 nu=0.01 NSraw=0.1216 alpha(W1/W8/all)=0.59/0.39/0.48 | 0.86 it/s
[Iter 05530/20000] Total=0.14456 | NS=0.12724 CO2(scaled)=0.00256 CO2_weight=1.00 guide_w=5.08 Walls=0.00129(x10) g_ns/g_walls=0.615 Windows=0.00147 Doors=0.00004 IC=0.00000 CO2_BC=0.00034 LR=7.47e-04 nu=0.01 NSraw=0.9465 alpha(W1/W8/all)=0.59/0.39/0.48 | 0.86 it/s
[Iter 05540/20000] Total=0.22972 | NS=0.21317 CO2(scaled)=0.00191 CO2_weight=1.00 guide_w=5.08 Walls=0.00132(x10) g_ns/g_walls=0.615 Windows=0.00117 Doors=0.00002 IC=0.00000 CO2_BC=0.00027 LR=7.47e-04 nu=0.01 NSraw=3.827 alpha(W1/W8/all)=0.59/0.39/0.48 | 0.86 it/s
[Iter 05550/20000] Total=0.07372 | NS=0.04935 CO2(scaled)=0.00299 CO2_weight=1.00 guide_w=5.08 Walls=0.00189(x10) g_ns/g_walls=0.615 Windows=0.00226 Doors=0.00004 IC=0.00000 CO2_BC=0.00023 LR=7.46e-04 nu=0.01 NSraw=0.1328 alpha(W1/W8/all)=0.59/0.39/0.48 | 0.86 it/s
[Iter 05560/20000] Total=0.08967 | NS=0.06314 CO2(scaled)=0.00316 CO2_weight=1.00 guide_w=5.08 Walls=0.00210(x10) g_ns/g_walls=0.615 Windows=0.00208 Doors=0.00002 IC=0.00000 CO2_BC=0.00023 LR=7.46e-04 nu=0.01 NSraw=0.1696 alpha(W1/W8/all)=0.59/0.39/0.48 | 0.86 it/s
[Iter 05570/20000] Total=0.09638 | NS=0.08253 CO2(scaled)=0.00199 CO2_weight=1.00 guide_w=5.08 Walls=0.00106(x10) g_ns/g_walls=0.615 Windows=0.00094 Doors=0.00001 IC=0.00000 CO2_BC=0.00028 LR=7.46e-04 nu=0.01 NSraw=0.2914 alpha(W1/W8/all)=0.59/0.39/0.48 | 0.86 it/s
[Iter 05580/20000] Total=0.08476 | NS=0.06912 CO2(scaled)=0.00250 CO2_weight=1.00 guide_w=5.08 Walls=0.00119(x10) g_ns/g_walls=0.615 Windows=0.00104 Doors=0.00002 IC=0.00000 CO2_BC=0.00020 LR=7.45e-04 nu=0.01 NSraw=0.216 alpha(W1/W8/all)=0.59/0.39/0.48 | 0.86 it/s
[Iter 05590/20000] Total=0.16309 | NS=0.08144 CO2(scaled)=0.00284 CO2_weight=1.00 guide_w=5.08 Walls=0.00717(x10) g_ns/g_walls=0.615 Windows=0.00685 Doors=0.00008 IC=0.00000 CO2_BC=0.00022 LR=7.45e-04 nu=0.01 NSraw=0.3126 alpha(W1/W8/all)=0.59/0.39/0.48 | 0.86 it/s
[Iter 05600/20000] Total=0.14774 | NS=0.13002 CO2(scaled)=0.00234 CO2_weight=1.00 guide_w=8.31 Walls=0.00137(x10) g_ns/g_walls=0.982 Windows=0.00137 Doors=0.00004 IC=0.00000 CO2_BC=0.00024 LR=7.45e-04 nu=0.01 NSraw=0.6243 alpha(W1/W8/all)=0.59/0.39/0.48 | 0.86 it/s
[Iter 05610/20000] Total=0.13513 | NS=0.11174 CO2(scaled)=0.00186 CO2_weight=1.00 guide_w=8.31 Walls=0.00197(x10) g_ns/g_walls=0.982 Windows=0.00167 Doors=0.00002 IC=0.00000 CO2_BC=0.00017 LR=7.44e-04 nu=0.01 NSraw=0.528 alpha(W1/W8/all)=0.59/0.39/0.48 | 0.86 it/s
[Iter 05620/20000] Total=0.09721 | NS=0.08002 CO2(scaled)=0.00250 CO2_weight=1.00 guide_w=8.31 Walls=0.00138(x10) g_ns/g_walls=0.982 Windows=0.00068 Doors=0.00001 IC=0.00000 CO2_BC=0.00017 LR=7.44e-04 nu=0.01 NSraw=0.328 alpha(W1/W8/all)=0.59/0.39/0.48 | 0.86 it/s
[Iter 05630/20000] Total=0.09078 | NS=0.07140 CO2(scaled)=0.00218 CO2_weight=1.00 guide_w=8.31 Walls=0.00162(x10) g_ns/g_walls=0.982 Windows=0.00075 Doors=0.00007 IC=0.00000 CO2_BC=0.00020 LR=7.43e-04 nu=0.01 NSraw=0.2641 alpha(W1/W8/all)=0.59/0.39/0.48 | 0.86 it/s
[Iter 05640/20000] Total=0.11606 | NS=0.10305 CO2(scaled)=0.00183 CO2_weight=1.00 guide_w=8.31 Walls=0.00095(x10) g_ns/g_walls=0.982 Windows=0.00144 Doors=0.00002 IC=0.00000 CO2_BC=0.00022 LR=7.43e-04 nu=0.01 NSraw=0.4717 alpha(W1/W8/all)=0.59/0.39/0.48 | 0.86 it/s
[Iter 05650/20000] Total=0.19790 | NS=0.18190 CO2(scaled)=0.00282 CO2_weight=1.00 guide_w=8.31 Walls=0.00116(x10) g_ns/g_walls=0.982 Windows=0.00133 Doors=0.00002 IC=0.00000 CO2_BC=0.00023 LR=7.43e-04 nu=0.01 NSraw=4.294 alpha(W1/W8/all)=0.59/0.39/0.48 | 0.86 it/s
[Iter 05660/20000] Total=0.08825 | NS=0.05526 CO2(scaled)=0.00179 CO2_weight=1.00 guide_w=8.31 Walls=0.00295(x10) g_ns/g_walls=0.982 Windows=0.00149 Doors=0.00004 IC=0.00000 CO2_BC=0.00022 LR=7.42e-04 nu=0.01 NSraw=0.1826 alpha(W1/W8/all)=0.59/0.39/0.48 | 0.86 it/s
[Iter 05670/20000] Total=0.04309 | NS=0.02921 CO2(scaled)=0.00192 CO2_weight=1.00 guide_w=8.31 Walls=0.00104(x10) g_ns/g_walls=0.982 Windows=0.00124 Doors=0.00003 IC=0.00000 CO2_BC=0.00024 LR=7.42e-04 nu=0.01 NSraw=0.06848 alpha(W1/W8/all)=0.59/0.39/0.48 | 0.86 it/s
[Iter 05680/20000] Total=0.20510 | NS=0.18238 CO2(scaled)=0.00199 CO2_weight=1.00 guide_w=8.31 Walls=0.00198(x10) g_ns/g_walls=0.982 Windows=0.00068 Doors=0.00002 IC=0.00000 CO2_BC=0.00028 LR=7.41e-04 nu=0.01 NSraw=1.16 alpha(W1/W8/all)=0.59/0.39/0.48 | 0.86 it/s
[Iter 05690/20000] Total=0.11515 | NS=0.09552 CO2(scaled)=0.00221 CO2_weight=1.00 guide_w=8.31 Walls=0.00160(x10) g_ns/g_walls=0.982 Windows=0.00121 Doors=0.00004 IC=0.00000 CO2_BC=0.00017 LR=7.41e-04 nu=0.01 NSraw=0.4002 alpha(W1/W8/all)=0.59/0.39/0.48 | 0.86 it/s
[Iter 05700/20000] Total=0.43050 | NS=0.36782 CO2(scaled)=0.00452 CO2_weight=1.00 guide_w=12.8 Walls=0.00537(x10) g_ns/g_walls=1.83 Windows=0.00405 Doors=0.00010 IC=0.00000 CO2_BC=0.00026 LR=7.41e-04 nu=0.01 NSraw=19.78 alpha(W1/W8/all)=0.59/0.39/0.48 | 0.85 it/s
[Iter 05710/20000] Total=0.09516 | NS=0.07183 CO2(scaled)=0.00246 CO2_weight=1.00 guide_w=12.8 Walls=0.00193(x10) g_ns/g_walls=1.83 Windows=0.00134 Doors=0.00004 IC=0.00000 CO2_BC=0.00018 LR=7.40e-04 nu=0.01 NSraw=0.2874 alpha(W1/W8/all)=0.59/0.39/0.48 | 0.85 it/s
[Iter 05720/20000] Total=0.14342 | NS=0.10073 CO2(scaled)=0.00838 CO2_weight=1.00 guide_w=12.8 Walls=0.00317(x10) g_ns/g_walls=1.83 Windows=0.00226 Doors=0.00003 IC=0.00000 CO2_BC=0.00028 LR=7.40e-04 nu=0.01 NSraw=0.6355 alpha(W1/W8/all)=0.59/0.39/0.48 | 0.85 it/s
[Iter 05730/20000] Total=0.15959 | NS=0.12746 CO2(scaled)=0.00199 CO2_weight=1.00 guide_w=12.8 Walls=0.00279(x10) g_ns/g_walls=1.83 Windows=0.00174 Doors=0.00003 IC=0.00000 CO2_BC=0.00043 LR=7.39e-04 nu=0.01 NSraw=0.6439 alpha(W1/W8/all)=0.59/0.39/0.48 | 0.85 it/s
[Iter 05740/20000] Total=0.14048 | NS=0.11676 CO2(scaled)=0.00268 CO2_weight=1.00 guide_w=12.8 Walls=0.00196(x10) g_ns/g_walls=1.83 Windows=0.00108 Doors=0.00003 IC=0.00000 CO2_BC=0.00033 LR=7.39e-04 nu=0.01 NSraw=0.536 alpha(W1/W8/all)=0.59/0.39/0.48 | 0.85 it/s
[Iter 05750/20000] Total=0.09903 | NS=0.07947 CO2(scaled)=0.00262 CO2_weight=1.00 guide_w=12.8 Walls=0.00154(x10) g_ns/g_walls=1.83 Windows=0.00124 Doors=0.00002 IC=0.00000 CO2_BC=0.00033 LR=7.39e-04 nu=0.01 NSraw=0.2302 alpha(W1/W8/all)=0.59/0.39/0.48 | 0.85 it/s
[Iter 05760/20000] Total=0.17071 | NS=0.15418 CO2(scaled)=0.00267 CO2_weight=1.00 guide_w=12.8 Walls=0.00125(x10) g_ns/g_walls=1.83 Windows=0.00103 Doors=0.00002 IC=0.00000 CO2_BC=0.00029 LR=7.38e-04 nu=0.01 NSraw=1.514 alpha(W1/W8/all)=0.59/0.39/0.48 | 0.85 it/s
[Iter 05770/20000] Total=0.10385 | NS=0.07981 CO2(scaled)=0.00333 CO2_weight=1.00 guide_w=12.8 Walls=0.00192(x10) g_ns/g_walls=1.83 Windows=0.00111 Doors=0.00014 IC=0.00000 CO2_BC=0.00024 LR=7.38e-04 nu=0.01 NSraw=0.2802 alpha(W1/W8/all)=0.59/0.39/0.48 | 0.85 it/s
[Iter 05780/20000] Total=0.11525 | NS=0.04260 CO2(scaled)=0.01071 CO2_weight=1.00 guide_w=12.8 Walls=0.00580(x10) g_ns/g_walls=1.83 Windows=0.00359 Doors=0.00005 IC=0.00000 CO2_BC=0.00027 LR=7.37e-04 nu=0.01 NSraw=0.09384 alpha(W1/W8/all)=0.59/0.39/0.48 | 0.85 it/s
[Iter 05790/20000] Total=0.11603 | NS=0.08080 CO2(scaled)=0.00508 CO2_weight=1.00 guide_w=12.8 Walls=0.00270(x10) g_ns/g_walls=1.83 Windows=0.00237 Doors=0.00006 IC=0.00000 CO2_BC=0.00071 LR=7.37e-04 nu=0.01 NSraw=0.3008 alpha(W1/W8/all)=0.59/0.39/0.48 | 0.85 it/s
[Iter 05800/20000] Total=0.16645 | NS=0.11475 CO2(scaled)=0.00767 CO2_weight=1.00 guide_w=0.295 Walls=0.00394(x10) g_ns/g_walls=0.0535 Windows=0.00414 Doors=0.00013 IC=0.00000 CO2_BC=0.00040 LR=7.37e-04 nu=0.01 NSraw=0.5224 alpha(W1/W8/all)=0.59/0.39/0.48 | 0.85 it/s
[Iter 05810/20000] Total=0.09866 | NS=0.06083 CO2(scaled)=0.00503 CO2_weight=1.00 guide_w=0.295 Walls=0.00294(x10) g_ns/g_walls=0.0535 Windows=0.00324 Doors=0.00003 IC=0.00000 CO2_BC=0.00016 LR=7.36e-04 nu=0.01 NSraw=0.1893 alpha(W1/W8/all)=0.59/0.39/0.48 | 0.85 it/s
[Iter 05820/20000] Total=0.13857 | NS=0.11860 CO2(scaled)=0.00204 CO2_weight=1.00 guide_w=0.295 Walls=0.00164(x10) g_ns/g_walls=0.0535 Windows=0.00126 Doors=0.00004 IC=0.00000 CO2_BC=0.00025 LR=7.36e-04 nu=0.01 NSraw=0.5652 alpha(W1/W8/all)=0.59/0.39/0.48 | 0.85 it/s
[Iter 05830/20000] Total=0.06953 | NS=0.02870 CO2(scaled)=0.00683 CO2_weight=1.00 guide_w=0.295 Walls=0.00313(x10) g_ns/g_walls=0.0535 Windows=0.00246 Doors=0.00004 IC=0.00000 CO2_BC=0.00018 LR=7.36e-04 nu=0.01 NSraw=0.05099 alpha(W1/W8/all)=0.59/0.39/0.48 | 0.85 it/s
[Iter 05840/20000] Total=0.33460 | NS=0.30656 CO2(scaled)=0.00899 CO2_weight=1.00 guide_w=0.295 Walls=0.00182(x10) g_ns/g_walls=0.0535 Windows=0.00070 Doors=0.00002 IC=0.00000 CO2_BC=0.00015 LR=7.35e-04 nu=0.01 NSraw=9.814 alpha(W1/W8/all)=0.59/0.39/0.48 | 0.85 it/s
[Iter 05850/20000] Total=0.06466 | NS=0.04889 CO2(scaled)=0.00269 CO2_weight=1.00 guide_w=0.295 Walls=0.00121(x10) g_ns/g_walls=0.0535 Windows=0.00056 Doors=0.00003 IC=0.00000 CO2_BC=0.00043 LR=7.35e-04 nu=0.01 NSraw=0.228 alpha(W1/W8/all)=0.59/0.39/0.48 | 0.85 it/s
[Iter 05860/20000] Total=0.15175 | NS=0.12281 CO2(scaled)=0.00361 CO2_weight=1.00 guide_w=0.295 Walls=0.00235(x10) g_ns/g_walls=0.0535 Windows=0.00156 Doors=0.00005 IC=0.00000 CO2_BC=0.00023 LR=7.34e-04 nu=0.01 NSraw=0.7032 alpha(W1/W8/all)=0.59/0.39/0.48 | 0.85 it/s
[Iter 05870/20000] Total=0.15460 | NS=0.12316 CO2(scaled)=0.00468 CO2_weight=1.00 guide_w=0.295 Walls=0.00241(x10) g_ns/g_walls=0.0535 Windows=0.00248 Doors=0.00003 IC=0.00000 CO2_BC=0.00015 LR=7.34e-04 nu=0.01 NSraw=0.7006 alpha(W1/W8/all)=0.59/0.39/0.48 | 0.85 it/s
[Iter 05880/20000] Total=0.08076 | NS=0.05363 CO2(scaled)=0.00297 CO2_weight=1.00 guide_w=0.295 Walls=0.00222(x10) g_ns/g_walls=0.0535 Windows=0.00164 Doors=0.00003 IC=0.00000 CO2_BC=0.00031 LR=7.34e-04 nu=0.01 NSraw=0.2041 alpha(W1/W8/all)=0.59/0.39/0.48 | 0.85 it/s
[Iter 05890/20000] Total=0.11409 | NS=0.07004 CO2(scaled)=0.00732 CO2_weight=1.00 guide_w=0.295 Walls=0.00342(x10) g_ns/g_walls=0.0535 Windows=0.00228 Doors=0.00003 IC=0.00000 CO2_BC=0.00020 LR=7.33e-04 nu=0.01 NSraw=0.18 alpha(W1/W8/all)=0.59/0.39/0.48 | 0.85 it/s
[Iter 05900/20000] Total=0.28957 | NS=0.25688 CO2(scaled)=0.00454 CO2_weight=1.00 guide_w=3.61 Walls=0.00266(x10) g_ns/g_walls=0.886 Windows=0.00122 Doors=0.00004 IC=0.00000 CO2_BC=0.00029 LR=7.33e-04 nu=0.01 NSraw=8.284 alpha(W1/W8/all)=0.59/0.39/0.48 | 0.85 it/s
[Iter 05910/20000] Total=0.06164 | NS=0.04866 CO2(scaled)=0.00170 CO2_weight=1.00 guide_w=3.61 Walls=0.00099(x10) g_ns/g_walls=0.886 Windows=0.00103 Doors=0.00003 IC=0.00000 CO2_BC=0.00027 LR=7.32e-04 nu=0.01 NSraw=0.1257 alpha(W1/W8/all)=0.59/0.39/0.48 | 0.85 it/s
[Iter 05920/20000] Total=0.11497 | NS=0.09592 CO2(scaled)=0.00252 CO2_weight=1.00 guide_w=3.61 Walls=0.00148(x10) g_ns/g_walls=0.886 Windows=0.00140 Doors=0.00004 IC=0.00000 CO2_BC=0.00032 LR=7.32e-04 nu=0.01 NSraw=0.4039 alpha(W1/W8/all)=0.59/0.39/0.48 | 0.85 it/s
[Iter 05930/20000] Total=0.10730 | NS=0.08892 CO2(scaled)=0.00199 CO2_weight=1.00 guide_w=3.61 Walls=0.00144(x10) g_ns/g_walls=0.886 Windows=0.00158 Doors=0.00004 IC=0.00000 CO2_BC=0.00032 LR=7.32e-04 nu=0.01 NSraw=0.4345 alpha(W1/W8/all)=0.59/0.39/0.48 | 0.85 it/s
[Iter 05940/20000] Total=0.10557 | NS=0.08817 CO2(scaled)=0.00194 CO2_weight=1.00 guide_w=3.61 Walls=0.00136(x10) g_ns/g_walls=0.886 Windows=0.00151 Doors=0.00003 IC=0.00000 CO2_BC=0.00029 LR=7.31e-04 nu=0.01 NSraw=0.4428 alpha(W1/W8/all)=0.59/0.39/0.48 | 0.85 it/s
[Iter 05950/20000] Total=0.15848 | NS=0.12496 CO2(scaled)=0.00276 CO2_weight=1.00 guide_w=3.61 Walls=0.00276(x10) g_ns/g_walls=0.886 Windows=0.00282 Doors=0.00006 IC=0.00000 CO2_BC=0.00028 LR=7.31e-04 nu=0.01 NSraw=0.7278 alpha(W1/W8/all)=0.59/0.39/0.48 | 0.85 it/s
[Iter 05960/20000] Total=0.30478 | NS=0.18807 CO2(scaled)=0.00362 CO2_weight=1.00 guide_w=3.61 Walls=0.01062(x10) g_ns/g_walls=0.886 Windows=0.00654 Doors=0.00004 IC=0.00000 CO2_BC=0.00027 LR=7.31e-04 nu=0.01 NSraw=5.336 alpha(W1/W8/all)=0.59/0.39/0.48 | 0.85 it/s
[Iter 05970/20000] Total=0.16672 | NS=0.14359 CO2(scaled)=0.00397 CO2_weight=1.00 guide_w=3.61 Walls=0.00172(x10) g_ns/g_walls=0.886 Windows=0.00164 Doors=0.00004 IC=0.00000 CO2_BC=0.00031 LR=7.30e-04 nu=0.01 NSraw=0.9315 alpha(W1/W8/all)=0.59/0.39/0.48 | 0.85 it/s
[Iter 05980/20000] Total=0.09677 | NS=0.08397 CO2(scaled)=0.00225 CO2_weight=1.00 guide_w=3.61 Walls=0.00091(x10) g_ns/g_walls=0.886 Windows=0.00105 Doors=0.00003 IC=0.00000 CO2_BC=0.00034 LR=7.30e-04 nu=0.01 NSraw=0.249 alpha(W1/W8/all)=0.59/0.39/0.48 | 0.85 it/s
[Iter 05990/20000] Total=0.32022 | NS=0.16503 CO2(scaled)=0.00205 CO2_weight=1.00 guide_w=3.61 Walls=0.01409(x10) g_ns/g_walls=0.886 Windows=0.01200 Doors=0.00003 IC=0.00000 CO2_BC=0.00026 LR=7.29e-04 nu=0.01 NSraw=2.005 alpha(W1/W8/all)=0.59/0.39/0.48 | 0.85 it/s
[Iter 06000/20000] Total=0.12161 | NS=0.09843 CO2(scaled)=0.00358 CO2_weight=1.00 guide_w=4.74 Walls=0.00165(x10) g_ns/g_walls=1.33 Windows=0.00284 Doors=0.00003 IC=0.00000 CO2_BC=0.00024 LR=7.29e-04 nu=0.01 NSraw=0.5314 alpha(W1/W8/all)=0.59/0.39/0.48 | 0.85 it/s
  -> saved checkpoint: /home/iai-labor/BuildingControlCFD/experiments/gnot/checkpoints/v24_fixedalpha/gnot_v24_fixedalpha_iter6000.pth
[Iter 06010/20000] Total=0.14892 | NS=0.07644 CO2(scaled)=0.00290 CO2_weight=1.00 guide_w=4.74 Walls=0.00624(x10) g_ns/g_walls=1.33 Windows=0.00685 Doors=0.00002 IC=0.00000 CO2_BC=0.00028 LR=7.29e-04 nu=0.01 NSraw=0.191 alpha(W1/W8/all)=0.59/0.39/0.48 | 0.85 it/s
[Iter 06020/20000] Total=0.12048 | NS=0.09907 CO2(scaled)=0.01064 CO2_weight=1.00 guide_w=4.74 Walls=0.00091(x10) g_ns/g_walls=1.33 Windows=0.00138 Doors=0.00001 IC=0.00000 CO2_BC=0.00028 LR=7.28e-04 nu=0.01 NSraw=0.4859 alpha(W1/W8/all)=0.59/0.39/0.48 | 0.85 it/s
[Iter 06030/20000] Total=0.13894 | NS=0.10392 CO2(scaled)=0.00322 CO2_weight=1.00 guide_w=4.74 Walls=0.00279(x10) g_ns/g_walls=1.33 Windows=0.00361 Doors=0.00001 IC=0.00000 CO2_BC=0.00031 LR=7.28e-04 nu=0.01 NSraw=0.4128 alpha(W1/W8/all)=0.59/0.39/0.48 | 0.85 it/s
[Iter 06040/20000] Total=0.07886 | NS=0.04959 CO2(scaled)=0.00200 CO2_weight=1.00 guide_w=4.74 Walls=0.00247(x10) g_ns/g_walls=1.33 Windows=0.00226 Doors=0.00004 IC=0.00000 CO2_BC=0.00024 LR=7.27e-04 nu=0.01 NSraw=0.1159 alpha(W1/W8/all)=0.59/0.39/0.48 | 0.85 it/s
[Iter 06050/20000] Total=0.08331 | NS=0.05556 CO2(scaled)=0.00222 CO2_weight=1.00 guide_w=4.74 Walls=0.00234(x10) g_ns/g_walls=1.33 Windows=0.00185 Doors=0.00006 IC=0.00000 CO2_BC=0.00025 LR=7.27e-04 nu=0.01 NSraw=0.2352 alpha(W1/W8/all)=0.59/0.39/0.48 | 0.85 it/s
[Iter 06060/20000] Total=0.12910 | NS=0.09188 CO2(scaled)=0.00294 CO2_weight=1.00 guide_w=4.74 Walls=0.00316(x10) g_ns/g_walls=1.33 Windows=0.00233 Doors=0.00012 IC=0.00000 CO2_BC=0.00021 LR=7.27e-04 nu=0.01 NSraw=0.4424 alpha(W1/W8/all)=0.59/0.39/0.48 | 0.85 it/s
[Iter 06070/20000] Total=0.24347 | NS=0.21466 CO2(scaled)=0.00319 CO2_weight=1.00 guide_w=4.74 Walls=0.00241(x10) g_ns/g_walls=1.33 Windows=0.00129 Doors=0.00002 IC=0.00000 CO2_BC=0.00018 LR=7.26e-04 nu=0.01 NSraw=2.689 alpha(W1/W8/all)=0.59/0.39/0.48 | 0.85 it/s
[Iter 06080/20000] Total=0.22601 | NS=0.20797 CO2(scaled)=0.00211 CO2_weight=1.00 guide_w=4.74 Walls=0.00146(x10) g_ns/g_walls=1.33 Windows=0.00109 Doors=0.00003 IC=0.00000 CO2_BC=0.00024 LR=7.26e-04 nu=0.01 NSraw=3.577 alpha(W1/W8/all)=0.59/0.39/0.48 | 0.85 it/s
[Iter 06090/20000] Total=0.13722 | NS=0.11055 CO2(scaled)=0.00231 CO2_weight=1.00 guide_w=4.74 Walls=0.00230(x10) g_ns/g_walls=1.33 Windows=0.00106 Doors=0.00004 IC=0.00000 CO2_BC=0.00024 LR=7.26e-04 nu=0.01 NSraw=0.7939 alpha(W1/W8/all)=0.59/0.39/0.48 | 0.85 it/s
[Iter 06100/20000] Total=0.14393 | NS=0.09769 CO2(scaled)=0.00240 CO2_weight=1.00 guide_w=2.82 Walls=0.00401(x10) g_ns/g_walls=0.216 Windows=0.00349 Doors=0.00002 IC=0.00000 CO2_BC=0.00020 LR=7.25e-04 nu=0.01 NSraw=0.4528 alpha(W1/W8/all)=0.59/0.39/0.48 | 0.85 it/s
[Iter 06110/20000] Total=0.46510 | NS=0.40733 CO2(scaled)=0.00331 CO2_weight=1.00 guide_w=2.82 Walls=0.00506(x10) g_ns/g_walls=0.216 Windows=0.00360 Doors=0.00003 IC=0.00000 CO2_BC=0.00021 LR=7.25e-04 nu=0.01 NSraw=12.63 alpha(W1/W8/all)=0.59/0.39/0.48 | 0.85 it/s
[Iter 06120/20000] Total=0.07273 | NS=0.04703 CO2(scaled)=0.00216 CO2_weight=1.00 guide_w=2.82 Walls=0.00224(x10) g_ns/g_walls=0.216 Windows=0.00090 Doors=0.00002 IC=0.00000 CO2_BC=0.00022 LR=7.24e-04 nu=0.01 NSraw=0.1391 alpha(W1/W8/all)=0.59/0.39/0.48 | 0.85 it/s
[Iter 06130/20000] Total=0.08419 | NS=0.05396 CO2(scaled)=0.00204 CO2_weight=1.00 guide_w=2.82 Walls=0.00250(x10) g_ns/g_walls=0.216 Windows=0.00278 Doors=0.00009 IC=0.00000 CO2_BC=0.00032 LR=7.24e-04 nu=0.01 NSraw=0.1428 alpha(W1/W8/all)=0.59/0.39/0.48 | 0.85 it/s
[Iter 06140/20000] Total=0.16960 | NS=0.14757 CO2(scaled)=0.00228 CO2_weight=1.00 guide_w=2.82 Walls=0.00175(x10) g_ns/g_walls=0.216 Windows=0.00188 Doors=0.00003 IC=0.00000 CO2_BC=0.00032 LR=7.24e-04 nu=0.01 NSraw=0.7842 alpha(W1/W8/all)=0.59/0.39/0.48 | 0.85 it/s
[Iter 06150/20000] Total=0.25670 | NS=0.21489 CO2(scaled)=0.00513 CO2_weight=1.00 guide_w=2.82 Walls=0.00330(x10) g_ns/g_walls=0.216 Windows=0.00339 Doors=0.00001 IC=0.00000 CO2_BC=0.00033 LR=7.23e-04 nu=0.01 NSraw=3.991 alpha(W1/W8/all)=0.59/0.39/0.48 | 0.85 it/s
[Iter 06160/20000] Total=0.11705 | NS=0.09568 CO2(scaled)=0.00368 CO2_weight=1.00 guide_w=2.82 Walls=0.00146(x10) g_ns/g_walls=0.216 Windows=0.00281 Doors=0.00004 IC=0.00000 CO2_BC=0.00025 LR=7.23e-04 nu=0.01 NSraw=0.4181 alpha(W1/W8/all)=0.59/0.39/0.48 | 0.85 it/s
[Iter 06170/20000] Total=0.10039 | NS=0.07627 CO2(scaled)=0.00164 CO2_weight=1.00 guide_w=2.82 Walls=0.00203(x10) g_ns/g_walls=0.216 Windows=0.00193 Doors=0.00005 IC=0.00000 CO2_BC=0.00021 LR=7.23e-04 nu=0.01 NSraw=0.2685 alpha(W1/W8/all)=0.59/0.39/0.48 | 0.85 it/s
[Iter 06180/20000] Total=0.09893 | NS=0.08738 CO2(scaled)=0.00152 CO2_weight=1.00 guide_w=2.82 Walls=0.00085(x10) g_ns/g_walls=0.216 Windows=0.00111 Doors=0.00005 IC=0.00000 CO2_BC=0.00037 LR=7.22e-04 nu=0.01 NSraw=0.6578 alpha(W1/W8/all)=0.59/0.39/0.48 | 0.85 it/s
[Iter 06190/20000] Total=0.14317 | NS=0.10681 CO2(scaled)=0.00382 CO2_weight=1.00 guide_w=2.82 Walls=0.00295(x10) g_ns/g_walls=0.216 Windows=0.00277 Doors=0.00004 IC=0.00000 CO2_BC=0.00020 LR=7.22e-04 nu=0.01 NSraw=0.3933 alpha(W1/W8/all)=0.59/0.39/0.48 | 0.85 it/s
[Iter 06200/20000] Total=0.12900 | NS=0.10233 CO2(scaled)=0.00227 CO2_weight=1.00 guide_w=13.6 Walls=0.00219(x10) g_ns/g_walls=1.55 Windows=0.00219 Doors=0.00004 IC=0.00000 CO2_BC=0.00022 LR=7.21e-04 nu=0.01 NSraw=0.3648 alpha(W1/W8/all)=0.59/0.39/0.48 | 0.85 it/s
[Iter 06210/20000] Total=0.15122 | NS=0.11147 CO2(scaled)=0.00308 CO2_weight=1.00 guide_w=13.6 Walls=0.00352(x10) g_ns/g_walls=1.55 Windows=0.00125 Doors=0.00003 IC=0.00000 CO2_BC=0.00016 LR=7.21e-04 nu=0.01 NSraw=0.409 alpha(W1/W8/all)=0.59/0.39/0.48 | 0.85 it/s
[Iter 06220/20000] Total=0.08154 | NS=0.05581 CO2(scaled)=0.00253 CO2_weight=1.00 guide_w=13.6 Walls=0.00212(x10) g_ns/g_walls=1.55 Windows=0.00182 Doors=0.00003 IC=0.00000 CO2_BC=0.00017 LR=7.21e-04 nu=0.01 NSraw=0.1487 alpha(W1/W8/all)=0.59/0.39/0.48 | 0.85 it/s
[Iter 06230/20000] Total=0.13580 | NS=0.08727 CO2(scaled)=0.00395 CO2_weight=1.00 guide_w=13.6 Walls=0.00402(x10) g_ns/g_walls=1.55 Windows=0.00408 Doors=0.00004 IC=0.00000 CO2_BC=0.00025 LR=7.20e-04 nu=0.01 NSraw=0.3875 alpha(W1/W8/all)=0.59/0.39/0.48 | 0.85 it/s
[Iter 06240/20000] Total=0.12344 | NS=0.06861 CO2(scaled)=0.00569 CO2_weight=1.00 guide_w=13.6 Walls=0.00455(x10) g_ns/g_walls=1.55 Windows=0.00316 Doors=0.00023 IC=0.00000 CO2_BC=0.00022 LR=7.20e-04 nu=0.01 NSraw=0.3304 alpha(W1/W8/all)=0.59/0.39/0.48 | 0.85 it/s
[Iter 06250/20000] Total=0.14386 | NS=0.10822 CO2(scaled)=0.00323 CO2_weight=1.00 guide_w=13.6 Walls=0.00295(x10) g_ns/g_walls=1.55 Windows=0.00251 Doors=0.00014 IC=0.00000 CO2_BC=0.00029 LR=7.19e-04 nu=0.01 NSraw=0.5942 alpha(W1/W8/all)=0.59/0.39/0.48 | 0.85 it/s
[Iter 06260/20000] Total=0.06368 | NS=0.04718 CO2(scaled)=0.00260 CO2_weight=1.00 guide_w=13.6 Walls=0.00123(x10) g_ns/g_walls=1.55 Windows=0.00130 Doors=0.00004 IC=0.00000 CO2_BC=0.00025 LR=7.19e-04 nu=0.01 NSraw=0.1637 alpha(W1/W8/all)=0.59/0.39/0.48 | 0.85 it/s
[Iter 06270/20000] Total=0.10140 | NS=0.06968 CO2(scaled)=0.00375 CO2_weight=1.00 guide_w=13.6 Walls=0.00262(x10) g_ns/g_walls=1.55 Windows=0.00154 Doors=0.00003 IC=0.00000 CO2_BC=0.00022 LR=7.19e-04 nu=0.01 NSraw=0.3551 alpha(W1/W8/all)=0.59/0.39/0.48 | 0.85 it/s
[Iter 06280/20000] Total=0.14520 | NS=0.10906 CO2(scaled)=0.00475 CO2_weight=1.00 guide_w=13.6 Walls=0.00299(x10) g_ns/g_walls=1.55 Windows=0.00124 Doors=0.00002 IC=0.00000 CO2_BC=0.00026 LR=7.18e-04 nu=0.01 NSraw=0.4011 alpha(W1/W8/all)=0.59/0.39/0.48 | 0.85 it/s
[Iter 06290/20000] Total=0.11896 | NS=0.09127 CO2(scaled)=0.00299 CO2_weight=1.00 guide_w=13.6 Walls=0.00237(x10) g_ns/g_walls=1.55 Windows=0.00071 Doors=0.00002 IC=0.00000 CO2_BC=0.00027 LR=7.18e-04 nu=0.01 NSraw=0.5693 alpha(W1/W8/all)=0.59/0.39/0.48 | 0.85 it/s
[Iter 06300/20000] Total=0.22395 | NS=0.20336 CO2(scaled)=0.00222 CO2_weight=1.00 guide_w=3.24 Walls=0.00169(x10) g_ns/g_walls=0.611 Windows=0.00114 Doors=0.00012 IC=0.00000 CO2_BC=0.00025 LR=7.18e-04 nu=0.01 NSraw=4.452 alpha(W1/W8/all)=0.59/0.39/0.48 | 0.85 it/s
[Iter 06310/20000] Total=0.13390 | NS=0.11870 CO2(scaled)=0.00210 CO2_weight=1.00 guide_w=3.24 Walls=0.00117(x10) g_ns/g_walls=0.611 Windows=0.00105 Doors=0.00005 IC=0.00000 CO2_BC=0.00030 LR=7.17e-04 nu=0.01 NSraw=0.5673 alpha(W1/W8/all)=0.59/0.39/0.48 | 0.85 it/s
[Iter 06320/20000] Total=0.10883 | NS=0.07993 CO2(scaled)=0.00174 CO2_weight=1.00 guide_w=3.24 Walls=0.00260(x10) g_ns/g_walls=0.611 Windows=0.00097 Doors=0.00002 IC=0.00000 CO2_BC=0.00019 LR=7.17e-04 nu=0.01 NSraw=0.2952 alpha(W1/W8/all)=0.59/0.39/0.48 | 0.85 it/s
[Iter 06330/20000] Total=0.41314 | NS=0.38858 CO2(scaled)=0.00202 CO2_weight=1.00 guide_w=3.24 Walls=0.00206(x10) g_ns/g_walls=0.611 Windows=0.00153 Doors=0.00005 IC=0.00000 CO2_BC=0.00033 LR=7.16e-04 nu=0.01 NSraw=19.57 alpha(W1/W8/all)=0.59/0.39/0.48 | 0.85 it/s
[Iter 06340/20000] Total=0.29677 | NS=0.27768 CO2(scaled)=0.00368 CO2_weight=1.00 guide_w=3.24 Walls=0.00136(x10) g_ns/g_walls=0.611 Windows=0.00152 Doors=0.00003 IC=0.00000 CO2_BC=0.00022 LR=7.16e-04 nu=0.01 NSraw=9.442 alpha(W1/W8/all)=0.59/0.39/0.48 | 0.85 it/s
[Iter 06350/20000] Total=0.16557 | NS=0.09155 CO2(scaled)=0.00380 CO2_weight=1.00 guide_w=3.24 Walls=0.00657(x10) g_ns/g_walls=0.611 Windows=0.00389 Doors=0.00035 IC=0.00000 CO2_BC=0.00022 LR=7.16e-04 nu=0.01 NSraw=0.3117 alpha(W1/W8/all)=0.59/0.39/0.48 | 0.85 it/s
[Iter 06360/20000] Total=0.20377 | NS=0.16279 CO2(scaled)=0.00266 CO2_weight=1.00 guide_w=3.24 Walls=0.00359(x10) g_ns/g_walls=0.611 Windows=0.00205 Doors=0.00013 IC=0.00000 CO2_BC=0.00021 LR=7.15e-04 nu=0.01 NSraw=2.442 alpha(W1/W8/all)=0.59/0.39/0.48 | 0.85 it/s
[Iter 06370/20000] Total=0.09294 | NS=0.06543 CO2(scaled)=0.00241 CO2_weight=1.00 guide_w=3.24 Walls=0.00226(x10) g_ns/g_walls=0.611 Windows=0.00221 Doors=0.00005 IC=0.00000 CO2_BC=0.00027 LR=7.15e-04 nu=0.01 NSraw=0.2367 alpha(W1/W8/all)=0.59/0.39/0.48 | 0.85 it/s
[Iter 06380/20000] Total=0.08668 | NS=0.05463 CO2(scaled)=0.00487 CO2_weight=1.00 guide_w=3.24 Walls=0.00251(x10) g_ns/g_walls=0.611 Windows=0.00182 Doors=0.00003 IC=0.00000 CO2_BC=0.00022 LR=7.15e-04 nu=0.01 NSraw=0.1758 alpha(W1/W8/all)=0.59/0.39/0.48 | 0.85 it/s
[Iter 06390/20000] Total=0.08474 | NS=0.03871 CO2(scaled)=0.00328 CO2_weight=1.00 guide_w=3.24 Walls=0.00411(x10) g_ns/g_walls=0.611 Windows=0.00128 Doors=0.00008 IC=0.00000 CO2_BC=0.00031 LR=7.14e-04 nu=0.01 NSraw=0.09369 alpha(W1/W8/all)=0.59/0.39/0.48 | 0.85 it/s
[Iter 06400/20000] Total=0.07738 | NS=0.04295 CO2(scaled)=0.00326 CO2_weight=1.00 guide_w=0.136 Walls=0.00281(x10) g_ns/g_walls=0.0212 Windows=0.00281 Doors=0.00005 IC=0.00000 CO2_BC=0.00017 LR=7.14e-04 nu=0.01 NSraw=0.09946 alpha(W1/W8/all)=0.59/0.39/0.48 | 0.84 it/s
[Iter 06410/20000] Total=0.12056 | NS=0.08829 CO2(scaled)=0.00368 CO2_weight=1.00 guide_w=0.136 Walls=0.00267(x10) g_ns/g_walls=0.0212 Windows=0.00164 Doors=0.00005 IC=0.00000 CO2_BC=0.00023 LR=7.13e-04 nu=0.01 NSraw=0.3223 alpha(W1/W8/all)=0.59/0.39/0.48 | 0.84 it/s
[Iter 06420/20000] Total=0.16820 | NS=0.10996 CO2(scaled)=0.00241 CO2_weight=1.00 guide_w=0.136 Walls=0.00519(x10) g_ns/g_walls=0.0212 Windows=0.00366 Doors=0.00004 IC=0.00000 CO2_BC=0.00019 LR=7.13e-04 nu=0.01 NSraw=0.5923 alpha(W1/W8/all)=0.59/0.39/0.48 | 0.84 it/s
[Iter 06430/20000] Total=0.09218 | NS=0.05839 CO2(scaled)=0.00236 CO2_weight=1.00 guide_w=0.136 Walls=0.00292(x10) g_ns/g_walls=0.0212 Windows=0.00202 Doors=0.00001 IC=0.00000 CO2_BC=0.00022 LR=7.13e-04 nu=0.01 NSraw=0.1483 alpha(W1/W8/all)=0.59/0.39/0.48 | 0.84 it/s
[Iter 06440/20000] Total=0.12116 | NS=0.10216 CO2(scaled)=0.00221 CO2_weight=1.00 guide_w=0.136 Walls=0.00156(x10) g_ns/g_walls=0.0212 Windows=0.00097 Doors=0.00002 IC=0.00000 CO2_BC=0.00019 LR=7.12e-04 nu=0.01 NSraw=0.4102 alpha(W1/W8/all)=0.59/0.39/0.48 | 0.84 it/s
[Iter 06450/20000] Total=0.08602 | NS=0.06524 CO2(scaled)=0.00201 CO2_weight=1.00 guide_w=0.136 Walls=0.00171(x10) g_ns/g_walls=0.0212 Windows=0.00140 Doors=0.00002 IC=0.00000 CO2_BC=0.00023 LR=7.12e-04 nu=0.01 NSraw=0.2743 alpha(W1/W8/all)=0.59/0.39/0.48 | 0.84 it/s
[Iter 06460/20000] Total=0.07696 | NS=0.05712 CO2(scaled)=0.00221 CO2_weight=1.00 guide_w=0.136 Walls=0.00163(x10) g_ns/g_walls=0.0212 Windows=0.00108 Doors=0.00003 IC=0.00000 CO2_BC=0.00022 LR=7.12e-04 nu=0.01 NSraw=0.1903 alpha(W1/W8/all)=0.59/0.39/0.48 | 0.84 it/s
[Iter 06470/20000] Total=0.09579 | NS=0.07551 CO2(scaled)=0.00232 CO2_weight=1.00 guide_w=0.136 Walls=0.00167(x10) g_ns/g_walls=0.0212 Windows=0.00098 Doors=0.00010 IC=0.00000 CO2_BC=0.00017 LR=7.11e-04 nu=0.01 NSraw=0.27 alpha(W1/W8/all)=0.59/0.39/0.48 | 0.84 it/s
[Iter 06480/20000] Total=0.13121 | NS=0.11461 CO2(scaled)=0.00156 CO2_weight=1.00 guide_w=0.136 Walls=0.00136(x10) g_ns/g_walls=0.0212 Windows=0.00112 Doors=0.00020 IC=0.00000 CO2_BC=0.00015 LR=7.11e-04 nu=0.01 NSraw=0.5784 alpha(W1/W8/all)=0.59/0.39/0.48 | 0.84 it/s
[Iter 06490/20000] Total=0.09266 | NS=0.07524 CO2(scaled)=0.00215 CO2_weight=1.00 guide_w=0.136 Walls=0.00141(x10) g_ns/g_walls=0.0212 Windows=0.00083 Doors=0.00010 IC=0.00000 CO2_BC=0.00020 LR=7.10e-04 nu=0.01 NSraw=0.4642 alpha(W1/W8/all)=0.59/0.39/0.48 | 0.84 it/s
[Iter 06500/20000] Total=0.09385 | NS=0.06742 CO2(scaled)=0.00200 CO2_weight=1.00 guide_w=3.22 Walls=0.00223(x10) g_ns/g_walls=0.158 Windows=0.00181 Doors=0.00012 IC=0.00000 CO2_BC=0.00021 LR=7.10e-04 nu=0.01 NSraw=0.3174 alpha(W1/W8/all)=0.59/0.39/0.48 | 0.84 it/s
[Iter 06510/20000] Total=0.07991 | NS=0.05700 CO2(scaled)=0.00276 CO2_weight=1.00 guide_w=3.22 Walls=0.00192(x10) g_ns/g_walls=0.158 Windows=0.00059 Doors=0.00009 IC=0.00000 CO2_BC=0.00023 LR=7.10e-04 nu=0.01 NSraw=0.263 alpha(W1/W8/all)=0.59/0.39/0.48 | 0.84 it/s
[Iter 06520/20000] Total=0.35380 | NS=0.32275 CO2(scaled)=0.00490 CO2_weight=1.00 guide_w=3.22 Walls=0.00233(x10) g_ns/g_walls=0.158 Windows=0.00247 Doors=0.00009 IC=0.00000 CO2_BC=0.00027 LR=7.09e-04 nu=0.01 NSraw=8.629 alpha(W1/W8/all)=0.59/0.39/0.48 | 0.84 it/s
[Iter 06530/20000] Total=0.10776 | NS=0.05301 CO2(scaled)=0.00241 CO2_weight=1.00 guide_w=3.22 Walls=0.00472(x10) g_ns/g_walls=0.158 Windows=0.00487 Doors=0.00003 IC=0.00000 CO2_BC=0.00020 LR=7.09e-04 nu=0.01 NSraw=0.1389 alpha(W1/W8/all)=0.59/0.39/0.48 | 0.84 it/s
[Iter 06540/20000] Total=0.05717 | NS=0.03555 CO2(scaled)=0.00217 CO2_weight=1.00 guide_w=3.22 Walls=0.00179(x10) g_ns/g_walls=0.158 Windows=0.00113 Doors=0.00005 IC=0.00000 CO2_BC=0.00032 LR=7.09e-04 nu=0.01 NSraw=0.07069 alpha(W1/W8/all)=0.59/0.39/0.48 | 0.84 it/s
[Iter 06550/20000] Total=0.11044 | NS=0.08088 CO2(scaled)=0.00285 CO2_weight=1.00 guide_w=3.22 Walls=0.00254(x10) g_ns/g_walls=0.158 Windows=0.00103 Doors=0.00006 IC=0.00000 CO2_BC=0.00021 LR=7.08e-04 nu=0.01 NSraw=0.2691 alpha(W1/W8/all)=0.59/0.39/0.48 | 0.84 it/s
[Iter 06560/20000] Total=0.09292 | NS=0.07850 CO2(scaled)=0.00280 CO2_weight=1.00 guide_w=3.22 Walls=0.00100(x10) g_ns/g_walls=0.158 Windows=0.00133 Doors=0.00004 IC=0.00000 CO2_BC=0.00022 LR=7.08e-04 nu=0.01 NSraw=0.3352 alpha(W1/W8/all)=0.59/0.39/0.48 | 0.84 it/s
[Iter 06570/20000] Total=0.03986 | NS=0.02306 CO2(scaled)=0.00302 CO2_weight=1.00 guide_w=3.22 Walls=0.00120(x10) g_ns/g_walls=0.158 Windows=0.00153 Doors=0.00006 IC=0.00000 CO2_BC=0.00016 LR=7.07e-04 nu=0.01 NSraw=0.03432 alpha(W1/W8/all)=0.59/0.39/0.48 | 0.84 it/s
[Iter 06580/20000] Total=0.09182 | NS=0.07627 CO2(scaled)=0.00178 CO2_weight=1.00 guide_w=3.22 Walls=0.00120(x10) g_ns/g_walls=0.158 Windows=0.00151 Doors=0.00005 IC=0.00000 CO2_BC=0.00019 LR=7.07e-04 nu=0.01 NSraw=0.2638 alpha(W1/W8/all)=0.59/0.39/0.48 | 0.84 it/s
[Iter 06590/20000] Total=0.45084 | NS=0.37063 CO2(scaled)=0.00183 CO2_weight=1.00 guide_w=3.22 Walls=0.00760(x10) g_ns/g_walls=0.158 Windows=0.00200 Doors=0.00019 IC=0.00000 CO2_BC=0.00024 LR=7.07e-04 nu=0.01 NSraw=10.69 alpha(W1/W8/all)=0.59/0.39/0.48 | 0.84 it/s
[Iter 06600/20000] Total=0.27457 | NS=0.24518 CO2(scaled)=0.00231 CO2_weight=1.00 guide_w=24.4 Walls=0.00252(x10) g_ns/g_walls=3.96 Windows=0.00157 Doors=0.00011 IC=0.00000 CO2_BC=0.00023 LR=7.06e-04 nu=0.01 NSraw=9.924 alpha(W1/W8/all)=0.59/0.39/0.48 | 0.84 it/s
[Iter 06610/20000] Total=0.15427 | NS=0.10778 CO2(scaled)=0.00260 CO2_weight=1.00 guide_w=24.4 Walls=0.00405(x10) g_ns/g_walls=3.96 Windows=0.00324 Doors=0.00003 IC=0.00000 CO2_BC=0.00015 LR=7.06e-04 nu=0.01 NSraw=0.6451 alpha(W1/W8/all)=0.59/0.39/0.48 | 0.84 it/s
[Iter 06620/20000] Total=0.07860 | NS=0.04845 CO2(scaled)=0.00171 CO2_weight=1.00 guide_w=24.4 Walls=0.00268(x10) g_ns/g_walls=3.96 Windows=0.00139 Doors=0.00003 IC=0.00000 CO2_BC=0.00022 LR=7.06e-04 nu=0.01 NSraw=0.09969 alpha(W1/W8/all)=0.59/0.39/0.48 | 0.84 it/s
[Iter 06630/20000] Total=0.08544 | NS=0.05172 CO2(scaled)=0.00504 CO2_weight=1.00 guide_w=24.4 Walls=0.00253(x10) g_ns/g_walls=3.96 Windows=0.00309 Doors=0.00003 IC=0.00000 CO2_BC=0.00024 LR=7.05e-04 nu=0.01 NSraw=0.1545 alpha(W1/W8/all)=0.59/0.39/0.48 | 0.84 it/s
[Iter 06640/20000] Total=0.14912 | NS=0.11551 CO2(scaled)=0.00489 CO2_weight=1.00 guide_w=24.4 Walls=0.00209(x10) g_ns/g_walls=3.96 Windows=0.00759 Doors=0.00007 IC=0.00000 CO2_BC=0.00020 LR=7.05e-04 nu=0.01 NSraw=0.5088 alpha(W1/W8/all)=0.59/0.39/0.48 | 0.84 it/s
[Iter 06650/20000] Total=0.04840 | NS=0.03137 CO2(scaled)=0.00211 CO2_weight=1.00 guide_w=24.4 Walls=0.00137(x10) g_ns/g_walls=3.96 Windows=0.00100 Doors=0.00002 IC=0.00000 CO2_BC=0.00023 LR=7.04e-04 nu=0.01 NSraw=0.07078 alpha(W1/W8/all)=0.59/0.39/0.48 | 0.84 it/s
[Iter 06660/20000] Total=0.03214 | NS=0.01819 CO2(scaled)=0.00194 CO2_weight=1.00 guide_w=24.4 Walls=0.00109(x10) g_ns/g_walls=3.96 Windows=0.00086 Doors=0.00002 IC=0.00000 CO2_BC=0.00023 LR=7.04e-04 nu=0.01 NSraw=0.02187 alpha(W1/W8/all)=0.59/0.39/0.48 | 0.84 it/s
[Iter 06670/20000] Total=0.13472 | NS=0.12155 CO2(scaled)=0.00277 CO2_weight=1.00 guide_w=24.4 Walls=0.00093(x10) g_ns/g_walls=3.96 Windows=0.00083 Doors=0.00003 IC=0.00000 CO2_BC=0.00022 LR=7.04e-04 nu=0.01 NSraw=0.5113 alpha(W1/W8/all)=0.59/0.39/0.48 | 0.84 it/s
[Iter 06680/20000] Total=0.11127 | NS=0.07620 CO2(scaled)=0.00367 CO2_weight=1.00 guide_w=24.4 Walls=0.00295(x10) g_ns/g_walls=3.96 Windows=0.00157 Doors=0.00002 IC=0.00000 CO2_BC=0.00029 LR=7.03e-04 nu=0.01 NSraw=0.2644 alpha(W1/W8/all)=0.59/0.39/0.48 | 0.84 it/s
[Iter 06690/20000] Total=0.22418 | NS=0.18857 CO2(scaled)=0.00331 CO2_weight=1.00 guide_w=24.4 Walls=0.00300(x10) g_ns/g_walls=3.96 Windows=0.00205 Doors=0.00009 IC=0.00000 CO2_BC=0.00018 LR=7.03e-04 nu=0.01 NSraw=4.679 alpha(W1/W8/all)=0.59/0.39/0.48 | 0.84 it/s
[Iter 06700/20000] Total=0.13834 | NS=0.11999 CO2(scaled)=0.00175 CO2_weight=1.00 guide_w=5.9 Walls=0.00151(x10) g_ns/g_walls=0.497 Windows=0.00065 Doors=0.00059 IC=0.00000 CO2_BC=0.00021 LR=7.03e-04 nu=0.01 NSraw=0.4058 alpha(W1/W8/all)=0.59/0.39/0.48 | 0.84 it/s
[Iter 06710/20000] Total=0.11916 | NS=0.10092 CO2(scaled)=0.00257 CO2_weight=1.00 guide_w=5.9 Walls=0.00133(x10) g_ns/g_walls=0.497 Windows=0.00189 Doors=0.00024 IC=0.00000 CO2_BC=0.00025 LR=7.02e-04 nu=0.01 NSraw=0.393 alpha(W1/W8/all)=0.59/0.39/0.48 | 0.84 it/s
[Iter 06720/20000] Total=0.09753 | NS=0.07417 CO2(scaled)=0.00253 CO2_weight=1.00 guide_w=5.9 Walls=0.00192(x10) g_ns/g_walls=0.497 Windows=0.00143 Doors=0.00004 IC=0.00000 CO2_BC=0.00017 LR=7.02e-04 nu=0.01 NSraw=0.2552 alpha(W1/W8/all)=0.59/0.39/0.48 | 0.84 it/s
[Iter 06730/20000] Total=0.12341 | NS=0.07654 CO2(scaled)=0.00601 CO2_weight=1.00 guide_w=5.9 Walls=0.00384(x10) g_ns/g_walls=0.497 Windows=0.00220 Doors=0.00009 IC=0.00000 CO2_BC=0.00018 LR=7.01e-04 nu=0.01 NSraw=0.2397 alpha(W1/W8/all)=0.59/0.39/0.48 | 0.84 it/s
[Iter 06740/20000] Total=0.12323 | NS=0.10542 CO2(scaled)=0.00239 CO2_weight=1.00 guide_w=5.9 Walls=0.00140(x10) g_ns/g_walls=0.497 Windows=0.00112 Doors=0.00009 IC=0.00000 CO2_BC=0.00026 LR=7.01e-04 nu=0.01 NSraw=0.4424 alpha(W1/W8/all)=0.59/0.39/0.48 | 0.84 it/s
[Iter 06750/20000] Total=0.06661 | NS=0.04398 CO2(scaled)=0.00167 CO2_weight=1.00 guide_w=5.9 Walls=0.00198(x10) g_ns/g_walls=0.497 Windows=0.00091 Doors=0.00007 IC=0.00000 CO2_BC=0.00023 LR=7.01e-04 nu=0.01 NSraw=0.1267 alpha(W1/W8/all)=0.59/0.39/0.48 | 0.84 it/s
[Iter 06760/20000] Total=0.13899 | NS=0.12749 CO2(scaled)=0.00188 CO2_weight=1.00 guide_w=5.9 Walls=0.00085(x10) g_ns/g_walls=0.497 Windows=0.00084 Doors=0.00005 IC=0.00000 CO2_BC=0.00019 LR=7.00e-04 nu=0.01 NSraw=0.5994 alpha(W1/W8/all)=0.59/0.39/0.48 | 0.84 it/s
[Iter 06770/20000] Total=0.09568 | NS=0.07275 CO2(scaled)=0.00187 CO2_weight=1.00 guide_w=5.9 Walls=0.00195(x10) g_ns/g_walls=0.497 Windows=0.00135 Doors=0.00003 IC=0.00000 CO2_BC=0.00024 LR=7.00e-04 nu=0.01 NSraw=0.2684 alpha(W1/W8/all)=0.59/0.39/0.48 | 0.84 it/s
[Iter 06780/20000] Total=0.04260 | NS=0.02324 CO2(scaled)=0.00313 CO2_weight=1.00 guide_w=5.9 Walls=0.00148(x10) g_ns/g_walls=0.497 Windows=0.00118 Doors=0.00002 IC=0.00000 CO2_BC=0.00025 LR=7.00e-04 nu=0.01 NSraw=0.03135 alpha(W1/W8/all)=0.59/0.39/0.48 | 0.84 it/s
[Iter 06790/20000] Total=0.16483 | NS=0.13805 CO2(scaled)=0.00405 CO2_weight=1.00 guide_w=5.9 Walls=0.00202(x10) g_ns/g_walls=0.497 Windows=0.00231 Doors=0.00002 IC=0.00000 CO2_BC=0.00019 LR=6.99e-04 nu=0.01 NSraw=1.153 alpha(W1/W8/all)=0.59/0.39/0.48 | 0.84 it/s
[Iter 06800/20000] Total=0.09604 | NS=0.08134 CO2(scaled)=0.00169 CO2_weight=1.00 guide_w=5.19 Walls=0.00117(x10) g_ns/g_walls=0.925 Windows=0.00115 Doors=0.00003 IC=0.00000 CO2_BC=0.00014 LR=6.99e-04 nu=0.01 NSraw=0.3286 alpha(W1/W8/all)=0.59/0.39/0.48 | 0.84 it/s
[Iter 06810/20000] Total=0.15156 | NS=0.13217 CO2(scaled)=0.00327 CO2_weight=1.00 guide_w=5.19 Walls=0.00147(x10) g_ns/g_walls=0.925 Windows=0.00127 Doors=0.00002 IC=0.00000 CO2_BC=0.00017 LR=6.99e-04 nu=0.01 NSraw=0.5958 alpha(W1/W8/all)=0.59/0.39/0.48 | 0.84 it/s
[Iter 06820/20000] Total=0.09747 | NS=0.05842 CO2(scaled)=0.00182 CO2_weight=1.00 guide_w=5.19 Walls=0.00341(x10) g_ns/g_walls=0.925 Windows=0.00286 Doors=0.00002 IC=0.00000 CO2_BC=0.00026 LR=6.98e-04 nu=0.01 NSraw=0.2275 alpha(W1/W8/all)=0.59/0.39/0.48 | 0.84 it/s
[Iter 06830/20000] Total=0.12498 | NS=0.10505 CO2(scaled)=0.00234 CO2_weight=1.00 guide_w=5.19 Walls=0.00161(x10) g_ns/g_walls=0.925 Windows=0.00117 Doors=0.00003 IC=0.00000 CO2_BC=0.00026 LR=6.98e-04 nu=0.01 NSraw=0.3658 alpha(W1/W8/all)=0.59/0.39/0.48 | 0.84 it/s
[Iter 06840/20000] Total=0.05230 | NS=0.03316 CO2(scaled)=0.00143 CO2_weight=1.00 guide_w=5.19 Walls=0.00161(x10) g_ns/g_walls=0.925 Windows=0.00146 Doors=0.00003 IC=0.00000 CO2_BC=0.00014 LR=6.97e-04 nu=0.01 NSraw=0.06752 alpha(W1/W8/all)=0.59/0.39/0.48 | 0.84 it/s
[Iter 06850/20000] Total=0.07789 | NS=0.06216 CO2(scaled)=0.00246 CO2_weight=1.00 guide_w=5.19 Walls=0.00122(x10) g_ns/g_walls=0.925 Windows=0.00085 Doors=0.00004 IC=0.00000 CO2_BC=0.00018 LR=6.97e-04 nu=0.01 NSraw=0.2866 alpha(W1/W8/all)=0.59/0.39/0.48 | 0.84 it/s
[Iter 06860/20000] Total=0.09633 | NS=0.07725 CO2(scaled)=0.00194 CO2_weight=1.00 guide_w=5.19 Walls=0.00157(x10) g_ns/g_walls=0.925 Windows=0.00126 Doors=0.00007 IC=0.00000 CO2_BC=0.00016 LR=6.97e-04 nu=0.01 NSraw=0.2641 alpha(W1/W8/all)=0.59/0.39/0.48 | 0.84 it/s
[Iter 06870/20000] Total=0.27282 | NS=0.25494 CO2(scaled)=0.00367 CO2_weight=1.00 guide_w=5.19 Walls=0.00131(x10) g_ns/g_walls=0.925 Windows=0.00087 Doors=0.00005 IC=0.00000 CO2_BC=0.00017 LR=6.96e-04 nu=0.01 NSraw=6.159 alpha(W1/W8/all)=0.59/0.39/0.48 | 0.84 it/s
[Iter 06880/20000] Total=0.24310 | NS=0.22151 CO2(scaled)=0.00252 CO2_weight=1.00 guide_w=5.19 Walls=0.00167(x10) g_ns/g_walls=0.925 Windows=0.00218 Doors=0.00003 IC=0.00000 CO2_BC=0.00018 LR=6.96e-04 nu=0.01 NSraw=2.248 alpha(W1/W8/all)=0.59/0.39/0.48 | 0.84 it/s
[Iter 06890/20000] Total=0.40403 | NS=0.38025 CO2(scaled)=0.00203 CO2_weight=1.00 guide_w=5.19 Walls=0.00190(x10) g_ns/g_walls=0.925 Windows=0.00240 Doors=0.00005 IC=0.00000 CO2_BC=0.00026 LR=6.96e-04 nu=0.01 NSraw=15.06 alpha(W1/W8/all)=0.59/0.39/0.48 | 0.84 it/s
[Iter 06900/20000] Total=0.07715 | NS=0.04472 CO2(scaled)=0.00351 CO2_weight=1.00 guide_w=0.436 Walls=0.00264(x10) g_ns/g_walls=0.0753 Windows=0.00230 Doors=0.00003 IC=0.00000 CO2_BC=0.00018 LR=6.95e-04 nu=0.01 NSraw=0.158 alpha(W1/W8/all)=0.59/0.39/0.48 | 0.84 it/s
[Iter 06910/20000] Total=0.38384 | NS=0.35761 CO2(scaled)=0.00387 CO2_weight=1.00 guide_w=0.436 Walls=0.00209(x10) g_ns/g_walls=0.0753 Windows=0.00123 Doors=0.00007 IC=0.00000 CO2_BC=0.00013 LR=6.95e-04 nu=0.01 NSraw=17.02 alpha(W1/W8/all)=0.59/0.39/0.48 | 0.84 it/s
[Iter 06920/20000] Total=0.21470 | NS=0.18870 CO2(scaled)=0.00408 CO2_weight=1.00 guide_w=0.436 Walls=0.00175(x10) g_ns/g_walls=0.0753 Windows=0.00420 Doors=0.00002 IC=0.00000 CO2_BC=0.00017 LR=6.95e-04 nu=0.01 NSraw=2.128 alpha(W1/W8/all)=0.59/0.39/0.48 | 0.84 it/s
[Iter 06930/20000] Total=0.06237 | NS=0.04078 CO2(scaled)=0.00184 CO2_weight=1.00 guide_w=0.436 Walls=0.00183(x10) g_ns/g_walls=0.0753 Windows=0.00130 Doors=0.00003 IC=0.00000 CO2_BC=0.00015 LR=6.94e-04 nu=0.01 NSraw=0.0964 alpha(W1/W8/all)=0.59/0.39/0.48 | 0.84 it/s
[Iter 06940/20000] Total=0.39721 | NS=0.28944 CO2(scaled)=0.00273 CO2_weight=1.00 guide_w=0.436 Walls=0.01040(x10) g_ns/g_walls=0.0753 Windows=0.00085 Doors=0.00003 IC=0.00000 CO2_BC=0.00017 LR=6.94e-04 nu=0.01 NSraw=9.332 alpha(W1/W8/all)=0.59/0.39/0.48 | 0.84 it/s
[Iter 06950/20000] Total=0.20999 | NS=0.18957 CO2(scaled)=0.00264 CO2_weight=1.00 guide_w=0.436 Walls=0.00163(x10) g_ns/g_walls=0.0753 Windows=0.00125 Doors=0.00009 IC=0.00000 CO2_BC=0.00017 LR=6.93e-04 nu=0.01 NSraw=1.217 alpha(W1/W8/all)=0.59/0.39/0.48 | 0.84 it/s
[Iter 06960/20000] Total=0.10151 | NS=0.07999 CO2(scaled)=0.00257 CO2_weight=1.00 guide_w=0.436 Walls=0.00169(x10) g_ns/g_walls=0.0753 Windows=0.00175 Doors=0.00009 IC=0.00000 CO2_BC=0.00020 LR=6.93e-04 nu=0.01 NSraw=0.3168 alpha(W1/W8/all)=0.59/0.39/0.48 | 0.84 it/s
[Iter 06970/20000] Total=0.11907 | NS=0.10874 CO2(scaled)=0.00135 CO2_weight=1.00 guide_w=0.436 Walls=0.00082(x10) g_ns/g_walls=0.0753 Windows=0.00052 Doors=0.00006 IC=0.00000 CO2_BC=0.00015 LR=6.93e-04 nu=0.01 NSraw=0.9447 alpha(W1/W8/all)=0.59/0.39/0.48 | 0.84 it/s
[Iter 06980/20000] Total=0.14231 | NS=0.11676 CO2(scaled)=0.00159 CO2_weight=1.00 guide_w=0.436 Walls=0.00223(x10) g_ns/g_walls=0.0753 Windows=0.00154 Doors=0.00003 IC=0.00000 CO2_BC=0.00013 LR=6.92e-04 nu=0.01 NSraw=0.3964 alpha(W1/W8/all)=0.59/0.39/0.48 | 0.84 it/s
[Iter 06990/20000] Total=0.08640 | NS=0.04624 CO2(scaled)=0.00690 CO2_weight=1.00 guide_w=0.436 Walls=0.00317(x10) g_ns/g_walls=0.0753 Windows=0.00131 Doors=0.00003 IC=0.00000 CO2_BC=0.00018 LR=6.92e-04 nu=0.01 NSraw=0.1041 alpha(W1/W8/all)=0.59/0.39/0.48 | 0.84 it/s
[Iter 07000/20000] Total=0.18266 | NS=0.16055 CO2(scaled)=0.00245 CO2_weight=1.00 guide_w=6.43 Walls=0.00179(x10) g_ns/g_walls=1.1 Windows=0.00154 Doors=0.00003 IC=0.00000 CO2_BC=0.00020 LR=6.92e-04 nu=0.01 NSraw=2.276 alpha(W1/W8/all)=0.59/0.39/0.48 | 0.84 it/s
  -> saved checkpoint: /home/iai-labor/BuildingControlCFD/experiments/gnot/checkpoints/v24_fixedalpha/gnot_v24_fixedalpha_iter7000.pth
[Iter 07010/20000] Total=0.14801 | NS=0.12386 CO2(scaled)=0.00318 CO2_weight=1.00 guide_w=6.43 Walls=0.00194(x10) g_ns/g_walls=1.1 Windows=0.00135 Doors=0.00002 IC=0.00000 CO2_BC=0.00022 LR=6.91e-04 nu=0.01 NSraw=0.531 alpha(W1/W8/all)=0.59/0.39/0.48 | 0.83 it/s
[Iter 07020/20000] Total=0.18666 | NS=0.12318 CO2(scaled)=0.00444 CO2_weight=1.00 guide_w=6.43 Walls=0.00543(x10) g_ns/g_walls=1.1 Windows=0.00448 Doors=0.00004 IC=0.00000 CO2_BC=0.00027 LR=6.91e-04 nu=0.01 NSraw=0.5827 alpha(W1/W8/all)=0.59/0.39/0.48 | 0.83 it/s
[Iter 07030/20000] Total=0.09792 | NS=0.07598 CO2(scaled)=0.00231 CO2_weight=1.00 guide_w=6.43 Walls=0.00183(x10) g_ns/g_walls=1.1 Windows=0.00102 Doors=0.00004 IC=0.00000 CO2_BC=0.00023 LR=6.90e-04 nu=0.01 NSraw=0.3111 alpha(W1/W8/all)=0.59/0.39/0.48 | 0.83 it/s
[Iter 07040/20000] Total=0.24084 | NS=0.21031 CO2(scaled)=0.00277 CO2_weight=1.00 guide_w=6.43 Walls=0.00260(x10) g_ns/g_walls=1.1 Windows=0.00152 Doors=0.00003 IC=0.00000 CO2_BC=0.00019 LR=6.90e-04 nu=0.01 NSraw=2.368 alpha(W1/W8/all)=0.59/0.39/0.48 | 0.83 it/s
[Iter 07050/20000] Total=0.05711 | NS=0.04296 CO2(scaled)=0.00111 CO2_weight=1.00 guide_w=6.43 Walls=0.00116(x10) g_ns/g_walls=1.1 Windows=0.00121 Doors=0.00005 IC=0.00000 CO2_BC=0.00022 LR=6.90e-04 nu=0.01 NSraw=0.1384 alpha(W1/W8/all)=0.59/0.39/0.48 | 0.83 it/s
[Iter 07060/20000] Total=0.06893 | NS=0.05203 CO2(scaled)=0.00224 CO2_weight=1.00 guide_w=6.43 Walls=0.00137(x10) g_ns/g_walls=1.1 Windows=0.00079 Doors=0.00003 IC=0.00000 CO2_BC=0.00018 LR=6.89e-04 nu=0.01 NSraw=0.1792 alpha(W1/W8/all)=0.59/0.39/0.48 | 0.83 it/s
[Iter 07070/20000] Total=0.14103 | NS=0.10256 CO2(scaled)=0.00183 CO2_weight=1.00 guide_w=6.43 Walls=0.00333(x10) g_ns/g_walls=1.1 Windows=0.00305 Doors=0.00003 IC=0.00000 CO2_BC=0.00023 LR=6.89e-04 nu=0.01 NSraw=0.4709 alpha(W1/W8/all)=0.59/0.39/0.48 | 0.83 it/s
[Iter 07080/20000] Total=0.10724 | NS=0.08478 CO2(scaled)=0.00295 CO2_weight=1.00 guide_w=6.43 Walls=0.00179(x10) g_ns/g_walls=1.1 Windows=0.00143 Doors=0.00002 IC=0.00000 CO2_BC=0.00016 LR=6.89e-04 nu=0.01 NSraw=0.3377 alpha(W1/W8/all)=0.59/0.39/0.48 | 0.83 it/s
[Iter 07090/20000] Total=0.08116 | NS=0.06956 CO2(scaled)=0.00214 CO2_weight=1.00 guide_w=6.43 Walls=0.00081(x10) g_ns/g_walls=1.1 Windows=0.00104 Doors=0.00005 IC=0.00000 CO2_BC=0.00024 LR=6.88e-04 nu=0.01 NSraw=0.2592 alpha(W1/W8/all)=0.59/0.39/0.48 | 0.83 it/s
[Iter 07100/20000] Total=0.23458 | NS=0.20880 CO2(scaled)=0.00288 CO2_weight=1.00 guide_w=1.41 Walls=0.00210(x10) g_ns/g_walls=0.427 Windows=0.00170 Doors=0.00004 IC=0.00000 CO2_BC=0.00015 LR=6.88e-04 nu=0.01 NSraw=4.825 alpha(W1/W8/all)=0.59/0.39/0.48 | 0.83 it/s
[Iter 07110/20000] Total=0.14878 | NS=0.10563 CO2(scaled)=0.00486 CO2_weight=1.00 guide_w=1.41 Walls=0.00351(x10) g_ns/g_walls=0.427 Windows=0.00298 Doors=0.00003 IC=0.00000 CO2_BC=0.00022 LR=6.88e-04 nu=0.01 NSraw=0.5012 alpha(W1/W8/all)=0.59/0.39/0.48 | 0.83 it/s
[Iter 07120/20000] Total=0.27373 | NS=0.22159 CO2(scaled)=0.00819 CO2_weight=1.00 guide_w=1.41 Walls=0.00408(x10) g_ns/g_walls=0.427 Windows=0.00299 Doors=0.00004 IC=0.00000 CO2_BC=0.00016 LR=6.87e-04 nu=0.01 NSraw=6.203 alpha(W1/W8/all)=0.59/0.39/0.48 | 0.83 it/s
[Iter 07130/20000] Total=0.11952 | NS=0.07868 CO2(scaled)=0.00615 CO2_weight=1.00 guide_w=1.41 Walls=0.00317(x10) g_ns/g_walls=0.427 Windows=0.00268 Doors=0.00009 IC=0.00000 CO2_BC=0.00020 LR=6.87e-04 nu=0.01 NSraw=0.3099 alpha(W1/W8/all)=0.59/0.39/0.48 | 0.83 it/s
[Iter 07140/20000] Total=0.14375 | NS=0.13165 CO2(scaled)=0.00284 CO2_weight=1.00 guide_w=1.41 Walls=0.00080(x10) g_ns/g_walls=0.427 Windows=0.00097 Doors=0.00015 IC=0.00000 CO2_BC=0.00019 LR=6.87e-04 nu=0.01 NSraw=0.8237 alpha(W1/W8/all)=0.59/0.39/0.48 | 0.83 it/s
[Iter 07150/20000] Total=0.13560 | NS=0.12036 CO2(scaled)=0.00268 CO2_weight=1.00 guide_w=1.41 Walls=0.00113(x10) g_ns/g_walls=0.427 Windows=0.00098 Doors=0.00002 IC=0.00000 CO2_BC=0.00025 LR=6.86e-04 nu=0.01 NSraw=0.5099 alpha(W1/W8/all)=0.59/0.39/0.48 | 0.83 it/s
[Iter 07160/20000] Total=0.15994 | NS=0.14578 CO2(scaled)=0.00178 CO2_weight=1.00 guide_w=1.41 Walls=0.00110(x10) g_ns/g_walls=0.427 Windows=0.00111 Doors=0.00007 IC=0.00000 CO2_BC=0.00020 LR=6.86e-04 nu=0.01 NSraw=1.379 alpha(W1/W8/all)=0.59/0.39/0.48 | 0.83 it/s
[Iter 07170/20000] Total=0.13045 | NS=0.09515 CO2(scaled)=0.00159 CO2_weight=1.00 guide_w=1.41 Walls=0.00298(x10) g_ns/g_walls=0.427 Windows=0.00368 Doors=0.00003 IC=0.00000 CO2_BC=0.00021 LR=6.85e-04 nu=0.01 NSraw=0.4874 alpha(W1/W8/all)=0.59/0.39/0.48 | 0.83 it/s
[Iter 07180/20000] Total=0.09950 | NS=0.07629 CO2(scaled)=0.00125 CO2_weight=1.00 guide_w=1.41 Walls=0.00203(x10) g_ns/g_walls=0.427 Windows=0.00146 Doors=0.00002 IC=0.00000 CO2_BC=0.00016 LR=6.85e-04 nu=0.01 NSraw=0.2984 alpha(W1/W8/all)=0.59/0.39/0.48 | 0.83 it/s
[Iter 07190/20000] Total=0.24729 | NS=0.23709 CO2(scaled)=0.00209 CO2_weight=1.00 guide_w=1.41 Walls=0.00071(x10) g_ns/g_walls=0.427 Windows=0.00084 Doors=0.00003 IC=0.00000 CO2_BC=0.00020 LR=6.85e-04 nu=0.01 NSraw=6.913 alpha(W1/W8/all)=0.59/0.39/0.48 | 0.83 it/s
[Iter 07200/20000] Total=0.06517 | NS=0.05168 CO2(scaled)=0.00153 CO2_weight=1.00 guide_w=3.15 Walls=0.00107(x10) g_ns/g_walls=0.589 Windows=0.00104 Doors=0.00003 IC=0.00000 CO2_BC=0.00015 LR=6.84e-04 nu=0.01 NSraw=0.1745 alpha(W1/W8/all)=0.59/0.39/0.48 | 0.83 it/s
[Iter 07210/20000] Total=0.08894 | NS=0.07767 CO2(scaled)=0.00255 CO2_weight=1.00 guide_w=3.15 Walls=0.00077(x10) g_ns/g_walls=0.589 Windows=0.00086 Doors=0.00003 IC=0.00000 CO2_BC=0.00015 LR=6.84e-04 nu=0.01 NSraw=0.2944 alpha(W1/W8/all)=0.59/0.39/0.48 | 0.83 it/s
[Iter 07220/20000] Total=0.11482 | NS=0.09243 CO2(scaled)=0.00148 CO2_weight=1.00 guide_w=3.15 Walls=0.00198(x10) g_ns/g_walls=0.589 Windows=0.00093 Doors=0.00004 IC=0.00000 CO2_BC=0.00019 LR=6.84e-04 nu=0.01 NSraw=0.5538 alpha(W1/W8/all)=0.59/0.39/0.48 | 0.83 it/s
[Iter 07230/20000] Total=0.19715 | NS=0.17900 CO2(scaled)=0.00189 CO2_weight=1.00 guide_w=3.15 Walls=0.00151(x10) g_ns/g_walls=0.589 Windows=0.00084 Doors=0.00007 IC=0.00000 CO2_BC=0.00020 LR=6.83e-04 nu=0.01 NSraw=4.589 alpha(W1/W8/all)=0.59/0.39/0.48 | 0.83 it/s
[Iter 07240/20000] Total=0.20829 | NS=0.19390 CO2(scaled)=0.00219 CO2_weight=1.00 guide_w=3.15 Walls=0.00106(x10) g_ns/g_walls=0.589 Windows=0.00137 Doors=0.00006 IC=0.00000 CO2_BC=0.00021 LR=6.83e-04 nu=0.01 NSraw=2.045 alpha(W1/W8/all)=0.59/0.39/0.48 | 0.83 it/s
[Iter 07250/20000] Total=0.10655 | NS=0.08536 CO2(scaled)=0.00292 CO2_weight=1.00 guide_w=3.15 Walls=0.00170(x10) g_ns/g_walls=0.589 Windows=0.00106 Doors=0.00005 IC=0.00000 CO2_BC=0.00017 LR=6.83e-04 nu=0.01 NSraw=0.4433 alpha(W1/W8/all)=0.59/0.39/0.48 | 0.83 it/s
[Iter 07260/20000] Total=0.10937 | NS=0.09108 CO2(scaled)=0.00228 CO2_weight=1.00 guide_w=3.15 Walls=0.00138(x10) g_ns/g_walls=0.589 Windows=0.00186 Doors=0.00007 IC=0.00000 CO2_BC=0.00024 LR=6.82e-04 nu=0.01 NSraw=0.3623 alpha(W1/W8/all)=0.59/0.39/0.48 | 0.83 it/s
[Iter 07270/20000] Total=0.07713 | NS=0.06500 CO2(scaled)=0.00158 CO2_weight=1.00 guide_w=3.15 Walls=0.00095(x10) g_ns/g_walls=0.589 Windows=0.00082 Doors=0.00003 IC=0.00000 CO2_BC=0.00024 LR=6.82e-04 nu=0.01 NSraw=0.2301 alpha(W1/W8/all)=0.59/0.39/0.48 | 0.83 it/s
[Iter 07280/20000] Total=0.18263 | NS=0.14578 CO2(scaled)=0.00225 CO2_weight=1.00 guide_w=3.15 Walls=0.00315(x10) g_ns/g_walls=0.589 Windows=0.00295 Doors=0.00003 IC=0.00000 CO2_BC=0.00012 LR=6.81e-04 nu=0.01 NSraw=0.672 alpha(W1/W8/all)=0.59/0.39/0.48 | 0.83 it/s
[Iter 07290/20000] Total=0.13534 | NS=0.11159 CO2(scaled)=0.00267 CO2_weight=1.00 guide_w=3.15 Walls=0.00189(x10) g_ns/g_walls=0.589 Windows=0.00195 Doors=0.00002 IC=0.00000 CO2_BC=0.00018 LR=6.81e-04 nu=0.01 NSraw=0.5208 alpha(W1/W8/all)=0.59/0.39/0.48 | 0.83 it/s
[Iter 07300/20000] Total=0.16642 | NS=0.15154 CO2(scaled)=0.00146 CO2_weight=1.00 guide_w=135 Walls=0.00119(x10) g_ns/g_walls=6.39 Windows=0.00133 Doors=0.00003 IC=0.00000 CO2_BC=0.00015 LR=6.81e-04 nu=0.01 NSraw=2.114 alpha(W1/W8/all)=0.59/0.39/0.48 | 0.83 it/s
[Iter 07310/20000] Total=0.13065 | NS=0.11168 CO2(scaled)=0.00121 CO2_weight=1.00 guide_w=135 Walls=0.00161(x10) g_ns/g_walls=6.39 Windows=0.00150 Doors=0.00003 IC=0.00000 CO2_BC=0.00013 LR=6.80e-04 nu=0.01 NSraw=0.5291 alpha(W1/W8/all)=0.59/0.39/0.48 | 0.83 it/s
[Iter 07320/20000] Total=0.13890 | NS=0.11146 CO2(scaled)=0.00351 CO2_weight=1.00 guide_w=135 Walls=0.00212(x10) g_ns/g_walls=6.39 Windows=0.00249 Doors=0.00005 IC=0.00000 CO2_BC=0.00017 LR=6.80e-04 nu=0.01 NSraw=0.3532 alpha(W1/W8/all)=0.59/0.39/0.48 | 0.83 it/s
[Iter 07330/20000] Total=0.29585 | NS=0.26874 CO2(scaled)=0.00170 CO2_weight=1.00 guide_w=135 Walls=0.00231(x10) g_ns/g_walls=6.39 Windows=0.00209 Doors=0.00004 IC=0.00000 CO2_BC=0.00017 LR=6.80e-04 nu=0.01 NSraw=8.92 alpha(W1/W8/all)=0.59/0.39/0.48 | 0.83 it/s
[Iter 07340/20000] Total=0.06698 | NS=0.04947 CO2(scaled)=0.00296 CO2_weight=1.00 guide_w=135 Walls=0.00134(x10) g_ns/g_walls=6.39 Windows=0.00093 Doors=0.00003 IC=0.00000 CO2_BC=0.00014 LR=6.79e-04 nu=0.01 NSraw=0.196 alpha(W1/W8/all)=0.59/0.39/0.48 | 0.83 it/s
[Iter 07350/20000] Total=0.32550 | NS=0.27454 CO2(scaled)=0.00294 CO2_weight=1.00 guide_w=135 Walls=0.00428(x10) g_ns/g_walls=6.39 Windows=0.00499 Doors=0.00003 IC=0.00000 CO2_BC=0.00019 LR=6.79e-04 nu=0.01 NSraw=4.814 alpha(W1/W8/all)=0.59/0.39/0.48 | 0.83 it/s
[Iter 07360/20000] Total=0.07366 | NS=0.06238 CO2(scaled)=0.00183 CO2_weight=1.00 guide_w=135 Walls=0.00084(x10) g_ns/g_walls=6.39 Windows=0.00092 Doors=0.00003 IC=0.00000 CO2_BC=0.00014 LR=6.79e-04 nu=0.01 NSraw=0.3186 alpha(W1/W8/all)=0.59/0.39/0.48 | 0.83 it/s
[Iter 07370/20000] Total=0.11643 | NS=0.09635 CO2(scaled)=0.00272 CO2_weight=1.00 guide_w=135 Walls=0.00158(x10) g_ns/g_walls=6.39 Windows=0.00131 Doors=0.00003 IC=0.00000 CO2_BC=0.00022 LR=6.78e-04 nu=0.01 NSraw=0.4065 alpha(W1/W8/all)=0.59/0.39/0.48 | 0.83 it/s
[Iter 07380/20000] Total=0.54265 | NS=0.48453 CO2(scaled)=0.00223 CO2_weight=1.00 guide_w=135 Walls=0.00516(x10) g_ns/g_walls=6.39 Windows=0.00405 Doors=0.00006 IC=0.00000 CO2_BC=0.00016 LR=6.78e-04 nu=0.01 NSraw=28.77 alpha(W1/W8/all)=0.59/0.39/0.48 | 0.83 it/s
[Iter 07390/20000] Total=0.23638 | NS=0.21758 CO2(scaled)=0.00176 CO2_weight=1.00 guide_w=135 Walls=0.00153(x10) g_ns/g_walls=6.39 Windows=0.00153 Doors=0.00003 IC=0.00000 CO2_BC=0.00016 LR=6.78e-04 nu=0.01 NSraw=5.725 alpha(W1/W8/all)=0.59/0.39/0.48 | 0.83 it/s
[Iter 07400/20000] Total=0.04913 | NS=0.03787 CO2(scaled)=0.00170 CO2_weight=1.00 guide_w=0.288 Walls=0.00084(x10) g_ns/g_walls=0.0758 Windows=0.00089 Doors=0.00004 IC=0.00000 CO2_BC=0.00019 LR=6.77e-04 nu=0.01 NSraw=0.1054 alpha(W1/W8/all)=0.59/0.39/0.48 | 0.83 it/s
[Iter 07410/20000] Total=0.29058 | NS=0.27381 CO2(scaled)=0.00126 CO2_weight=1.00 guide_w=0.288 Walls=0.00140(x10) g_ns/g_walls=0.0758 Windows=0.00129 Doors=0.00003 IC=0.00000 CO2_BC=0.00019 LR=6.77e-04 nu=0.01 NSraw=3.873 alpha(W1/W8/all)=0.59/0.39/0.48 | 0.83 it/s
[Iter 07420/20000] Total=0.16637 | NS=0.11192 CO2(scaled)=0.00173 CO2_weight=1.00 guide_w=0.288 Walls=0.00478(x10) g_ns/g_walls=0.0758 Windows=0.00467 Doors=0.00004 IC=0.00000 CO2_BC=0.00022 LR=6.76e-04 nu=0.01 NSraw=1.075 alpha(W1/W8/all)=0.59/0.39/0.48 | 0.83 it/s
[Iter 07430/20000] Total=0.46614 | NS=0.45335 CO2(scaled)=0.00136 CO2_weight=1.00 guide_w=0.288 Walls=0.00103(x10) g_ns/g_walls=0.0758 Windows=0.00086 Doors=0.00003 IC=0.00000 CO2_BC=0.00020 LR=6.76e-04 nu=0.01 NSraw=31.95 alpha(W1/W8/all)=0.59/0.39/0.48 | 0.83 it/s
[Iter 07440/20000] Total=0.18169 | NS=0.13471 CO2(scaled)=0.00352 CO2_weight=1.00 guide_w=0.288 Walls=0.00405(x10) g_ns/g_walls=0.0758 Windows=0.00266 Doors=0.00013 IC=0.00000 CO2_BC=0.00016 LR=6.76e-04 nu=0.01 NSraw=0.931 alpha(W1/W8/all)=0.59/0.39/0.48 | 0.83 it/s
[Iter 07450/20000] Total=0.27669 | NS=0.25690 CO2(scaled)=0.00238 CO2_weight=1.00 guide_w=0.288 Walls=0.00162(x10) g_ns/g_walls=0.0758 Windows=0.00090 Doors=0.00004 IC=0.00000 CO2_BC=0.00023 LR=6.75e-04 nu=0.01 NSraw=6.021 alpha(W1/W8/all)=0.59/0.39/0.48 | 0.83 it/s
[Iter 07460/20000] Total=0.15184 | NS=0.12780 CO2(scaled)=0.00351 CO2_weight=1.00 guide_w=0.288 Walls=0.00183(x10) g_ns/g_walls=0.0758 Windows=0.00191 Doors=0.00008 IC=0.00000 CO2_BC=0.00023 LR=6.75e-04 nu=0.01 NSraw=0.5992 alpha(W1/W8/all)=0.59/0.39/0.48 | 0.83 it/s
[Iter 07470/20000] Total=0.62170 | NS=0.59084 CO2(scaled)=0.00193 CO2_weight=1.00 guide_w=0.288 Walls=0.00250(x10) g_ns/g_walls=0.0758 Windows=0.00347 Doors=0.00031 IC=0.00000 CO2_BC=0.00019 LR=6.75e-04 nu=0.01 NSraw=53.37 alpha(W1/W8/all)=0.59/0.39/0.48 | 0.83 it/s
[Iter 07480/20000] Total=0.05938 | NS=0.04208 CO2(scaled)=0.00216 CO2_weight=1.00 guide_w=0.288 Walls=0.00139(x10) g_ns/g_walls=0.0758 Windows=0.00093 Doors=0.00016 IC=0.00000 CO2_BC=0.00016 LR=6.74e-04 nu=0.01 NSraw=0.09201 alpha(W1/W8/all)=0.59/0.39/0.48 | 0.83 it/s
[Iter 07490/20000] Total=0.22628 | NS=0.21370 CO2(scaled)=0.00151 CO2_weight=1.00 guide_w=0.288 Walls=0.00101(x10) g_ns/g_walls=0.0758 Windows=0.00077 Doors=0.00005 IC=0.00000 CO2_BC=0.00015 LR=6.74e-04 nu=0.01 NSraw=0.992 alpha(W1/W8/all)=0.59/0.39/0.48 | 0.83 it/s
[Iter 07500/20000] Total=0.08644 | NS=0.06543 CO2(scaled)=0.00308 CO2_weight=1.00 guide_w=0.886 Walls=0.00166(x10) g_ns/g_walls=0.258 Windows=0.00110 Doors=0.00008 IC=0.00000 CO2_BC=0.00015 LR=6.74e-04 nu=0.01 NSraw=0.1865 alpha(W1/W8/all)=0.59/0.39/0.48 | 0.83 it/s
[Iter 07510/20000] Total=0.08963 | NS=0.05434 CO2(scaled)=0.00164 CO2_weight=1.00 guide_w=0.886 Walls=0.00306(x10) g_ns/g_walls=0.258 Windows=0.00286 Doors=0.00004 IC=0.00000 CO2_BC=0.00018 LR=6.73e-04 nu=0.01 NSraw=0.267 alpha(W1/W8/all)=0.59/0.39/0.48 | 0.83 it/s
[Iter 07520/20000] Total=0.34031 | NS=0.32010 CO2(scaled)=0.00199 CO2_weight=1.00 guide_w=0.886 Walls=0.00160(x10) g_ns/g_walls=0.258 Windows=0.00203 Doors=0.00003 IC=0.00000 CO2_BC=0.00020 LR=6.73e-04 nu=0.01 NSraw=15.27 alpha(W1/W8/all)=0.59/0.39/0.48 | 0.83 it/s
[Iter 07530/20000] Total=0.12491 | NS=0.03824 CO2(scaled)=0.00281 CO2_weight=1.00 guide_w=0.886 Walls=0.00748(x10) g_ns/g_walls=0.258 Windows=0.00886 Doors=0.00004 IC=0.00000 CO2_BC=0.00012 LR=6.73e-04 nu=0.01 NSraw=0.09286 alpha(W1/W8/all)=0.59/0.39/0.48 | 0.83 it/s
[Iter 07540/20000] Total=0.11790 | NS=0.10594 CO2(scaled)=0.00146 CO2_weight=1.00 guide_w=0.886 Walls=0.00094(x10) g_ns/g_walls=0.258 Windows=0.00086 Doors=0.00006 IC=0.00000 CO2_BC=0.00016 LR=6.72e-04 nu=0.01 NSraw=0.8016 alpha(W1/W8/all)=0.59/0.39/0.48 | 0.83 it/s
[Iter 07550/20000] Total=0.15657 | NS=0.13812 CO2(scaled)=0.00229 CO2_weight=1.00 guide_w=0.886 Walls=0.00150(x10) g_ns/g_walls=0.258 Windows=0.00096 Doors=0.00004 IC=0.00000 CO2_BC=0.00019 LR=6.72e-04 nu=0.01 NSraw=1.983 alpha(W1/W8/all)=0.59/0.39/0.48 | 0.83 it/s
[Iter 07560/20000] Total=0.13392 | NS=0.08401 CO2(scaled)=0.00947 CO2_weight=1.00 guide_w=0.886 Walls=0.00352(x10) g_ns/g_walls=0.258 Windows=0.00493 Doors=0.00008 IC=0.00000 CO2_BC=0.00019 LR=6.71e-04 nu=0.01 NSraw=0.5945 alpha(W1/W8/all)=0.59/0.39/0.48 | 0.83 it/s
[Iter 07570/20000] Total=0.14435 | NS=0.11634 CO2(scaled)=0.00439 CO2_weight=1.00 guide_w=0.886 Walls=0.00197(x10) g_ns/g_walls=0.258 Windows=0.00364 Doors=0.00011 IC=0.00000 CO2_BC=0.00019 LR=6.71e-04 nu=0.01 NSraw=0.3653 alpha(W1/W8/all)=0.59/0.39/0.48 | 0.83 it/s
[Iter 07580/20000] Total=0.07295 | NS=0.05514 CO2(scaled)=0.00193 CO2_weight=1.00 guide_w=0.886 Walls=0.00139(x10) g_ns/g_walls=0.258 Windows=0.00169 Doors=0.00011 IC=0.00000 CO2_BC=0.00019 LR=6.71e-04 nu=0.01 NSraw=0.1488 alpha(W1/W8/all)=0.59/0.39/0.48 | 0.83 it/s
[Iter 07590/20000] Total=0.16833 | NS=0.15490 CO2(scaled)=0.00161 CO2_weight=1.00 guide_w=0.886 Walls=0.00105(x10) g_ns/g_walls=0.258 Windows=0.00106 Doors=0.00006 IC=0.00000 CO2_BC=0.00022 LR=6.70e-04 nu=0.01 NSraw=2.216 alpha(W1/W8/all)=0.59/0.39/0.48 | 0.83 it/s
[Iter 07600/20000] Total=0.06967 | NS=0.05480 CO2(scaled)=0.00229 CO2_weight=1.00 guide_w=1.08 Walls=0.00112(x10) g_ns/g_walls=0.215 Windows=0.00106 Doors=0.00010 IC=0.00000 CO2_BC=0.00022 LR=6.70e-04 nu=0.01 NSraw=0.2558 alpha(W1/W8/all)=0.59/0.39/0.48 | 0.83 it/s
[Iter 07610/20000] Total=0.15324 | NS=0.11408 CO2(scaled)=0.00293 CO2_weight=1.00 guide_w=1.08 Walls=0.00327(x10) g_ns/g_walls=0.215 Windows=0.00330 Doors=0.00004 IC=0.00000 CO2_BC=0.00015 LR=6.70e-04 nu=0.01 NSraw=0.9961 alpha(W1/W8/all)=0.59/0.39/0.48 | 0.83 it/s
[Iter 07620/20000] Total=0.06780 | NS=0.04460 CO2(scaled)=0.00170 CO2_weight=1.00 guide_w=1.08 Walls=0.00201(x10) g_ns/g_walls=0.215 Windows=0.00118 Doors=0.00004 IC=0.00000 CO2_BC=0.00020 LR=6.69e-04 nu=0.01 NSraw=0.1459 alpha(W1/W8/all)=0.59/0.39/0.48 | 0.83 it/s
[Iter 07630/20000] Total=0.26735 | NS=0.23431 CO2(scaled)=0.00430 CO2_weight=1.00 guide_w=1.08 Walls=0.00268(x10) g_ns/g_walls=0.215 Windows=0.00174 Doors=0.00005 IC=0.00000 CO2_BC=0.00012 LR=6.69e-04 nu=0.01 NSraw=3.762 alpha(W1/W8/all)=0.59/0.39/0.48 | 0.83 it/s
[Iter 07640/20000] Total=0.08615 | NS=0.03452 CO2(scaled)=0.00721 CO2_weight=1.00 guide_w=1.08 Walls=0.00408(x10) g_ns/g_walls=0.215 Windows=0.00334 Doors=0.00011 IC=0.00000 CO2_BC=0.00014 LR=6.69e-04 nu=0.01 NSraw=0.06476 alpha(W1/W8/all)=0.59/0.39/0.48 | 0.83 it/s
[Iter 07650/20000] Total=0.20897 | NS=0.18864 CO2(scaled)=0.00212 CO2_weight=1.00 guide_w=1.08 Walls=0.00172(x10) g_ns/g_walls=0.215 Windows=0.00083 Doors=0.00004 IC=0.00000 CO2_BC=0.00017 LR=6.68e-04 nu=0.01 NSraw=4.493 alpha(W1/W8/all)=0.59/0.39/0.48 | 0.83 it/s
[Iter 07660/20000] Total=0.10445 | NS=0.06518 CO2(scaled)=0.00192 CO2_weight=1.00 guide_w=1.08 Walls=0.00349(x10) g_ns/g_walls=0.215 Windows=0.00214 Doors=0.00005 IC=0.00000 CO2_BC=0.00026 LR=6.68e-04 nu=0.01 NSraw=0.2112 alpha(W1/W8/all)=0.59/0.39/0.48 | 0.83 it/s
[Iter 07670/20000] Total=0.09577 | NS=0.07797 CO2(scaled)=0.00238 CO2_weight=1.00 guide_w=1.08 Walls=0.00143(x10) g_ns/g_walls=0.215 Windows=0.00087 Doors=0.00003 IC=0.00000 CO2_BC=0.00019 LR=6.68e-04 nu=0.01 NSraw=0.2769 alpha(W1/W8/all)=0.59/0.39/0.48 | 0.83 it/s
[Iter 07680/20000] Total=0.13157 | NS=0.12031 CO2(scaled)=0.00171 CO2_weight=1.00 guide_w=1.08 Walls=0.00085(x10) g_ns/g_walls=0.215 Windows=0.00084 Doors=0.00003 IC=0.00000 CO2_BC=0.00017 LR=6.67e-04 nu=0.01 NSraw=0.5623 alpha(W1/W8/all)=0.59/0.39/0.48 | 0.83 it/s
[Iter 07690/20000] Total=0.12330 | NS=0.10429 CO2(scaled)=0.00257 CO2_weight=1.00 guide_w=1.08 Walls=0.00152(x10) g_ns/g_walls=0.215 Windows=0.00107 Doors=0.00003 IC=0.00000 CO2_BC=0.00018 LR=6.67e-04 nu=0.01 NSraw=0.5332 alpha(W1/W8/all)=0.59/0.39/0.48 | 0.83 it/s
[Iter 07700/20000] Total=0.09057 | NS=0.08165 CO2(scaled)=0.00187 CO2_weight=1.00 guide_w=1.39 Walls=0.00058(x10) g_ns/g_walls=0.339 Windows=0.00101 Doors=0.00006 IC=0.00000 CO2_BC=0.00018 LR=6.67e-04 nu=0.01 NSraw=0.3807 alpha(W1/W8/all)=0.59/0.39/0.48 | 0.83 it/s
[Iter 07710/20000] Total=0.11197 | NS=0.09562 CO2(scaled)=0.00216 CO2_weight=1.00 guide_w=1.39 Walls=0.00132(x10) g_ns/g_walls=0.339 Windows=0.00077 Doors=0.00003 IC=0.00000 CO2_BC=0.00022 LR=6.66e-04 nu=0.01 NSraw=0.3164 alpha(W1/W8/all)=0.59/0.39/0.48 | 0.83 it/s
[Iter 07720/20000] Total=0.12730 | NS=0.07816 CO2(scaled)=0.00140 CO2_weight=1.00 guide_w=1.39 Walls=0.00444(x10) g_ns/g_walls=0.339 Windows=0.00309 Doors=0.00005 IC=0.00000 CO2_BC=0.00018 LR=6.66e-04 nu=0.01 NSraw=0.285 alpha(W1/W8/all)=0.59/0.39/0.48 | 0.83 it/s
[Iter 07730/20000] Total=0.14361 | NS=0.12317 CO2(scaled)=0.00150 CO2_weight=1.00 guide_w=1.39 Walls=0.00173(x10) g_ns/g_walls=0.339 Windows=0.00143 Doors=0.00002 IC=0.00000 CO2_BC=0.00016 LR=6.65e-04 nu=0.01 NSraw=0.732 alpha(W1/W8/all)=0.59/0.39/0.48 | 0.83 it/s
[Iter 07740/20000] Total=0.10212 | NS=0.07556 CO2(scaled)=0.00205 CO2_weight=1.00 guide_w=1.39 Walls=0.00223(x10) g_ns/g_walls=0.339 Windows=0.00197 Doors=0.00005 IC=0.00000 CO2_BC=0.00016 LR=6.65e-04 nu=0.01 NSraw=0.4113 alpha(W1/W8/all)=0.59/0.39/0.48 | 0.83 it/s
[Iter 07750/20000] Total=0.06594 | NS=0.05100 CO2(scaled)=0.00127 CO2_weight=1.00 guide_w=1.39 Walls=0.00125(x10) g_ns/g_walls=0.339 Windows=0.00099 Doors=0.00004 IC=0.00000 CO2_BC=0.00013 LR=6.65e-04 nu=0.01 NSraw=0.167 alpha(W1/W8/all)=0.59/0.39/0.48 | 0.83 it/s
[Iter 07760/20000] Total=0.07808 | NS=0.06809 CO2(scaled)=0.00151 CO2_weight=1.00 guide_w=1.39 Walls=0.00075(x10) g_ns/g_walls=0.339 Windows=0.00078 Doors=0.00005 IC=0.00000 CO2_BC=0.00018 LR=6.64e-04 nu=0.01 NSraw=0.1989 alpha(W1/W8/all)=0.59/0.39/0.48 | 0.83 it/s
[Iter 07770/20000] Total=0.17673 | NS=0.10077 CO2(scaled)=0.00118 CO2_weight=1.00 guide_w=1.39 Walls=0.00673(x10) g_ns/g_walls=0.339 Windows=0.00723 Doors=0.00004 IC=0.00000 CO2_BC=0.00017 LR=6.64e-04 nu=0.01 NSraw=0.425 alpha(W1/W8/all)=0.59/0.39/0.48 | 0.83 it/s
[Iter 07780/20000] Total=0.17051 | NS=0.10652 CO2(scaled)=0.00229 CO2_weight=1.00 guide_w=1.39 Walls=0.00569(x10) g_ns/g_walls=0.339 Windows=0.00462 Doors=0.00003 IC=0.00000 CO2_BC=0.00017 LR=6.64e-04 nu=0.01 NSraw=0.4766 alpha(W1/W8/all)=0.59/0.39/0.48 | 0.83 it/s
[Iter 07790/20000] Total=0.11989 | NS=0.09855 CO2(scaled)=0.00245 CO2_weight=1.00 guide_w=1.39 Walls=0.00167(x10) g_ns/g_walls=0.339 Windows=0.00191 Doors=0.00014 IC=0.00000 CO2_BC=0.00015 LR=6.63e-04 nu=0.01 NSraw=0.3397 alpha(W1/W8/all)=0.59/0.39/0.48 | 0.83 it/s
[Iter 07800/20000] Total=0.04973 | NS=0.03498 CO2(scaled)=0.00143 CO2_weight=1.00 guide_w=0.478 Walls=0.00119(x10) g_ns/g_walls=0.0772 Windows=0.00112 Doors=0.00005 IC=0.00000 CO2_BC=0.00026 LR=6.63e-04 nu=0.01 NSraw=0.07381 alpha(W1/W8/all)=0.59/0.39/0.48 | 0.83 it/s
[Iter 07810/20000] Total=0.04516 | NS=0.03406 CO2(scaled)=0.00189 CO2_weight=1.00 guide_w=0.478 Walls=0.00081(x10) g_ns/g_walls=0.0772 Windows=0.00095 Doors=0.00003 IC=0.00000 CO2_BC=0.00009 LR=6.63e-04 nu=0.01 NSraw=0.07274 alpha(W1/W8/all)=0.59/0.39/0.48 | 0.83 it/s
[Iter 07820/20000] Total=0.09456 | NS=0.07484 CO2(scaled)=0.00285 CO2_weight=1.00 guide_w=0.478 Walls=0.00156(x10) g_ns/g_walls=0.0772 Windows=0.00112 Doors=0.00003 IC=0.00000 CO2_BC=0.00015 LR=6.62e-04 nu=0.01 NSraw=0.2567 alpha(W1/W8/all)=0.59/0.39/0.48 | 0.83 it/s
[Iter 07830/20000] Total=0.21484 | NS=0.19695 CO2(scaled)=0.00216 CO2_weight=1.00 guide_w=0.478 Walls=0.00146(x10) g_ns/g_walls=0.0772 Windows=0.00095 Doors=0.00002 IC=0.00000 CO2_BC=0.00016 LR=6.62e-04 nu=0.01 NSraw=1.604 alpha(W1/W8/all)=0.59/0.39/0.48 | 0.83 it/s
[Iter 07840/20000] Total=0.14760 | NS=0.13105 CO2(scaled)=0.00259 CO2_weight=1.00 guide_w=0.478 Walls=0.00125(x10) g_ns/g_walls=0.0772 Windows=0.00120 Doors=0.00002 IC=0.00000 CO2_BC=0.00023 LR=6.62e-04 nu=0.01 NSraw=0.803 alpha(W1/W8/all)=0.59/0.39/0.48 | 0.83 it/s
[Iter 07850/20000] Total=0.24677 | NS=0.22178 CO2(scaled)=0.00300 CO2_weight=1.00 guide_w=0.478 Walls=0.00207(x10) g_ns/g_walls=0.0772 Windows=0.00109 Doors=0.00002 IC=0.00000 CO2_BC=0.00021 LR=6.61e-04 nu=0.01 NSraw=7.147 alpha(W1/W8/all)=0.59/0.39/0.48 | 0.83 it/s
[Iter 07860/20000] Total=0.07431 | NS=0.05844 CO2(scaled)=0.00183 CO2_weight=1.00 guide_w=0.478 Walls=0.00127(x10) g_ns/g_walls=0.0772 Windows=0.00110 Doors=0.00004 IC=0.00000 CO2_BC=0.00020 LR=6.61e-04 nu=0.01 NSraw=0.1951 alpha(W1/W8/all)=0.59/0.39/0.48 | 0.83 it/s
[Iter 07870/20000] Total=0.25678 | NS=0.24462 CO2(scaled)=0.00192 CO2_weight=1.00 guide_w=0.478 Walls=0.00090(x10) g_ns/g_walls=0.0772 Windows=0.00095 Doors=0.00005 IC=0.00000 CO2_BC=0.00023 LR=6.61e-04 nu=0.01 NSraw=7.926 alpha(W1/W8/all)=0.59/0.39/0.48 | 0.83 it/s
[Iter 07880/20000] Total=0.11174 | NS=0.09877 CO2(scaled)=0.00144 CO2_weight=1.00 guide_w=0.478 Walls=0.00098(x10) g_ns/g_walls=0.0772 Windows=0.00153 Doors=0.00004 IC=0.00000 CO2_BC=0.00015 LR=6.60e-04 nu=0.01 NSraw=0.4141 alpha(W1/W8/all)=0.59/0.39/0.48 | 0.83 it/s
[Iter 07890/20000] Total=0.15803 | NS=0.14379 CO2(scaled)=0.00184 CO2_weight=1.00 guide_w=0.478 Walls=0.00112(x10) g_ns/g_walls=0.0772 Windows=0.00100 Doors=0.00005 IC=0.00000 CO2_BC=0.00014 LR=6.60e-04 nu=0.01 NSraw=0.8064 alpha(W1/W8/all)=0.59/0.39/0.48 | 0.83 it/s
[Iter 07900/20000] Total=0.12455 | NS=0.10069 CO2(scaled)=0.00249 CO2_weight=1.00 guide_w=1.97 Walls=0.00198(x10) g_ns/g_walls=0.433 Windows=0.00132 Doors=0.00003 IC=0.00000 CO2_BC=0.00019 LR=6.60e-04 nu=0.01 NSraw=0.3773 alpha(W1/W8/all)=0.59/0.39/0.48 | 0.83 it/s
[Iter 07910/20000] Total=0.03281 | NS=0.01938 CO2(scaled)=0.00149 CO2_weight=1.00 guide_w=1.97 Walls=0.00107(x10) g_ns/g_walls=0.433 Windows=0.00100 Doors=0.00003 IC=0.00000 CO2_BC=0.00019 LR=6.59e-04 nu=0.01 NSraw=0.0531 alpha(W1/W8/all)=0.59/0.39/0.48 | 0.83 it/s
[Iter 07920/20000] Total=0.16896 | NS=0.15482 CO2(scaled)=0.00194 CO2_weight=1.00 guide_w=1.97 Walls=0.00110(x10) g_ns/g_walls=0.433 Windows=0.00097 Doors=0.00004 IC=0.00000 CO2_BC=0.00016 LR=6.59e-04 nu=0.01 NSraw=1.428 alpha(W1/W8/all)=0.59/0.39/0.48 | 0.83 it/s
[Iter 07930/20000] Total=0.10532 | NS=0.09392 CO2(scaled)=0.00185 CO2_weight=1.00 guide_w=1.97 Walls=0.00087(x10) g_ns/g_walls=0.433 Windows=0.00063 Doors=0.00006 IC=0.00000 CO2_BC=0.00022 LR=6.59e-04 nu=0.01 NSraw=0.4043 alpha(W1/W8/all)=0.59/0.39/0.48 | 0.83 it/s
[Iter 07940/20000] Total=0.16352 | NS=0.14039 CO2(scaled)=0.00150 CO2_weight=1.00 guide_w=1.97 Walls=0.00208(x10) g_ns/g_walls=0.433 Windows=0.00067 Doors=0.00002 IC=0.00000 CO2_BC=0.00013 LR=6.58e-04 nu=0.01 NSraw=0.6463 alpha(W1/W8/all)=0.59/0.39/0.48 | 0.83 it/s
[Iter 07950/20000] Total=0.29441 | NS=0.27696 CO2(scaled)=0.00278 CO2_weight=1.00 guide_w=1.97 Walls=0.00135(x10) g_ns/g_walls=0.433 Windows=0.00091 Doors=0.00003 IC=0.00000 CO2_BC=0.00025 LR=6.58e-04 nu=0.01 NSraw=9.476 alpha(W1/W8/all)=0.59/0.39/0.48 | 0.83 it/s
[Iter 07960/20000] Total=0.20582 | NS=0.19513 CO2(scaled)=0.00169 CO2_weight=1.00 guide_w=1.97 Walls=0.00075(x10) g_ns/g_walls=0.433 Windows=0.00129 Doors=0.00005 IC=0.00000 CO2_BC=0.00019 LR=6.57e-04 nu=0.01 NSraw=1.898 alpha(W1/W8/all)=0.59/0.39/0.48 | 0.83 it/s
[Iter 07970/20000] Total=0.18031 | NS=0.16732 CO2(scaled)=0.00113 CO2_weight=1.00 guide_w=1.97 Walls=0.00109(x10) g_ns/g_walls=0.433 Windows=0.00070 Doors=0.00010 IC=0.00000 CO2_BC=0.00018 LR=6.57e-04 nu=0.01 NSraw=2.335 alpha(W1/W8/all)=0.59/0.39/0.48 | 0.83 it/s
[Iter 07980/20000] Total=0.11590 | NS=0.08167 CO2(scaled)=0.00201 CO2_weight=1.00 guide_w=1.97 Walls=0.00284(x10) g_ns/g_walls=0.433 Windows=0.00356 Doors=0.00008 IC=0.00000 CO2_BC=0.00013 LR=6.57e-04 nu=0.01 NSraw=0.2997 alpha(W1/W8/all)=0.59/0.39/0.48 | 0.83 it/s
[Iter 07990/20000] Total=0.10977 | NS=0.07598 CO2(scaled)=0.00123 CO2_weight=1.00 guide_w=1.97 Walls=0.00309(x10) g_ns/g_walls=0.433 Windows=0.00142 Doors=0.00008 IC=0.00000 CO2_BC=0.00014 LR=6.56e-04 nu=0.01 NSraw=0.3744 alpha(W1/W8/all)=0.59/0.39/0.48 | 0.83 it/s
[Iter 08000/20000] Total=0.09037 | NS=0.06953 CO2(scaled)=0.00140 CO2_weight=1.00 guide_w=26.7 Walls=0.00185(x10) g_ns/g_walls=1.9 Windows=0.00079 Doors=0.00002 IC=0.00000 CO2_BC=0.00013 LR=6.56e-04 nu=0.01 NSraw=0.2075 alpha(W1/W8/all)=0.59/0.39/0.48 | 0.83 it/s
  -> saved checkpoint: /home/iai-labor/BuildingControlCFD/experiments/gnot/checkpoints/v24_fixedalpha/gnot_v24_fixedalpha_iter8000.pth
[Iter 08010/20000] Total=0.18363 | NS=0.16454 CO2(scaled)=0.00253 CO2_weight=1.00 guide_w=26.7 Walls=0.00154(x10) g_ns/g_walls=1.9 Windows=0.00097 Doors=0.00002 IC=0.00000 CO2_BC=0.00018 LR=6.56e-04 nu=0.01 NSraw=1.219 alpha(W1/W8/all)=0.59/0.39/0.48 | 0.83 it/s
[Iter 08020/20000] Total=0.31459 | NS=0.26781 CO2(scaled)=0.00701 CO2_weight=1.00 guide_w=26.7 Walls=0.00376(x10) g_ns/g_walls=1.9 Windows=0.00196 Doors=0.00004 IC=0.00000 CO2_BC=0.00015 LR=6.55e-04 nu=0.01 NSraw=5.624 alpha(W1/W8/all)=0.59/0.39/0.48 | 0.83 it/s
[Iter 08030/20000] Total=0.15931 | NS=0.13342 CO2(scaled)=0.00311 CO2_weight=1.00 guide_w=26.7 Walls=0.00204(x10) g_ns/g_walls=1.9 Windows=0.00220 Doors=0.00002 IC=0.00000 CO2_BC=0.00017 LR=6.55e-04 nu=0.01 NSraw=0.979 alpha(W1/W8/all)=0.59/0.39/0.48 | 0.83 it/s
[Iter 08040/20000] Total=0.40446 | NS=0.38654 CO2(scaled)=0.00290 CO2_weight=1.00 guide_w=26.7 Walls=0.00131(x10) g_ns/g_walls=1.9 Windows=0.00165 Doors=0.00006 IC=0.00000 CO2_BC=0.00022 LR=6.55e-04 nu=0.01 NSraw=16.5 alpha(W1/W8/all)=0.59/0.39/0.48 | 0.83 it/s
[Iter 08050/20000] Total=0.08367 | NS=0.06557 CO2(scaled)=0.00604 CO2_weight=1.00 guide_w=26.7 Walls=0.00110(x10) g_ns/g_walls=1.9 Windows=0.00086 Doors=0.00004 IC=0.00000 CO2_BC=0.00017 LR=6.54e-04 nu=0.01 NSraw=0.2022 alpha(W1/W8/all)=0.59/0.39/0.48 | 0.83 it/s
[Iter 08060/20000] Total=0.11149 | NS=0.07989 CO2(scaled)=0.00427 CO2_weight=1.00 guide_w=26.7 Walls=0.00241(x10) g_ns/g_walls=1.9 Windows=0.00252 Doors=0.00047 IC=0.00000 CO2_BC=0.00023 LR=6.54e-04 nu=0.01 NSraw=0.2779 alpha(W1/W8/all)=0.59/0.39/0.48 | 0.83 it/s
[Iter 08070/20000] Total=0.06390 | NS=0.03572 CO2(scaled)=0.00294 CO2_weight=1.00 guide_w=26.7 Walls=0.00239(x10) g_ns/g_walls=1.9 Windows=0.00101 Doors=0.00011 IC=0.00000 CO2_BC=0.00020 LR=6.54e-04 nu=0.01 NSraw=0.0595 alpha(W1/W8/all)=0.59/0.39/0.48 | 0.83 it/s
[Iter 08080/20000] Total=0.21524 | NS=0.18934 CO2(scaled)=0.00217 CO2_weight=1.00 guide_w=26.7 Walls=0.00218(x10) g_ns/g_walls=1.9 Windows=0.00176 Doors=0.00005 IC=0.00000 CO2_BC=0.00013 LR=6.53e-04 nu=0.01 NSraw=3.72 alpha(W1/W8/all)=0.59/0.39/0.48 | 0.83 it/s
[Iter 08090/20000] Total=0.08653 | NS=0.06601 CO2(scaled)=0.00175 CO2_weight=1.00 guide_w=26.7 Walls=0.00169(x10) g_ns/g_walls=1.9 Windows=0.00157 Doors=0.00004 IC=0.00000 CO2_BC=0.00028 LR=6.53e-04 nu=0.01 NSraw=0.2581 alpha(W1/W8/all)=0.59/0.39/0.48 | 0.83 it/s
[Iter 08100/20000] Total=0.03916 | NS=0.02854 CO2(scaled)=0.00163 CO2_weight=1.00 guide_w=1.53 Walls=0.00078(x10) g_ns/g_walls=0.308 Windows=0.00099 Doors=0.00003 IC=0.00000 CO2_BC=0.00014 LR=6.53e-04 nu=0.01 NSraw=0.05844 alpha(W1/W8/all)=0.59/0.39/0.48 | 0.83 it/s
[Iter 08110/20000] Total=0.07065 | NS=0.03416 CO2(scaled)=0.00609 CO2_weight=1.00 guide_w=1.53 Walls=0.00280(x10) g_ns/g_walls=0.308 Windows=0.00219 Doors=0.00005 IC=0.00000 CO2_BC=0.00014 LR=6.52e-04 nu=0.01 NSraw=0.06281 alpha(W1/W8/all)=0.59/0.39/0.48 | 0.83 it/s
[Iter 08120/20000] Total=0.15889 | NS=0.12928 CO2(scaled)=0.00412 CO2_weight=1.00 guide_w=1.53 Walls=0.00238(x10) g_ns/g_walls=0.308 Windows=0.00145 Doors=0.00006 IC=0.00000 CO2_BC=0.00022 LR=6.52e-04 nu=0.01 NSraw=0.5353 alpha(W1/W8/all)=0.59/0.39/0.48 | 0.83 it/s
[Iter 08130/20000] Total=0.10993 | NS=0.07581 CO2(scaled)=0.00329 CO2_weight=1.00 guide_w=1.53 Walls=0.00276(x10) g_ns/g_walls=0.308 Windows=0.00299 Doors=0.00011 IC=0.00000 CO2_BC=0.00012 LR=6.52e-04 nu=0.01 NSraw=0.3462 alpha(W1/W8/all)=0.59/0.39/0.48 | 0.83 it/s
[Iter 08140/20000] Total=0.19077 | NS=0.17784 CO2(scaled)=0.00184 CO2_weight=1.00 guide_w=1.53 Walls=0.00100(x10) g_ns/g_walls=0.308 Windows=0.00076 Doors=0.00007 IC=0.00000 CO2_BC=0.00026 LR=6.51e-04 nu=0.01 NSraw=1.427 alpha(W1/W8/all)=0.59/0.39/0.48 | 0.83 it/s
[Iter 08150/20000] Total=0.16666 | NS=0.14434 CO2(scaled)=0.00177 CO2_weight=1.00 guide_w=1.53 Walls=0.00176(x10) g_ns/g_walls=0.308 Windows=0.00258 Doors=0.00008 IC=0.00000 CO2_BC=0.00027 LR=6.51e-04 nu=0.01 NSraw=1.183 alpha(W1/W8/all)=0.59/0.39/0.48 | 0.83 it/s
[Iter 08160/20000] Total=0.14638 | NS=0.13279 CO2(scaled)=0.00157 CO2_weight=1.00 guide_w=1.53 Walls=0.00108(x10) g_ns/g_walls=0.308 Windows=0.00102 Doors=0.00004 IC=0.00000 CO2_BC=0.00020 LR=6.51e-04 nu=0.01 NSraw=0.6805 alpha(W1/W8/all)=0.59/0.39/0.48 | 0.83 it/s
[Iter 08170/20000] Total=0.11230 | NS=0.06033 CO2(scaled)=0.00717 CO2_weight=1.00 guide_w=1.53 Walls=0.00412(x10) g_ns/g_walls=0.308 Windows=0.00337 Doors=0.00005 IC=0.00000 CO2_BC=0.00019 LR=6.50e-04 nu=0.01 NSraw=0.2903 alpha(W1/W8/all)=0.59/0.39/0.48 | 0.83 it/s
[Iter 08180/20000] Total=0.13120 | NS=0.04353 CO2(scaled)=0.01514 CO2_weight=1.00 guide_w=1.53 Walls=0.00682(x10) g_ns/g_walls=0.308 Windows=0.00404 Doors=0.00005 IC=0.00000 CO2_BC=0.00022 LR=6.50e-04 nu=0.01 NSraw=0.09399 alpha(W1/W8/all)=0.59/0.39/0.48 | 0.83 it/s
[Iter 08190/20000] Total=0.14778 | NS=0.12755 CO2(scaled)=0.00374 CO2_weight=1.00 guide_w=1.53 Walls=0.00149(x10) g_ns/g_walls=0.308 Windows=0.00133 Doors=0.00009 IC=0.00000 CO2_BC=0.00015 LR=6.50e-04 nu=0.01 NSraw=1.19 alpha(W1/W8/all)=0.59/0.39/0.48 | 0.83 it/s
[Iter 08200/20000] Total=0.08418 | NS=0.06608 CO2(scaled)=0.00209 CO2_weight=1.00 guide_w=1.34 Walls=0.00150(x10) g_ns/g_walls=0.393 Windows=0.00075 Doors=0.00004 IC=0.00000 CO2_BC=0.00021 LR=6.49e-04 nu=0.01 NSraw=0.2201 alpha(W1/W8/all)=0.59/0.39/0.48 | 0.82 it/s
[Iter 08210/20000] Total=0.24971 | NS=0.23256 CO2(scaled)=0.00183 CO2_weight=1.00 guide_w=1.34 Walls=0.00137(x10) g_ns/g_walls=0.393 Windows=0.00136 Doors=0.00004 IC=0.00000 CO2_BC=0.00018 LR=6.49e-04 nu=0.01 NSraw=8.912 alpha(W1/W8/all)=0.59/0.39/0.48 | 0.82 it/s
[Iter 08220/20000] Total=0.07210 | NS=0.05729 CO2(scaled)=0.00135 CO2_weight=1.00 guide_w=1.34 Walls=0.00121(x10) g_ns/g_walls=0.393 Windows=0.00110 Doors=0.00009 IC=0.00000 CO2_BC=0.00014 LR=6.49e-04 nu=0.01 NSraw=0.2015 alpha(W1/W8/all)=0.59/0.39/0.48 | 0.82 it/s
[Iter 08230/20000] Total=0.17061 | NS=0.15932 CO2(scaled)=0.00107 CO2_weight=1.00 guide_w=1.34 Walls=0.00093(x10) g_ns/g_walls=0.393 Windows=0.00064 Doors=0.00007 IC=0.00000 CO2_BC=0.00017 LR=6.48e-04 nu=0.01 NSraw=0.9951 alpha(W1/W8/all)=0.59/0.39/0.48 | 0.82 it/s
[Iter 08240/20000] Total=0.07463 | NS=0.05521 CO2(scaled)=0.00154 CO2_weight=1.00 guide_w=1.34 Walls=0.00166(x10) g_ns/g_walls=0.393 Windows=0.00107 Doors=0.00006 IC=0.00000 CO2_BC=0.00015 LR=6.48e-04 nu=0.01 NSraw=0.09325 alpha(W1/W8/all)=0.59/0.39/0.48 | 0.82 it/s
[Iter 08250/20000] Total=0.09499 | NS=0.06643 CO2(scaled)=0.00154 CO2_weight=1.00 guide_w=1.34 Walls=0.00239(x10) g_ns/g_walls=0.393 Windows=0.00287 Doors=0.00002 IC=0.00000 CO2_BC=0.00022 LR=6.48e-04 nu=0.01 NSraw=0.2623 alpha(W1/W8/all)=0.59/0.39/0.48 | 0.82 it/s
[Iter 08260/20000] Total=0.05168 | NS=0.02245 CO2(scaled)=0.00128 CO2_weight=1.00 guide_w=1.34 Walls=0.00253(x10) g_ns/g_walls=0.393 Windows=0.00242 Doors=0.00003 IC=0.00000 CO2_BC=0.00016 LR=6.47e-04 nu=0.01 NSraw=0.03824 alpha(W1/W8/all)=0.59/0.39/0.48 | 0.82 it/s
[Iter 08270/20000] Total=0.13392 | NS=0.12730 CO2(scaled)=0.00148 CO2_weight=1.00 guide_w=1.34 Walls=0.00045(x10) g_ns/g_walls=0.393 Windows=0.00050 Doors=0.00005 IC=0.00000 CO2_BC=0.00011 LR=6.47e-04 nu=0.01 NSraw=0.6998 alpha(W1/W8/all)=0.59/0.39/0.48 | 0.82 it/s
[Iter 08280/20000] Total=0.19872 | NS=0.17932 CO2(scaled)=0.00288 CO2_weight=1.00 guide_w=1.34 Walls=0.00146(x10) g_ns/g_walls=0.393 Windows=0.00177 Doors=0.00005 IC=0.00000 CO2_BC=0.00014 LR=6.46e-04 nu=0.01 NSraw=2.688 alpha(W1/W8/all)=0.59/0.39/0.48 | 0.82 it/s
[Iter 08290/20000] Total=0.08912 | NS=0.06940 CO2(scaled)=0.00148 CO2_weight=1.00 guide_w=1.34 Walls=0.00174(x10) g_ns/g_walls=0.393 Windows=0.00059 Doors=0.00006 IC=0.00000 CO2_BC=0.00015 LR=6.46e-04 nu=0.01 NSraw=0.1692 alpha(W1/W8/all)=0.59/0.39/0.48 | 0.82 it/s
[Iter 08300/20000] Total=0.07677 | NS=0.06089 CO2(scaled)=0.00128 CO2_weight=1.00 guide_w=6.18 Walls=0.00135(x10) g_ns/g_walls=0.611 Windows=0.00092 Doors=0.00002 IC=0.00000 CO2_BC=0.00016 LR=6.46e-04 nu=0.01 NSraw=0.2072 alpha(W1/W8/all)=0.59/0.39/0.48 | 0.82 it/s
[Iter 08310/20000] Total=0.13746 | NS=0.11542 CO2(scaled)=0.00157 CO2_weight=1.00 guide_w=6.18 Walls=0.00189(x10) g_ns/g_walls=0.611 Windows=0.00133 Doors=0.00009 IC=0.00000 CO2_BC=0.00017 LR=6.45e-04 nu=0.01 NSraw=0.527 alpha(W1/W8/all)=0.59/0.39/0.48 | 0.82 it/s
[Iter 08320/20000] Total=0.17928 | NS=0.16585 CO2(scaled)=0.00145 CO2_weight=1.00 guide_w=6.18 Walls=0.00110(x10) g_ns/g_walls=0.611 Windows=0.00071 Doors=0.00008 IC=0.00000 CO2_BC=0.00020 LR=6.45e-04 nu=0.01 NSraw=2.817 alpha(W1/W8/all)=0.59/0.39/0.48 | 0.82 it/s
[Iter 08330/20000] Total=0.10477 | NS=0.08555 CO2(scaled)=0.00196 CO2_weight=1.00 guide_w=6.18 Walls=0.00162(x10) g_ns/g_walls=0.611 Windows=0.00086 Doors=0.00006 IC=0.00000 CO2_BC=0.00017 LR=6.45e-04 nu=0.01 NSraw=0.3343 alpha(W1/W8/all)=0.59/0.39/0.48 | 0.82 it/s
[Iter 08340/20000] Total=0.19567 | NS=0.17144 CO2(scaled)=0.00328 CO2_weight=1.00 guide_w=6.18 Walls=0.00189(x10) g_ns/g_walls=0.611 Windows=0.00190 Doors=0.00003 IC=0.00000 CO2_BC=0.00010 LR=6.44e-04 nu=0.01 NSraw=1.453 alpha(W1/W8/all)=0.59/0.39/0.48 | 0.82 it/s
[Iter 08350/20000] Total=0.17393 | NS=0.14612 CO2(scaled)=0.00232 CO2_weight=1.00 guide_w=6.18 Walls=0.00239(x10) g_ns/g_walls=0.611 Windows=0.00135 Doors=0.00006 IC=0.00000 CO2_BC=0.00016 LR=6.44e-04 nu=0.01 NSraw=1.591 alpha(W1/W8/all)=0.59/0.39/0.48 | 0.82 it/s
[Iter 08360/20000] Total=0.12676 | NS=0.11374 CO2(scaled)=0.00232 CO2_weight=1.00 guide_w=6.18 Walls=0.00093(x10) g_ns/g_walls=0.611 Windows=0.00117 Doors=0.00004 IC=0.00000 CO2_BC=0.00018 LR=6.44e-04 nu=0.01 NSraw=0.4964 alpha(W1/W8/all)=0.59/0.39/0.48 | 0.82 it/s
[Iter 08370/20000] Total=0.08372 | NS=0.06667 CO2(scaled)=0.00218 CO2_weight=1.00 guide_w=6.18 Walls=0.00136(x10) g_ns/g_walls=0.611 Windows=0.00088 Doors=0.00007 IC=0.00000 CO2_BC=0.00036 LR=6.43e-04 nu=0.01 NSraw=0.2595 alpha(W1/W8/all)=0.59/0.39/0.48 | 0.82 it/s
[Iter 08380/20000] Total=0.07958 | NS=0.06157 CO2(scaled)=0.00152 CO2_weight=1.00 guide_w=6.18 Walls=0.00153(x10) g_ns/g_walls=0.611 Windows=0.00092 Doors=0.00012 IC=0.00000 CO2_BC=0.00012 LR=6.43e-04 nu=0.01 NSraw=0.2174 alpha(W1/W8/all)=0.59/0.39/0.48 | 0.82 it/s
[Iter 08390/20000] Total=0.14453 | NS=0.10170 CO2(scaled)=0.00315 CO2_weight=1.00 guide_w=6.18 Walls=0.00347(x10) g_ns/g_walls=0.611 Windows=0.00473 Doors=0.00005 IC=0.00000 CO2_BC=0.00017 LR=6.43e-04 nu=0.01 NSraw=0.3854 alpha(W1/W8/all)=0.59/0.39/0.48 | 0.82 it/s
[Iter 08400/20000] Total=0.12224 | NS=0.09970 CO2(scaled)=0.00180 CO2_weight=1.00 guide_w=1.03 Walls=0.00189(x10) g_ns/g_walls=0.114 Windows=0.00167 Doors=0.00005 IC=0.00000 CO2_BC=0.00011 LR=6.42e-04 nu=0.01 NSraw=0.4667 alpha(W1/W8/all)=0.59/0.39/0.48 | 0.82 it/s
[Iter 08410/20000] Total=0.05546 | NS=0.04093 CO2(scaled)=0.00140 CO2_weight=1.00 guide_w=1.03 Walls=0.00123(x10) g_ns/g_walls=0.114 Windows=0.00062 Doors=0.00005 IC=0.00000 CO2_BC=0.00016 LR=6.42e-04 nu=0.01 NSraw=0.08858 alpha(W1/W8/all)=0.59/0.39/0.48 | 0.82 it/s
[Iter 08420/20000] Total=0.06747 | NS=0.05716 CO2(scaled)=0.00151 CO2_weight=1.00 guide_w=1.03 Walls=0.00080(x10) g_ns/g_walls=0.114 Windows=0.00053 Doors=0.00008 IC=0.00000 CO2_BC=0.00016 LR=6.42e-04 nu=0.01 NSraw=0.1817 alpha(W1/W8/all)=0.59/0.39/0.48 | 0.82 it/s
[Iter 08430/20000] Total=0.09450 | NS=0.06957 CO2(scaled)=0.00210 CO2_weight=1.00 guide_w=1.03 Walls=0.00203(x10) g_ns/g_walls=0.114 Windows=0.00230 Doors=0.00005 IC=0.00000 CO2_BC=0.00015 LR=6.41e-04 nu=0.01 NSraw=0.2273 alpha(W1/W8/all)=0.59/0.39/0.48 | 0.82 it/s
[Iter 08440/20000] Total=0.14477 | NS=0.12281 CO2(scaled)=0.00230 CO2_weight=1.00 guide_w=1.03 Walls=0.00181(x10) g_ns/g_walls=0.114 Windows=0.00136 Doors=0.00003 IC=0.00000 CO2_BC=0.00016 LR=6.41e-04 nu=0.01 NSraw=0.7429 alpha(W1/W8/all)=0.59/0.39/0.48 | 0.82 it/s
[Iter 08450/20000] Total=0.10651 | NS=0.09557 CO2(scaled)=0.00225 CO2_weight=1.00 guide_w=1.03 Walls=0.00074(x10) g_ns/g_walls=0.114 Windows=0.00104 Doors=0.00002 IC=0.00000 CO2_BC=0.00027 LR=6.41e-04 nu=0.01 NSraw=0.382 alpha(W1/W8/all)=0.59/0.39/0.48 | 0.82 it/s
[Iter 08460/20000] Total=0.33235 | NS=0.30662 CO2(scaled)=0.00271 CO2_weight=1.00 guide_w=1.03 Walls=0.00209(x10) g_ns/g_walls=0.114 Windows=0.00182 Doors=0.00006 IC=0.00000 CO2_BC=0.00024 LR=6.40e-04 nu=0.01 NSraw=9.168 alpha(W1/W8/all)=0.59/0.39/0.48 | 0.82 it/s
[Iter 08470/20000] Total=0.09919 | NS=0.06274 CO2(scaled)=0.00260 CO2_weight=1.00 guide_w=1.03 Walls=0.00315(x10) g_ns/g_walls=0.114 Windows=0.00202 Doors=0.00003 IC=0.00000 CO2_BC=0.00029 LR=6.40e-04 nu=0.01 NSraw=0.2153 alpha(W1/W8/all)=0.59/0.39/0.48 | 0.82 it/s
[Iter 08480/20000] Total=0.13688 | NS=0.10599 CO2(scaled)=0.00371 CO2_weight=1.00 guide_w=1.03 Walls=0.00242(x10) g_ns/g_walls=0.114 Windows=0.00272 Doors=0.00004 IC=0.00000 CO2_BC=0.00021 LR=6.40e-04 nu=0.01 NSraw=0.5349 alpha(W1/W8/all)=0.59/0.39/0.48 | 0.82 it/s
[Iter 08490/20000] Total=0.06433 | NS=0.03638 CO2(scaled)=0.00188 CO2_weight=1.00 guide_w=1.03 Walls=0.00237(x10) g_ns/g_walls=0.114 Windows=0.00195 Doors=0.00003 IC=0.00000 CO2_BC=0.00036 LR=6.39e-04 nu=0.01 NSraw=0.08585 alpha(W1/W8/all)=0.59/0.39/0.48 | 0.82 it/s
[Iter 08500/20000] Total=0.22796 | NS=0.20391 CO2(scaled)=0.00436 CO2_weight=1.00 guide_w=13.6 Walls=0.00177(x10) g_ns/g_walls=3.09 Windows=0.00168 Doors=0.00003 IC=0.00000 CO2_BC=0.00024 LR=6.39e-04 nu=0.01 NSraw=7.356 alpha(W1/W8/all)=0.59/0.39/0.48 | 0.82 it/s
[Iter 08510/20000] Total=0.09804 | NS=0.07004 CO2(scaled)=0.00197 CO2_weight=1.00 guide_w=13.6 Walls=0.00237(x10) g_ns/g_walls=3.09 Windows=0.00194 Doors=0.00004 IC=0.00000 CO2_BC=0.00035 LR=6.39e-04 nu=0.01 NSraw=0.3039 alpha(W1/W8/all)=0.59/0.39/0.48 | 0.82 it/s
[Iter 08520/20000] Total=0.12293 | NS=0.08544 CO2(scaled)=0.00351 CO2_weight=1.00 guide_w=13.6 Walls=0.00305(x10) g_ns/g_walls=3.09 Windows=0.00311 Doors=0.00004 IC=0.00000 CO2_BC=0.00034 LR=6.38e-04 nu=0.01 NSraw=0.2917 alpha(W1/W8/all)=0.59/0.39/0.48 | 0.82 it/s
[Iter 08530/20000] Total=0.11503 | NS=0.10140 CO2(scaled)=0.00159 CO2_weight=1.00 guide_w=13.6 Walls=0.00111(x10) g_ns/g_walls=3.09 Windows=0.00063 Doors=0.00002 IC=0.00000 CO2_BC=0.00029 LR=6.38e-04 nu=0.01 NSraw=0.4346 alpha(W1/W8/all)=0.59/0.39/0.48 | 0.82 it/s
[Iter 08540/20000] Total=0.10352 | NS=0.08628 CO2(scaled)=0.00175 CO2_weight=1.00 guide_w=13.6 Walls=0.00139(x10) g_ns/g_walls=3.09 Windows=0.00135 Doors=0.00003 IC=0.00000 CO2_BC=0.00022 LR=6.38e-04 nu=0.01 NSraw=0.4723 alpha(W1/W8/all)=0.59/0.39/0.48 | 0.82 it/s
[Iter 08550/20000] Total=0.09912 | NS=0.08118 CO2(scaled)=0.00148 CO2_weight=1.00 guide_w=13.6 Walls=0.00140(x10) g_ns/g_walls=3.09 Windows=0.00212 Doors=0.00007 IC=0.00000 CO2_BC=0.00028 LR=6.37e-04 nu=0.01 NSraw=0.2772 alpha(W1/W8/all)=0.59/0.39/0.48 | 0.82 it/s
[Iter 08560/20000] Total=0.16081 | NS=0.12360 CO2(scaled)=0.00426 CO2_weight=1.00 guide_w=13.6 Walls=0.00313(x10) g_ns/g_walls=3.09 Windows=0.00142 Doors=0.00004 IC=0.00000 CO2_BC=0.00018 LR=6.37e-04 nu=0.01 NSraw=0.4932 alpha(W1/W8/all)=0.59/0.39/0.48 | 0.82 it/s
[Iter 08570/20000] Total=0.12324 | NS=0.10655 CO2(scaled)=0.00263 CO2_weight=1.00 guide_w=13.6 Walls=0.00126(x10) g_ns/g_walls=3.09 Windows=0.00129 Doors=0.00003 IC=0.00000 CO2_BC=0.00019 LR=6.37e-04 nu=0.01 NSraw=0.4278 alpha(W1/W8/all)=0.59/0.39/0.48 | 0.82 it/s
[Iter 08580/20000] Total=0.23844 | NS=0.20999 CO2(scaled)=0.00370 CO2_weight=1.00 guide_w=13.6 Walls=0.00235(x10) g_ns/g_walls=3.09 Windows=0.00105 Doors=0.00002 IC=0.00000 CO2_BC=0.00021 LR=6.36e-04 nu=0.01 NSraw=3.489 alpha(W1/W8/all)=0.59/0.39/0.48 | 0.82 it/s
[Iter 08590/20000] Total=0.06035 | NS=0.05021 CO2(scaled)=0.00178 CO2_weight=1.00 guide_w=13.6 Walls=0.00067(x10) g_ns/g_walls=3.09 Windows=0.00130 Doors=0.00001 IC=0.00000 CO2_BC=0.00032 LR=6.36e-04 nu=0.01 NSraw=0.186 alpha(W1/W8/all)=0.59/0.39/0.48 | 0.82 it/s
[Iter 08600/20000] Total=0.12213 | NS=0.10857 CO2(scaled)=0.00218 CO2_weight=1.00 guide_w=10.7 Walls=0.00101(x10) g_ns/g_walls=0.848 Windows=0.00092 Doors=0.00003 IC=0.00000 CO2_BC=0.00033 LR=6.36e-04 nu=0.01 NSraw=0.3768 alpha(W1/W8/all)=0.59/0.39/0.48 | 0.82 it/s
[Iter 08610/20000] Total=0.12632 | NS=0.09716 CO2(scaled)=0.00323 CO2_weight=1.00 guide_w=10.7 Walls=0.00238(x10) g_ns/g_walls=0.848 Windows=0.00170 Doors=0.00007 IC=0.00000 CO2_BC=0.00034 LR=6.35e-04 nu=0.01 NSraw=0.4315 alpha(W1/W8/all)=0.59/0.39/0.48 | 0.82 it/s
[Iter 08620/20000] Total=0.25476 | NS=0.24374 CO2(scaled)=0.00201 CO2_weight=1.00 guide_w=10.7 Walls=0.00080(x10) g_ns/g_walls=0.848 Windows=0.00075 Doors=0.00005 IC=0.00000 CO2_BC=0.00022 LR=6.35e-04 nu=0.01 NSraw=4.485 alpha(W1/W8/all)=0.59/0.39/0.48 | 0.82 it/s
[Iter 08630/20000] Total=0.14586 | NS=0.13098 CO2(scaled)=0.00179 CO2_weight=1.00 guide_w=10.7 Walls=0.00116(x10) g_ns/g_walls=0.848 Windows=0.00118 Doors=0.00005 IC=0.00000 CO2_BC=0.00021 LR=6.35e-04 nu=0.01 NSraw=0.6164 alpha(W1/W8/all)=0.59/0.39/0.48 | 0.82 it/s
[Iter 08640/20000] Total=0.30057 | NS=0.28609 CO2(scaled)=0.00267 CO2_weight=1.00 guide_w=10.7 Walls=0.00109(x10) g_ns/g_walls=0.848 Windows=0.00064 Doors=0.00003 IC=0.00000 CO2_BC=0.00020 LR=6.34e-04 nu=0.01 NSraw=5.734 alpha(W1/W8/all)=0.59/0.39/0.48 | 0.82 it/s
[Iter 08650/20000] Total=0.10752 | NS=0.07901 CO2(scaled)=0.00282 CO2_weight=1.00 guide_w=10.7 Walls=0.00215(x10) g_ns/g_walls=0.848 Windows=0.00399 Doors=0.00004 IC=0.00000 CO2_BC=0.00020 LR=6.34e-04 nu=0.01 NSraw=0.3913 alpha(W1/W8/all)=0.59/0.39/0.48 | 0.82 it/s
[Iter 08660/20000] Total=0.16921 | NS=0.14090 CO2(scaled)=0.00242 CO2_weight=1.00 guide_w=10.7 Walls=0.00236(x10) g_ns/g_walls=0.848 Windows=0.00183 Doors=0.00014 IC=0.00000 CO2_BC=0.00028 LR=6.34e-04 nu=0.01 NSraw=0.7021 alpha(W1/W8/all)=0.59/0.39/0.48 | 0.82 it/s
[Iter 08670/20000] Total=0.13797 | NS=0.11028 CO2(scaled)=0.00303 CO2_weight=1.00 guide_w=10.7 Walls=0.00227(x10) g_ns/g_walls=0.848 Windows=0.00162 Doors=0.00020 IC=0.00000 CO2_BC=0.00014 LR=6.33e-04 nu=0.01 NSraw=0.4896 alpha(W1/W8/all)=0.59/0.39/0.48 | 0.82 it/s
[Iter 08680/20000] Total=0.12600 | NS=0.10155 CO2(scaled)=0.00270 CO2_weight=1.00 guide_w=10.7 Walls=0.00173(x10) g_ns/g_walls=0.848 Windows=0.00413 Doors=0.00009 IC=0.00000 CO2_BC=0.00023 LR=6.33e-04 nu=0.01 NSraw=0.4497 alpha(W1/W8/all)=0.59/0.39/0.48 | 0.82 it/s
[Iter 08690/20000] Total=0.10305 | NS=0.08861 CO2(scaled)=0.00237 CO2_weight=1.00 guide_w=10.7 Walls=0.00113(x10) g_ns/g_walls=0.848 Windows=0.00057 Doors=0.00004 IC=0.00000 CO2_BC=0.00018 LR=6.33e-04 nu=0.01 NSraw=0.3946 alpha(W1/W8/all)=0.59/0.39/0.48 | 0.82 it/s
[Iter 08700/20000] Total=0.37270 | NS=0.33291 CO2(scaled)=0.00611 CO2_weight=1.00 guide_w=19.6 Walls=0.00298(x10) g_ns/g_walls=4.56 Windows=0.00364 Doors=0.00003 IC=0.00000 CO2_BC=0.00017 LR=6.32e-04 nu=0.01 NSraw=13.43 alpha(W1/W8/all)=0.59/0.39/0.48 | 0.82 it/s
[Iter 08710/20000] Total=0.08278 | NS=0.04277 CO2(scaled)=0.00167 CO2_weight=1.00 guide_w=19.6 Walls=0.00350(x10) g_ns/g_walls=4.56 Windows=0.00309 Doors=0.00005 IC=0.00000 CO2_BC=0.00015 LR=6.32e-04 nu=0.01 NSraw=0.1042 alpha(W1/W8/all)=0.59/0.39/0.48 | 0.82 it/s
[Iter 08720/20000] Total=0.11692 | NS=0.09409 CO2(scaled)=0.00282 CO2_weight=1.00 guide_w=19.6 Walls=0.00188(x10) g_ns/g_walls=4.56 Windows=0.00101 Doors=0.00002 IC=0.00000 CO2_BC=0.00021 LR=6.32e-04 nu=0.01 NSraw=0.5336 alpha(W1/W8/all)=0.59/0.39/0.48 | 0.82 it/s
[Iter 08730/20000] Total=0.16465 | NS=0.14522 CO2(scaled)=0.00250 CO2_weight=1.00 guide_w=19.6 Walls=0.00154(x10) g_ns/g_walls=4.56 Windows=0.00129 Doors=0.00007 IC=0.00000 CO2_BC=0.00015 LR=6.31e-04 nu=0.01 NSraw=0.8887 alpha(W1/W8/all)=0.59/0.39/0.48 | 0.82 it/s
[Iter 08740/20000] Total=0.14793 | NS=0.13643 CO2(scaled)=0.00159 CO2_weight=1.00 guide_w=19.6 Walls=0.00089(x10) g_ns/g_walls=4.56 Windows=0.00072 Doors=0.00003 IC=0.00000 CO2_BC=0.00023 LR=6.31e-04 nu=0.01 NSraw=0.8086 alpha(W1/W8/all)=0.59/0.39/0.48 | 0.82 it/s
[Iter 08750/20000] Total=0.10134 | NS=0.07552 CO2(scaled)=0.00159 CO2_weight=1.00 guide_w=19.6 Walls=0.00223(x10) g_ns/g_walls=4.56 Windows=0.00180 Doors=0.00003 IC=0.00000 CO2_BC=0.00011 LR=6.31e-04 nu=0.01 NSraw=0.2652 alpha(W1/W8/all)=0.59/0.39/0.48 | 0.82 it/s
[Iter 08760/20000] Total=0.07961 | NS=0.06069 CO2(scaled)=0.00236 CO2_weight=1.00 guide_w=19.6 Walls=0.00154(x10) g_ns/g_walls=4.56 Windows=0.00099 Doors=0.00003 IC=0.00000 CO2_BC=0.00013 LR=6.30e-04 nu=0.01 NSraw=0.2646 alpha(W1/W8/all)=0.59/0.39/0.48 | 0.82 it/s
[Iter 08770/20000] Total=0.10939 | NS=0.09415 CO2(scaled)=0.00231 CO2_weight=1.00 guide_w=19.6 Walls=0.00119(x10) g_ns/g_walls=4.56 Windows=0.00094 Doors=0.00004 IC=0.00000 CO2_BC=0.00010 LR=6.30e-04 nu=0.01 NSraw=0.3666 alpha(W1/W8/all)=0.59/0.39/0.48 | 0.82 it/s
[Iter 08780/20000] Total=0.11326 | NS=0.09032 CO2(scaled)=0.00126 CO2_weight=1.00 guide_w=19.6 Walls=0.00210(x10) g_ns/g_walls=4.56 Windows=0.00059 Doors=0.00002 IC=0.00000 CO2_BC=0.00011 LR=6.30e-04 nu=0.01 NSraw=0.4194 alpha(W1/W8/all)=0.59/0.39/0.48 | 0.82 it/s
[Iter 08790/20000] Total=0.13005 | NS=0.11399 CO2(scaled)=0.00179 CO2_weight=1.00 guide_w=19.6 Walls=0.00130(x10) g_ns/g_walls=4.56 Windows=0.00109 Doors=0.00006 IC=0.00000 CO2_BC=0.00014 LR=6.29e-04 nu=0.01 NSraw=0.524 alpha(W1/W8/all)=0.59/0.39/0.48 | 0.82 it/s
[Iter 08800/20000] Total=0.13015 | NS=0.10783 CO2(scaled)=0.00177 CO2_weight=1.00 guide_w=0.49 Walls=0.00198(x10) g_ns/g_walls=0.115 Windows=0.00064 Doors=0.00003 IC=0.00000 CO2_BC=0.00012 LR=6.29e-04 nu=0.01 NSraw=0.5453 alpha(W1/W8/all)=0.59/0.39/0.48 | 0.82 it/s
[Iter 08810/20000] Total=0.15241 | NS=0.09228 CO2(scaled)=0.00400 CO2_weight=1.00 guide_w=0.49 Walls=0.00523(x10) g_ns/g_walls=0.115 Windows=0.00357 Doors=0.00006 IC=0.00000 CO2_BC=0.00015 LR=6.29e-04 nu=0.01 NSraw=0.422 alpha(W1/W8/all)=0.59/0.39/0.48 | 0.82 it/s
[Iter 08820/20000] Total=0.08249 | NS=0.05707 CO2(scaled)=0.00101 CO2_weight=1.00 guide_w=0.49 Walls=0.00224(x10) g_ns/g_walls=0.115 Windows=0.00177 Doors=0.00007 IC=0.00000 CO2_BC=0.00015 LR=6.28e-04 nu=0.01 NSraw=0.1328 alpha(W1/W8/all)=0.59/0.39/0.48 | 0.82 it/s
[Iter 08830/20000] Total=0.17760 | NS=0.16877 CO2(scaled)=0.00161 CO2_weight=1.00 guide_w=0.49 Walls=0.00065(x10) g_ns/g_walls=0.115 Windows=0.00062 Doors=0.00003 IC=0.00000 CO2_BC=0.00009 LR=6.28e-04 nu=0.01 NSraw=1.025 alpha(W1/W8/all)=0.59/0.39/0.48 | 0.82 it/s
[Iter 08840/20000] Total=0.05641 | NS=0.04536 CO2(scaled)=0.00120 CO2_weight=1.00 guide_w=0.49 Walls=0.00085(x10) g_ns/g_walls=0.115 Windows=0.00120 Doors=0.00005 IC=0.00000 CO2_BC=0.00014 LR=6.28e-04 nu=0.01 NSraw=0.1119 alpha(W1/W8/all)=0.59/0.39/0.48 | 0.83 it/s
[Iter 08850/20000] Total=0.06946 | NS=0.05829 CO2(scaled)=0.00219 CO2_weight=1.00 guide_w=0.49 Walls=0.00079(x10) g_ns/g_walls=0.115 Windows=0.00088 Doors=0.00004 IC=0.00000 CO2_BC=0.00012 LR=6.27e-04 nu=0.01 NSraw=0.2289 alpha(W1/W8/all)=0.59/0.39/0.48 | 0.83 it/s
[Iter 08860/20000] Total=0.07039 | NS=0.05240 CO2(scaled)=0.00193 CO2_weight=1.00 guide_w=0.49 Walls=0.00146(x10) g_ns/g_walls=0.115 Windows=0.00126 Doors=0.00005 IC=0.00000 CO2_BC=0.00012 LR=6.27e-04 nu=0.01 NSraw=0.2694 alpha(W1/W8/all)=0.59/0.39/0.48 | 0.83 it/s
[Iter 08870/20000] Total=0.26794 | NS=0.25419 CO2(scaled)=0.00237 CO2_weight=1.00 guide_w=0.49 Walls=0.00100(x10) g_ns/g_walls=0.115 Windows=0.00118 Doors=0.00003 IC=0.00000 CO2_BC=0.00014 LR=6.27e-04 nu=0.01 NSraw=9.671 alpha(W1/W8/all)=0.59/0.39/0.48 | 0.83 it/s
[Iter 08880/20000] Total=0.07124 | NS=0.05541 CO2(scaled)=0.00142 CO2_weight=1.00 guide_w=0.49 Walls=0.00133(x10) g_ns/g_walls=0.115 Windows=0.00091 Doors=0.00005 IC=0.00000 CO2_BC=0.00015 LR=6.26e-04 nu=0.01 NSraw=0.229 alpha(W1/W8/all)=0.59/0.39/0.48 | 0.83 it/s
[Iter 08890/20000] Total=0.11468 | NS=0.09441 CO2(scaled)=0.00177 CO2_weight=1.00 guide_w=0.49 Walls=0.00176(x10) g_ns/g_walls=0.115 Windows=0.00077 Doors=0.00004 IC=0.00000 CO2_BC=0.00011 LR=6.26e-04 nu=0.01 NSraw=0.4415 alpha(W1/W8/all)=0.59/0.39/0.48 | 0.83 it/s
[Iter 08900/20000] Total=0.17488 | NS=0.14879 CO2(scaled)=0.00718 CO2_weight=1.00 guide_w=0.86 Walls=0.00169(x10) g_ns/g_walls=0.174 Windows=0.00177 Doors=0.00007 IC=0.00000 CO2_BC=0.00013 LR=6.26e-04 nu=0.01 NSraw=2.34 alpha(W1/W8/all)=0.59/0.39/0.48 | 0.83 it/s
[Iter 08910/20000] Total=0.10773 | NS=0.07901 CO2(scaled)=0.00196 CO2_weight=1.00 guide_w=0.86 Walls=0.00255(x10) g_ns/g_walls=0.174 Windows=0.00098 Doors=0.00003 IC=0.00000 CO2_BC=0.00024 LR=6.25e-04 nu=0.01 NSraw=0.2927 alpha(W1/W8/all)=0.59/0.39/0.48 | 0.83 it/s
[Iter 08920/20000] Total=0.14421 | NS=0.12843 CO2(scaled)=0.00165 CO2_weight=1.00 guide_w=0.86 Walls=0.00130(x10) g_ns/g_walls=0.174 Windows=0.00086 Doors=0.00004 IC=0.00000 CO2_BC=0.00018 LR=6.25e-04 nu=0.01 NSraw=1.7 alpha(W1/W8/all)=0.59/0.39/0.48 | 0.83 it/s
[Iter 08930/20000] Total=0.13507 | NS=0.11456 CO2(scaled)=0.00214 CO2_weight=1.00 guide_w=0.86 Walls=0.00166(x10) g_ns/g_walls=0.174 Windows=0.00159 Doors=0.00003 IC=0.00000 CO2_BC=0.00016 LR=6.25e-04 nu=0.01 NSraw=0.5592 alpha(W1/W8/all)=0.59/0.39/0.48 | 0.83 it/s
[Iter 08940/20000] Total=0.10786 | NS=0.07889 CO2(scaled)=0.00213 CO2_weight=1.00 guide_w=0.86 Walls=0.00258(x10) g_ns/g_walls=0.174 Windows=0.00083 Doors=0.00004 IC=0.00000 CO2_BC=0.00017 LR=6.24e-04 nu=0.01 NSraw=0.3514 alpha(W1/W8/all)=0.59/0.39/0.48 | 0.83 it/s
[Iter 08950/20000] Total=0.12569 | NS=0.08641 CO2(scaled)=0.00164 CO2_weight=1.00 guide_w=0.86 Walls=0.00358(x10) g_ns/g_walls=0.174 Windows=0.00165 Doors=0.00004 IC=0.00000 CO2_BC=0.00018 LR=6.24e-04 nu=0.01 NSraw=0.3308 alpha(W1/W8/all)=0.59/0.39/0.48 | 0.83 it/s
[Iter 08960/20000] Total=0.28181 | NS=0.23838 CO2(scaled)=0.00366 CO2_weight=1.00 guide_w=0.86 Walls=0.00352(x10) g_ns/g_walls=0.174 Windows=0.00434 Doors=0.00005 IC=0.00000 CO2_BC=0.00015 LR=6.24e-04 nu=0.01 NSraw=8.602 alpha(W1/W8/all)=0.59/0.39/0.48 | 0.83 it/s
[Iter 08970/20000] Total=0.11621 | NS=0.07246 CO2(scaled)=0.00222 CO2_weight=1.00 guide_w=0.86 Walls=0.00392(x10) g_ns/g_walls=0.174 Windows=0.00212 Doors=0.00004 IC=0.00000 CO2_BC=0.00017 LR=6.23e-04 nu=0.01 NSraw=0.2733 alpha(W1/W8/all)=0.59/0.39/0.48 | 0.83 it/s
[Iter 08980/20000] Total=0.37412 | NS=0.33481 CO2(scaled)=0.00277 CO2_weight=1.00 guide_w=0.86 Walls=0.00340(x10) g_ns/g_walls=0.174 Windows=0.00233 Doors=0.00006 IC=0.00000 CO2_BC=0.00014 LR=6.23e-04 nu=0.01 NSraw=18.27 alpha(W1/W8/all)=0.59/0.39/0.48 | 0.83 it/s
[Iter 08990/20000] Total=0.07566 | NS=0.05087 CO2(scaled)=0.00151 CO2_weight=1.00 guide_w=0.86 Walls=0.00212(x10) g_ns/g_walls=0.174 Windows=0.00190 Doors=0.00005 IC=0.00000 CO2_BC=0.00016 LR=6.23e-04 nu=0.01 NSraw=0.1082 alpha(W1/W8/all)=0.59/0.39/0.48 | 0.83 it/s
[Iter 09000/20000] Total=0.09812 | NS=0.07271 CO2(scaled)=0.00290 CO2_weight=1.00 guide_w=4.6 Walls=0.00207(x10) g_ns/g_walls=0.962 Windows=0.00158 Doors=0.00005 IC=0.00000 CO2_BC=0.00017 LR=6.22e-04 nu=0.01 NSraw=0.4886 alpha(W1/W8/all)=0.59/0.39/0.48 | 0.83 it/s
  -> saved checkpoint: /home/iai-labor/BuildingControlCFD/experiments/gnot/checkpoints/v24_fixedalpha/gnot_v24_fixedalpha_iter9000.pth
[Iter 09010/20000] Total=0.08489 | NS=0.06557 CO2(scaled)=0.00122 CO2_weight=1.00 guide_w=4.6 Walls=0.00163(x10) g_ns/g_walls=0.962 Windows=0.00155 Doors=0.00004 IC=0.00000 CO2_BC=0.00019 LR=6.22e-04 nu=0.01 NSraw=0.2686 alpha(W1/W8/all)=0.59/0.39/0.48 | 0.83 it/s
[Iter 09020/20000] Total=0.22428 | NS=0.19024 CO2(scaled)=0.00119 CO2_weight=1.00 guide_w=4.6 Walls=0.00296(x10) g_ns/g_walls=0.962 Windows=0.00313 Doors=0.00004 IC=0.00000 CO2_BC=0.00012 LR=6.22e-04 nu=0.01 NSraw=3.453 alpha(W1/W8/all)=0.59/0.39/0.48 | 0.83 it/s
[Iter 09030/20000] Total=0.25357 | NS=0.19443 CO2(scaled)=0.00368 CO2_weight=1.00 guide_w=4.6 Walls=0.00515(x10) g_ns/g_walls=0.962 Windows=0.00379 Doors=0.00003 IC=0.00000 CO2_BC=0.00014 LR=6.21e-04 nu=0.01 NSraw=5.192 alpha(W1/W8/all)=0.59/0.39/0.48 | 0.83 it/s
[Iter 09040/20000] Total=0.14262 | NS=0.11729 CO2(scaled)=0.00174 CO2_weight=1.00 guide_w=4.6 Walls=0.00213(x10) g_ns/g_walls=0.962 Windows=0.00197 Doors=0.00009 IC=0.00000 CO2_BC=0.00019 LR=6.21e-04 nu=0.01 NSraw=0.9165 alpha(W1/W8/all)=0.59/0.39/0.48 | 0.83 it/s
[Iter 09050/20000] Total=0.11963 | NS=0.10071 CO2(scaled)=0.00163 CO2_weight=1.00 guide_w=4.6 Walls=0.00164(x10) g_ns/g_walls=0.962 Windows=0.00068 Doors=0.00006 IC=0.00000 CO2_BC=0.00013 LR=6.21e-04 nu=0.01 NSraw=0.5127 alpha(W1/W8/all)=0.59/0.39/0.48 | 0.83 it/s
[Iter 09060/20000] Total=0.14794 | NS=0.12124 CO2(scaled)=0.00124 CO2_weight=1.00 guide_w=4.6 Walls=0.00238(x10) g_ns/g_walls=0.962 Windows=0.00143 Doors=0.00005 IC=0.00000 CO2_BC=0.00022 LR=6.20e-04 nu=0.01 NSraw=0.8951 alpha(W1/W8/all)=0.59/0.39/0.48 | 0.83 it/s
[Iter 09070/20000] Total=0.06218 | NS=0.04030 CO2(scaled)=0.00146 CO2_weight=1.00 guide_w=4.6 Walls=0.00191(x10) g_ns/g_walls=0.962 Windows=0.00108 Doors=0.00004 IC=0.00000 CO2_BC=0.00018 LR=6.20e-04 nu=0.01 NSraw=0.1178 alpha(W1/W8/all)=0.59/0.39/0.48 | 0.83 it/s
[Iter 09080/20000] Total=0.15970 | NS=0.12702 CO2(scaled)=0.00123 CO2_weight=1.00 guide_w=4.6 Walls=0.00289(x10) g_ns/g_walls=0.962 Windows=0.00238 Doors=0.00006 IC=0.00000 CO2_BC=0.00015 LR=6.20e-04 nu=0.01 NSraw=0.707 alpha(W1/W8/all)=0.59/0.39/0.48 | 0.83 it/s
[Iter 09090/20000] Total=0.11558 | NS=0.07438 CO2(scaled)=0.00139 CO2_weight=1.00 guide_w=4.6 Walls=0.00384(x10) g_ns/g_walls=0.962 Windows=0.00114 Doors=0.00007 IC=0.00000 CO2_BC=0.00017 LR=6.19e-04 nu=0.01 NSraw=0.1962 alpha(W1/W8/all)=0.59/0.39/0.48 | 0.83 it/s
[Iter 09100/20000] Total=0.54813 | NS=0.52637 CO2(scaled)=0.00125 CO2_weight=1.00 guide_w=148 Walls=0.00186(x10) g_ns/g_walls=11.5 Windows=0.00167 Doors=0.00005 IC=0.00000 CO2_BC=0.00017 LR=6.19e-04 nu=0.01 NSraw=44.51 alpha(W1/W8/all)=0.59/0.39/0.48 | 0.83 it/s
[Iter 09110/20000] Total=0.07745 | NS=0.04521 CO2(scaled)=0.00232 CO2_weight=1.00 guide_w=148 Walls=0.00274(x10) g_ns/g_walls=11.5 Windows=0.00220 Doors=0.00014 IC=0.00000 CO2_BC=0.00014 LR=6.19e-04 nu=0.01 NSraw=0.1263 alpha(W1/W8/all)=0.59/0.39/0.48 | 0.83 it/s
[Iter 09120/20000] Total=0.06780 | NS=0.05772 CO2(scaled)=0.00134 CO2_weight=1.00 guide_w=148 Walls=0.00078(x10) g_ns/g_walls=11.5 Windows=0.00070 Doors=0.00004 IC=0.00000 CO2_BC=0.00020 LR=6.19e-04 nu=0.01 NSraw=0.2077 alpha(W1/W8/all)=0.59/0.39/0.48 | 0.83 it/s
[Iter 09130/20000] Total=0.06391 | NS=0.05157 CO2(scaled)=0.00105 CO2_weight=1.00 guide_w=148 Walls=0.00101(x10) g_ns/g_walls=11.5 Windows=0.00101 Doors=0.00004 IC=0.00000 CO2_BC=0.00013 LR=6.18e-04 nu=0.01 NSraw=0.1296 alpha(W1/W8/all)=0.59/0.39/0.48 | 0.83 it/s
[Iter 09140/20000] Total=0.27670 | NS=0.24322 CO2(scaled)=0.00154 CO2_weight=1.00 guide_w=148 Walls=0.00308(x10) g_ns/g_walls=11.5 Windows=0.00087 Doors=0.00006 IC=0.00000 CO2_BC=0.00018 LR=6.18e-04 nu=0.01 NSraw=10.32 alpha(W1/W8/all)=0.59/0.39/0.48 | 0.83 it/s
[Iter 09150/20000] Total=0.42455 | NS=0.40283 CO2(scaled)=0.00147 CO2_weight=1.00 guide_w=148 Walls=0.00187(x10) g_ns/g_walls=11.5 Windows=0.00131 Doors=0.00009 IC=0.00000 CO2_BC=0.00016 LR=6.18e-04 nu=0.01 NSraw=12.23 alpha(W1/W8/all)=0.59/0.39/0.48 | 0.83 it/s
[Iter 09160/20000] Total=0.18458 | NS=0.16416 CO2(scaled)=0.00229 CO2_weight=1.00 guide_w=148 Walls=0.00167(x10) g_ns/g_walls=11.5 Windows=0.00120 Doors=0.00007 IC=0.00000 CO2_BC=0.00018 LR=6.17e-04 nu=0.01 NSraw=1.034 alpha(W1/W8/all)=0.59/0.39/0.48 | 0.83 it/s
[Iter 09170/20000] Total=0.10190 | NS=0.07960 CO2(scaled)=0.00164 CO2_weight=1.00 guide_w=148 Walls=0.00178(x10) g_ns/g_walls=11.5 Windows=0.00264 Doors=0.00003 IC=0.00000 CO2_BC=0.00014 LR=6.17e-04 nu=0.01 NSraw=0.3966 alpha(W1/W8/all)=0.59/0.39/0.48 | 0.83 it/s
[Iter 09180/20000] Total=0.11001 | NS=0.09217 CO2(scaled)=0.00177 CO2_weight=1.00 guide_w=148 Walls=0.00149(x10) g_ns/g_walls=11.5 Windows=0.00092 Doors=0.00009 IC=0.00000 CO2_BC=0.00013 LR=6.17e-04 nu=0.01 NSraw=0.3164 alpha(W1/W8/all)=0.59/0.39/0.48 | 0.83 it/s
[Iter 09190/20000] Total=0.21730 | NS=0.20061 CO2(scaled)=0.00234 CO2_weight=1.00 guide_w=148 Walls=0.00127(x10) g_ns/g_walls=11.5 Windows=0.00140 Doors=0.00007 IC=0.00000 CO2_BC=0.00018 LR=6.16e-04 nu=0.01 NSraw=3.174 alpha(W1/W8/all)=0.59/0.39/0.48 | 0.83 it/s
[Iter 09200/20000] Total=0.13595 | NS=0.10033 CO2(scaled)=0.00223 CO2_weight=1.00 guide_w=11.9 Walls=0.00304(x10) g_ns/g_walls=0.784 Windows=0.00273 Doors=0.00007 IC=0.00000 CO2_BC=0.00015 LR=6.16e-04 nu=0.01 NSraw=0.6148 alpha(W1/W8/all)=0.59/0.39/0.48 | 0.83 it/s
[Iter 09210/20000] Total=0.10010 | NS=0.08027 CO2(scaled)=0.00172 CO2_weight=1.00 guide_w=11.9 Walls=0.00174(x10) g_ns/g_walls=0.784 Windows=0.00039 Doors=0.00016 IC=0.00000 CO2_BC=0.00014 LR=6.16e-04 nu=0.01 NSraw=0.3975 alpha(W1/W8/all)=0.59/0.39/0.48 | 0.83 it/s
[Iter 09220/20000] Total=0.08328 | NS=0.06039 CO2(scaled)=0.00196 CO2_weight=1.00 guide_w=11.9 Walls=0.00201(x10) g_ns/g_walls=0.784 Windows=0.00063 Doors=0.00006 IC=0.00000 CO2_BC=0.00013 LR=6.15e-04 nu=0.01 NSraw=0.2046 alpha(W1/W8/all)=0.59/0.39/0.48 | 0.83 it/s
[Iter 09230/20000] Total=0.12282 | NS=0.11055 CO2(scaled)=0.00106 CO2_weight=1.00 guide_w=11.9 Walls=0.00100(x10) g_ns/g_walls=0.784 Windows=0.00100 Doors=0.00003 IC=0.00000 CO2_BC=0.00014 LR=6.15e-04 nu=0.01 NSraw=2.091 alpha(W1/W8/all)=0.59/0.39/0.48 | 0.83 it/s
[Iter 09240/20000] Total=0.33441 | NS=0.32017 CO2(scaled)=0.00188 CO2_weight=1.00 guide_w=11.9 Walls=0.00108(x10) g_ns/g_walls=0.784 Windows=0.00140 Doors=0.00003 IC=0.00000 CO2_BC=0.00015 LR=6.15e-04 nu=0.01 NSraw=12.91 alpha(W1/W8/all)=0.59/0.39/0.48 | 0.83 it/s
[Iter 09250/20000] Total=0.16788 | NS=0.12081 CO2(scaled)=0.00192 CO2_weight=1.00 guide_w=11.9 Walls=0.00399(x10) g_ns/g_walls=0.784 Windows=0.00509 Doors=0.00003 IC=0.00000 CO2_BC=0.00011 LR=6.14e-04 nu=0.01 NSraw=1.008 alpha(W1/W8/all)=0.59/0.39/0.48 | 0.83 it/s
[Iter 09260/20000] Total=0.07477 | NS=0.05640 CO2(scaled)=0.00206 CO2_weight=1.00 guide_w=11.9 Walls=0.00150(x10) g_ns/g_walls=0.784 Windows=0.00115 Doors=0.00003 IC=0.00000 CO2_BC=0.00014 LR=6.14e-04 nu=0.01 NSraw=0.1536 alpha(W1/W8/all)=0.59/0.39/0.48 | 0.83 it/s
[Iter 09270/20000] Total=0.28460 | NS=0.27516 CO2(scaled)=0.00152 CO2_weight=1.00 guide_w=11.9 Walls=0.00069(x10) g_ns/g_walls=0.784 Windows=0.00089 Doors=0.00004 IC=0.00000 CO2_BC=0.00011 LR=6.14e-04 nu=0.01 NSraw=10.54 alpha(W1/W8/all)=0.59/0.39/0.48 | 0.83 it/s
[Iter 09280/20000] Total=0.10484 | NS=0.09140 CO2(scaled)=0.00175 CO2_weight=1.00 guide_w=11.9 Walls=0.00106(x10) g_ns/g_walls=0.784 Windows=0.00087 Doors=0.00005 IC=0.00000 CO2_BC=0.00012 LR=6.13e-04 nu=0.01 NSraw=0.3365 alpha(W1/W8/all)=0.59/0.39/0.48 | 0.83 it/s
[Iter 09290/20000] Total=0.28899 | NS=0.27303 CO2(scaled)=0.00129 CO2_weight=1.00 guide_w=11.9 Walls=0.00132(x10) g_ns/g_walls=0.784 Windows=0.00133 Doors=0.00004 IC=0.00000 CO2_BC=0.00014 LR=6.13e-04 nu=0.01 NSraw=12.75 alpha(W1/W8/all)=0.59/0.39/0.48 | 0.83 it/s
[Iter 09300/20000] Total=0.07337 | NS=0.05011 CO2(scaled)=0.00132 CO2_weight=1.00 guide_w=4.32 Walls=0.00211(x10) g_ns/g_walls=0.646 Windows=0.00071 Doors=0.00005 IC=0.00000 CO2_BC=0.00008 LR=6.13e-04 nu=0.01 NSraw=0.1209 alpha(W1/W8/all)=0.59/0.39/0.48 | 0.83 it/s
[Iter 09310/20000] Total=0.34177 | NS=0.32600 CO2(scaled)=0.00139 CO2_weight=1.00 guide_w=4.32 Walls=0.00133(x10) g_ns/g_walls=0.646 Windows=0.00072 Doors=0.00004 IC=0.00000 CO2_BC=0.00033 LR=6.12e-04 nu=0.01 NSraw=8.386 alpha(W1/W8/all)=0.59/0.39/0.48 | 0.83 it/s
[Iter 09320/20000] Total=0.16476 | NS=0.10629 CO2(scaled)=0.00222 CO2_weight=1.00 guide_w=4.32 Walls=0.00526(x10) g_ns/g_walls=0.646 Windows=0.00341 Doors=0.00008 IC=0.00000 CO2_BC=0.00014 LR=6.12e-04 nu=0.01 NSraw=0.3837 alpha(W1/W8/all)=0.59/0.39/0.48 | 0.83 it/s
[Iter 09330/20000] Total=0.23534 | NS=0.17665 CO2(scaled)=0.00282 CO2_weight=1.00 guide_w=4.32 Walls=0.00504(x10) g_ns/g_walls=0.646 Windows=0.00523 Doors=0.00006 IC=0.00000 CO2_BC=0.00017 LR=6.12e-04 nu=0.01 NSraw=1.656 alpha(W1/W8/all)=0.59/0.39/0.48 | 0.83 it/s
[Iter 09340/20000] Total=0.11815 | NS=0.09561 CO2(scaled)=0.00199 CO2_weight=1.00 guide_w=4.32 Walls=0.00186(x10) g_ns/g_walls=0.646 Windows=0.00178 Doors=0.00004 IC=0.00000 CO2_BC=0.00017 LR=6.11e-04 nu=0.01 NSraw=0.3235 alpha(W1/W8/all)=0.59/0.39/0.48 | 0.83 it/s
[Iter 09350/20000] Total=0.08146 | NS=0.06425 CO2(scaled)=0.00139 CO2_weight=1.00 guide_w=4.32 Walls=0.00143(x10) g_ns/g_walls=0.646 Windows=0.00121 Doors=0.00006 IC=0.00000 CO2_BC=0.00023 LR=6.11e-04 nu=0.01 NSraw=0.1985 alpha(W1/W8/all)=0.59/0.39/0.48 | 0.83 it/s
[Iter 09360/20000] Total=0.09842 | NS=0.07153 CO2(scaled)=0.00187 CO2_weight=1.00 guide_w=4.32 Walls=0.00226(x10) g_ns/g_walls=0.646 Windows=0.00225 Doors=0.00004 IC=0.00000 CO2_BC=0.00017 LR=6.11e-04 nu=0.01 NSraw=0.2717 alpha(W1/W8/all)=0.59/0.39/0.48 | 0.83 it/s
[Iter 09370/20000] Total=0.14265 | NS=0.11245 CO2(scaled)=0.00284 CO2_weight=1.00 guide_w=4.32 Walls=0.00242(x10) g_ns/g_walls=0.646 Windows=0.00291 Doors=0.00004 IC=0.00000 CO2_BC=0.00020 LR=6.10e-04 nu=0.01 NSraw=0.5734 alpha(W1/W8/all)=0.59/0.39/0.48 | 0.83 it/s
[Iter 09380/20000] Total=0.10324 | NS=0.08296 CO2(scaled)=0.00178 CO2_weight=1.00 guide_w=4.32 Walls=0.00175(x10) g_ns/g_walls=0.646 Windows=0.00077 Doors=0.00003 IC=0.00000 CO2_BC=0.00017 LR=6.10e-04 nu=0.01 NSraw=0.421 alpha(W1/W8/all)=0.59/0.39/0.48 | 0.83 it/s
[Iter 09390/20000] Total=0.23842 | NS=0.21681 CO2(scaled)=0.00232 CO2_weight=1.00 guide_w=4.32 Walls=0.00176(x10) g_ns/g_walls=0.646 Windows=0.00152 Doors=0.00006 IC=0.00000 CO2_BC=0.00013 LR=6.10e-04 nu=0.01 NSraw=3.962 alpha(W1/W8/all)=0.59/0.39/0.48 | 0.83 it/s
[Iter 09400/20000] Total=0.04814 | NS=0.01283 CO2(scaled)=0.00177 CO2_weight=1.00 guide_w=0.894 Walls=0.00320(x10) g_ns/g_walls=0.0831 Windows=0.00131 Doors=0.00006 IC=0.00000 CO2_BC=0.00015 LR=6.09e-04 nu=0.01 NSraw=0.01488 alpha(W1/W8/all)=0.59/0.39/0.48 | 0.83 it/s
[Iter 09410/20000] Total=0.06408 | NS=0.05516 CO2(scaled)=0.00188 CO2_weight=1.00 guide_w=0.894 Walls=0.00063(x10) g_ns/g_walls=0.0831 Windows=0.00059 Doors=0.00005 IC=0.00000 CO2_BC=0.00014 LR=6.09e-04 nu=0.01 NSraw=0.2336 alpha(W1/W8/all)=0.59/0.39/0.48 | 0.83 it/s
[Iter 09420/20000] Total=0.11679 | NS=0.08730 CO2(scaled)=0.00159 CO2_weight=1.00 guide_w=0.894 Walls=0.00266(x10) g_ns/g_walls=0.0831 Windows=0.00113 Doors=0.00004 IC=0.00000 CO2_BC=0.00016 LR=6.09e-04 nu=0.01 NSraw=0.3814 alpha(W1/W8/all)=0.59/0.39/0.48 | 0.83 it/s
[Iter 09430/20000] Total=0.11012 | NS=0.09103 CO2(scaled)=0.00262 CO2_weight=1.00 guide_w=0.894 Walls=0.00149(x10) g_ns/g_walls=0.0831 Windows=0.00138 Doors=0.00004 IC=0.00000 CO2_BC=0.00012 LR=6.08e-04 nu=0.01 NSraw=0.3457 alpha(W1/W8/all)=0.59/0.39/0.48 | 0.83 it/s
[Iter 09440/20000] Total=0.14496 | NS=0.13129 CO2(scaled)=0.00187 CO2_weight=1.00 guide_w=0.894 Walls=0.00109(x10) g_ns/g_walls=0.0831 Windows=0.00066 Doors=0.00006 IC=0.00000 CO2_BC=0.00016 LR=6.08e-04 nu=0.01 NSraw=0.7083 alpha(W1/W8/all)=0.59/0.39/0.48 | 0.83 it/s
[Iter 09450/20000] Total=0.10370 | NS=0.08484 CO2(scaled)=0.00172 CO2_weight=1.00 guide_w=0.894 Walls=0.00159(x10) g_ns/g_walls=0.0831 Windows=0.00104 Doors=0.00006 IC=0.00000 CO2_BC=0.00012 LR=6.08e-04 nu=0.01 NSraw=0.3083 alpha(W1/W8/all)=0.59/0.39/0.48 | 0.83 it/s
[Iter 09460/20000] Total=0.02868 | NS=0.01870 CO2(scaled)=0.00148 CO2_weight=1.00 guide_w=0.894 Walls=0.00075(x10) g_ns/g_walls=0.0831 Windows=0.00075 Doors=0.00011 IC=0.00000 CO2_BC=0.00012 LR=6.08e-04 nu=0.01 NSraw=0.02933 alpha(W1/W8/all)=0.59/0.39/0.48 | 0.83 it/s
[Iter 09470/20000] Total=0.14449 | NS=0.12909 CO2(scaled)=0.00156 CO2_weight=1.00 guide_w=0.894 Walls=0.00120(x10) g_ns/g_walls=0.0831 Windows=0.00162 Doors=0.00006 IC=0.00000 CO2_BC=0.00017 LR=6.07e-04 nu=0.01 NSraw=0.7265 alpha(W1/W8/all)=0.59/0.39/0.48 | 0.83 it/s
[Iter 09480/20000] Total=0.16915 | NS=0.15319 CO2(scaled)=0.00149 CO2_weight=1.00 guide_w=0.894 Walls=0.00131(x10) g_ns/g_walls=0.0831 Windows=0.00122 Doors=0.00004 IC=0.00000 CO2_BC=0.00013 LR=6.07e-04 nu=0.01 NSraw=0.8087 alpha(W1/W8/all)=0.59/0.39/0.48 | 0.83 it/s
[Iter 09490/20000] Total=0.17311 | NS=0.13782 CO2(scaled)=0.00148 CO2_weight=1.00 guide_w=0.894 Walls=0.00315(x10) g_ns/g_walls=0.0831 Windows=0.00207 Doors=0.00005 IC=0.00000 CO2_BC=0.00017 LR=6.07e-04 nu=0.01 NSraw=1.6 alpha(W1/W8/all)=0.59/0.39/0.48 | 0.83 it/s
[Iter 09500/20000] Total=0.17320 | NS=0.15490 CO2(scaled)=0.00265 CO2_weight=1.00 guide_w=14 Walls=0.00147(x10) g_ns/g_walls=1.92 Windows=0.00072 Doors=0.00006 IC=0.00000 CO2_BC=0.00014 LR=6.06e-04 nu=0.01 NSraw=0.6152 alpha(W1/W8/all)=0.59/0.39/0.48 | 0.83 it/s
[Iter 09510/20000] Total=0.14749 | NS=0.10489 CO2(scaled)=0.00259 CO2_weight=1.00 guide_w=14 Walls=0.00357(x10) g_ns/g_walls=1.92 Windows=0.00403 Doors=0.00010 IC=0.00000 CO2_BC=0.00017 LR=6.06e-04 nu=0.01 NSraw=0.4591 alpha(W1/W8/all)=0.59/0.39/0.48 | 0.83 it/s
[Iter 09520/20000] Total=0.05670 | NS=0.04605 CO2(scaled)=0.00159 CO2_weight=1.00 guide_w=14 Walls=0.00083(x10) g_ns/g_walls=1.92 Windows=0.00057 Doors=0.00007 IC=0.00000 CO2_BC=0.00012 LR=6.06e-04 nu=0.01 NSraw=0.1104 alpha(W1/W8/all)=0.59/0.39/0.48 | 0.83 it/s
[Iter 09530/20000] Total=0.29429 | NS=0.28024 CO2(scaled)=0.00148 CO2_weight=1.00 guide_w=14 Walls=0.00113(x10) g_ns/g_walls=1.92 Windows=0.00108 Doors=0.00014 IC=0.00000 CO2_BC=0.00011 LR=6.05e-04 nu=0.01 NSraw=7.439 alpha(W1/W8/all)=0.59/0.39/0.48 | 0.83 it/s
[Iter 09540/20000] Total=0.69888 | NS=0.59800 CO2(scaled)=0.00203 CO2_weight=1.00 guide_w=14 Walls=0.00888(x10) g_ns/g_walls=1.92 Windows=0.00979 Doors=0.00007 IC=0.00000 CO2_BC=0.00015 LR=6.05e-04 nu=0.01 NSraw=64.49 alpha(W1/W8/all)=0.59/0.39/0.48 | 0.83 it/s
[Iter 09550/20000] Total=0.12002 | NS=0.08991 CO2(scaled)=0.00291 CO2_weight=1.00 guide_w=14 Walls=0.00242(x10) g_ns/g_walls=1.92 Windows=0.00282 Doors=0.00003 IC=0.00000 CO2_BC=0.00013 LR=6.05e-04 nu=0.01 NSraw=0.3559 alpha(W1/W8/all)=0.59/0.39/0.48 | 0.83 it/s
[Iter 09560/20000] Total=0.07470 | NS=0.05546 CO2(scaled)=0.00202 CO2_weight=1.00 guide_w=14 Walls=0.00158(x10) g_ns/g_walls=1.92 Windows=0.00120 Doors=0.00003 IC=0.00000 CO2_BC=0.00014 LR=6.04e-04 nu=0.01 NSraw=0.2437 alpha(W1/W8/all)=0.59/0.39/0.48 | 0.83 it/s
[Iter 09570/20000] Total=0.05535 | NS=0.03320 CO2(scaled)=0.00155 CO2_weight=1.00 guide_w=14 Walls=0.00192(x10) g_ns/g_walls=1.92 Windows=0.00119 Doors=0.00004 IC=0.00000 CO2_BC=0.00013 LR=6.04e-04 nu=0.01 NSraw=0.06723 alpha(W1/W8/all)=0.59/0.39/0.48 | 0.83 it/s
[Iter 09580/20000] Total=0.12861 | NS=0.09932 CO2(scaled)=0.00151 CO2_weight=1.00 guide_w=14 Walls=0.00253(x10) g_ns/g_walls=1.92 Windows=0.00225 Doors=0.00004 IC=0.00000 CO2_BC=0.00021 LR=6.04e-04 nu=0.01 NSraw=0.5988 alpha(W1/W8/all)=0.59/0.39/0.48 | 0.83 it/s
[Iter 09590/20000] Total=0.11718 | NS=0.09299 CO2(scaled)=0.00217 CO2_weight=1.00 guide_w=14 Walls=0.00200(x10) g_ns/g_walls=1.92 Windows=0.00179 Doors=0.00008 IC=0.00000 CO2_BC=0.00012 LR=6.03e-04 nu=0.01 NSraw=0.4014 alpha(W1/W8/all)=0.59/0.39/0.48 | 0.83 it/s
[Iter 09600/20000] Total=0.13813 | NS=0.10627 CO2(scaled)=0.00211 CO2_weight=1.00 guide_w=5.24 Walls=0.00275(x10) g_ns/g_walls=0.573 Windows=0.00206 Doors=0.00006 IC=0.00000 CO2_BC=0.00016 LR=6.03e-04 nu=0.01 NSraw=0.7562 alpha(W1/W8/all)=0.59/0.39/0.48 | 0.83 it/s
[Iter 09610/20000] Total=0.49710 | NS=0.47520 CO2(scaled)=0.00291 CO2_weight=1.00 guide_w=5.24 Walls=0.00174(x10) g_ns/g_walls=0.573 Windows=0.00134 Doors=0.00006 IC=0.00000 CO2_BC=0.00017 LR=6.03e-04 nu=0.01 NSraw=37.93 alpha(W1/W8/all)=0.59/0.39/0.48 | 0.83 it/s
[Iter 09620/20000] Total=0.13944 | NS=0.07756 CO2(scaled)=0.00345 CO2_weight=1.00 guide_w=5.24 Walls=0.00542(x10) g_ns/g_walls=0.573 Windows=0.00409 Doors=0.00003 IC=0.00000 CO2_BC=0.00012 LR=6.02e-04 nu=0.01 NSraw=0.2748 alpha(W1/W8/all)=0.59/0.39/0.48 | 0.83 it/s
[Iter 09630/20000] Total=0.08829 | NS=0.07137 CO2(scaled)=0.00234 CO2_weight=1.00 guide_w=5.24 Walls=0.00131(x10) g_ns/g_walls=0.573 Windows=0.00121 Doors=0.00012 IC=0.00000 CO2_BC=0.00016 LR=6.02e-04 nu=0.01 NSraw=0.3919 alpha(W1/W8/all)=0.59/0.39/0.48 | 0.83 it/s
[Iter 09640/20000] Total=0.12319 | NS=0.08785 CO2(scaled)=0.00435 CO2_weight=1.00 guide_w=5.24 Walls=0.00291(x10) g_ns/g_walls=0.573 Windows=0.00173 Doors=0.00006 IC=0.00000 CO2_BC=0.00010 LR=6.02e-04 nu=0.01 NSraw=0.4312 alpha(W1/W8/all)=0.59/0.39/0.48 | 0.83 it/s
[Iter 09650/20000] Total=0.09817 | NS=0.07737 CO2(scaled)=0.00285 CO2_weight=1.00 guide_w=5.24 Walls=0.00141(x10) g_ns/g_walls=0.573 Windows=0.00365 Doors=0.00009 IC=0.00000 CO2_BC=0.00012 LR=6.01e-04 nu=0.01 NSraw=0.297 alpha(W1/W8/all)=0.59/0.39/0.48 | 0.83 it/s
[Iter 09660/20000] Total=0.21664 | NS=0.19263 CO2(scaled)=0.00190 CO2_weight=1.00 guide_w=5.24 Walls=0.00210(x10) g_ns/g_walls=0.573 Windows=0.00085 Doors=0.00007 IC=0.00000 CO2_BC=0.00015 LR=6.01e-04 nu=0.01 NSraw=2.085 alpha(W1/W8/all)=0.59/0.39/0.48 | 0.83 it/s
[Iter 09670/20000] Total=0.05652 | NS=0.04244 CO2(scaled)=0.00226 CO2_weight=1.00 guide_w=5.24 Walls=0.00108(x10) g_ns/g_walls=0.573 Windows=0.00077 Doors=0.00006 IC=0.00000 CO2_BC=0.00016 LR=6.01e-04 nu=0.01 NSraw=0.1034 alpha(W1/W8/all)=0.59/0.39/0.48 | 0.83 it/s
[Iter 09680/20000] Total=0.23052 | NS=0.21951 CO2(scaled)=0.00158 CO2_weight=1.00 guide_w=5.24 Walls=0.00079(x10) g_ns/g_walls=0.573 Windows=0.00126 Doors=0.00003 IC=0.00000 CO2_BC=0.00018 LR=6.01e-04 nu=0.01 NSraw=4.325 alpha(W1/W8/all)=0.59/0.39/0.48 | 0.83 it/s
[Iter 09690/20000] Total=0.08452 | NS=0.07611 CO2(scaled)=0.00122 CO2_weight=1.00 guide_w=5.24 Walls=0.00064(x10) g_ns/g_walls=0.573 Windows=0.00058 Doors=0.00005 IC=0.00000 CO2_BC=0.00014 LR=6.00e-04 nu=0.01 NSraw=0.226 alpha(W1/W8/all)=0.59/0.39/0.48 | 0.83 it/s
[Iter 09700/20000] Total=0.22225 | NS=0.19392 CO2(scaled)=0.00133 CO2_weight=1.00 guide_w=129 Walls=0.00245(x10) g_ns/g_walls=3.28 Windows=0.00213 Doors=0.00025 IC=0.00000 CO2_BC=0.00014 LR=6.00e-04 nu=0.01 NSraw=4.755 alpha(W1/W8/all)=0.59/0.39/0.48 | 0.83 it/s
[Iter 09710/20000] Total=0.06039 | NS=0.04477 CO2(scaled)=0.00144 CO2_weight=1.00 guide_w=129 Walls=0.00129(x10) g_ns/g_walls=3.28 Windows=0.00114 Doors=0.00007 IC=0.00000 CO2_BC=0.00012 LR=6.00e-04 nu=0.01 NSraw=0.148 alpha(W1/W8/all)=0.59/0.39/0.48 | 0.83 it/s
[Iter 09720/20000] Total=0.10095 | NS=0.08162 CO2(scaled)=0.00262 CO2_weight=1.00 guide_w=129 Walls=0.00156(x10) g_ns/g_walls=3.28 Windows=0.00088 Doors=0.00014 IC=0.00000 CO2_BC=0.00010 LR=5.99e-04 nu=0.01 NSraw=0.377 alpha(W1/W8/all)=0.59/0.39/0.48 | 0.83 it/s
[Iter 09730/20000] Total=0.20021 | NS=0.17826 CO2(scaled)=0.00117 CO2_weight=1.00 guide_w=129 Walls=0.00199(x10) g_ns/g_walls=3.28 Windows=0.00068 Doors=0.00007 IC=0.00000 CO2_BC=0.00010 LR=5.99e-04 nu=0.01 NSraw=5.303 alpha(W1/W8/all)=0.59/0.39/0.48 | 0.83 it/s
[Iter 09740/20000] Total=0.07108 | NS=0.05590 CO2(scaled)=0.00186 CO2_weight=1.00 guide_w=129 Walls=0.00120(x10) g_ns/g_walls=3.28 Windows=0.00107 Doors=0.00018 IC=0.00000 CO2_BC=0.00011 LR=5.99e-04 nu=0.01 NSraw=0.2715 alpha(W1/W8/all)=0.59/0.39/0.48 | 0.83 it/s
[Iter 09750/20000] Total=0.11747 | NS=0.10421 CO2(scaled)=0.00157 CO2_weight=1.00 guide_w=129 Walls=0.00102(x10) g_ns/g_walls=3.28 Windows=0.00132 Doors=0.00004 IC=0.00000 CO2_BC=0.00012 LR=5.98e-04 nu=0.01 NSraw=0.4888 alpha(W1/W8/all)=0.59/0.39/0.48 | 0.83 it/s
[Iter 09760/20000] Total=0.05865 | NS=0.04183 CO2(scaled)=0.00136 CO2_weight=1.00 guide_w=129 Walls=0.00133(x10) g_ns/g_walls=3.28 Windows=0.00192 Doors=0.00010 IC=0.00000 CO2_BC=0.00013 LR=5.98e-04 nu=0.01 NSraw=0.1077 alpha(W1/W8/all)=0.59/0.39/0.48 | 0.83 it/s
[Iter 09770/20000] Total=0.06330 | NS=0.04632 CO2(scaled)=0.00267 CO2_weight=1.00 guide_w=129 Walls=0.00134(x10) g_ns/g_walls=3.28 Windows=0.00074 Doors=0.00006 IC=0.00000 CO2_BC=0.00010 LR=5.98e-04 nu=0.01 NSraw=0.1349 alpha(W1/W8/all)=0.59/0.39/0.48 | 0.83 it/s
[Iter 09780/20000] Total=0.14837 | NS=0.13321 CO2(scaled)=0.00179 CO2_weight=1.00 guide_w=129 Walls=0.00125(x10) g_ns/g_walls=3.28 Windows=0.00070 Doors=0.00006 IC=0.00000 CO2_BC=0.00012 LR=5.97e-04 nu=0.01 NSraw=0.6624 alpha(W1/W8/all)=0.59/0.39/0.48 | 0.83 it/s
[Iter 09790/20000] Total=0.19318 | NS=0.16233 CO2(scaled)=0.00372 CO2_weight=1.00 guide_w=129 Walls=0.00244(x10) g_ns/g_walls=3.28 Windows=0.00248 Doors=0.00009 IC=0.00000 CO2_BC=0.00017 LR=5.97e-04 nu=0.01 NSraw=1.237 alpha(W1/W8/all)=0.59/0.39/0.48 | 0.83 it/s
[Iter 09800/20000] Total=0.13450 | NS=0.10958 CO2(scaled)=0.00345 CO2_weight=1.00 guide_w=1.43 Walls=0.00190(x10) g_ns/g_walls=0.303 Windows=0.00230 Doors=0.00007 IC=0.00000 CO2_BC=0.00013 LR=5.97e-04 nu=0.01 NSraw=0.378 alpha(W1/W8/all)=0.59/0.39/0.48 | 0.83 it/s
[Iter 09810/20000] Total=0.15391 | NS=0.13086 CO2(scaled)=0.00524 CO2_weight=1.00 guide_w=1.43 Walls=0.00158(x10) g_ns/g_walls=0.303 Windows=0.00181 Doors=0.00011 IC=0.00000 CO2_BC=0.00008 LR=5.96e-04 nu=0.01 NSraw=0.6198 alpha(W1/W8/all)=0.59/0.39/0.48 | 0.83 it/s
[Iter 09820/20000] Total=0.13056 | NS=0.11704 CO2(scaled)=0.00196 CO2_weight=1.00 guide_w=1.43 Walls=0.00099(x10) g_ns/g_walls=0.303 Windows=0.00145 Doors=0.00009 IC=0.00000 CO2_BC=0.00014 LR=5.96e-04 nu=0.01 NSraw=0.6835 alpha(W1/W8/all)=0.59/0.39/0.48 | 0.83 it/s
[Iter 09830/20000] Total=0.07831 | NS=0.05667 CO2(scaled)=0.00197 CO2_weight=1.00 guide_w=1.43 Walls=0.00173(x10) g_ns/g_walls=0.303 Windows=0.00216 Doors=0.00005 IC=0.00000 CO2_BC=0.00013 LR=5.96e-04 nu=0.01 NSraw=0.1805 alpha(W1/W8/all)=0.59/0.39/0.48 | 0.83 it/s
[Iter 09840/20000] Total=0.10269 | NS=0.08921 CO2(scaled)=0.00183 CO2_weight=1.00 guide_w=1.43 Walls=0.00103(x10) g_ns/g_walls=0.303 Windows=0.00120 Doors=0.00004 IC=0.00000 CO2_BC=0.00009 LR=5.95e-04 nu=0.01 NSraw=0.4092 alpha(W1/W8/all)=0.59/0.39/0.48 | 0.83 it/s
[Iter 09850/20000] Total=0.10884 | NS=0.09023 CO2(scaled)=0.00132 CO2_weight=1.00 guide_w=1.43 Walls=0.00162(x10) g_ns/g_walls=0.303 Windows=0.00091 Doors=0.00007 IC=0.00000 CO2_BC=0.00014 LR=5.95e-04 nu=0.01 NSraw=0.509 alpha(W1/W8/all)=0.59/0.39/0.48 | 0.83 it/s
[Iter 09860/20000] Total=0.08941 | NS=0.06308 CO2(scaled)=0.00129 CO2_weight=1.00 guide_w=1.43 Walls=0.00222(x10) g_ns/g_walls=0.303 Windows=0.00263 Doors=0.00009 IC=0.00000 CO2_BC=0.00013 LR=5.95e-04 nu=0.01 NSraw=0.2484 alpha(W1/W8/all)=0.59/0.39/0.48 | 0.83 it/s
[Iter 09870/20000] Total=0.14708 | NS=0.09699 CO2(scaled)=0.00279 CO2_weight=1.00 guide_w=1.43 Walls=0.00449(x10) g_ns/g_walls=0.303 Windows=0.00214 Doors=0.00004 IC=0.00000 CO2_BC=0.00022 LR=5.95e-04 nu=0.01 NSraw=0.4358 alpha(W1/W8/all)=0.59/0.39/0.48 | 0.83 it/s
[Iter 09880/20000] Total=0.10225 | NS=0.08655 CO2(scaled)=0.00250 CO2_weight=1.00 guide_w=1.43 Walls=0.00120(x10) g_ns/g_walls=0.303 Windows=0.00101 Doors=0.00004 IC=0.00000 CO2_BC=0.00017 LR=5.94e-04 nu=0.01 NSraw=0.3275 alpha(W1/W8/all)=0.59/0.39/0.48 | 0.83 it/s
[Iter 09890/20000] Total=0.10507 | NS=0.07547 CO2(scaled)=0.00173 CO2_weight=1.00 guide_w=1.43 Walls=0.00266(x10) g_ns/g_walls=0.303 Windows=0.00105 Doors=0.00003 IC=0.00000 CO2_BC=0.00024 LR=5.94e-04 nu=0.01 NSraw=0.2831 alpha(W1/W8/all)=0.59/0.39/0.48 | 0.83 it/s
[Iter 09900/20000] Total=0.10033 | NS=0.06821 CO2(scaled)=0.00263 CO2_weight=1.00 guide_w=0.329 Walls=0.00281(x10) g_ns/g_walls=0.0651 Windows=0.00116 Doors=0.00005 IC=0.00000 CO2_BC=0.00017 LR=5.94e-04 nu=0.01 NSraw=0.3907 alpha(W1/W8/all)=0.59/0.39/0.48 | 0.83 it/s
[Iter 09910/20000] Total=0.10116 | NS=0.08806 CO2(scaled)=0.00182 CO2_weight=1.00 guide_w=0.329 Walls=0.00102(x10) g_ns/g_walls=0.0651 Windows=0.00089 Doors=0.00003 IC=0.00000 CO2_BC=0.00016 LR=5.93e-04 nu=0.01 NSraw=0.3669 alpha(W1/W8/all)=0.59/0.39/0.48 | 0.83 it/s
[Iter 09920/20000] Total=0.07913 | NS=0.06465 CO2(scaled)=0.00239 CO2_weight=1.00 guide_w=0.329 Walls=0.00110(x10) g_ns/g_walls=0.0651 Windows=0.00083 Doors=0.00004 IC=0.00000 CO2_BC=0.00017 LR=5.93e-04 nu=0.01 NSraw=0.2154 alpha(W1/W8/all)=0.59/0.39/0.48 | 0.83 it/s
[Iter 09930/20000] Total=0.09058 | NS=0.06925 CO2(scaled)=0.00179 CO2_weight=1.00 guide_w=0.329 Walls=0.00180(x10) g_ns/g_walls=0.0651 Windows=0.00134 Doors=0.00003 IC=0.00000 CO2_BC=0.00015 LR=5.93e-04 nu=0.01 NSraw=0.2363 alpha(W1/W8/all)=0.59/0.39/0.48 | 0.83 it/s
[Iter 09940/20000] Total=0.17719 | NS=0.14808 CO2(scaled)=0.00224 CO2_weight=1.00 guide_w=0.329 Walls=0.00256(x10) g_ns/g_walls=0.0651 Windows=0.00101 Doors=0.00004 IC=0.00000 CO2_BC=0.00020 LR=5.92e-04 nu=0.01 NSraw=0.6132 alpha(W1/W8/all)=0.59/0.39/0.48 | 0.83 it/s
[Iter 09950/20000] Total=0.08102 | NS=0.07053 CO2(scaled)=0.00188 CO2_weight=1.00 guide_w=0.329 Walls=0.00075(x10) g_ns/g_walls=0.0651 Windows=0.00093 Doors=0.00003 IC=0.00000 CO2_BC=0.00018 LR=5.92e-04 nu=0.01 NSraw=0.1949 alpha(W1/W8/all)=0.59/0.39/0.48 | 0.83 it/s
[Iter 09960/20000] Total=0.12583 | NS=0.09900 CO2(scaled)=0.00138 CO2_weight=1.00 guide_w=0.329 Walls=0.00243(x10) g_ns/g_walls=0.0651 Windows=0.00093 Doors=0.00011 IC=0.00000 CO2_BC=0.00015 LR=5.92e-04 nu=0.01 NSraw=0.3245 alpha(W1/W8/all)=0.59/0.39/0.48 | 0.83 it/s
[Iter 09970/20000] Total=0.07151 | NS=0.05727 CO2(scaled)=0.00147 CO2_weight=1.00 guide_w=0.329 Walls=0.00115(x10) g_ns/g_walls=0.0651 Windows=0.00096 Doors=0.00014 IC=0.00000 CO2_BC=0.00015 LR=5.91e-04 nu=0.01 NSraw=0.1396 alpha(W1/W8/all)=0.59/0.39/0.48 | 0.83 it/s
[Iter 09980/20000] Total=0.14866 | NS=0.13224 CO2(scaled)=0.00150 CO2_weight=1.00 guide_w=0.329 Walls=0.00137(x10) g_ns/g_walls=0.0651 Windows=0.00095 Doors=0.00009 IC=0.00000 CO2_BC=0.00013 LR=5.91e-04 nu=0.01 NSraw=0.723 alpha(W1/W8/all)=0.59/0.39/0.48 | 0.83 it/s
[Iter 09990/20000] Total=0.31135 | NS=0.28374 CO2(scaled)=0.00201 CO2_weight=1.00 guide_w=0.329 Walls=0.00244(x10) g_ns/g_walls=0.0651 Windows=0.00095 Doors=0.00004 IC=0.00000 CO2_BC=0.00024 LR=5.91e-04 nu=0.01 NSraw=16.19 alpha(W1/W8/all)=0.59/0.39/0.48 | 0.83 it/s
[Iter 10000/20000] Total=0.16309 | NS=0.14986 CO2(scaled)=0.00120 CO2_weight=1.00 guide_w=5.78 Walls=0.00111(x10) g_ns/g_walls=1.09 Windows=0.00064 Doors=0.00015 IC=0.00000 CO2_BC=0.00013 LR=5.90e-04 nu=0.01 NSraw=3.193 alpha(W1/W8/all)=0.59/0.39/0.48 | 0.83 it/s
  -> saved checkpoint: /home/iai-labor/BuildingControlCFD/experiments/gnot/checkpoints/v24_fixedalpha/gnot_v24_fixedalpha_iter10000.pth
[Iter 10010/20000] Total=0.06289 | NS=0.04726 CO2(scaled)=0.00136 CO2_weight=1.00 guide_w=5.78 Walls=0.00128(x10) g_ns/g_walls=1.09 Windows=0.00129 Doors=0.00004 IC=0.00000 CO2_BC=0.00011 LR=5.90e-04 nu=0.01 NSraw=0.1415 alpha(W1/W8/all)=0.59/0.39/0.48 | 0.83 it/s
[Iter 10020/20000] Total=0.10365 | NS=0.09292 CO2(scaled)=0.00149 CO2_weight=1.00 guide_w=5.78 Walls=0.00084(x10) g_ns/g_walls=1.09 Windows=0.00065 Doors=0.00006 IC=0.00000 CO2_BC=0.00010 LR=5.90e-04 nu=0.01 NSraw=0.2734 alpha(W1/W8/all)=0.59/0.39/0.48 | 0.83 it/s
[Iter 10030/20000] Total=0.11330 | NS=0.08979 CO2(scaled)=0.00133 CO2_weight=1.00 guide_w=5.78 Walls=0.00212(x10) g_ns/g_walls=1.09 Windows=0.00078 Doors=0.00005 IC=0.00000 CO2_BC=0.00013 LR=5.90e-04 nu=0.01 NSraw=0.3606 alpha(W1/W8/all)=0.59/0.39/0.48 | 0.83 it/s
[Iter 10040/20000] Total=0.15408 | NS=0.14123 CO2(scaled)=0.00193 CO2_weight=1.00 guide_w=5.78 Walls=0.00099(x10) g_ns/g_walls=1.09 Windows=0.00076 Doors=0.00013 IC=0.00000 CO2_BC=0.00016 LR=5.89e-04 nu=0.01 NSraw=0.6597 alpha(W1/W8/all)=0.59/0.39/0.48 | 0.83 it/s
[Iter 10050/20000] Total=0.28614 | NS=0.26011 CO2(scaled)=0.00147 CO2_weight=1.00 guide_w=5.78 Walls=0.00222(x10) g_ns/g_walls=1.09 Windows=0.00207 Doors=0.00013 IC=0.00000 CO2_BC=0.00015 LR=5.89e-04 nu=0.01 NSraw=2.959 alpha(W1/W8/all)=0.59/0.39/0.48 | 0.83 it/s
[Iter 10060/20000] Total=0.11995 | NS=0.10269 CO2(scaled)=0.00177 CO2_weight=1.00 guide_w=5.78 Walls=0.00144(x10) g_ns/g_walls=1.09 Windows=0.00077 Doors=0.00022 IC=0.00000 CO2_BC=0.00014 LR=5.89e-04 nu=0.01 NSraw=0.4811 alpha(W1/W8/all)=0.59/0.39/0.48 | 0.83 it/s
[Iter 10070/20000] Total=0.17765 | NS=0.15801 CO2(scaled)=0.00196 CO2_weight=1.00 guide_w=5.78 Walls=0.00155(x10) g_ns/g_walls=1.09 Windows=0.00202 Doors=0.00004 IC=0.00000 CO2_BC=0.00017 LR=5.88e-04 nu=0.01 NSraw=1.156 alpha(W1/W8/all)=0.59/0.39/0.48 | 0.83 it/s
[Iter 10080/20000] Total=0.17384 | NS=0.16338 CO2(scaled)=0.00163 CO2_weight=1.00 guide_w=5.78 Walls=0.00077(x10) g_ns/g_walls=1.09 Windows=0.00082 Doors=0.00004 IC=0.00000 CO2_BC=0.00033 LR=5.88e-04 nu=0.01 NSraw=1.693 alpha(W1/W8/all)=0.59/0.39/0.48 | 0.83 it/s
[Iter 10090/20000] Total=0.49797 | NS=0.47176 CO2(scaled)=0.00301 CO2_weight=1.00 guide_w=5.78 Walls=0.00203(x10) g_ns/g_walls=1.09 Windows=0.00267 Doors=0.00002 IC=0.00000 CO2_BC=0.00017 LR=5.88e-04 nu=0.01 NSraw=32.76 alpha(W1/W8/all)=0.59/0.39/0.48 | 0.83 it/s
[Iter 10100/20000] Total=0.06077 | NS=0.04564 CO2(scaled)=0.00272 CO2_weight=1.00 guide_w=0.594 Walls=0.00110(x10) g_ns/g_walls=0.116 Windows=0.00112 Doors=0.00002 IC=0.00000 CO2_BC=0.00028 LR=5.87e-04 nu=0.01 NSraw=0.1207 alpha(W1/W8/all)=0.59/0.39/0.48 | 0.83 it/s
[Iter 10110/20000] Total=0.12430 | NS=0.10933 CO2(scaled)=0.00238 CO2_weight=1.00 guide_w=0.594 Walls=0.00115(x10) g_ns/g_walls=0.116 Windows=0.00087 Doors=0.00007 IC=0.00000 CO2_BC=0.00016 LR=5.87e-04 nu=0.01 NSraw=0.6083 alpha(W1/W8/all)=0.59/0.39/0.48 | 0.83 it/s
[Iter 10120/20000] Total=0.04475 | NS=0.03360 CO2(scaled)=0.00151 CO2_weight=1.00 guide_w=0.594 Walls=0.00084(x10) g_ns/g_walls=0.116 Windows=0.00098 Doors=0.00007 IC=0.00000 CO2_BC=0.00017 LR=5.87e-04 nu=0.01 NSraw=0.07304 alpha(W1/W8/all)=0.59/0.39/0.48 | 0.83 it/s
[Iter 10130/20000] Total=0.16110 | NS=0.14552 CO2(scaled)=0.00151 CO2_weight=1.00 guide_w=0.594 Walls=0.00130(x10) g_ns/g_walls=0.116 Windows=0.00091 Doors=0.00005 IC=0.00000 CO2_BC=0.00012 LR=5.86e-04 nu=0.01 NSraw=3.938 alpha(W1/W8/all)=0.59/0.39/0.48 | 0.83 it/s
[Iter 10140/20000] Total=0.08959 | NS=0.07267 CO2(scaled)=0.00157 CO2_weight=1.00 guide_w=0.594 Walls=0.00147(x10) g_ns/g_walls=0.116 Windows=0.00056 Doors=0.00004 IC=0.00000 CO2_BC=0.00011 LR=5.86e-04 nu=0.01 NSraw=0.2691 alpha(W1/W8/all)=0.59/0.39/0.48 | 0.83 it/s
[Iter 10150/20000] Total=0.07136 | NS=0.06071 CO2(scaled)=0.00104 CO2_weight=1.00 guide_w=0.594 Walls=0.00090(x10) g_ns/g_walls=0.116 Windows=0.00046 Doors=0.00006 IC=0.00000 CO2_BC=0.00011 LR=5.86e-04 nu=0.01 NSraw=0.2141 alpha(W1/W8/all)=0.59/0.39/0.48 | 0.83 it/s
[Iter 10160/20000] Total=0.05461 | NS=0.03827 CO2(scaled)=0.00291 CO2_weight=1.00 guide_w=0.594 Walls=0.00126(x10) g_ns/g_walls=0.116 Windows=0.00063 Doors=0.00004 IC=0.00000 CO2_BC=0.00012 LR=5.86e-04 nu=0.01 NSraw=0.0733 alpha(W1/W8/all)=0.59/0.39/0.48 | 0.83 it/s
[Iter 10170/20000] Total=0.15382 | NS=0.13171 CO2(scaled)=0.00169 CO2_weight=1.00 guide_w=0.594 Walls=0.00190(x10) g_ns/g_walls=0.116 Windows=0.00103 Doors=0.00007 IC=0.00000 CO2_BC=0.00036 LR=5.85e-04 nu=0.01 NSraw=0.6856 alpha(W1/W8/all)=0.59/0.39/0.48 | 0.83 it/s
[Iter 10180/20000] Total=0.28862 | NS=0.27107 CO2(scaled)=0.00189 CO2_weight=1.00 guide_w=0.594 Walls=0.00142(x10) g_ns/g_walls=0.116 Windows=0.00126 Doors=0.00006 IC=0.00000 CO2_BC=0.00017 LR=5.85e-04 nu=0.01 NSraw=7.133 alpha(W1/W8/all)=0.59/0.39/0.48 | 0.83 it/s
[Iter 10190/20000] Total=0.10052 | NS=0.08239 CO2(scaled)=0.00214 CO2_weight=1.00 guide_w=0.594 Walls=0.00146(x10) g_ns/g_walls=0.116 Windows=0.00111 Doors=0.00006 IC=0.00000 CO2_BC=0.00019 LR=5.85e-04 nu=0.01 NSraw=0.3844 alpha(W1/W8/all)=0.59/0.39/0.48 | 0.83 it/s
[Iter 10200/20000] Total=0.05497 | NS=0.03292 CO2(scaled)=0.00142 CO2_weight=1.00 guide_w=21.7 Walls=0.00186(x10) g_ns/g_walls=0.591 Windows=0.00183 Doors=0.00007 IC=0.00000 CO2_BC=0.00018 LR=5.84e-04 nu=0.01 NSraw=0.07095 alpha(W1/W8/all)=0.59/0.39/0.48 | 0.83 it/s
[Iter 10210/20000] Total=0.08752 | NS=0.07341 CO2(scaled)=0.00223 CO2_weight=1.00 guide_w=21.7 Walls=0.00106(x10) g_ns/g_walls=0.591 Windows=0.00090 Doors=0.00014 IC=0.00000 CO2_BC=0.00027 LR=5.84e-04 nu=0.01 NSraw=0.2777 alpha(W1/W8/all)=0.59/0.39/0.48 | 0.83 it/s
[Iter 10220/20000] Total=0.13809 | NS=0.12647 CO2(scaled)=0.00110 CO2_weight=1.00 guide_w=21.7 Walls=0.00091(x10) g_ns/g_walls=0.591 Windows=0.00119 Doors=0.00011 IC=0.00000 CO2_BC=0.00013 LR=5.84e-04 nu=0.01 NSraw=0.6925 alpha(W1/W8/all)=0.59/0.39/0.48 | 0.83 it/s
[Iter 10230/20000] Total=0.12810 | NS=0.09795 CO2(scaled)=0.00325 CO2_weight=1.00 guide_w=21.7 Walls=0.00245(x10) g_ns/g_walls=0.591 Windows=0.00215 Doors=0.00010 IC=0.00000 CO2_BC=0.00012 LR=5.83e-04 nu=0.01 NSraw=0.3608 alpha(W1/W8/all)=0.59/0.39/0.48 | 0.83 it/s
[Iter 10240/20000] Total=0.03309 | NS=0.01824 CO2(scaled)=0.00157 CO2_weight=1.00 guide_w=21.7 Walls=0.00119(x10) g_ns/g_walls=0.591 Windows=0.00118 Doors=0.00006 IC=0.00000 CO2_BC=0.00013 LR=5.83e-04 nu=0.01 NSraw=0.02775 alpha(W1/W8/all)=0.59/0.39/0.48 | 0.83 it/s
[Iter 10250/20000] Total=0.10408 | NS=0.09257 CO2(scaled)=0.00157 CO2_weight=1.00 guide_w=21.7 Walls=0.00089(x10) g_ns/g_walls=0.591 Windows=0.00073 Doors=0.00005 IC=0.00000 CO2_BC=0.00023 LR=5.83e-04 nu=0.01 NSraw=0.485 alpha(W1/W8/all)=0.59/0.39/0.48 | 0.83 it/s
[Iter 10260/20000] Total=0.09311 | NS=0.06908 CO2(scaled)=0.00227 CO2_weight=1.00 guide_w=21.7 Walls=0.00199(x10) g_ns/g_walls=0.591 Windows=0.00168 Doors=0.00005 IC=0.00000 CO2_BC=0.00015 LR=5.82e-04 nu=0.01 NSraw=0.2391 alpha(W1/W8/all)=0.59/0.39/0.48 | 0.83 it/s
[Iter 10270/20000] Total=0.16332 | NS=0.14850 CO2(scaled)=0.00183 CO2_weight=1.00 guide_w=21.7 Walls=0.00121(x10) g_ns/g_walls=0.591 Windows=0.00071 Doors=0.00004 IC=0.00000 CO2_BC=0.00014 LR=5.82e-04 nu=0.01 NSraw=0.8177 alpha(W1/W8/all)=0.59/0.39/0.48 | 0.83 it/s
[Iter 10280/20000] Total=0.09496 | NS=0.08288 CO2(scaled)=0.00125 CO2_weight=1.00 guide_w=21.7 Walls=0.00099(x10) g_ns/g_walls=0.591 Windows=0.00069 Doors=0.00005 IC=0.00000 CO2_BC=0.00016 LR=5.82e-04 nu=0.01 NSraw=0.3399 alpha(W1/W8/all)=0.59/0.39/0.48 | 0.83 it/s
[Iter 10290/20000] Total=0.05521 | NS=0.04816 CO2(scaled)=0.00137 CO2_weight=1.00 guide_w=21.7 Walls=0.00048(x10) g_ns/g_walls=0.591 Windows=0.00067 Doors=0.00006 IC=0.00000 CO2_BC=0.00011 LR=5.82e-04 nu=0.01 NSraw=0.1424 alpha(W1/W8/all)=0.59/0.39/0.48 | 0.83 it/s
[Iter 10300/20000] Total=0.10306 | NS=0.09066 CO2(scaled)=0.00112 CO2_weight=1.00 guide_w=9.95 Walls=0.00103(x10) g_ns/g_walls=1.62 Windows=0.00078 Doors=0.00005 IC=0.00000 CO2_BC=0.00013 LR=5.81e-04 nu=0.01 NSraw=0.4949 alpha(W1/W8/all)=0.59/0.39/0.48 | 0.83 it/s
[Iter 10310/20000] Total=0.14830 | NS=0.10529 CO2(scaled)=0.00180 CO2_weight=1.00 guide_w=9.95 Walls=0.00373(x10) g_ns/g_walls=1.62 Windows=0.00377 Doors=0.00003 IC=0.00000 CO2_BC=0.00010 LR=5.81e-04 nu=0.01 NSraw=0.3908 alpha(W1/W8/all)=0.59/0.39/0.48 | 0.83 it/s
[Iter 10320/20000] Total=0.45331 | NS=0.42711 CO2(scaled)=0.00316 CO2_weight=1.00 guide_w=9.95 Walls=0.00217(x10) g_ns/g_walls=1.62 Windows=0.00116 Doors=0.00010 IC=0.00000 CO2_BC=0.00012 LR=5.81e-04 nu=0.01 NSraw=28.41 alpha(W1/W8/all)=0.59/0.39/0.48 | 0.83 it/s
[Iter 10330/20000] Total=0.09532 | NS=0.07590 CO2(scaled)=0.00188 CO2_weight=1.00 guide_w=9.95 Walls=0.00160(x10) g_ns/g_walls=1.62 Windows=0.00119 Doors=0.00024 IC=0.00000 CO2_BC=0.00012 LR=5.80e-04 nu=0.01 NSraw=0.2878 alpha(W1/W8/all)=0.59/0.39/0.48 | 0.83 it/s
[Iter 10340/20000] Total=0.20833 | NS=0.16728 CO2(scaled)=0.00171 CO2_weight=1.00 guide_w=9.95 Walls=0.00347(x10) g_ns/g_walls=1.62 Windows=0.00288 Doors=0.00157 IC=0.00000 CO2_BC=0.00018 LR=5.80e-04 nu=0.01 NSraw=1.261 alpha(W1/W8/all)=0.59/0.39/0.48 | 0.83 it/s
[Iter 10350/20000] Total=0.12055 | NS=0.10371 CO2(scaled)=0.00233 CO2_weight=1.00 guide_w=9.95 Walls=0.00129(x10) g_ns/g_walls=1.62 Windows=0.00099 Doors=0.00047 IC=0.00000 CO2_BC=0.00014 LR=5.80e-04 nu=0.01 NSraw=0.4153 alpha(W1/W8/all)=0.59/0.39/0.48 | 0.83 it/s
[Iter 10360/20000] Total=0.11359 | NS=0.09098 CO2(scaled)=0.00175 CO2_weight=1.00 guide_w=9.95 Walls=0.00184(x10) g_ns/g_walls=1.62 Windows=0.00133 Doors=0.00101 IC=0.00000 CO2_BC=0.00013 LR=5.79e-04 nu=0.01 NSraw=0.3872 alpha(W1/W8/all)=0.59/0.39/0.48 | 0.83 it/s
[Iter 10370/20000] Total=0.13870 | NS=0.12585 CO2(scaled)=0.00135 CO2_weight=1.00 guide_w=9.95 Walls=0.00105(x10) g_ns/g_walls=1.62 Windows=0.00062 Doors=0.00026 IC=0.00000 CO2_BC=0.00014 LR=5.79e-04 nu=0.01 NSraw=0.6259 alpha(W1/W8/all)=0.59/0.39/0.48 | 0.83 it/s
[Iter 10380/20000] Total=0.07965 | NS=0.06042 CO2(scaled)=0.00203 CO2_weight=1.00 guide_w=9.95 Walls=0.00155(x10) g_ns/g_walls=1.62 Windows=0.00140 Doors=0.00017 IC=0.00000 CO2_BC=0.00013 LR=5.79e-04 nu=0.01 NSraw=0.1747 alpha(W1/W8/all)=0.59/0.39/0.48 | 0.83 it/s
[Iter 10390/20000] Total=0.13287 | NS=0.11195 CO2(scaled)=0.00113 CO2_weight=1.00 guide_w=9.95 Walls=0.00187(x10) g_ns/g_walls=1.62 Windows=0.00086 Doors=0.00008 IC=0.00000 CO2_BC=0.00012 LR=5.78e-04 nu=0.01 NSraw=0.4488 alpha(W1/W8/all)=0.59/0.39/0.48 | 0.83 it/s
[Iter 10400/20000] Total=0.07823 | NS=0.04602 CO2(scaled)=0.00146 CO2_weight=1.00 guide_w=0.73 Walls=0.00277(x10) g_ns/g_walls=0.0448 Windows=0.00279 Doors=0.00008 IC=0.00000 CO2_BC=0.00017 LR=5.78e-04 nu=0.01 NSraw=0.205 alpha(W1/W8/all)=0.59/0.39/0.48 | 0.83 it/s
[Iter 10410/20000] Total=0.18638 | NS=0.17186 CO2(scaled)=0.00186 CO2_weight=1.00 guide_w=0.73 Walls=0.00113(x10) g_ns/g_walls=0.0448 Windows=0.00110 Doors=0.00005 IC=0.00000 CO2_BC=0.00018 LR=5.78e-04 nu=0.01 NSraw=1.298 alpha(W1/W8/all)=0.59/0.39/0.48 | 0.83 it/s
[Iter 10420/20000] Total=0.08071 | NS=0.06289 CO2(scaled)=0.00222 CO2_weight=1.00 guide_w=0.73 Walls=0.00135(x10) g_ns/g_walls=0.0448 Windows=0.00184 Doors=0.00005 IC=0.00000 CO2_BC=0.00017 LR=5.78e-04 nu=0.01 NSraw=0.2238 alpha(W1/W8/all)=0.59/0.39/0.48 | 0.83 it/s
[Iter 10430/20000] Total=1.26354 | NS=1.20784 CO2(scaled)=0.00537 CO2_weight=1.00 guide_w=0.73 Walls=0.00465(x10) g_ns/g_walls=0.0448 Windows=0.00362 Doors=0.00010 IC=0.00000 CO2_BC=0.00010 LR=5.77e-04 nu=0.01 NSraw=314.5 alpha(W1/W8/all)=0.59/0.39/0.48 | 0.83 it/s
[Iter 10440/20000] Total=0.08106 | NS=0.05139 CO2(scaled)=0.00181 CO2_weight=1.00 guide_w=0.73 Walls=0.00253(x10) g_ns/g_walls=0.0448 Windows=0.00244 Doors=0.00004 IC=0.00000 CO2_BC=0.00012 LR=5.77e-04 nu=0.01 NSraw=0.1353 alpha(W1/W8/all)=0.59/0.39/0.48 | 0.83 it/s
[Iter 10450/20000] Total=0.10808 | NS=0.08762 CO2(scaled)=0.00219 CO2_weight=1.00 guide_w=0.73 Walls=0.00166(x10) g_ns/g_walls=0.0448 Windows=0.00153 Doors=0.00003 IC=0.00000 CO2_BC=0.00012 LR=5.77e-04 nu=0.01 NSraw=0.2964 alpha(W1/W8/all)=0.59/0.39/0.48 | 0.83 it/s
[Iter 10460/20000] Total=0.08157 | NS=0.06878 CO2(scaled)=0.00146 CO2_weight=1.00 guide_w=0.73 Walls=0.00097(x10) g_ns/g_walls=0.0448 Windows=0.00146 Doors=0.00003 IC=0.00000 CO2_BC=0.00011 LR=5.76e-04 nu=0.01 NSraw=0.2382 alpha(W1/W8/all)=0.59/0.39/0.48 | 0.83 it/s
[Iter 10470/20000] Total=0.32187 | NS=0.30060 CO2(scaled)=0.00181 CO2_weight=1.00 guide_w=0.73 Walls=0.00175(x10) g_ns/g_walls=0.0448 Windows=0.00178 Doors=0.00007 IC=0.00000 CO2_BC=0.00011 LR=5.76e-04 nu=0.01 NSraw=14.27 alpha(W1/W8/all)=0.59/0.39/0.48 | 0.83 it/s
[Iter 10480/20000] Total=0.08599 | NS=0.07373 CO2(scaled)=0.00124 CO2_weight=1.00 guide_w=0.73 Walls=0.00102(x10) g_ns/g_walls=0.0448 Windows=0.00056 Doors=0.00009 IC=0.00000 CO2_BC=0.00014 LR=5.76e-04 nu=0.01 NSraw=0.2373 alpha(W1/W8/all)=0.59/0.39/0.48 | 0.83 it/s
[Iter 10490/20000] Total=0.07527 | NS=0.06245 CO2(scaled)=0.00110 CO2_weight=1.00 guide_w=0.73 Walls=0.00109(x10) g_ns/g_walls=0.0448 Windows=0.00062 Doors=0.00005 IC=0.00000 CO2_BC=0.00011 LR=5.75e-04 nu=0.01 NSraw=0.2637 alpha(W1/W8/all)=0.59/0.39/0.48 | 0.83 it/s
[Iter 10500/20000] Total=0.15272 | NS=0.10134 CO2(scaled)=0.00270 CO2_weight=1.00 guide_w=1.37 Walls=0.00477(x10) g_ns/g_walls=0.215 Windows=0.00066 Doors=0.00019 IC=0.00000 CO2_BC=0.00015 LR=5.75e-04 nu=0.01 NSraw=0.5654 alpha(W1/W8/all)=0.59/0.39/0.48 | 0.83 it/s
[Iter 10510/20000] Total=0.17751 | NS=0.14542 CO2(scaled)=0.00164 CO2_weight=1.00 guide_w=1.37 Walls=0.00296(x10) g_ns/g_walls=0.215 Windows=0.00052 Doors=0.00010 IC=0.00000 CO2_BC=0.00020 LR=5.75e-04 nu=0.01 NSraw=0.6764 alpha(W1/W8/all)=0.59/0.39/0.48 | 0.83 it/s
[Iter 10520/20000] Total=0.08564 | NS=0.05306 CO2(scaled)=0.00342 CO2_weight=1.00 guide_w=1.37 Walls=0.00275(x10) g_ns/g_walls=0.215 Windows=0.00107 Doors=0.00016 IC=0.00000 CO2_BC=0.00042 LR=5.75e-04 nu=0.01 NSraw=0.1247 alpha(W1/W8/all)=0.59/0.39/0.48 | 0.83 it/s
[Iter 10530/20000] Total=0.11212 | NS=0.09203 CO2(scaled)=0.00190 CO2_weight=1.00 guide_w=1.37 Walls=0.00173(x10) g_ns/g_walls=0.215 Windows=0.00063 Doors=0.00006 IC=0.00000 CO2_BC=0.00018 LR=5.74e-04 nu=0.01 NSraw=0.506 alpha(W1/W8/all)=0.59/0.39/0.48 | 0.83 it/s
[Iter 10540/20000] Total=0.13541 | NS=0.11316 CO2(scaled)=0.00154 CO2_weight=1.00 guide_w=1.37 Walls=0.00186(x10) g_ns/g_walls=0.215 Windows=0.00183 Doors=0.00005 IC=0.00000 CO2_BC=0.00020 LR=5.74e-04 nu=0.01 NSraw=0.7123 alpha(W1/W8/all)=0.59/0.39/0.48 | 0.83 it/s
[Iter 10550/20000] Total=0.09072 | NS=0.07673 CO2(scaled)=0.00188 CO2_weight=1.00 guide_w=1.37 Walls=0.00114(x10) g_ns/g_walls=0.215 Windows=0.00042 Doors=0.00008 IC=0.00000 CO2_BC=0.00021 LR=5.74e-04 nu=0.01 NSraw=0.3605 alpha(W1/W8/all)=0.59/0.39/0.48 | 0.83 it/s
[Iter 10560/20000] Total=0.08230 | NS=0.05951 CO2(scaled)=0.00150 CO2_weight=1.00 guide_w=1.37 Walls=0.00205(x10) g_ns/g_walls=0.215 Windows=0.00064 Doors=0.00004 IC=0.00000 CO2_BC=0.00015 LR=5.73e-04 nu=0.01 NSraw=0.2065 alpha(W1/W8/all)=0.59/0.39/0.48 | 0.83 it/s
[Iter 10570/20000] Total=0.11621 | NS=0.08603 CO2(scaled)=0.00271 CO2_weight=1.00 guide_w=1.37 Walls=0.00258(x10) g_ns/g_walls=0.215 Windows=0.00142 Doors=0.00008 IC=0.00000 CO2_BC=0.00020 LR=5.73e-04 nu=0.01 NSraw=0.29 alpha(W1/W8/all)=0.59/0.39/0.48 | 0.83 it/s
[Iter 10580/20000] Total=0.08050 | NS=0.05867 CO2(scaled)=0.00194 CO2_weight=1.00 guide_w=1.37 Walls=0.00183(x10) g_ns/g_walls=0.215 Windows=0.00134 Doors=0.00005 IC=0.00000 CO2_BC=0.00016 LR=5.73e-04 nu=0.01 NSraw=0.1847 alpha(W1/W8/all)=0.59/0.39/0.48 | 0.83 it/s
[Iter 10590/20000] Total=0.10740 | NS=0.09148 CO2(scaled)=0.00219 CO2_weight=1.00 guide_w=1.37 Walls=0.00124(x10) g_ns/g_walls=0.215 Windows=0.00108 Doors=0.00011 IC=0.00000 CO2_BC=0.00019 LR=5.72e-04 nu=0.01 NSraw=0.368 alpha(W1/W8/all)=0.59/0.39/0.48 | 0.83 it/s
[Iter 10600/20000] Total=0.08154 | NS=0.05903 CO2(scaled)=0.00233 CO2_weight=1.00 guide_w=3.48 Walls=0.00191(x10) g_ns/g_walls=0.839 Windows=0.00093 Doors=0.00007 IC=0.00000 CO2_BC=0.00011 LR=5.72e-04 nu=0.01 NSraw=0.1701 alpha(W1/W8/all)=0.59/0.39/0.48 | 0.83 it/s
[Iter 10610/20000] Total=0.08092 | NS=0.06770 CO2(scaled)=0.00137 CO2_weight=1.00 guide_w=3.48 Walls=0.00103(x10) g_ns/g_walls=0.839 Windows=0.00129 Doors=0.00006 IC=0.00000 CO2_BC=0.00017 LR=5.72e-04 nu=0.01 NSraw=0.3124 alpha(W1/W8/all)=0.59/0.39/0.48 | 0.83 it/s
[Iter 10620/20000] Total=0.10125 | NS=0.07712 CO2(scaled)=0.00216 CO2_weight=1.00 guide_w=3.48 Walls=0.00203(x10) g_ns/g_walls=0.839 Windows=0.00138 Doors=0.00010 IC=0.00000 CO2_BC=0.00015 LR=5.72e-04 nu=0.01 NSraw=0.2298 alpha(W1/W8/all)=0.59/0.39/0.48 | 0.83 it/s
[Iter 10630/20000] Total=0.09721 | NS=0.07352 CO2(scaled)=0.00145 CO2_weight=1.00 guide_w=3.48 Walls=0.00201(x10) g_ns/g_walls=0.839 Windows=0.00146 Doors=0.00046 IC=0.00000 CO2_BC=0.00021 LR=5.71e-04 nu=0.01 NSraw=0.3405 alpha(W1/W8/all)=0.59/0.39/0.48 | 0.83 it/s
[Iter 10640/20000] Total=0.14280 | NS=0.12305 CO2(scaled)=0.00161 CO2_weight=1.00 guide_w=3.48 Walls=0.00166(x10) g_ns/g_walls=0.839 Windows=0.00128 Doors=0.00014 IC=0.00000 CO2_BC=0.00016 LR=5.71e-04 nu=0.01 NSraw=0.5234 alpha(W1/W8/all)=0.59/0.39/0.48 | 0.83 it/s
[Iter 10650/20000] Total=0.23705 | NS=0.21286 CO2(scaled)=0.00162 CO2_weight=1.00 guide_w=3.48 Walls=0.00216(x10) g_ns/g_walls=0.839 Windows=0.00077 Doors=0.00005 IC=0.00000 CO2_BC=0.00014 LR=5.71e-04 nu=0.01 NSraw=5.696 alpha(W1/W8/all)=0.59/0.39/0.48 | 0.83 it/s
[Iter 10660/20000] Total=0.20108 | NS=0.18488 CO2(scaled)=0.00120 CO2_weight=1.00 guide_w=3.48 Walls=0.00136(x10) g_ns/g_walls=0.839 Windows=0.00123 Doors=0.00007 IC=0.00000 CO2_BC=0.00013 LR=5.70e-04 nu=0.01 NSraw=1.038 alpha(W1/W8/all)=0.59/0.39/0.48 | 0.83 it/s
[Iter 10670/20000] Total=0.07307 | NS=0.05200 CO2(scaled)=0.00136 CO2_weight=1.00 guide_w=3.48 Walls=0.00184(x10) g_ns/g_walls=0.839 Windows=0.00112 Doors=0.00006 IC=0.00000 CO2_BC=0.00011 LR=5.70e-04 nu=0.01 NSraw=0.2033 alpha(W1/W8/all)=0.59/0.39/0.48 | 0.83 it/s
[Iter 10680/20000] Total=0.12326 | NS=0.08917 CO2(scaled)=0.00180 CO2_weight=1.00 guide_w=3.48 Walls=0.00305(x10) g_ns/g_walls=0.839 Windows=0.00160 Doors=0.00006 IC=0.00000 CO2_BC=0.00012 LR=5.70e-04 nu=0.01 NSraw=0.5062 alpha(W1/W8/all)=0.59/0.39/0.48 | 0.83 it/s
[Iter 10690/20000] Total=0.09963 | NS=0.05541 CO2(scaled)=0.00136 CO2_weight=1.00 guide_w=3.48 Walls=0.00394(x10) g_ns/g_walls=0.839 Windows=0.00327 Doors=0.00006 IC=0.00000 CO2_BC=0.00013 LR=5.69e-04 nu=0.01 NSraw=0.132 alpha(W1/W8/all)=0.59/0.39/0.48 | 0.83 it/s
[Iter 10700/20000] Total=0.49671 | NS=0.46681 CO2(scaled)=0.00157 CO2_weight=1.00 guide_w=112 Walls=0.00244(x10) g_ns/g_walls=9.97 Windows=0.00369 Doors=0.00007 IC=0.00000 CO2_BC=0.00013 LR=5.69e-04 nu=0.01 NSraw=38.12 alpha(W1/W8/all)=0.59/0.39/0.48 | 0.83 it/s
[Iter 10710/20000] Total=0.11894 | NS=0.10244 CO2(scaled)=0.00135 CO2_weight=1.00 guide_w=112 Walls=0.00134(x10) g_ns/g_walls=9.97 Windows=0.00155 Doors=0.00010 IC=0.00000 CO2_BC=0.00012 LR=5.69e-04 nu=0.01 NSraw=0.763 alpha(W1/W8/all)=0.59/0.39/0.48 | 0.83 it/s
[Iter 10720/20000] Total=0.57857 | NS=0.54170 CO2(scaled)=0.00247 CO2_weight=1.00 guide_w=112 Walls=0.00323(x10) g_ns/g_walls=9.97 Windows=0.00192 Doors=0.00007 IC=0.00000 CO2_BC=0.00009 LR=5.69e-04 nu=0.01 NSraw=22.4 alpha(W1/W8/all)=0.59/0.39/0.48 | 0.83 it/s
[Iter 10730/20000] Total=0.07138 | NS=0.04947 CO2(scaled)=0.00241 CO2_weight=1.00 guide_w=112 Walls=0.00177(x10) g_ns/g_walls=9.97 Windows=0.00158 Doors=0.00004 IC=0.00000 CO2_BC=0.00021 LR=5.68e-04 nu=0.01 NSraw=0.1283 alpha(W1/W8/all)=0.59/0.39/0.48 | 0.83 it/s
[Iter 10740/20000] Total=0.07909 | NS=0.05494 CO2(scaled)=0.00189 CO2_weight=1.00 guide_w=112 Walls=0.00206(x10) g_ns/g_walls=9.97 Windows=0.00146 Doors=0.00010 IC=0.00000 CO2_BC=0.00015 LR=5.68e-04 nu=0.01 NSraw=0.1271 alpha(W1/W8/all)=0.59/0.39/0.48 | 0.83 it/s
[Iter 10750/20000] Total=0.32803 | NS=0.29853 CO2(scaled)=0.00111 CO2_weight=1.00 guide_w=112 Walls=0.00258(x10) g_ns/g_walls=9.97 Windows=0.00227 Doors=0.00018 IC=0.00000 CO2_BC=0.00010 LR=5.68e-04 nu=0.01 NSraw=8.21 alpha(W1/W8/all)=0.59/0.39/0.48 | 0.83 it/s
[Iter 10760/20000] Total=0.14564 | NS=0.13221 CO2(scaled)=0.00244 CO2_weight=1.00 guide_w=112 Walls=0.00098(x10) g_ns/g_walls=9.97 Windows=0.00102 Doors=0.00005 IC=0.00000 CO2_BC=0.00010 LR=5.67e-04 nu=0.01 NSraw=0.6919 alpha(W1/W8/all)=0.59/0.39/0.48 | 0.83 it/s
[Iter 10770/20000] Total=0.06278 | NS=0.05187 CO2(scaled)=0.00187 CO2_weight=1.00 guide_w=112 Walls=0.00082(x10) g_ns/g_walls=9.97 Windows=0.00070 Doors=0.00006 IC=0.00000 CO2_BC=0.00013 LR=5.67e-04 nu=0.01 NSraw=0.1594 alpha(W1/W8/all)=0.59/0.39/0.48 | 0.83 it/s
[Iter 10780/20000] Total=0.09370 | NS=0.08345 CO2(scaled)=0.00203 CO2_weight=1.00 guide_w=112 Walls=0.00075(x10) g_ns/g_walls=9.97 Windows=0.00058 Doors=0.00008 IC=0.00000 CO2_BC=0.00012 LR=5.67e-04 nu=0.01 NSraw=0.3599 alpha(W1/W8/all)=0.59/0.39/0.48 | 0.83 it/s
[Iter 10790/20000] Total=0.09564 | NS=0.07580 CO2(scaled)=0.00361 CO2_weight=1.00 guide_w=112 Walls=0.00150(x10) g_ns/g_walls=9.97 Windows=0.00094 Doors=0.00009 IC=0.00000 CO2_BC=0.00018 LR=5.66e-04 nu=0.01 NSraw=0.2885 alpha(W1/W8/all)=0.59/0.39/0.48 | 0.83 it/s
[Iter 10800/20000] Total=0.11134 | NS=0.08905 CO2(scaled)=0.00184 CO2_weight=1.00 guide_w=0.398 Walls=0.00182(x10) g_ns/g_walls=0.0504 Windows=0.00203 Doors=0.00006 IC=0.00000 CO2_BC=0.00014 LR=5.66e-04 nu=0.01 NSraw=0.36 alpha(W1/W8/all)=0.59/0.39/0.48 | 0.83 it/s
[Iter 10810/20000] Total=0.11791 | NS=0.09923 CO2(scaled)=0.00260 CO2_weight=1.00 guide_w=0.398 Walls=0.00149(x10) g_ns/g_walls=0.0504 Windows=0.00090 Doors=0.00013 IC=0.00000 CO2_BC=0.00011 LR=5.66e-04 nu=0.01 NSraw=0.7523 alpha(W1/W8/all)=0.59/0.39/0.48 | 0.83 it/s
[Iter 10820/20000] Total=0.32002 | NS=0.28644 CO2(scaled)=0.00136 CO2_weight=1.00 guide_w=0.398 Walls=0.00298(x10) g_ns/g_walls=0.0504 Windows=0.00222 Doors=0.00007 IC=0.00000 CO2_BC=0.00011 LR=5.66e-04 nu=0.01 NSraw=11.05 alpha(W1/W8/all)=0.59/0.39/0.48 | 0.83 it/s
[Iter 10830/20000] Total=0.09860 | NS=0.07594 CO2(scaled)=0.00136 CO2_weight=1.00 guide_w=0.398 Walls=0.00199(x10) g_ns/g_walls=0.0504 Windows=0.00113 Doors=0.00013 IC=0.00000 CO2_BC=0.00013 LR=5.65e-04 nu=0.01 NSraw=0.2336 alpha(W1/W8/all)=0.59/0.39/0.48 | 0.83 it/s
[Iter 10840/20000] Total=0.10919 | NS=0.08509 CO2(scaled)=0.00236 CO2_weight=1.00 guide_w=0.398 Walls=0.00199(x10) g_ns/g_walls=0.0504 Windows=0.00160 Doors=0.00011 IC=0.00000 CO2_BC=0.00017 LR=5.65e-04 nu=0.01 NSraw=0.2684 alpha(W1/W8/all)=0.59/0.39/0.48 | 0.83 it/s
[Iter 10850/20000] Total=0.08506 | NS=0.07147 CO2(scaled)=0.00143 CO2_weight=1.00 guide_w=0.398 Walls=0.00106(x10) g_ns/g_walls=0.0504 Windows=0.00118 Doors=0.00016 IC=0.00000 CO2_BC=0.00019 LR=5.65e-04 nu=0.01 NSraw=0.2662 alpha(W1/W8/all)=0.59/0.39/0.48 | 0.83 it/s
[Iter 10860/20000] Total=0.16476 | NS=0.13736 CO2(scaled)=0.00182 CO2_weight=1.00 guide_w=0.398 Walls=0.00240(x10) g_ns/g_walls=0.0504 Windows=0.00140 Doors=0.00012 IC=0.00000 CO2_BC=0.00011 LR=5.64e-04 nu=0.01 NSraw=0.6386 alpha(W1/W8/all)=0.59/0.39/0.48 | 0.83 it/s
[Iter 10870/20000] Total=0.08509 | NS=0.07054 CO2(scaled)=0.00187 CO2_weight=1.00 guide_w=0.398 Walls=0.00113(x10) g_ns/g_walls=0.0504 Windows=0.00113 Doors=0.00005 IC=0.00000 CO2_BC=0.00015 LR=5.64e-04 nu=0.01 NSraw=0.1754 alpha(W1/W8/all)=0.59/0.39/0.48 | 0.83 it/s
[Iter 10880/20000] Total=0.15663 | NS=0.14707 CO2(scaled)=0.00116 CO2_weight=1.00 guide_w=0.398 Walls=0.00074(x10) g_ns/g_walls=0.0504 Windows=0.00086 Doors=0.00005 IC=0.00000 CO2_BC=0.00012 LR=5.64e-04 nu=0.01 NSraw=1.552 alpha(W1/W8/all)=0.59/0.39/0.48 | 0.83 it/s
[Iter 10890/20000] Total=0.06918 | NS=0.06096 CO2(scaled)=0.00104 CO2_weight=1.00 guide_w=0.398 Walls=0.00065(x10) g_ns/g_walls=0.0504 Windows=0.00050 Doors=0.00010 IC=0.00000 CO2_BC=0.00011 LR=5.63e-04 nu=0.01 NSraw=0.1762 alpha(W1/W8/all)=0.59/0.39/0.48 | 0.83 it/s
[Iter 10900/20000] Total=0.09709 | NS=0.08842 CO2(scaled)=0.00102 CO2_weight=1.00 guide_w=14.9 Walls=0.00069(x10) g_ns/g_walls=2.28 Windows=0.00056 Doors=0.00005 IC=0.00000 CO2_BC=0.00015 LR=5.63e-04 nu=0.01 NSraw=0.3111 alpha(W1/W8/all)=0.59/0.39/0.48 | 0.83 it/s
[Iter 10910/20000] Total=0.05698 | NS=0.03740 CO2(scaled)=0.00200 CO2_weight=1.00 guide_w=14.9 Walls=0.00159(x10) g_ns/g_walls=2.28 Windows=0.00143 Doors=0.00007 IC=0.00000 CO2_BC=0.00014 LR=5.63e-04 nu=0.01 NSraw=0.1453 alpha(W1/W8/all)=0.59/0.39/0.48 | 0.83 it/s
[Iter 10920/20000] Total=0.06921 | NS=0.04414 CO2(scaled)=0.00136 CO2_weight=1.00 guide_w=14.9 Walls=0.00215(x10) g_ns/g_walls=2.28 Windows=0.00191 Doors=0.00012 IC=0.00000 CO2_BC=0.00014 LR=5.63e-04 nu=0.01 NSraw=0.1879 alpha(W1/W8/all)=0.59/0.39/0.48 | 0.83 it/s
[Iter 10930/20000] Total=0.10184 | NS=0.09252 CO2(scaled)=0.00171 CO2_weight=1.00 guide_w=14.9 Walls=0.00067(x10) g_ns/g_walls=2.28 Windows=0.00062 Doors=0.00018 IC=0.00000 CO2_BC=0.00013 LR=5.62e-04 nu=0.01 NSraw=0.4456 alpha(W1/W8/all)=0.59/0.39/0.48 | 0.83 it/s
[Iter 10940/20000] Total=0.08100 | NS=0.07246 CO2(scaled)=0.00149 CO2_weight=1.00 guide_w=14.9 Walls=0.00062(x10) g_ns/g_walls=2.28 Windows=0.00063 Doors=0.00007 IC=0.00000 CO2_BC=0.00012 LR=5.62e-04 nu=0.01 NSraw=0.1969 alpha(W1/W8/all)=0.59/0.39/0.48 | 0.83 it/s
[Iter 10950/20000] Total=0.21778 | NS=0.20481 CO2(scaled)=0.00172 CO2_weight=1.00 guide_w=14.9 Walls=0.00101(x10) g_ns/g_walls=2.28 Windows=0.00092 Doors=0.00007 IC=0.00000 CO2_BC=0.00012 LR=5.62e-04 nu=0.01 NSraw=5.72 alpha(W1/W8/all)=0.59/0.39/0.48 | 0.83 it/s
[Iter 10960/20000] Total=0.09603 | NS=0.08258 CO2(scaled)=0.00201 CO2_weight=1.00 guide_w=14.9 Walls=0.00100(x10) g_ns/g_walls=2.28 Windows=0.00100 Doors=0.00035 IC=0.00000 CO2_BC=0.00012 LR=5.61e-04 nu=0.01 NSraw=0.3749 alpha(W1/W8/all)=0.59/0.39/0.48 | 0.83 it/s
[Iter 10970/20000] Total=0.09597 | NS=0.06779 CO2(scaled)=0.00214 CO2_weight=1.00 guide_w=14.9 Walls=0.00241(x10) g_ns/g_walls=2.28 Windows=0.00176 Doors=0.00010 IC=0.00000 CO2_BC=0.00010 LR=5.61e-04 nu=0.01 NSraw=0.317 alpha(W1/W8/all)=0.59/0.39/0.48 | 0.83 it/s
[Iter 10980/20000] Total=0.10172 | NS=0.07766 CO2(scaled)=0.00203 CO2_weight=1.00 guide_w=14.9 Walls=0.00200(x10) g_ns/g_walls=2.28 Windows=0.00187 Doors=0.00005 IC=0.00000 CO2_BC=0.00010 LR=5.61e-04 nu=0.01 NSraw=0.5046 alpha(W1/W8/all)=0.59/0.39/0.48 | 0.83 it/s
[Iter 10990/20000] Total=0.10025 | NS=0.06615 CO2(scaled)=0.00152 CO2_weight=1.00 guide_w=14.9 Walls=0.00294(x10) g_ns/g_walls=2.28 Windows=0.00298 Doors=0.00004 IC=0.00000 CO2_BC=0.00014 LR=5.60e-04 nu=0.01 NSraw=0.2025 alpha(W1/W8/all)=0.59/0.39/0.48 | 0.83 it/s
[Iter 11000/20000] Total=0.06181 | NS=0.05115 CO2(scaled)=0.00163 CO2_weight=1.00 guide_w=19.1 Walls=0.00082(x10) g_ns/g_walls=3.86 Windows=0.00061 Doors=0.00005 IC=0.00000 CO2_BC=0.00013 LR=5.60e-04 nu=0.01 NSraw=0.1097 alpha(W1/W8/all)=0.59/0.39/0.48 | 0.83 it/s
  -> saved checkpoint: /home/iai-labor/BuildingControlCFD/experiments/gnot/checkpoints/v24_fixedalpha/gnot_v24_fixedalpha_iter11000.pth
[Iter 11010/20000] Total=0.09836 | NS=0.07714 CO2(scaled)=0.00195 CO2_weight=1.00 guide_w=19.1 Walls=0.00177(x10) g_ns/g_walls=3.86 Windows=0.00141 Doors=0.00005 IC=0.00000 CO2_BC=0.00015 LR=5.60e-04 nu=0.01 NSraw=0.3147 alpha(W1/W8/all)=0.59/0.39/0.48 | 0.83 it/s
[Iter 11020/20000] Total=0.06267 | NS=0.04541 CO2(scaled)=0.00202 CO2_weight=1.00 guide_w=19.1 Walls=0.00140(x10) g_ns/g_walls=3.86 Windows=0.00103 Doors=0.00004 IC=0.00000 CO2_BC=0.00013 LR=5.60e-04 nu=0.01 NSraw=0.1041 alpha(W1/W8/all)=0.59/0.39/0.48 | 0.83 it/s
[Iter 11030/20000] Total=0.12030 | NS=0.09715 CO2(scaled)=0.00164 CO2_weight=1.00 guide_w=19.1 Walls=0.00201(x10) g_ns/g_walls=3.86 Windows=0.00116 Doors=0.00007 IC=0.00000 CO2_BC=0.00013 LR=5.59e-04 nu=0.01 NSraw=0.4563 alpha(W1/W8/all)=0.59/0.39/0.48 | 0.83 it/s
[Iter 11040/20000] Total=0.07122 | NS=0.05390 CO2(scaled)=0.00123 CO2_weight=1.00 guide_w=19.1 Walls=0.00147(x10) g_ns/g_walls=3.86 Windows=0.00127 Doors=0.00004 IC=0.00000 CO2_BC=0.00010 LR=5.59e-04 nu=0.01 NSraw=0.1437 alpha(W1/W8/all)=0.59/0.39/0.48 | 0.83 it/s
[Iter 11050/20000] Total=0.05144 | NS=0.03593 CO2(scaled)=0.00133 CO2_weight=1.00 guide_w=19.1 Walls=0.00128(x10) g_ns/g_walls=3.86 Windows=0.00118 Doors=0.00005 IC=0.00000 CO2_BC=0.00017 LR=5.59e-04 nu=0.01 NSraw=0.08943 alpha(W1/W8/all)=0.59/0.39/0.48 | 0.83 it/s
[Iter 11060/20000] Total=0.06195 | NS=0.05173 CO2(scaled)=0.00194 CO2_weight=1.00 guide_w=19.1 Walls=0.00076(x10) g_ns/g_walls=3.86 Windows=0.00053 Doors=0.00004 IC=0.00000 CO2_BC=0.00013 LR=5.58e-04 nu=0.01 NSraw=0.1281 alpha(W1/W8/all)=0.59/0.39/0.48 | 0.83 it/s
[Iter 11070/20000] Total=0.12580 | NS=0.11211 CO2(scaled)=0.00195 CO2_weight=1.00 guide_w=19.1 Walls=0.00103(x10) g_ns/g_walls=3.86 Windows=0.00124 Doors=0.00005 IC=0.00000 CO2_BC=0.00015 LR=5.58e-04 nu=0.01 NSraw=1.36 alpha(W1/W8/all)=0.59/0.39/0.48 | 0.83 it/s
[Iter 11080/20000] Total=0.09325 | NS=0.08437 CO2(scaled)=0.00146 CO2_weight=1.00 guide_w=19.1 Walls=0.00065(x10) g_ns/g_walls=3.86 Windows=0.00077 Doors=0.00004 IC=0.00000 CO2_BC=0.00010 LR=5.58e-04 nu=0.01 NSraw=0.5166 alpha(W1/W8/all)=0.59/0.39/0.48 | 0.83 it/s
[Iter 11090/20000] Total=0.11548 | NS=0.10965 CO2(scaled)=0.00126 CO2_weight=1.00 guide_w=19.1 Walls=0.00038(x10) g_ns/g_walls=3.86 Windows=0.00058 Doors=0.00005 IC=0.00000 CO2_BC=0.00010 LR=5.58e-04 nu=0.01 NSraw=0.5884 alpha(W1/W8/all)=0.59/0.39/0.48 | 0.83 it/s
[Iter 11100/20000] Total=0.12504 | NS=0.11608 CO2(scaled)=0.00101 CO2_weight=1.00 guide_w=1.19 Walls=0.00071(x10) g_ns/g_walls=0.242 Windows=0.00069 Doors=0.00005 IC=0.00000 CO2_BC=0.00013 LR=5.57e-04 nu=0.01 NSraw=0.6298 alpha(W1/W8/all)=0.59/0.39/0.48 | 0.83 it/s
[Iter 11110/20000] Total=0.09467 | NS=0.08037 CO2(scaled)=0.00167 CO2_weight=1.00 guide_w=1.19 Walls=0.00112(x10) g_ns/g_walls=0.242 Windows=0.00131 Doors=0.00004 IC=0.00000 CO2_BC=0.00008 LR=5.57e-04 nu=0.01 NSraw=0.2923 alpha(W1/W8/all)=0.59/0.39/0.48 | 0.83 it/s
[Iter 11120/20000] Total=0.14787 | NS=0.13823 CO2(scaled)=0.00122 CO2_weight=1.00 guide_w=1.19 Walls=0.00076(x10) g_ns/g_walls=0.242 Windows=0.00071 Doors=0.00004 IC=0.00000 CO2_BC=0.00011 LR=5.57e-04 nu=0.01 NSraw=1.025 alpha(W1/W8/all)=0.59/0.39/0.48 | 0.83 it/s
[Iter 11130/20000] Total=0.13188 | NS=0.11785 CO2(scaled)=0.00110 CO2_weight=1.00 guide_w=1.19 Walls=0.00122(x10) g_ns/g_walls=0.242 Windows=0.00056 Doors=0.00005 IC=0.00000 CO2_BC=0.00010 LR=5.56e-04 nu=0.01 NSraw=0.6746 alpha(W1/W8/all)=0.59/0.39/0.48 | 0.83 it/s
[Iter 11140/20000] Total=0.60648 | NS=0.59171 CO2(scaled)=0.00203 CO2_weight=1.00 guide_w=1.19 Walls=0.00113(x10) g_ns/g_walls=0.242 Windows=0.00128 Doors=0.00008 IC=0.00000 CO2_BC=0.00008 LR=5.56e-04 nu=0.01 NSraw=65.68 alpha(W1/W8/all)=0.59/0.39/0.48 | 0.83 it/s
[Iter 11150/20000] Total=0.12511 | NS=0.11584 CO2(scaled)=0.00118 CO2_weight=1.00 guide_w=1.19 Walls=0.00073(x10) g_ns/g_walls=0.242 Windows=0.00067 Doors=0.00006 IC=0.00000 CO2_BC=0.00010 LR=5.56e-04 nu=0.01 NSraw=0.6731 alpha(W1/W8/all)=0.59/0.39/0.48 | 0.83 it/s
[Iter 11160/20000] Total=0.18177 | NS=0.15627 CO2(scaled)=0.00297 CO2_weight=1.00 guide_w=1.19 Walls=0.00200(x10) g_ns/g_walls=0.242 Windows=0.00220 Doors=0.00025 IC=0.00000 CO2_BC=0.00010 LR=5.55e-04 nu=0.01 NSraw=2.383 alpha(W1/W8/all)=0.59/0.39/0.48 | 0.83 it/s
[Iter 11170/20000] Total=0.09761 | NS=0.07848 CO2(scaled)=0.00192 CO2_weight=1.00 guide_w=1.19 Walls=0.00154(x10) g_ns/g_walls=0.242 Windows=0.00153 Doors=0.00011 IC=0.00000 CO2_BC=0.00015 LR=5.55e-04 nu=0.01 NSraw=0.282 alpha(W1/W8/all)=0.59/0.39/0.48 | 0.83 it/s
[Iter 11180/20000] Total=0.17885 | NS=0.13936 CO2(scaled)=0.00255 CO2_weight=1.00 guide_w=1.19 Walls=0.00341(x10) g_ns/g_walls=0.242 Windows=0.00261 Doors=0.00007 IC=0.00000 CO2_BC=0.00014 LR=5.55e-04 nu=0.01 NSraw=0.7093 alpha(W1/W8/all)=0.59/0.39/0.48 | 0.83 it/s
[Iter 11190/20000] Total=0.14939 | NS=0.11236 CO2(scaled)=0.00163 CO2_weight=1.00 guide_w=1.19 Walls=0.00323(x10) g_ns/g_walls=0.242 Windows=0.00290 Doors=0.00006 IC=0.00000 CO2_BC=0.00011 LR=5.55e-04 nu=0.01 NSraw=0.4591 alpha(W1/W8/all)=0.59/0.39/0.48 | 0.83 it/s
[Iter 11200/20000] Total=0.06898 | NS=0.04413 CO2(scaled)=0.00136 CO2_weight=1.00 guide_w=1.3 Walls=0.00215(x10) g_ns/g_walls=0.046 Windows=0.00175 Doors=0.00008 IC=0.00000 CO2_BC=0.00012 LR=5.54e-04 nu=0.01 NSraw=0.1301 alpha(W1/W8/all)=0.59/0.39/0.48 | 0.83 it/s
[Iter 11210/20000] Total=0.25186 | NS=0.20847 CO2(scaled)=0.00436 CO2_weight=1.00 guide_w=1.3 Walls=0.00378(x10) g_ns/g_walls=0.046 Windows=0.00104 Doors=0.00008 IC=0.00000 CO2_BC=0.00014 LR=5.54e-04 nu=0.01 NSraw=3.398 alpha(W1/W8/all)=0.59/0.39/0.48 | 0.83 it/s
[Iter 11220/20000] Total=0.47861 | NS=0.44458 CO2(scaled)=0.00269 CO2_weight=1.00 guide_w=1.3 Walls=0.00300(x10) g_ns/g_walls=0.046 Windows=0.00109 Doors=0.00006 IC=0.00000 CO2_BC=0.00014 LR=5.54e-04 nu=0.01 NSraw=15.31 alpha(W1/W8/all)=0.59/0.39/0.48 | 0.83 it/s
[Iter 11230/20000] Total=0.06330 | NS=0.04624 CO2(scaled)=0.00346 CO2_weight=1.00 guide_w=1.3 Walls=0.00122(x10) g_ns/g_walls=0.046 Windows=0.00112 Doors=0.00011 IC=0.00000 CO2_BC=0.00015 LR=5.53e-04 nu=0.01 NSraw=0.1432 alpha(W1/W8/all)=0.59/0.39/0.48 | 0.83 it/s
[Iter 11240/20000] Total=0.08365 | NS=0.07254 CO2(scaled)=0.00113 CO2_weight=1.00 guide_w=1.3 Walls=0.00091(x10) g_ns/g_walls=0.046 Windows=0.00066 Doors=0.00009 IC=0.00000 CO2_BC=0.00017 LR=5.53e-04 nu=0.01 NSraw=0.2232 alpha(W1/W8/all)=0.59/0.39/0.48 | 0.83 it/s
[Iter 11250/20000] Total=0.10713 | NS=0.08917 CO2(scaled)=0.00208 CO2_weight=1.00 guide_w=1.3 Walls=0.00144(x10) g_ns/g_walls=0.046 Windows=0.00123 Doors=0.00005 IC=0.00000 CO2_BC=0.00016 LR=5.53e-04 nu=0.01 NSraw=0.3778 alpha(W1/W8/all)=0.59/0.39/0.48 | 0.82 it/s
[Iter 11260/20000] Total=0.07356 | NS=0.05982 CO2(scaled)=0.00162 CO2_weight=1.00 guide_w=1.3 Walls=0.00108(x10) g_ns/g_walls=0.046 Windows=0.00116 Doors=0.00007 IC=0.00000 CO2_BC=0.00014 LR=5.53e-04 nu=0.01 NSraw=0.1798 alpha(W1/W8/all)=0.59/0.39/0.48 | 0.82 it/s
[Iter 11270/20000] Total=0.29214 | NS=0.27492 CO2(scaled)=0.00211 CO2_weight=1.00 guide_w=1.3 Walls=0.00139(x10) g_ns/g_walls=0.046 Windows=0.00105 Doors=0.00007 IC=0.00000 CO2_BC=0.00014 LR=5.52e-04 nu=0.01 NSraw=9.966 alpha(W1/W8/all)=0.59/0.39/0.48 | 0.82 it/s
[Iter 11280/20000] Total=0.06237 | NS=0.03866 CO2(scaled)=0.00344 CO2_weight=1.00 guide_w=1.3 Walls=0.00188(x10) g_ns/g_walls=0.046 Windows=0.00125 Doors=0.00006 IC=0.00000 CO2_BC=0.00012 LR=5.52e-04 nu=0.01 NSraw=0.0949 alpha(W1/W8/all)=0.59/0.39/0.48 | 0.82 it/s
[Iter 11290/20000] Total=0.19923 | NS=0.17750 CO2(scaled)=0.00254 CO2_weight=1.00 guide_w=1.3 Walls=0.00176(x10) g_ns/g_walls=0.046 Windows=0.00134 Doors=0.00007 IC=0.00000 CO2_BC=0.00015 LR=5.52e-04 nu=0.01 NSraw=0.8166 alpha(W1/W8/all)=0.59/0.39/0.48 | 0.82 it/s
[Iter 11300/20000] Total=0.08223 | NS=0.07326 CO2(scaled)=0.00154 CO2_weight=1.00 guide_w=3.56 Walls=0.00066(x10) g_ns/g_walls=2.46 Windows=0.00055 Doors=0.00007 IC=0.00000 CO2_BC=0.00022 LR=5.51e-04 nu=0.01 NSraw=0.1902 alpha(W1/W8/all)=0.59/0.39/0.48 | 0.82 it/s
[Iter 11310/20000] Total=0.86961 | NS=0.83346 CO2(scaled)=0.00350 CO2_weight=1.00 guide_w=3.56 Walls=0.00295(x10) g_ns/g_walls=2.46 Windows=0.00291 Doors=0.00011 IC=0.00000 CO2_BC=0.00012 LR=5.51e-04 nu=0.01 NSraw=133.2 alpha(W1/W8/all)=0.59/0.39/0.48 | 0.82 it/s
[Iter 11320/20000] Total=0.10590 | NS=0.08588 CO2(scaled)=0.00282 CO2_weight=1.00 guide_w=3.56 Walls=0.00151(x10) g_ns/g_walls=2.46 Windows=0.00137 Doors=0.00063 IC=0.00000 CO2_BC=0.00011 LR=5.51e-04 nu=0.01 NSraw=0.2812 alpha(W1/W8/all)=0.59/0.39/0.48 | 0.82 it/s
[Iter 11330/20000] Total=0.28459 | NS=0.26979 CO2(scaled)=0.00176 CO2_weight=1.00 guide_w=3.56 Walls=0.00119(x10) g_ns/g_walls=2.46 Windows=0.00091 Doors=0.00009 IC=0.00000 CO2_BC=0.00013 LR=5.51e-04 nu=0.01 NSraw=5.486 alpha(W1/W8/all)=0.59/0.39/0.48 | 0.82 it/s
[Iter 11340/20000] Total=0.16306 | NS=0.15354 CO2(scaled)=0.00122 CO2_weight=1.00 guide_w=3.56 Walls=0.00074(x10) g_ns/g_walls=2.46 Windows=0.00063 Doors=0.00014 IC=0.00000 CO2_BC=0.00013 LR=5.50e-04 nu=0.01 NSraw=0.7189 alpha(W1/W8/all)=0.59/0.39/0.48 | 0.82 it/s
[Iter 11350/20000] Total=0.11231 | NS=0.09770 CO2(scaled)=0.00115 CO2_weight=1.00 guide_w=3.56 Walls=0.00123(x10) g_ns/g_walls=2.46 Windows=0.00079 Doors=0.00024 IC=0.00000 CO2_BC=0.00011 LR=5.50e-04 nu=0.01 NSraw=0.4458 alpha(W1/W8/all)=0.59/0.39/0.48 | 0.82 it/s
[Iter 11360/20000] Total=0.05411 | NS=0.03392 CO2(scaled)=0.00119 CO2_weight=1.00 guide_w=3.56 Walls=0.00170(x10) g_ns/g_walls=2.46 Windows=0.00181 Doors=0.00008 IC=0.00000 CO2_BC=0.00012 LR=5.50e-04 nu=0.01 NSraw=0.08554 alpha(W1/W8/all)=0.59/0.39/0.48 | 0.82 it/s
[Iter 11370/20000] Total=0.11619 | NS=0.08952 CO2(scaled)=0.00200 CO2_weight=1.00 guide_w=3.56 Walls=0.00222(x10) g_ns/g_walls=2.46 Windows=0.00235 Doors=0.00008 IC=0.00000 CO2_BC=0.00010 LR=5.49e-04 nu=0.01 NSraw=0.4672 alpha(W1/W8/all)=0.59/0.39/0.48 | 0.82 it/s
[Iter 11380/20000] Total=0.09026 | NS=0.07562 CO2(scaled)=0.00165 CO2_weight=1.00 guide_w=3.56 Walls=0.00121(x10) g_ns/g_walls=2.46 Windows=0.00073 Doors=0.00005 IC=0.00000 CO2_BC=0.00010 LR=5.49e-04 nu=0.01 NSraw=0.2689 alpha(W1/W8/all)=0.59/0.39/0.48 | 0.82 it/s
[Iter 11390/20000] Total=0.04769 | NS=0.02821 CO2(scaled)=0.00363 CO2_weight=1.00 guide_w=3.56 Walls=0.00146(x10) g_ns/g_walls=2.46 Windows=0.00106 Doors=0.00003 IC=0.00000 CO2_BC=0.00013 LR=5.49e-04 nu=0.01 NSraw=0.04463 alpha(W1/W8/all)=0.59/0.39/0.48 | 0.82 it/s
[Iter 11400/20000] Total=0.17346 | NS=0.16127 CO2(scaled)=0.00183 CO2_weight=1.00 guide_w=6.2 Walls=0.00091(x10) g_ns/g_walls=1.03 Windows=0.00110 Doors=0.00003 IC=0.00000 CO2_BC=0.00010 LR=5.49e-04 nu=0.01 NSraw=1.836 alpha(W1/W8/all)=0.59/0.39/0.48 | 0.82 it/s
[Iter 11410/20000] Total=0.07446 | NS=0.05306 CO2(scaled)=0.00105 CO2_weight=1.00 guide_w=6.2 Walls=0.00195(x10) g_ns/g_walls=1.03 Windows=0.00064 Doors=0.00007 IC=0.00000 CO2_BC=0.00015 LR=5.48e-04 nu=0.01 NSraw=0.2115 alpha(W1/W8/all)=0.59/0.39/0.48 | 0.82 it/s
[Iter 11420/20000] Total=0.10158 | NS=0.08170 CO2(scaled)=0.00091 CO2_weight=1.00 guide_w=6.2 Walls=0.00174(x10) g_ns/g_walls=1.03 Windows=0.00137 Doors=0.00005 IC=0.00000 CO2_BC=0.00010 LR=5.48e-04 nu=0.01 NSraw=0.3698 alpha(W1/W8/all)=0.59/0.39/0.48 | 0.82 it/s
[Iter 11430/20000] Total=0.08999 | NS=0.04957 CO2(scaled)=0.00151 CO2_weight=1.00 guide_w=6.2 Walls=0.00356(x10) g_ns/g_walls=1.03 Windows=0.00313 Doors=0.00004 IC=0.00000 CO2_BC=0.00014 LR=5.48e-04 nu=0.01 NSraw=0.1507 alpha(W1/W8/all)=0.59/0.39/0.48 | 0.82 it/s
[Iter 11440/20000] Total=0.08375 | NS=0.06911 CO2(scaled)=0.00104 CO2_weight=1.00 guide_w=6.2 Walls=0.00119(x10) g_ns/g_walls=1.03 Windows=0.00152 Doors=0.00004 IC=0.00000 CO2_BC=0.00013 LR=5.47e-04 nu=0.01 NSraw=0.2344 alpha(W1/W8/all)=0.59/0.39/0.48 | 0.82 it/s
[Iter 11450/20000] Total=0.06837 | NS=0.05055 CO2(scaled)=0.00113 CO2_weight=1.00 guide_w=6.2 Walls=0.00146(x10) g_ns/g_walls=1.03 Windows=0.00192 Doors=0.00009 IC=0.00000 CO2_BC=0.00009 LR=5.47e-04 nu=0.01 NSraw=0.2454 alpha(W1/W8/all)=0.59/0.39/0.48 | 0.82 it/s
[Iter 11460/20000] Total=0.13922 | NS=0.08908 CO2(scaled)=0.00255 CO2_weight=1.00 guide_w=6.2 Walls=0.00427(x10) g_ns/g_walls=1.03 Windows=0.00474 Doors=0.00003 IC=0.00000 CO2_BC=0.00011 LR=5.47e-04 nu=0.01 NSraw=0.7355 alpha(W1/W8/all)=0.59/0.39/0.48 | 0.82 it/s
[Iter 11470/20000] Total=0.11858 | NS=0.09637 CO2(scaled)=0.00340 CO2_weight=1.00 guide_w=6.2 Walls=0.00176(x10) g_ns/g_walls=1.03 Windows=0.00105 Doors=0.00005 IC=0.00000 CO2_BC=0.00011 LR=5.46e-04 nu=0.01 NSraw=0.5249 alpha(W1/W8/all)=0.59/0.39/0.48 | 0.82 it/s
[Iter 11480/20000] Total=0.07471 | NS=0.05518 CO2(scaled)=0.00213 CO2_weight=1.00 guide_w=6.2 Walls=0.00162(x10) g_ns/g_walls=1.03 Windows=0.00097 Doors=0.00006 IC=0.00000 CO2_BC=0.00017 LR=5.46e-04 nu=0.01 NSraw=0.1608 alpha(W1/W8/all)=0.59/0.39/0.48 | 0.82 it/s
[Iter 11490/20000] Total=0.12666 | NS=0.11821 CO2(scaled)=0.00166 CO2_weight=1.00 guide_w=6.2 Walls=0.00059(x10) g_ns/g_walls=1.03 Windows=0.00070 Doors=0.00004 IC=0.00000 CO2_BC=0.00013 LR=5.46e-04 nu=0.01 NSraw=0.5474 alpha(W1/W8/all)=0.59/0.39/0.48 | 0.82 it/s
[Iter 11500/20000] Total=0.09412 | NS=0.08139 CO2(scaled)=0.00174 CO2_weight=1.00 guide_w=0.784 Walls=0.00099(x10) g_ns/g_walls=0.16 Windows=0.00087 Doors=0.00004 IC=0.00000 CO2_BC=0.00014 LR=5.46e-04 nu=0.01 NSraw=0.2953 alpha(W1/W8/all)=0.59/0.39/0.48 | 0.82 it/s
[Iter 11510/20000] Total=0.07799 | NS=0.06553 CO2(scaled)=0.00168 CO2_weight=1.00 guide_w=0.784 Walls=0.00098(x10) g_ns/g_walls=0.16 Windows=0.00081 Doors=0.00006 IC=0.00000 CO2_BC=0.00015 LR=5.45e-04 nu=0.01 NSraw=0.1869 alpha(W1/W8/all)=0.59/0.39/0.48 | 0.82 it/s
[Iter 11520/20000] Total=0.17441 | NS=0.16049 CO2(scaled)=0.00187 CO2_weight=1.00 guide_w=0.784 Walls=0.00111(x10) g_ns/g_walls=0.16 Windows=0.00078 Doors=0.00005 IC=0.00000 CO2_BC=0.00016 LR=5.45e-04 nu=0.01 NSraw=1.153 alpha(W1/W8/all)=0.59/0.39/0.48 | 0.82 it/s
[Iter 11530/20000] Total=0.03516 | NS=0.02331 CO2(scaled)=0.00146 CO2_weight=1.00 guide_w=0.784 Walls=0.00091(x10) g_ns/g_walls=0.16 Windows=0.00114 Doors=0.00004 IC=0.00000 CO2_BC=0.00012 LR=5.45e-04 nu=0.01 NSraw=0.03668 alpha(W1/W8/all)=0.59/0.39/0.48 | 0.82 it/s
[Iter 11540/20000] Total=0.10357 | NS=0.06395 CO2(scaled)=0.00435 CO2_weight=1.00 guide_w=0.784 Walls=0.00331(x10) g_ns/g_walls=0.16 Windows=0.00199 Doors=0.00007 IC=0.00000 CO2_BC=0.00016 LR=5.44e-04 nu=0.01 NSraw=0.2228 alpha(W1/W8/all)=0.59/0.39/0.48 | 0.82 it/s
[Iter 11550/20000] Total=0.16993 | NS=0.11650 CO2(scaled)=0.00153 CO2_weight=1.00 guide_w=0.784 Walls=0.00502(x10) g_ns/g_walls=0.16 Windows=0.00143 Doors=0.00004 IC=0.00000 CO2_BC=0.00025 LR=5.44e-04 nu=0.01 NSraw=0.4311 alpha(W1/W8/all)=0.59/0.39/0.48 | 0.82 it/s
[Iter 11560/20000] Total=0.05402 | NS=0.04630 CO2(scaled)=0.00103 CO2_weight=1.00 guide_w=0.784 Walls=0.00058(x10) g_ns/g_walls=0.16 Windows=0.00071 Doors=0.00006 IC=0.00000 CO2_BC=0.00012 LR=5.44e-04 nu=0.01 NSraw=0.1073 alpha(W1/W8/all)=0.59/0.39/0.48 | 0.82 it/s
[Iter 11570/20000] Total=0.10713 | NS=0.05906 CO2(scaled)=0.00170 CO2_weight=1.00 guide_w=0.784 Walls=0.00456(x10) g_ns/g_walls=0.16 Windows=0.00053 Doors=0.00006 IC=0.00000 CO2_BC=0.00014 LR=5.44e-04 nu=0.01 NSraw=0.1592 alpha(W1/W8/all)=0.59/0.39/0.48 | 0.82 it/s
[Iter 11580/20000] Total=0.09314 | NS=0.08153 CO2(scaled)=0.00196 CO2_weight=1.00 guide_w=0.784 Walls=0.00079(x10) g_ns/g_walls=0.16 Windows=0.00157 Doors=0.00008 IC=0.00000 CO2_BC=0.00013 LR=5.43e-04 nu=0.01 NSraw=0.3388 alpha(W1/W8/all)=0.59/0.39/0.48 | 0.82 it/s
[Iter 11590/20000] Total=0.12678 | NS=0.08768 CO2(scaled)=0.00117 CO2_weight=1.00 guide_w=0.784 Walls=0.00365(x10) g_ns/g_walls=0.16 Windows=0.00120 Doors=0.00004 IC=0.00000 CO2_BC=0.00015 LR=5.43e-04 nu=0.01 NSraw=0.3595 alpha(W1/W8/all)=0.59/0.39/0.48 | 0.82 it/s
[Iter 11600/20000] Total=0.12215 | NS=0.09508 CO2(scaled)=0.00159 CO2_weight=1.00 guide_w=0.692 Walls=0.00233(x10) g_ns/g_walls=0.0766 Windows=0.00201 Doors=0.00004 IC=0.00000 CO2_BC=0.00016 LR=5.43e-04 nu=0.01 NSraw=0.3474 alpha(W1/W8/all)=0.59/0.39/0.48 | 0.82 it/s
[Iter 11610/20000] Total=0.11034 | NS=0.10052 CO2(scaled)=0.00197 CO2_weight=1.00 guide_w=0.692 Walls=0.00070(x10) g_ns/g_walls=0.0766 Windows=0.00072 Doors=0.00004 IC=0.00000 CO2_BC=0.00014 LR=5.42e-04 nu=0.01 NSraw=0.4963 alpha(W1/W8/all)=0.59/0.39/0.48 | 0.82 it/s
[Iter 11620/20000] Total=0.17158 | NS=0.14891 CO2(scaled)=0.00131 CO2_weight=1.00 guide_w=0.692 Walls=0.00204(x10) g_ns/g_walls=0.0766 Windows=0.00085 Doors=0.00003 IC=0.00000 CO2_BC=0.00010 LR=5.42e-04 nu=0.01 NSraw=3.641 alpha(W1/W8/all)=0.59/0.39/0.48 | 0.82 it/s
[Iter 11630/20000] Total=0.12853 | NS=0.08758 CO2(scaled)=0.00182 CO2_weight=1.00 guide_w=0.692 Walls=0.00366(x10) g_ns/g_walls=0.0766 Windows=0.00241 Doors=0.00003 IC=0.00000 CO2_BC=0.00012 LR=5.42e-04 nu=0.01 NSraw=0.3819 alpha(W1/W8/all)=0.59/0.39/0.48 | 0.82 it/s
[Iter 11640/20000] Total=0.30397 | NS=0.29295 CO2(scaled)=0.00131 CO2_weight=1.00 guide_w=0.692 Walls=0.00090(x10) g_ns/g_walls=0.0766 Windows=0.00048 Doors=0.00005 IC=0.00000 CO2_BC=0.00016 LR=5.42e-04 nu=0.01 NSraw=6.775 alpha(W1/W8/all)=0.59/0.39/0.48 | 0.82 it/s
[Iter 11650/20000] Total=0.10353 | NS=0.08555 CO2(scaled)=0.00241 CO2_weight=1.00 guide_w=0.692 Walls=0.00141(x10) g_ns/g_walls=0.0766 Windows=0.00126 Doors=0.00006 IC=0.00000 CO2_BC=0.00014 LR=5.41e-04 nu=0.01 NSraw=0.4934 alpha(W1/W8/all)=0.59/0.39/0.48 | 0.82 it/s
[Iter 11660/20000] Total=0.08758 | NS=0.06984 CO2(scaled)=0.00170 CO2_weight=1.00 guide_w=0.692 Walls=0.00142(x10) g_ns/g_walls=0.0766 Windows=0.00159 Doors=0.00008 IC=0.00000 CO2_BC=0.00014 LR=5.41e-04 nu=0.01 NSraw=0.2472 alpha(W1/W8/all)=0.59/0.39/0.48 | 0.82 it/s
[Iter 11670/20000] Total=0.07256 | NS=0.05629 CO2(scaled)=0.00140 CO2_weight=1.00 guide_w=0.692 Walls=0.00138(x10) g_ns/g_walls=0.0766 Windows=0.00088 Doors=0.00007 IC=0.00000 CO2_BC=0.00011 LR=5.41e-04 nu=0.01 NSraw=0.1639 alpha(W1/W8/all)=0.59/0.39/0.48 | 0.82 it/s
[Iter 11680/20000] Total=0.26677 | NS=0.24341 CO2(scaled)=0.00142 CO2_weight=1.00 guide_w=0.692 Walls=0.00204(x10) g_ns/g_walls=0.0766 Windows=0.00140 Doors=0.00008 IC=0.00000 CO2_BC=0.00011 LR=5.40e-04 nu=0.01 NSraw=8.308 alpha(W1/W8/all)=0.59/0.39/0.48 | 0.82 it/s
[Iter 11690/20000] Total=0.12393 | NS=0.11042 CO2(scaled)=0.00240 CO2_weight=1.00 guide_w=0.692 Walls=0.00100(x10) g_ns/g_walls=0.0766 Windows=0.00081 Doors=0.00011 IC=0.00000 CO2_BC=0.00014 LR=5.40e-04 nu=0.01 NSraw=0.5504 alpha(W1/W8/all)=0.59/0.39/0.48 | 0.82 it/s
[Iter 11700/20000] Total=0.12858 | NS=0.10010 CO2(scaled)=0.00412 CO2_weight=1.00 guide_w=0.748 Walls=0.00223(x10) g_ns/g_walls=0.155 Windows=0.00172 Doors=0.00026 IC=0.00000 CO2_BC=0.00011 LR=5.40e-04 nu=0.01 NSraw=0.4263 alpha(W1/W8/all)=0.59/0.39/0.48 | 0.82 it/s
[Iter 11710/20000] Total=0.07363 | NS=0.05976 CO2(scaled)=0.00129 CO2_weight=1.00 guide_w=0.748 Walls=0.00116(x10) g_ns/g_walls=0.155 Windows=0.00081 Doors=0.00007 IC=0.00000 CO2_BC=0.00013 LR=5.40e-04 nu=0.01 NSraw=0.3717 alpha(W1/W8/all)=0.59/0.39/0.48 | 0.82 it/s
[Iter 11720/20000] Total=0.16153 | NS=0.13740 CO2(scaled)=0.00236 CO2_weight=1.00 guide_w=0.748 Walls=0.00198(x10) g_ns/g_walls=0.155 Windows=0.00185 Doors=0.00003 IC=0.00000 CO2_BC=0.00011 LR=5.39e-04 nu=0.01 NSraw=0.7816 alpha(W1/W8/all)=0.59/0.39/0.48 | 0.82 it/s
[Iter 11730/20000] Total=0.13035 | NS=0.11175 CO2(scaled)=0.00203 CO2_weight=1.00 guide_w=0.748 Walls=0.00156(x10) g_ns/g_walls=0.155 Windows=0.00083 Doors=0.00004 IC=0.00000 CO2_BC=0.00014 LR=5.39e-04 nu=0.01 NSraw=0.8314 alpha(W1/W8/all)=0.59/0.39/0.48 | 0.82 it/s
[Iter 11740/20000] Total=0.09227 | NS=0.05768 CO2(scaled)=0.00487 CO2_weight=1.00 guide_w=0.748 Walls=0.00286(x10) g_ns/g_walls=0.155 Windows=0.00095 Doors=0.00004 IC=0.00000 CO2_BC=0.00011 LR=5.39e-04 nu=0.01 NSraw=0.2839 alpha(W1/W8/all)=0.59/0.39/0.48 | 0.82 it/s
[Iter 11750/20000] Total=0.14982 | NS=0.13514 CO2(scaled)=0.00175 CO2_weight=1.00 guide_w=0.748 Walls=0.00118(x10) g_ns/g_walls=0.155 Windows=0.00096 Doors=0.00004 IC=0.00000 CO2_BC=0.00012 LR=5.38e-04 nu=0.01 NSraw=0.6513 alpha(W1/W8/all)=0.59/0.39/0.48 | 0.82 it/s
[Iter 11760/20000] Total=0.13773 | NS=0.12041 CO2(scaled)=0.00229 CO2_weight=1.00 guide_w=0.748 Walls=0.00132(x10) g_ns/g_walls=0.155 Windows=0.00164 Doors=0.00006 IC=0.00000 CO2_BC=0.00012 LR=5.38e-04 nu=0.01 NSraw=0.5832 alpha(W1/W8/all)=0.59/0.39/0.48 | 0.82 it/s
[Iter 11770/20000] Total=0.15319 | NS=0.12204 CO2(scaled)=0.00145 CO2_weight=1.00 guide_w=0.748 Walls=0.00281(x10) g_ns/g_walls=0.155 Windows=0.00146 Doors=0.00004 IC=0.00000 CO2_BC=0.00014 LR=5.38e-04 nu=0.01 NSraw=1.086 alpha(W1/W8/all)=0.59/0.39/0.48 | 0.82 it/s
[Iter 11780/20000] Total=0.07508 | NS=0.04847 CO2(scaled)=0.00150 CO2_weight=1.00 guide_w=0.748 Walls=0.00237(x10) g_ns/g_walls=0.155 Windows=0.00113 Doors=0.00006 IC=0.00000 CO2_BC=0.00019 LR=5.38e-04 nu=0.01 NSraw=0.112 alpha(W1/W8/all)=0.59/0.39/0.48 | 0.82 it/s
[Iter 11790/20000] Total=0.08067 | NS=0.05206 CO2(scaled)=0.00184 CO2_weight=1.00 guide_w=0.748 Walls=0.00251(x10) g_ns/g_walls=0.155 Windows=0.00145 Doors=0.00005 IC=0.00000 CO2_BC=0.00018 LR=5.37e-04 nu=0.01 NSraw=0.1513 alpha(W1/W8/all)=0.59/0.39/0.48 | 0.82 it/s
[Iter 11800/20000] Total=0.06209 | NS=0.05225 CO2(scaled)=0.00182 CO2_weight=1.00 guide_w=1.05 Walls=0.00071(x10) g_ns/g_walls=0.296 Windows=0.00073 Doors=0.00005 IC=0.00000 CO2_BC=0.00014 LR=5.37e-04 nu=0.01 NSraw=0.161 alpha(W1/W8/all)=0.59/0.39/0.48 | 0.82 it/s
[Iter 11810/20000] Total=0.12113 | NS=0.09822 CO2(scaled)=0.00253 CO2_weight=1.00 guide_w=1.05 Walls=0.00189(x10) g_ns/g_walls=0.296 Windows=0.00132 Doors=0.00004 IC=0.00000 CO2_BC=0.00009 LR=5.37e-04 nu=0.01 NSraw=0.3258 alpha(W1/W8/all)=0.59/0.39/0.48 | 0.82 it/s
[Iter 11820/20000] Total=0.39552 | NS=0.36636 CO2(scaled)=0.00140 CO2_weight=1.00 guide_w=1.05 Walls=0.00254(x10) g_ns/g_walls=0.296 Windows=0.00210 Doors=0.00007 IC=0.00000 CO2_BC=0.00018 LR=5.37e-04 nu=0.01 NSraw=20.91 alpha(W1/W8/all)=0.59/0.39/0.48 | 0.82 it/s
[Iter 11830/20000] Total=0.15298 | NS=0.12159 CO2(scaled)=0.00210 CO2_weight=1.00 guide_w=1.05 Walls=0.00259(x10) g_ns/g_walls=0.296 Windows=0.00299 Doors=0.00016 IC=0.00000 CO2_BC=0.00021 LR=5.36e-04 nu=0.01 NSraw=0.7852 alpha(W1/W8/all)=0.59/0.39/0.48 | 0.82 it/s
[Iter 11840/20000] Total=0.15709 | NS=0.13995 CO2(scaled)=0.00179 CO2_weight=1.00 guide_w=1.05 Walls=0.00140(x10) g_ns/g_walls=0.296 Windows=0.00108 Doors=0.00005 IC=0.00000 CO2_BC=0.00017 LR=5.36e-04 nu=0.01 NSraw=0.8565 alpha(W1/W8/all)=0.59/0.39/0.48 | 0.82 it/s
[Iter 11850/20000] Total=0.04361 | NS=0.03312 CO2(scaled)=0.00141 CO2_weight=1.00 guide_w=1.05 Walls=0.00081(x10) g_ns/g_walls=0.296 Windows=0.00084 Doors=0.00004 IC=0.00000 CO2_BC=0.00015 LR=5.36e-04 nu=0.01 NSraw=0.06413 alpha(W1/W8/all)=0.59/0.39/0.48 | 0.82 it/s
[Iter 11860/20000] Total=0.09144 | NS=0.07159 CO2(scaled)=0.00133 CO2_weight=1.00 guide_w=1.05 Walls=0.00177(x10) g_ns/g_walls=0.296 Windows=0.00072 Doors=0.00005 IC=0.00000 CO2_BC=0.00009 LR=5.35e-04 nu=0.01 NSraw=0.3376 alpha(W1/W8/all)=0.59/0.39/0.48 | 0.82 it/s
[Iter 11870/20000] Total=0.53742 | NS=0.51861 CO2(scaled)=0.00142 CO2_weight=1.00 guide_w=1.05 Walls=0.00161(x10) g_ns/g_walls=0.296 Windows=0.00115 Doors=0.00007 IC=0.00000 CO2_BC=0.00010 LR=5.35e-04 nu=0.01 NSraw=18.94 alpha(W1/W8/all)=0.59/0.39/0.48 | 0.82 it/s
[Iter 11880/20000] Total=0.11627 | NS=0.10557 CO2(scaled)=0.00142 CO2_weight=1.00 guide_w=1.05 Walls=0.00078(x10) g_ns/g_walls=0.296 Windows=0.00110 Doors=0.00024 IC=0.00000 CO2_BC=0.00016 LR=5.35e-04 nu=0.01 NSraw=0.5066 alpha(W1/W8/all)=0.59/0.39/0.48 | 0.82 it/s
[Iter 11890/20000] Total=0.05838 | NS=0.04863 CO2(scaled)=0.00132 CO2_weight=1.00 guide_w=1.05 Walls=0.00075(x10) g_ns/g_walls=0.296 Windows=0.00071 Doors=0.00011 IC=0.00000 CO2_BC=0.00014 LR=5.35e-04 nu=0.01 NSraw=0.1788 alpha(W1/W8/all)=0.59/0.39/0.48 | 0.82 it/s
[Iter 11900/20000] Total=0.12584 | NS=0.11271 CO2(scaled)=0.00261 CO2_weight=1.00 guide_w=4 Walls=0.00093(x10) g_ns/g_walls=1.46 Windows=0.00102 Doors=0.00006 IC=0.00000 CO2_BC=0.00011 LR=5.34e-04 nu=0.01 NSraw=0.3888 alpha(W1/W8/all)=0.59/0.39/0.48 | 0.82 it/s
[Iter 11910/20000] Total=0.12145 | NS=0.10580 CO2(scaled)=0.00103 CO2_weight=1.00 guide_w=4 Walls=0.00135(x10) g_ns/g_walls=1.46 Windows=0.00100 Doors=0.00004 IC=0.00000 CO2_BC=0.00011 LR=5.34e-04 nu=0.01 NSraw=0.4811 alpha(W1/W8/all)=0.59/0.39/0.48 | 0.82 it/s
[Iter 11920/20000] Total=0.17926 | NS=0.16712 CO2(scaled)=0.00132 CO2_weight=1.00 guide_w=4 Walls=0.00101(x10) g_ns/g_walls=1.46 Windows=0.00057 Doors=0.00004 IC=0.00000 CO2_BC=0.00015 LR=5.34e-04 nu=0.01 NSraw=2.262 alpha(W1/W8/all)=0.59/0.39/0.48 | 0.82 it/s
[Iter 11930/20000] Total=0.03196 | NS=0.02343 CO2(scaled)=0.00117 CO2_weight=1.00 guide_w=4 Walls=0.00065(x10) g_ns/g_walls=1.46 Windows=0.00068 Doors=0.00004 IC=0.00000 CO2_BC=0.00011 LR=5.33e-04 nu=0.01 NSraw=0.03872 alpha(W1/W8/all)=0.59/0.39/0.48 | 0.82 it/s
[Iter 11940/20000] Total=0.13429 | NS=0.11963 CO2(scaled)=0.00107 CO2_weight=1.00 guide_w=4 Walls=0.00124(x10) g_ns/g_walls=1.46 Windows=0.00104 Doors=0.00008 IC=0.00000 CO2_BC=0.00011 LR=5.33e-04 nu=0.01 NSraw=0.5066 alpha(W1/W8/all)=0.59/0.39/0.48 | 0.82 it/s
[Iter 11950/20000] Total=0.06996 | NS=0.05440 CO2(scaled)=0.00195 CO2_weight=1.00 guide_w=4 Walls=0.00126(x10) g_ns/g_walls=1.46 Windows=0.00087 Doors=0.00006 IC=0.00000 CO2_BC=0.00010 LR=5.33e-04 nu=0.01 NSraw=0.1352 alpha(W1/W8/all)=0.59/0.39/0.48 | 0.82 it/s
[Iter 11960/20000] Total=0.27761 | NS=0.26621 CO2(scaled)=0.00248 CO2_weight=1.00 guide_w=4 Walls=0.00079(x10) g_ns/g_walls=1.46 Windows=0.00073 Doors=0.00013 IC=0.00000 CO2_BC=0.00012 LR=5.33e-04 nu=0.01 NSraw=5.266 alpha(W1/W8/all)=0.59/0.39/0.48 | 0.82 it/s
[Iter 11970/20000] Total=0.06873 | NS=0.05332 CO2(scaled)=0.00131 CO2_weight=1.00 guide_w=4 Walls=0.00125(x10) g_ns/g_walls=1.46 Windows=0.00105 Doors=0.00040 IC=0.00000 CO2_BC=0.00012 LR=5.32e-04 nu=0.01 NSraw=0.1751 alpha(W1/W8/all)=0.59/0.39/0.48 | 0.82 it/s
[Iter 11980/20000] Total=0.16216 | NS=0.14250 CO2(scaled)=0.00131 CO2_weight=1.00 guide_w=4 Walls=0.00158(x10) g_ns/g_walls=1.46 Windows=0.00135 Doors=0.00110 IC=0.00000 CO2_BC=0.00014 LR=5.32e-04 nu=0.01 NSraw=1.428 alpha(W1/W8/all)=0.59/0.39/0.48 | 0.82 it/s
[Iter 11990/20000] Total=0.10877 | NS=0.09800 CO2(scaled)=0.00145 CO2_weight=1.00 guide_w=4 Walls=0.00071(x10) g_ns/g_walls=1.46 Windows=0.00058 Doors=0.00157 IC=0.00000 CO2_BC=0.00012 LR=5.32e-04 nu=0.01 NSraw=0.3513 alpha(W1/W8/all)=0.59/0.39/0.48 | 0.82 it/s
[Iter 12000/20000] Total=0.15144 | NS=0.13039 CO2(scaled)=0.00253 CO2_weight=1.00 guide_w=1.44 Walls=0.00156(x10) g_ns/g_walls=0.248 Windows=0.00184 Doors=0.00093 IC=0.00000 CO2_BC=0.00013 LR=5.31e-04 nu=0.01 NSraw=0.5707 alpha(W1/W8/all)=0.59/0.39/0.48 | 0.82 it/s
  -> saved checkpoint: /home/iai-labor/BuildingControlCFD/experiments/gnot/checkpoints/v24_fixedalpha/gnot_v24_fixedalpha_iter12000.pth
[Iter 12010/20000] Total=0.17352 | NS=0.16009 CO2(scaled)=0.00207 CO2_weight=1.00 guide_w=1.44 Walls=0.00095(x10) g_ns/g_walls=0.248 Windows=0.00124 Doors=0.00038 IC=0.00000 CO2_BC=0.00023 LR=5.31e-04 nu=0.01 NSraw=2.665 alpha(W1/W8/all)=0.59/0.39/0.48 | 0.82 it/s
[Iter 12020/20000] Total=0.04890 | NS=0.03323 CO2(scaled)=0.00189 CO2_weight=1.00 guide_w=1.44 Walls=0.00125(x10) g_ns/g_walls=0.248 Windows=0.00089 Doors=0.00016 IC=0.00000 CO2_BC=0.00020 LR=5.31e-04 nu=0.01 NSraw=0.05766 alpha(W1/W8/all)=0.59/0.39/0.48 | 0.82 it/s
[Iter 12030/20000] Total=0.07590 | NS=0.04614 CO2(scaled)=0.00254 CO2_weight=1.00 guide_w=1.44 Walls=0.00250(x10) g_ns/g_walls=0.248 Windows=0.00197 Doors=0.00008 IC=0.00000 CO2_BC=0.00022 LR=5.31e-04 nu=0.01 NSraw=0.117 alpha(W1/W8/all)=0.59/0.39/0.48 | 0.82 it/s
[Iter 12040/20000] Total=0.08230 | NS=0.05951 CO2(scaled)=0.00354 CO2_weight=1.00 guide_w=1.44 Walls=0.00169(x10) g_ns/g_walls=0.248 Windows=0.00208 Doors=0.00008 IC=0.00000 CO2_BC=0.00022 LR=5.30e-04 nu=0.01 NSraw=0.2108 alpha(W1/W8/all)=0.59/0.39/0.48 | 0.82 it/s
[Iter 12050/20000] Total=0.11911 | NS=0.10389 CO2(scaled)=0.00410 CO2_weight=1.00 guide_w=1.44 Walls=0.00100(x10) g_ns/g_walls=0.248 Windows=0.00092 Doors=0.00006 IC=0.00000 CO2_BC=0.00016 LR=5.30e-04 nu=0.01 NSraw=0.35 alpha(W1/W8/all)=0.59/0.39/0.48 | 0.82 it/s
[Iter 12060/20000] Total=0.51826 | NS=0.50711 CO2(scaled)=0.00205 CO2_weight=1.00 guide_w=1.44 Walls=0.00075(x10) g_ns/g_walls=0.248 Windows=0.00138 Doors=0.00005 IC=0.00000 CO2_BC=0.00019 LR=5.30e-04 nu=0.01 NSraw=50.89 alpha(W1/W8/all)=0.59/0.39/0.48 | 0.82 it/s
[Iter 12070/20000] Total=0.09140 | NS=0.07015 CO2(scaled)=0.00257 CO2_weight=1.00 guide_w=1.44 Walls=0.00175(x10) g_ns/g_walls=0.248 Windows=0.00096 Doors=0.00007 IC=0.00000 CO2_BC=0.00016 LR=5.29e-04 nu=0.01 NSraw=0.27 alpha(W1/W8/all)=0.59/0.39/0.48 | 0.82 it/s
[Iter 12080/20000] Total=0.08854 | NS=0.07825 CO2(scaled)=0.00190 CO2_weight=1.00 guide_w=1.44 Walls=0.00074(x10) g_ns/g_walls=0.248 Windows=0.00067 Doors=0.00008 IC=0.00000 CO2_BC=0.00023 LR=5.29e-04 nu=0.01 NSraw=0.3115 alpha(W1/W8/all)=0.59/0.39/0.48 | 0.82 it/s
[Iter 12090/20000] Total=0.15926 | NS=0.14880 CO2(scaled)=0.00114 CO2_weight=1.00 guide_w=1.44 Walls=0.00084(x10) g_ns/g_walls=0.248 Windows=0.00060 Doors=0.00008 IC=0.00000 CO2_BC=0.00023 LR=5.29e-04 nu=0.01 NSraw=2.193 alpha(W1/W8/all)=0.59/0.39/0.48 | 0.82 it/s
[Iter 12100/20000] Total=0.12230 | NS=0.07504 CO2(scaled)=0.00163 CO2_weight=1.00 guide_w=0.705 Walls=0.00426(x10) g_ns/g_walls=0.0501 Windows=0.00279 Doors=0.00008 IC=0.00000 CO2_BC=0.00020 LR=5.29e-04 nu=0.01 NSraw=0.3663 alpha(W1/W8/all)=0.59/0.39/0.48 | 0.82 it/s
[Iter 12110/20000] Total=0.11931 | NS=0.09809 CO2(scaled)=0.00134 CO2_weight=1.00 guide_w=0.705 Walls=0.00190(x10) g_ns/g_walls=0.0501 Windows=0.00070 Doors=0.00005 IC=0.00000 CO2_BC=0.00013 LR=5.28e-04 nu=0.01 NSraw=0.436 alpha(W1/W8/all)=0.59/0.39/0.48 | 0.82 it/s
[Iter 12120/20000] Total=0.16982 | NS=0.15121 CO2(scaled)=0.00199 CO2_weight=1.00 guide_w=0.705 Walls=0.00154(x10) g_ns/g_walls=0.0501 Windows=0.00095 Doors=0.00010 IC=0.00000 CO2_BC=0.00012 LR=5.28e-04 nu=0.01 NSraw=1.342 alpha(W1/W8/all)=0.59/0.39/0.48 | 0.82 it/s
[Iter 12130/20000] Total=0.25620 | NS=0.22456 CO2(scaled)=0.00162 CO2_weight=1.00 guide_w=0.705 Walls=0.00283(x10) g_ns/g_walls=0.0501 Windows=0.00149 Doors=0.00010 IC=0.00000 CO2_BC=0.00016 LR=5.28e-04 nu=0.01 NSraw=5.193 alpha(W1/W8/all)=0.59/0.39/0.48 | 0.82 it/s
[Iter 12140/20000] Total=0.13517 | NS=0.10813 CO2(scaled)=0.00305 CO2_weight=1.00 guide_w=0.705 Walls=0.00223(x10) g_ns/g_walls=0.0501 Windows=0.00146 Doors=0.00008 IC=0.00000 CO2_BC=0.00011 LR=5.28e-04 nu=0.01 NSraw=0.4421 alpha(W1/W8/all)=0.59/0.39/0.48 | 0.82 it/s
[Iter 12150/20000] Total=0.13225 | NS=0.10210 CO2(scaled)=0.00200 CO2_weight=1.00 guide_w=0.705 Walls=0.00256(x10) g_ns/g_walls=0.0501 Windows=0.00238 Doors=0.00006 IC=0.00000 CO2_BC=0.00011 LR=5.27e-04 nu=0.01 NSraw=0.7035 alpha(W1/W8/all)=0.59/0.39/0.48 | 0.82 it/s
[Iter 12160/20000] Total=0.09610 | NS=0.06737 CO2(scaled)=0.00304 CO2_weight=1.00 guide_w=0.705 Walls=0.00232(x10) g_ns/g_walls=0.0501 Windows=0.00225 Doors=0.00007 IC=0.00000 CO2_BC=0.00014 LR=5.27e-04 nu=0.01 NSraw=0.2061 alpha(W1/W8/all)=0.59/0.39/0.48 | 0.82 it/s
[Iter 12170/20000] Total=0.06227 | NS=0.04189 CO2(scaled)=0.00153 CO2_weight=1.00 guide_w=0.705 Walls=0.00178(x10) g_ns/g_walls=0.0501 Windows=0.00092 Doors=0.00005 IC=0.00000 CO2_BC=0.00012 LR=5.27e-04 nu=0.01 NSraw=0.09891 alpha(W1/W8/all)=0.59/0.39/0.48 | 0.82 it/s
[Iter 12180/20000] Total=0.07583 | NS=0.06221 CO2(scaled)=0.00135 CO2_weight=1.00 guide_w=0.705 Walls=0.00112(x10) g_ns/g_walls=0.0501 Windows=0.00083 Doors=0.00008 IC=0.00000 CO2_BC=0.00011 LR=5.26e-04 nu=0.01 NSraw=0.2222 alpha(W1/W8/all)=0.59/0.39/0.48 | 0.82 it/s
[Iter 12190/20000] Total=0.14192 | NS=0.08151 CO2(scaled)=0.00246 CO2_weight=1.00 guide_w=0.705 Walls=0.00528(x10) g_ns/g_walls=0.0501 Windows=0.00490 Doors=0.00009 IC=0.00000 CO2_BC=0.00011 LR=5.26e-04 nu=0.01 NSraw=0.3202 alpha(W1/W8/all)=0.59/0.39/0.48 | 0.82 it/s
[Iter 12200/20000] Total=0.09618 | NS=0.07899 CO2(scaled)=0.00151 CO2_weight=1.00 guide_w=0.567 Walls=0.00148(x10) g_ns/g_walls=0.116 Windows=0.00068 Doors=0.00005 IC=0.00000 CO2_BC=0.00015 LR=5.26e-04 nu=0.01 NSraw=0.261 alpha(W1/W8/all)=0.59/0.39/0.48 | 0.82 it/s
[Iter 12210/20000] Total=0.10247 | NS=0.07790 CO2(scaled)=0.00131 CO2_weight=1.00 guide_w=0.567 Walls=0.00218(x10) g_ns/g_walls=0.116 Windows=0.00120 Doors=0.00008 IC=0.00000 CO2_BC=0.00014 LR=5.26e-04 nu=0.01 NSraw=0.3684 alpha(W1/W8/all)=0.59/0.39/0.48 | 0.82 it/s
[Iter 12220/20000] Total=0.05806 | NS=0.03078 CO2(scaled)=0.00195 CO2_weight=1.00 guide_w=0.567 Walls=0.00240(x10) g_ns/g_walls=0.116 Windows=0.00103 Doors=0.00015 IC=0.00000 CO2_BC=0.00013 LR=5.25e-04 nu=0.01 NSraw=0.05397 alpha(W1/W8/all)=0.59/0.39/0.48 | 0.82 it/s
[Iter 12230/20000] Total=0.10572 | NS=0.09592 CO2(scaled)=0.00130 CO2_weight=1.00 guide_w=0.567 Walls=0.00076(x10) g_ns/g_walls=0.116 Windows=0.00062 Doors=0.00010 IC=0.00000 CO2_BC=0.00014 LR=5.25e-04 nu=0.01 NSraw=0.2944 alpha(W1/W8/all)=0.59/0.39/0.48 | 0.82 it/s
[Iter 12240/20000] Total=0.17094 | NS=0.11896 CO2(scaled)=0.00122 CO2_weight=1.00 guide_w=0.567 Walls=0.00472(x10) g_ns/g_walls=0.116 Windows=0.00337 Doors=0.00006 IC=0.00000 CO2_BC=0.00011 LR=5.25e-04 nu=0.01 NSraw=0.643 alpha(W1/W8/all)=0.59/0.39/0.48 | 0.82 it/s
[Iter 12250/20000] Total=0.21607 | NS=0.20432 CO2(scaled)=0.00126 CO2_weight=1.00 guide_w=0.567 Walls=0.00096(x10) g_ns/g_walls=0.116 Windows=0.00072 Doors=0.00008 IC=0.00000 CO2_BC=0.00011 LR=5.24e-04 nu=0.01 NSraw=3.811 alpha(W1/W8/all)=0.59/0.39/0.48 | 0.82 it/s
[Iter 12260/20000] Total=0.09325 | NS=0.06838 CO2(scaled)=0.00155 CO2_weight=1.00 guide_w=0.567 Walls=0.00219(x10) g_ns/g_walls=0.116 Windows=0.00131 Doors=0.00005 IC=0.00000 CO2_BC=0.00009 LR=5.24e-04 nu=0.01 NSraw=0.3086 alpha(W1/W8/all)=0.59/0.39/0.48 | 0.82 it/s
[Iter 12270/20000] Total=0.10221 | NS=0.07779 CO2(scaled)=0.00142 CO2_weight=1.00 guide_w=0.567 Walls=0.00210(x10) g_ns/g_walls=0.116 Windows=0.00184 Doors=0.00007 IC=0.00000 CO2_BC=0.00013 LR=5.24e-04 nu=0.01 NSraw=0.2794 alpha(W1/W8/all)=0.59/0.39/0.48 | 0.82 it/s
[Iter 12280/20000] Total=0.59238 | NS=0.56063 CO2(scaled)=0.00125 CO2_weight=1.00 guide_w=0.567 Walls=0.00284(x10) g_ns/g_walls=0.116 Windows=0.00191 Doors=0.00007 IC=0.00000 CO2_BC=0.00009 LR=5.24e-04 nu=0.01 NSraw=62.99 alpha(W1/W8/all)=0.59/0.39/0.48 | 0.82 it/s
[Iter 12290/20000] Total=0.06131 | NS=0.03178 CO2(scaled)=0.00423 CO2_weight=1.00 guide_w=0.567 Walls=0.00233(x10) g_ns/g_walls=0.116 Windows=0.00181 Doors=0.00004 IC=0.00000 CO2_BC=0.00011 LR=5.23e-04 nu=0.01 NSraw=0.06593 alpha(W1/W8/all)=0.59/0.39/0.48 | 0.82 it/s
[Iter 12300/20000] Total=0.14570 | NS=0.09987 CO2(scaled)=0.00378 CO2_weight=1.00 guide_w=5.2 Walls=0.00395(x10) g_ns/g_walls=1.24 Windows=0.00232 Doors=0.00006 IC=0.00000 CO2_BC=0.00015 LR=5.23e-04 nu=0.01 NSraw=0.3758 alpha(W1/W8/all)=0.59/0.39/0.48 | 0.82 it/s
[Iter 12310/20000] Total=0.20721 | NS=0.19329 CO2(scaled)=0.00298 CO2_weight=1.00 guide_w=5.2 Walls=0.00098(x10) g_ns/g_walls=1.24 Windows=0.00093 Doors=0.00006 IC=0.00000 CO2_BC=0.00016 LR=5.23e-04 nu=0.01 NSraw=3 alpha(W1/W8/all)=0.59/0.39/0.48 | 0.82 it/s
[Iter 12320/20000] Total=0.13981 | NS=0.12152 CO2(scaled)=0.00163 CO2_weight=1.00 guide_w=5.2 Walls=0.00153(x10) g_ns/g_walls=1.24 Windows=0.00108 Doors=0.00006 IC=0.00000 CO2_BC=0.00016 LR=5.23e-04 nu=0.01 NSraw=0.5361 alpha(W1/W8/all)=0.59/0.39/0.48 | 0.82 it/s
[Iter 12330/20000] Total=0.34478 | NS=0.31292 CO2(scaled)=0.00202 CO2_weight=1.00 guide_w=5.2 Walls=0.00269(x10) g_ns/g_walls=1.24 Windows=0.00269 Doors=0.00010 IC=0.00000 CO2_BC=0.00017 LR=5.22e-04 nu=0.01 NSraw=12.85 alpha(W1/W8/all)=0.59/0.39/0.48 | 0.82 it/s
[Iter 12340/20000] Total=0.09997 | NS=0.07579 CO2(scaled)=0.00123 CO2_weight=1.00 guide_w=5.2 Walls=0.00214(x10) g_ns/g_walls=1.24 Windows=0.00137 Doors=0.00005 IC=0.00000 CO2_BC=0.00012 LR=5.22e-04 nu=0.01 NSraw=0.251 alpha(W1/W8/all)=0.59/0.39/0.48 | 0.82 it/s
[Iter 12350/20000] Total=0.08850 | NS=0.07857 CO2(scaled)=0.00142 CO2_weight=1.00 guide_w=5.2 Walls=0.00076(x10) g_ns/g_walls=1.24 Windows=0.00064 Doors=0.00006 IC=0.00000 CO2_BC=0.00018 LR=5.22e-04 nu=0.01 NSraw=0.2432 alpha(W1/W8/all)=0.59/0.39/0.48 | 0.82 it/s
[Iter 12360/20000] Total=0.08681 | NS=0.06926 CO2(scaled)=0.00208 CO2_weight=1.00 guide_w=5.2 Walls=0.00140(x10) g_ns/g_walls=1.24 Windows=0.00134 Doors=0.00007 IC=0.00000 CO2_BC=0.00012 LR=5.21e-04 nu=0.01 NSraw=0.3234 alpha(W1/W8/all)=0.59/0.39/0.48 | 0.82 it/s
[Iter 12370/20000] Total=0.33788 | NS=0.30885 CO2(scaled)=0.00149 CO2_weight=1.00 guide_w=5.2 Walls=0.00254(x10) g_ns/g_walls=1.24 Windows=0.00195 Doors=0.00004 IC=0.00000 CO2_BC=0.00012 LR=5.21e-04 nu=0.01 NSraw=7.401 alpha(W1/W8/all)=0.59/0.39/0.48 | 0.82 it/s
[Iter 12380/20000] Total=0.13833 | NS=0.12940 CO2(scaled)=0.00127 CO2_weight=1.00 guide_w=5.2 Walls=0.00067(x10) g_ns/g_walls=1.24 Windows=0.00082 Doors=0.00007 IC=0.00000 CO2_BC=0.00009 LR=5.21e-04 nu=0.01 NSraw=0.5519 alpha(W1/W8/all)=0.59/0.39/0.48 | 0.82 it/s
[Iter 12390/20000] Total=0.09448 | NS=0.08084 CO2(scaled)=0.00144 CO2_weight=1.00 guide_w=5.2 Walls=0.00107(x10) g_ns/g_walls=1.24 Windows=0.00128 Doors=0.00012 IC=0.00000 CO2_BC=0.00011 LR=5.21e-04 nu=0.01 NSraw=0.3129 alpha(W1/W8/all)=0.59/0.39/0.48 | 0.82 it/s
[Iter 12400/20000] Total=0.03778 | NS=0.02713 CO2(scaled)=0.00113 CO2_weight=1.00 guide_w=1.8 Walls=0.00085(x10) g_ns/g_walls=0.341 Windows=0.00086 Doors=0.00006 IC=0.00000 CO2_BC=0.00009 LR=5.20e-04 nu=0.01 NSraw=0.05348 alpha(W1/W8/all)=0.59/0.39/0.48 | 0.82 it/s
[Iter 12410/20000] Total=0.22280 | NS=0.20833 CO2(scaled)=0.00108 CO2_weight=1.00 guide_w=1.8 Walls=0.00121(x10) g_ns/g_walls=0.341 Windows=0.00105 Doors=0.00009 IC=0.00000 CO2_BC=0.00012 LR=5.20e-04 nu=0.01 NSraw=4.268 alpha(W1/W8/all)=0.59/0.39/0.48 | 0.82 it/s
[Iter 12420/20000] Total=0.10667 | NS=0.08056 CO2(scaled)=0.00101 CO2_weight=1.00 guide_w=1.8 Walls=0.00226(x10) g_ns/g_walls=0.341 Windows=0.00232 Doors=0.00009 IC=0.00000 CO2_BC=0.00010 LR=5.20e-04 nu=0.01 NSraw=0.6104 alpha(W1/W8/all)=0.59/0.39/0.48 | 0.82 it/s
[Iter 12430/20000] Total=0.10753 | NS=0.08873 CO2(scaled)=0.00128 CO2_weight=1.00 guide_w=1.8 Walls=0.00162(x10) g_ns/g_walls=0.341 Windows=0.00113 Doors=0.00011 IC=0.00000 CO2_BC=0.00011 LR=5.20e-04 nu=0.01 NSraw=0.4442 alpha(W1/W8/all)=0.59/0.39/0.48 | 0.82 it/s
[Iter 12440/20000] Total=0.06965 | NS=0.06007 CO2(scaled)=0.00119 CO2_weight=1.00 guide_w=1.8 Walls=0.00073(x10) g_ns/g_walls=0.341 Windows=0.00090 Doors=0.00008 IC=0.00000 CO2_BC=0.00009 LR=5.19e-04 nu=0.01 NSraw=0.133 alpha(W1/W8/all)=0.59/0.39/0.48 | 0.82 it/s
[Iter 12450/20000] Total=0.11593 | NS=0.09538 CO2(scaled)=0.00154 CO2_weight=1.00 guide_w=1.8 Walls=0.00172(x10) g_ns/g_walls=0.341 Windows=0.00153 Doors=0.00015 IC=0.00000 CO2_BC=0.00013 LR=5.19e-04 nu=0.01 NSraw=0.4422 alpha(W1/W8/all)=0.59/0.39/0.48 | 0.82 it/s
[Iter 12460/20000] Total=0.06320 | NS=0.04522 CO2(scaled)=0.00759 CO2_weight=1.00 guide_w=1.8 Walls=0.00090(x10) g_ns/g_walls=0.341 Windows=0.00103 Doors=0.00026 IC=0.00000 CO2_BC=0.00015 LR=5.19e-04 nu=0.01 NSraw=0.09199 alpha(W1/W8/all)=0.59/0.39/0.48 | 0.82 it/s
[Iter 12470/20000] Total=0.11954 | NS=0.10066 CO2(scaled)=0.00261 CO2_weight=1.00 guide_w=1.8 Walls=0.00148(x10) g_ns/g_walls=0.341 Windows=0.00119 Doors=0.00013 IC=0.00000 CO2_BC=0.00019 LR=5.18e-04 nu=0.01 NSraw=0.9241 alpha(W1/W8/all)=0.59/0.39/0.48 | 0.82 it/s
[Iter 12480/20000] Total=0.11421 | NS=0.07544 CO2(scaled)=0.00358 CO2_weight=1.00 guide_w=1.8 Walls=0.00324(x10) g_ns/g_walls=0.341 Windows=0.00254 Doors=0.00011 IC=0.00000 CO2_BC=0.00017 LR=5.18e-04 nu=0.01 NSraw=0.2819 alpha(W1/W8/all)=0.59/0.39/0.48 | 0.82 it/s
[Iter 12490/20000] Total=0.38618 | NS=0.36892 CO2(scaled)=0.00152 CO2_weight=1.00 guide_w=1.8 Walls=0.00145(x10) g_ns/g_walls=0.341 Windows=0.00091 Doors=0.00007 IC=0.00000 CO2_BC=0.00030 LR=5.18e-04 nu=0.01 NSraw=10.96 alpha(W1/W8/all)=0.59/0.39/0.48 | 0.82 it/s
[Iter 12500/20000] Total=0.05553 | NS=0.04487 CO2(scaled)=0.00156 CO2_weight=1.00 guide_w=1.18 Walls=0.00083(x10) g_ns/g_walls=0.388 Windows=0.00059 Doors=0.00007 IC=0.00000 CO2_BC=0.00016 LR=5.18e-04 nu=0.01 NSraw=0.1077 alpha(W1/W8/all)=0.59/0.39/0.48 | 0.82 it/s
[Iter 12510/20000] Total=0.28554 | NS=0.27850 CO2(scaled)=0.00123 CO2_weight=1.00 guide_w=1.18 Walls=0.00050(x10) g_ns/g_walls=0.388 Windows=0.00054 Doors=0.00011 IC=0.00000 CO2_BC=0.00012 LR=5.17e-04 nu=0.01 NSraw=7.88 alpha(W1/W8/all)=0.59/0.39/0.48 | 0.82 it/s
[Iter 12520/20000] Total=0.08018 | NS=0.06489 CO2(scaled)=0.00126 CO2_weight=1.00 guide_w=1.18 Walls=0.00129(x10) g_ns/g_walls=0.388 Windows=0.00088 Doors=0.00007 IC=0.00000 CO2_BC=0.00022 LR=5.17e-04 nu=0.01 NSraw=0.2679 alpha(W1/W8/all)=0.59/0.39/0.48 | 0.82 it/s
[Iter 12530/20000] Total=0.16522 | NS=0.15419 CO2(scaled)=0.00142 CO2_weight=1.00 guide_w=1.18 Walls=0.00085(x10) g_ns/g_walls=0.388 Windows=0.00087 Doors=0.00005 IC=0.00000 CO2_BC=0.00014 LR=5.17e-04 nu=0.01 NSraw=1.222 alpha(W1/W8/all)=0.59/0.39/0.48 | 0.82 it/s
[Iter 12540/20000] Total=0.08200 | NS=0.07072 CO2(scaled)=0.00104 CO2_weight=1.00 guide_w=1.18 Walls=0.00094(x10) g_ns/g_walls=0.388 Windows=0.00072 Doors=0.00003 IC=0.00000 CO2_BC=0.00013 LR=5.17e-04 nu=0.01 NSraw=0.2538 alpha(W1/W8/all)=0.59/0.39/0.48 | 0.82 it/s
[Iter 12550/20000] Total=0.10913 | NS=0.10201 CO2(scaled)=0.00124 CO2_weight=1.00 guide_w=1.18 Walls=0.00049(x10) g_ns/g_walls=0.388 Windows=0.00079 Doors=0.00004 IC=0.00000 CO2_BC=0.00011 LR=5.16e-04 nu=0.01 NSraw=0.469 alpha(W1/W8/all)=0.59/0.39/0.48 | 0.82 it/s
[Iter 12560/20000] Total=0.09556 | NS=0.08150 CO2(scaled)=0.00222 CO2_weight=1.00 guide_w=1.18 Walls=0.00107(x10) g_ns/g_walls=0.388 Windows=0.00097 Doors=0.00006 IC=0.00000 CO2_BC=0.00015 LR=5.16e-04 nu=0.01 NSraw=0.326 alpha(W1/W8/all)=0.59/0.39/0.48 | 0.82 it/s
[Iter 12570/20000] Total=0.06332 | NS=0.04712 CO2(scaled)=0.00192 CO2_weight=1.00 guide_w=1.18 Walls=0.00132(x10) g_ns/g_walls=0.388 Windows=0.00091 Doors=0.00004 IC=0.00000 CO2_BC=0.00013 LR=5.16e-04 nu=0.01 NSraw=0.1341 alpha(W1/W8/all)=0.59/0.39/0.48 | 0.82 it/s
[Iter 12580/20000] Total=0.10658 | NS=0.09510 CO2(scaled)=0.00123 CO2_weight=1.00 guide_w=1.18 Walls=0.00091(x10) g_ns/g_walls=0.388 Windows=0.00093 Doors=0.00005 IC=0.00000 CO2_BC=0.00022 LR=5.15e-04 nu=0.01 NSraw=0.425 alpha(W1/W8/all)=0.59/0.39/0.48 | 0.82 it/s
[Iter 12590/20000] Total=0.13148 | NS=0.11307 CO2(scaled)=0.00160 CO2_weight=1.00 guide_w=1.18 Walls=0.00157(x10) g_ns/g_walls=0.388 Windows=0.00091 Doors=0.00008 IC=0.00000 CO2_BC=0.00015 LR=5.15e-04 nu=0.01 NSraw=0.6686 alpha(W1/W8/all)=0.59/0.39/0.48 | 0.82 it/s
[Iter 12600/20000] Total=0.10226 | NS=0.08155 CO2(scaled)=0.00159 CO2_weight=1.00 guide_w=1.6 Walls=0.00167(x10) g_ns/g_walls=0.151 Windows=0.00205 Doors=0.00024 IC=0.00000 CO2_BC=0.00014 LR=5.15e-04 nu=0.01 NSraw=0.3056 alpha(W1/W8/all)=0.59/0.39/0.48 | 0.82 it/s
[Iter 12610/20000] Total=0.12265 | NS=0.10851 CO2(scaled)=0.00165 CO2_weight=1.00 guide_w=1.6 Walls=0.00111(x10) g_ns/g_walls=0.151 Windows=0.00119 Doors=0.00013 IC=0.00000 CO2_BC=0.00010 LR=5.15e-04 nu=0.01 NSraw=0.5257 alpha(W1/W8/all)=0.59/0.39/0.48 | 0.82 it/s
[Iter 12620/20000] Total=0.06855 | NS=0.05747 CO2(scaled)=0.00194 CO2_weight=1.00 guide_w=1.6 Walls=0.00079(x10) g_ns/g_walls=0.151 Windows=0.00085 Doors=0.00030 IC=0.00000 CO2_BC=0.00013 LR=5.14e-04 nu=0.01 NSraw=0.1905 alpha(W1/W8/all)=0.59/0.39/0.48 | 0.82 it/s
[Iter 12630/20000] Total=0.08300 | NS=0.07184 CO2(scaled)=0.00155 CO2_weight=1.00 guide_w=1.6 Walls=0.00078(x10) g_ns/g_walls=0.151 Windows=0.00154 Doors=0.00012 IC=0.00000 CO2_BC=0.00017 LR=5.14e-04 nu=0.01 NSraw=0.3032 alpha(W1/W8/all)=0.59/0.39/0.48 | 0.82 it/s
[Iter 12640/20000] Total=0.08127 | NS=0.05937 CO2(scaled)=0.00284 CO2_weight=1.00 guide_w=1.6 Walls=0.00171(x10) g_ns/g_walls=0.151 Windows=0.00164 Doors=0.00014 IC=0.00000 CO2_BC=0.00014 LR=5.14e-04 nu=0.01 NSraw=0.2462 alpha(W1/W8/all)=0.59/0.39/0.48 | 0.82 it/s
[Iter 12650/20000] Total=0.09798 | NS=0.07471 CO2(scaled)=0.00319 CO2_weight=1.00 guide_w=1.6 Walls=0.00179(x10) g_ns/g_walls=0.151 Windows=0.00195 Doors=0.00009 IC=0.00000 CO2_BC=0.00010 LR=5.14e-04 nu=0.01 NSraw=0.273 alpha(W1/W8/all)=0.59/0.39/0.48 | 0.82 it/s
[Iter 12660/20000] Total=0.25817 | NS=0.24335 CO2(scaled)=0.00249 CO2_weight=1.00 guide_w=1.6 Walls=0.00110(x10) g_ns/g_walls=0.151 Windows=0.00119 Doors=0.00007 IC=0.00000 CO2_BC=0.00011 LR=5.13e-04 nu=0.01 NSraw=7.956 alpha(W1/W8/all)=0.59/0.39/0.48 | 0.82 it/s
[Iter 12670/20000] Total=0.10325 | NS=0.06932 CO2(scaled)=0.00385 CO2_weight=1.00 guide_w=1.6 Walls=0.00274(x10) g_ns/g_walls=0.151 Windows=0.00218 Doors=0.00035 IC=0.00000 CO2_BC=0.00019 LR=5.13e-04 nu=0.01 NSraw=0.2198 alpha(W1/W8/all)=0.59/0.39/0.48 | 0.82 it/s
[Iter 12680/20000] Total=0.10215 | NS=0.08227 CO2(scaled)=0.00250 CO2_weight=1.00 guide_w=1.6 Walls=0.00149(x10) g_ns/g_walls=0.151 Windows=0.00223 Doors=0.00010 IC=0.00000 CO2_BC=0.00016 LR=5.13e-04 nu=0.01 NSraw=0.3668 alpha(W1/W8/all)=0.59/0.39/0.48 | 0.82 it/s
[Iter 12690/20000] Total=0.19250 | NS=0.17730 CO2(scaled)=0.00184 CO2_weight=1.00 guide_w=1.6 Walls=0.00119(x10) g_ns/g_walls=0.151 Windows=0.00127 Doors=0.00005 IC=0.00000 CO2_BC=0.00011 LR=5.12e-04 nu=0.01 NSraw=1.854 alpha(W1/W8/all)=0.59/0.39/0.48 | 0.82 it/s
[Iter 12700/20000] Total=0.19234 | NS=0.16652 CO2(scaled)=0.00166 CO2_weight=1.00 guide_w=6.92 Walls=0.00226(x10) g_ns/g_walls=0.668 Windows=0.00134 Doors=0.00007 IC=0.00000 CO2_BC=0.00013 LR=5.12e-04 nu=0.01 NSraw=0.8577 alpha(W1/W8/all)=0.59/0.39/0.48 | 0.82 it/s
[Iter 12710/20000] Total=0.17193 | NS=0.15348 CO2(scaled)=0.00126 CO2_weight=1.00 guide_w=6.92 Walls=0.00157(x10) g_ns/g_walls=0.668 Windows=0.00130 Doors=0.00007 IC=0.00000 CO2_BC=0.00011 LR=5.12e-04 nu=0.01 NSraw=0.7685 alpha(W1/W8/all)=0.59/0.39/0.48 | 0.82 it/s
[Iter 12720/20000] Total=0.09876 | NS=0.07132 CO2(scaled)=0.00132 CO2_weight=1.00 guide_w=6.92 Walls=0.00234(x10) g_ns/g_walls=0.668 Windows=0.00257 Doors=0.00005 IC=0.00000 CO2_BC=0.00011 LR=5.12e-04 nu=0.01 NSraw=0.2974 alpha(W1/W8/all)=0.59/0.39/0.48 | 0.82 it/s
[Iter 12730/20000] Total=0.17530 | NS=0.15951 CO2(scaled)=0.00145 CO2_weight=1.00 guide_w=6.92 Walls=0.00133(x10) g_ns/g_walls=0.668 Windows=0.00082 Doors=0.00009 IC=0.00000 CO2_BC=0.00012 LR=5.11e-04 nu=0.01 NSraw=0.9948 alpha(W1/W8/all)=0.59/0.39/0.48 | 0.82 it/s
[Iter 12740/20000] Total=0.09310 | NS=0.07967 CO2(scaled)=0.00109 CO2_weight=1.00 guide_w=6.92 Walls=0.00110(x10) g_ns/g_walls=0.668 Windows=0.00113 Doors=0.00007 IC=0.00000 CO2_BC=0.00012 LR=5.11e-04 nu=0.01 NSraw=0.2868 alpha(W1/W8/all)=0.59/0.39/0.48 | 0.82 it/s
[Iter 12750/20000] Total=0.19411 | NS=0.16698 CO2(scaled)=0.00318 CO2_weight=1.00 guide_w=6.92 Walls=0.00226(x10) g_ns/g_walls=0.668 Windows=0.00109 Doors=0.00015 IC=0.00000 CO2_BC=0.00010 LR=5.11e-04 nu=0.01 NSraw=3.699 alpha(W1/W8/all)=0.59/0.39/0.48 | 0.82 it/s
[Iter 12760/20000] Total=0.06732 | NS=0.05069 CO2(scaled)=0.00228 CO2_weight=1.00 guide_w=6.92 Walls=0.00130(x10) g_ns/g_walls=0.668 Windows=0.00112 Doors=0.00014 IC=0.00000 CO2_BC=0.00013 LR=5.11e-04 nu=0.01 NSraw=0.1438 alpha(W1/W8/all)=0.59/0.39/0.48 | 0.82 it/s
[Iter 12770/20000] Total=0.06183 | NS=0.04998 CO2(scaled)=0.00132 CO2_weight=1.00 guide_w=6.92 Walls=0.00094(x10) g_ns/g_walls=0.668 Windows=0.00093 Doors=0.00009 IC=0.00000 CO2_BC=0.00014 LR=5.10e-04 nu=0.01 NSraw=0.1124 alpha(W1/W8/all)=0.59/0.39/0.48 | 0.82 it/s
[Iter 12780/20000] Total=0.41053 | NS=0.39468 CO2(scaled)=0.00341 CO2_weight=1.00 guide_w=6.92 Walls=0.00107(x10) g_ns/g_walls=0.668 Windows=0.00156 Doors=0.00008 IC=0.00000 CO2_BC=0.00010 LR=5.10e-04 nu=0.01 NSraw=10.54 alpha(W1/W8/all)=0.59/0.39/0.48 | 0.82 it/s
[Iter 12790/20000] Total=0.07825 | NS=0.06653 CO2(scaled)=0.00138 CO2_weight=1.00 guide_w=6.92 Walls=0.00094(x10) g_ns/g_walls=0.668 Windows=0.00080 Doors=0.00006 IC=0.00000 CO2_BC=0.00012 LR=5.10e-04 nu=0.01 NSraw=0.275 alpha(W1/W8/all)=0.59/0.39/0.48 | 0.82 it/s
[Iter 12800/20000] Total=0.06155 | NS=0.04954 CO2(scaled)=0.00094 CO2_weight=1.00 guide_w=15.5 Walls=0.00103(x10) g_ns/g_walls=1.29 Windows=0.00061 Doors=0.00006 IC=0.00000 CO2_BC=0.00012 LR=5.10e-04 nu=0.01 NSraw=0.1297 alpha(W1/W8/all)=0.59/0.39/0.48 | 0.82 it/s
[Iter 12810/20000] Total=0.05737 | NS=0.04793 CO2(scaled)=0.00123 CO2_weight=1.00 guide_w=15.5 Walls=0.00072(x10) g_ns/g_walls=1.29 Windows=0.00083 Doors=0.00006 IC=0.00000 CO2_BC=0.00011 LR=5.09e-04 nu=0.01 NSraw=0.2229 alpha(W1/W8/all)=0.59/0.39/0.48 | 0.82 it/s
[Iter 12820/20000] Total=0.06785 | NS=0.04732 CO2(scaled)=0.00203 CO2_weight=1.00 guide_w=15.5 Walls=0.00166(x10) g_ns/g_walls=1.29 Windows=0.00171 Doors=0.00010 IC=0.00000 CO2_BC=0.00010 LR=5.09e-04 nu=0.01 NSraw=0.134 alpha(W1/W8/all)=0.59/0.39/0.48 | 0.82 it/s
[Iter 12830/20000] Total=0.07291 | NS=0.05794 CO2(scaled)=0.00104 CO2_weight=1.00 guide_w=15.5 Walls=0.00124(x10) g_ns/g_walls=1.29 Windows=0.00128 Doors=0.00008 IC=0.00000 CO2_BC=0.00020 LR=5.09e-04 nu=0.01 NSraw=0.2731 alpha(W1/W8/all)=0.59/0.39/0.48 | 0.82 it/s
[Iter 12840/20000] Total=0.21856 | NS=0.20631 CO2(scaled)=0.00110 CO2_weight=1.00 guide_w=15.5 Walls=0.00105(x10) g_ns/g_walls=1.29 Windows=0.00053 Doors=0.00005 IC=0.00000 CO2_BC=0.00011 LR=5.08e-04 nu=0.01 NSraw=1.172 alpha(W1/W8/all)=0.59/0.39/0.48 | 0.82 it/s
[Iter 12850/20000] Total=0.06030 | NS=0.04567 CO2(scaled)=0.00248 CO2_weight=1.00 guide_w=15.5 Walls=0.00109(x10) g_ns/g_walls=1.29 Windows=0.00105 Doors=0.00008 IC=0.00000 CO2_BC=0.00009 LR=5.08e-04 nu=0.01 NSraw=0.1321 alpha(W1/W8/all)=0.59/0.39/0.48 | 0.82 it/s
[Iter 12860/20000] Total=0.23523 | NS=0.21305 CO2(scaled)=0.00158 CO2_weight=1.00 guide_w=15.5 Walls=0.00194(x10) g_ns/g_walls=1.29 Windows=0.00109 Doors=0.00006 IC=0.00000 CO2_BC=0.00010 LR=5.08e-04 nu=0.01 NSraw=3.361 alpha(W1/W8/all)=0.59/0.39/0.48 | 0.82 it/s
[Iter 12870/20000] Total=0.11651 | NS=0.10085 CO2(scaled)=0.00123 CO2_weight=1.00 guide_w=15.5 Walls=0.00133(x10) g_ns/g_walls=1.29 Windows=0.00094 Doors=0.00007 IC=0.00000 CO2_BC=0.00011 LR=5.08e-04 nu=0.01 NSraw=0.5057 alpha(W1/W8/all)=0.59/0.39/0.48 | 0.82 it/s
[Iter 12880/20000] Total=0.08654 | NS=0.07252 CO2(scaled)=0.00175 CO2_weight=1.00 guide_w=15.5 Walls=0.00107(x10) g_ns/g_walls=1.29 Windows=0.00143 Doors=0.00006 IC=0.00000 CO2_BC=0.00010 LR=5.07e-04 nu=0.01 NSraw=0.3147 alpha(W1/W8/all)=0.59/0.39/0.48 | 0.82 it/s
[Iter 12890/20000] Total=0.11050 | NS=0.08342 CO2(scaled)=0.00181 CO2_weight=1.00 guide_w=15.5 Walls=0.00241(x10) g_ns/g_walls=1.29 Windows=0.00098 Doors=0.00005 IC=0.00000 CO2_BC=0.00011 LR=5.07e-04 nu=0.01 NSraw=0.4249 alpha(W1/W8/all)=0.59/0.39/0.48 | 0.82 it/s
[Iter 12900/20000] Total=0.06739 | NS=0.04629 CO2(scaled)=0.00135 CO2_weight=1.00 guide_w=1.71 Walls=0.00186(x10) g_ns/g_walls=0.101 Windows=0.00101 Doors=0.00006 IC=0.00000 CO2_BC=0.00013 LR=5.07e-04 nu=0.01 NSraw=0.1469 alpha(W1/W8/all)=0.59/0.39/0.48 | 0.82 it/s
[Iter 12910/20000] Total=0.15031 | NS=0.13190 CO2(scaled)=0.00112 CO2_weight=1.00 guide_w=1.71 Walls=0.00163(x10) g_ns/g_walls=0.101 Windows=0.00080 Doors=0.00004 IC=0.00000 CO2_BC=0.00015 LR=5.07e-04 nu=0.01 NSraw=1.24 alpha(W1/W8/all)=0.59/0.39/0.48 | 0.82 it/s
[Iter 12920/20000] Total=0.15883 | NS=0.14283 CO2(scaled)=0.00115 CO2_weight=1.00 guide_w=1.71 Walls=0.00139(x10) g_ns/g_walls=0.101 Windows=0.00087 Doors=0.00005 IC=0.00000 CO2_BC=0.00009 LR=5.06e-04 nu=0.01 NSraw=0.6643 alpha(W1/W8/all)=0.59/0.39/0.48 | 0.82 it/s
[Iter 12930/20000] Total=0.12013 | NS=0.10511 CO2(scaled)=0.00183 CO2_weight=1.00 guide_w=1.71 Walls=0.00120(x10) g_ns/g_walls=0.101 Windows=0.00102 Doors=0.00006 IC=0.00000 CO2_BC=0.00016 LR=5.06e-04 nu=0.01 NSraw=1.261 alpha(W1/W8/all)=0.59/0.39/0.48 | 0.82 it/s
[Iter 12940/20000] Total=0.11833 | NS=0.10924 CO2(scaled)=0.00120 CO2_weight=1.00 guide_w=1.71 Walls=0.00072(x10) g_ns/g_walls=0.101 Windows=0.00060 Doors=0.00006 IC=0.00000 CO2_BC=0.00009 LR=5.06e-04 nu=0.01 NSraw=0.4945 alpha(W1/W8/all)=0.59/0.39/0.48 | 0.82 it/s
[Iter 12950/20000] Total=0.10816 | NS=0.08712 CO2(scaled)=0.00123 CO2_weight=1.00 guide_w=1.71 Walls=0.00186(x10) g_ns/g_walls=0.101 Windows=0.00064 Doors=0.00042 IC=0.00000 CO2_BC=0.00010 LR=5.05e-04 nu=0.01 NSraw=0.3922 alpha(W1/W8/all)=0.59/0.39/0.48 | 0.82 it/s
[Iter 12960/20000] Total=0.05202 | NS=0.04145 CO2(scaled)=0.00118 CO2_weight=1.00 guide_w=1.71 Walls=0.00081(x10) g_ns/g_walls=0.101 Windows=0.00098 Doors=0.00022 IC=0.00000 CO2_BC=0.00012 LR=5.05e-04 nu=0.01 NSraw=0.1111 alpha(W1/W8/all)=0.59/0.39/0.48 | 0.82 it/s
[Iter 12970/20000] Total=0.04830 | NS=0.03473 CO2(scaled)=0.00154 CO2_weight=1.00 guide_w=1.71 Walls=0.00104(x10) g_ns/g_walls=0.101 Windows=0.00141 Doors=0.00007 IC=0.00000 CO2_BC=0.00012 LR=5.05e-04 nu=0.01 NSraw=0.07 alpha(W1/W8/all)=0.59/0.39/0.48 | 0.82 it/s
[Iter 12980/20000] Total=0.08723 | NS=0.04885 CO2(scaled)=0.00136 CO2_weight=1.00 guide_w=1.71 Walls=0.00332(x10) g_ns/g_walls=0.101 Windows=0.00359 Doors=0.00013 IC=0.00000 CO2_BC=0.00011 LR=5.05e-04 nu=0.01 NSraw=0.12 alpha(W1/W8/all)=0.59/0.39/0.48 | 0.82 it/s
[Iter 12990/20000] Total=0.07367 | NS=0.04839 CO2(scaled)=0.00164 CO2_weight=1.00 guide_w=1.71 Walls=0.00216(x10) g_ns/g_walls=0.101 Windows=0.00174 Doors=0.00017 IC=0.00000 CO2_BC=0.00010 LR=5.04e-04 nu=0.01 NSraw=0.1573 alpha(W1/W8/all)=0.59/0.39/0.48 | 0.82 it/s
[Iter 13000/20000] Total=0.09273 | NS=0.07924 CO2(scaled)=0.00109 CO2_weight=1.00 guide_w=1.43 Walls=0.00112(x10) g_ns/g_walls=0.117 Windows=0.00091 Doors=0.00018 IC=0.00000 CO2_BC=0.00014 LR=5.04e-04 nu=0.01 NSraw=0.2758 alpha(W1/W8/all)=0.59/0.39/0.48 | 0.82 it/s
  -> saved checkpoint: /home/iai-labor/BuildingControlCFD/experiments/gnot/checkpoints/v24_fixedalpha/gnot_v24_fixedalpha_iter13000.pth
[Iter 13010/20000] Total=0.10034 | NS=0.08323 CO2(scaled)=0.00126 CO2_weight=1.00 guide_w=1.43 Walls=0.00148(x10) g_ns/g_walls=0.117 Windows=0.00069 Doors=0.00020 IC=0.00000 CO2_BC=0.00012 LR=5.04e-04 nu=0.01 NSraw=0.4079 alpha(W1/W8/all)=0.59/0.39/0.48 | 0.82 it/s
[Iter 13020/20000] Total=0.08595 | NS=0.07472 CO2(scaled)=0.00122 CO2_weight=1.00 guide_w=1.43 Walls=0.00090(x10) g_ns/g_walls=0.117 Windows=0.00079 Doors=0.00004 IC=0.00000 CO2_BC=0.00012 LR=5.04e-04 nu=0.01 NSraw=0.2993 alpha(W1/W8/all)=0.59/0.39/0.48 | 0.82 it/s
[Iter 13030/20000] Total=0.10258 | NS=0.08957 CO2(scaled)=0.00119 CO2_weight=1.00 guide_w=1.43 Walls=0.00096(x10) g_ns/g_walls=0.117 Windows=0.00205 Doors=0.00011 IC=0.00000 CO2_BC=0.00009 LR=5.03e-04 nu=0.01 NSraw=0.4164 alpha(W1/W8/all)=0.59/0.39/0.48 | 0.82 it/s
[Iter 13040/20000] Total=0.19273 | NS=0.18313 CO2(scaled)=0.00119 CO2_weight=1.00 guide_w=1.43 Walls=0.00076(x10) g_ns/g_walls=0.117 Windows=0.00060 Doors=0.00007 IC=0.00000 CO2_BC=0.00009 LR=5.03e-04 nu=0.01 NSraw=2.315 alpha(W1/W8/all)=0.59/0.39/0.48 | 0.82 it/s
[Iter 13050/20000] Total=0.04184 | NS=0.02824 CO2(scaled)=0.00115 CO2_weight=1.00 guide_w=1.43 Walls=0.00109(x10) g_ns/g_walls=0.117 Windows=0.00137 Doors=0.00004 IC=0.00000 CO2_BC=0.00009 LR=5.03e-04 nu=0.01 NSraw=0.04545 alpha(W1/W8/all)=0.59/0.39/0.48 | 0.82 it/s
[Iter 13060/20000] Total=0.10105 | NS=0.08525 CO2(scaled)=0.00105 CO2_weight=1.00 guide_w=1.43 Walls=0.00132(x10) g_ns/g_walls=0.117 Windows=0.00142 Doors=0.00005 IC=0.00000 CO2_BC=0.00008 LR=5.03e-04 nu=0.01 NSraw=0.6775 alpha(W1/W8/all)=0.59/0.39/0.48 | 0.82 it/s
[Iter 13070/20000] Total=0.63815 | NS=0.61031 CO2(scaled)=0.00097 CO2_weight=1.00 guide_w=1.43 Walls=0.00246(x10) g_ns/g_walls=0.117 Windows=0.00205 Doors=0.00004 IC=0.00000 CO2_BC=0.00014 LR=5.02e-04 nu=0.01 NSraw=58.86 alpha(W1/W8/all)=0.59/0.39/0.48 | 0.82 it/s
[Iter 13080/20000] Total=0.11254 | NS=0.09070 CO2(scaled)=0.00288 CO2_weight=1.00 guide_w=1.43 Walls=0.00177(x10) g_ns/g_walls=0.117 Windows=0.00102 Doors=0.00008 IC=0.00000 CO2_BC=0.00011 LR=5.02e-04 nu=0.01 NSraw=0.4483 alpha(W1/W8/all)=0.59/0.39/0.48 | 0.82 it/s
[Iter 13090/20000] Total=0.09006 | NS=0.08004 CO2(scaled)=0.00127 CO2_weight=1.00 guide_w=1.43 Walls=0.00080(x10) g_ns/g_walls=0.117 Windows=0.00058 Doors=0.00007 IC=0.00000 CO2_BC=0.00011 LR=5.02e-04 nu=0.01 NSraw=0.2949 alpha(W1/W8/all)=0.59/0.39/0.48 | 0.82 it/s
[Iter 13100/20000] Total=0.06177 | NS=0.04548 CO2(scaled)=0.00137 CO2_weight=1.00 guide_w=0.319 Walls=0.00132(x10) g_ns/g_walls=0.0436 Windows=0.00154 Doors=0.00005 IC=0.00000 CO2_BC=0.00009 LR=5.02e-04 nu=0.01 NSraw=0.119 alpha(W1/W8/all)=0.59/0.39/0.48 | 0.82 it/s
[Iter 13110/20000] Total=0.06590 | NS=0.05154 CO2(scaled)=0.00239 CO2_weight=1.00 guide_w=0.319 Walls=0.00108(x10) g_ns/g_walls=0.0436 Windows=0.00093 Doors=0.00007 IC=0.00000 CO2_BC=0.00012 LR=5.01e-04 nu=0.01 NSraw=0.1746 alpha(W1/W8/all)=0.59/0.39/0.48 | 0.82 it/s
[Iter 13120/20000] Total=0.14248 | NS=0.12612 CO2(scaled)=0.00192 CO2_weight=1.00 guide_w=0.319 Walls=0.00127(x10) g_ns/g_walls=0.0436 Windows=0.00154 Doors=0.00010 IC=0.00000 CO2_BC=0.00013 LR=5.01e-04 nu=0.01 NSraw=0.8324 alpha(W1/W8/all)=0.59/0.39/0.48 | 0.82 it/s
[Iter 13130/20000] Total=0.27324 | NS=0.26586 CO2(scaled)=0.00104 CO2_weight=1.00 guide_w=0.319 Walls=0.00056(x10) g_ns/g_walls=0.0436 Windows=0.00059 Doors=0.00006 IC=0.00000 CO2_BC=0.00011 LR=5.01e-04 nu=0.01 NSraw=9.035 alpha(W1/W8/all)=0.59/0.39/0.48 | 0.82 it/s
[Iter 13140/20000] Total=0.05973 | NS=0.05191 CO2(scaled)=0.00090 CO2_weight=1.00 guide_w=0.319 Walls=0.00060(x10) g_ns/g_walls=0.0436 Windows=0.00074 Doors=0.00006 IC=0.00000 CO2_BC=0.00015 LR=5.00e-04 nu=0.01 NSraw=0.1693 alpha(W1/W8/all)=0.59/0.39/0.48 | 0.82 it/s
[Iter 13150/20000] Total=0.14113 | NS=0.13251 CO2(scaled)=0.00089 CO2_weight=1.00 guide_w=0.319 Walls=0.00071(x10) g_ns/g_walls=0.0436 Windows=0.00047 Doors=0.00006 IC=0.00000 CO2_BC=0.00010 LR=5.00e-04 nu=0.01 NSraw=0.6046 alpha(W1/W8/all)=0.59/0.39/0.48 | 0.82 it/s
[Iter 13160/20000] Total=0.07195 | NS=0.04938 CO2(scaled)=0.00126 CO2_weight=1.00 guide_w=0.319 Walls=0.00197(x10) g_ns/g_walls=0.0436 Windows=0.00146 Doors=0.00009 IC=0.00000 CO2_BC=0.00011 LR=5.00e-04 nu=0.01 NSraw=0.1191 alpha(W1/W8/all)=0.59/0.39/0.48 | 0.82 it/s
[Iter 13170/20000] Total=0.07958 | NS=0.03802 CO2(scaled)=0.00420 CO2_weight=1.00 guide_w=0.319 Walls=0.00345(x10) g_ns/g_walls=0.0436 Windows=0.00263 Doors=0.00007 IC=0.00000 CO2_BC=0.00010 LR=5.00e-04 nu=0.01 NSraw=0.07143 alpha(W1/W8/all)=0.59/0.39/0.48 | 0.82 it/s
[Iter 13180/20000] Total=0.29285 | NS=0.27934 CO2(scaled)=0.00197 CO2_weight=1.00 guide_w=0.319 Walls=0.00105(x10) g_ns/g_walls=0.0436 Windows=0.00088 Doors=0.00006 IC=0.00000 CO2_BC=0.00014 LR=4.99e-04 nu=0.01 NSraw=7.237 alpha(W1/W8/all)=0.59/0.39/0.48 | 0.82 it/s
[Iter 13190/20000] Total=0.13436 | NS=0.08456 CO2(scaled)=0.00599 CO2_weight=1.00 guide_w=0.319 Walls=0.00408(x10) g_ns/g_walls=0.0436 Windows=0.00282 Doors=0.00007 IC=0.00000 CO2_BC=0.00009 LR=4.99e-04 nu=0.01 NSraw=0.4344 alpha(W1/W8/all)=0.59/0.39/0.48 | 0.82 it/s
[Iter 13200/20000] Total=0.07028 | NS=0.05674 CO2(scaled)=0.00130 CO2_weight=1.00 guide_w=5.35 Walls=0.00111(x10) g_ns/g_walls=1.2 Windows=0.00091 Doors=0.00006 IC=0.00000 CO2_BC=0.00014 LR=4.99e-04 nu=0.01 NSraw=0.1318 alpha(W1/W8/all)=0.59/0.39/0.48 | 0.82 it/s
[Iter 13210/20000] Total=0.26939 | NS=0.23272 CO2(scaled)=0.00202 CO2_weight=1.00 guide_w=5.35 Walls=0.00334(x10) g_ns/g_walls=1.2 Windows=0.00100 Doors=0.00009 IC=0.00000 CO2_BC=0.00011 LR=4.99e-04 nu=0.01 NSraw=4.189 alpha(W1/W8/all)=0.59/0.39/0.48 | 0.82 it/s
[Iter 13220/20000] Total=0.09208 | NS=0.06084 CO2(scaled)=0.00165 CO2_weight=1.00 guide_w=5.35 Walls=0.00283(x10) g_ns/g_walls=1.2 Windows=0.00118 Doors=0.00006 IC=0.00000 CO2_BC=0.00009 LR=4.98e-04 nu=0.01 NSraw=0.213 alpha(W1/W8/all)=0.59/0.39/0.48 | 0.82 it/s
[Iter 13230/20000] Total=0.12839 | NS=0.11910 CO2(scaled)=0.00103 CO2_weight=1.00 guide_w=5.35 Walls=0.00075(x10) g_ns/g_walls=1.2 Windows=0.00062 Doors=0.00005 IC=0.00000 CO2_BC=0.00014 LR=4.98e-04 nu=0.01 NSraw=0.5431 alpha(W1/W8/all)=0.59/0.39/0.48 | 0.82 it/s
[Iter 13240/20000] Total=0.16085 | NS=0.14856 CO2(scaled)=0.00105 CO2_weight=1.00 guide_w=5.35 Walls=0.00103(x10) g_ns/g_walls=1.2 Windows=0.00078 Doors=0.00007 IC=0.00000 CO2_BC=0.00014 LR=4.98e-04 nu=0.01 NSraw=1.142 alpha(W1/W8/all)=0.59/0.39/0.48 | 0.82 it/s
[Iter 13250/20000] Total=0.36281 | NS=0.35536 CO2(scaled)=0.00089 CO2_weight=1.00 guide_w=5.35 Walls=0.00057(x10) g_ns/g_walls=1.2 Windows=0.00067 Doors=0.00007 IC=0.00000 CO2_BC=0.00014 LR=4.98e-04 nu=0.01 NSraw=9.822 alpha(W1/W8/all)=0.59/0.39/0.48 | 0.82 it/s
[Iter 13260/20000] Total=0.07074 | NS=0.05606 CO2(scaled)=0.00103 CO2_weight=1.00 guide_w=5.35 Walls=0.00127(x10) g_ns/g_walls=1.2 Windows=0.00066 Doors=0.00014 IC=0.00000 CO2_BC=0.00012 LR=4.97e-04 nu=0.01 NSraw=0.1423 alpha(W1/W8/all)=0.59/0.39/0.48 | 0.82 it/s
[Iter 13270/20000] Total=0.08166 | NS=0.06720 CO2(scaled)=0.00188 CO2_weight=1.00 guide_w=5.35 Walls=0.00113(x10) g_ns/g_walls=1.2 Windows=0.00097 Doors=0.00011 IC=0.00000 CO2_BC=0.00020 LR=4.97e-04 nu=0.01 NSraw=0.2365 alpha(W1/W8/all)=0.59/0.39/0.48 | 0.82 it/s
[Iter 13280/20000] Total=0.09863 | NS=0.07767 CO2(scaled)=0.00184 CO2_weight=1.00 guide_w=5.35 Walls=0.00173(x10) g_ns/g_walls=1.2 Windows=0.00167 Doors=0.00009 IC=0.00000 CO2_BC=0.00010 LR=4.97e-04 nu=0.01 NSraw=0.3204 alpha(W1/W8/all)=0.59/0.39/0.48 | 0.82 it/s
[Iter 13290/20000] Total=0.06709 | NS=0.05317 CO2(scaled)=0.00184 CO2_weight=1.00 guide_w=5.35 Walls=0.00111(x10) g_ns/g_walls=1.2 Windows=0.00074 Doors=0.00008 IC=0.00000 CO2_BC=0.00011 LR=4.97e-04 nu=0.01 NSraw=0.1264 alpha(W1/W8/all)=0.59/0.39/0.48 | 0.82 it/s
[Iter 13300/20000] Total=0.20618 | NS=0.19608 CO2(scaled)=0.00130 CO2_weight=1.00 guide_w=28 Walls=0.00075(x10) g_ns/g_walls=5.15 Windows=0.00105 Doors=0.00005 IC=0.00000 CO2_BC=0.00019 LR=4.96e-04 nu=0.01 NSraw=6.019 alpha(W1/W8/all)=0.59/0.39/0.48 | 0.82 it/s
[Iter 13310/20000] Total=0.22225 | NS=0.20751 CO2(scaled)=0.00091 CO2_weight=1.00 guide_w=28 Walls=0.00123(x10) g_ns/g_walls=5.15 Windows=0.00130 Doors=0.00005 IC=0.00000 CO2_BC=0.00015 LR=4.96e-04 nu=0.01 NSraw=7.076 alpha(W1/W8/all)=0.59/0.39/0.48 | 0.82 it/s
[Iter 13320/20000] Total=0.28054 | NS=0.24782 CO2(scaled)=0.00114 CO2_weight=1.00 guide_w=28 Walls=0.00272(x10) g_ns/g_walls=5.15 Windows=0.00416 Doors=0.00010 IC=0.00000 CO2_BC=0.00015 LR=4.96e-04 nu=0.01 NSraw=4.495 alpha(W1/W8/all)=0.59/0.39/0.48 | 0.82 it/s
[Iter 13330/20000] Total=0.24433 | NS=0.20750 CO2(scaled)=0.00156 CO2_weight=1.00 guide_w=28 Walls=0.00315(x10) g_ns/g_walls=5.15 Windows=0.00360 Doors=0.00006 IC=0.00000 CO2_BC=0.00010 LR=4.95e-04 nu=0.01 NSraw=3.356 alpha(W1/W8/all)=0.59/0.39/0.48 | 0.82 it/s
[Iter 13340/20000] Total=0.14316 | NS=0.12640 CO2(scaled)=0.00144 CO2_weight=1.00 guide_w=28 Walls=0.00134(x10) g_ns/g_walls=5.15 Windows=0.00173 Doors=0.00004 IC=0.00000 CO2_BC=0.00010 LR=4.95e-04 nu=0.01 NSraw=1.165 alpha(W1/W8/all)=0.59/0.39/0.48 | 0.82 it/s
[Iter 13350/20000] Total=0.15049 | NS=0.03391 CO2(scaled)=0.00209 CO2_weight=1.00 guide_w=28 Walls=0.01029(x10) g_ns/g_walls=5.15 Windows=0.01143 Doors=0.00005 IC=0.00000 CO2_BC=0.00012 LR=4.95e-04 nu=0.01 NSraw=0.07579 alpha(W1/W8/all)=0.59/0.39/0.48 | 0.82 it/s
[Iter 13360/20000] Total=0.11593 | NS=0.07867 CO2(scaled)=0.00121 CO2_weight=1.00 guide_w=28 Walls=0.00339(x10) g_ns/g_walls=5.15 Windows=0.00202 Doors=0.00004 IC=0.00000 CO2_BC=0.00012 LR=4.95e-04 nu=0.01 NSraw=0.2309 alpha(W1/W8/all)=0.59/0.39/0.48 | 0.82 it/s
[Iter 13370/20000] Total=0.10908 | NS=0.09293 CO2(scaled)=0.00171 CO2_weight=1.00 guide_w=28 Walls=0.00130(x10) g_ns/g_walls=5.15 Windows=0.00128 Doors=0.00005 IC=0.00000 CO2_BC=0.00011 LR=4.94e-04 nu=0.01 NSraw=0.8305 alpha(W1/W8/all)=0.59/0.39/0.48 | 0.82 it/s
[Iter 13380/20000] Total=0.09454 | NS=0.08360 CO2(scaled)=0.00100 CO2_weight=1.00 guide_w=28 Walls=0.00091(x10) g_ns/g_walls=5.15 Windows=0.00066 Doors=0.00003 IC=0.00000 CO2_BC=0.00014 LR=4.94e-04 nu=0.01 NSraw=0.3307 alpha(W1/W8/all)=0.59/0.39/0.48 | 0.82 it/s
[Iter 13390/20000] Total=0.05280 | NS=0.03060 CO2(scaled)=0.00179 CO2_weight=1.00 guide_w=28 Walls=0.00181(x10) g_ns/g_walls=5.15 Windows=0.00206 Doors=0.00007 IC=0.00000 CO2_BC=0.00017 LR=4.94e-04 nu=0.01 NSraw=0.1139 alpha(W1/W8/all)=0.59/0.39/0.48 | 0.82 it/s
[Iter 13400/20000] Total=0.14624 | NS=0.12618 CO2(scaled)=0.00264 CO2_weight=1.00 guide_w=11.4 Walls=0.00158(x10) g_ns/g_walls=2.91 Windows=0.00149 Doors=0.00005 IC=0.00000 CO2_BC=0.00010 LR=4.94e-04 nu=0.01 NSraw=0.8671 alpha(W1/W8/all)=0.59/0.39/0.48 | 0.82 it/s
[Iter 13410/20000] Total=0.04827 | NS=0.03317 CO2(scaled)=0.00086 CO2_weight=1.00 guide_w=11.4 Walls=0.00127(x10) g_ns/g_walls=2.91 Windows=0.00136 Doors=0.00005 IC=0.00000 CO2_BC=0.00010 LR=4.93e-04 nu=0.01 NSraw=0.1123 alpha(W1/W8/all)=0.59/0.39/0.48 | 0.82 it/s
[Iter 13420/20000] Total=0.40056 | NS=0.38971 CO2(scaled)=0.00148 CO2_weight=1.00 guide_w=11.4 Walls=0.00085(x10) g_ns/g_walls=2.91 Windows=0.00072 Doors=0.00006 IC=0.00000 CO2_BC=0.00013 LR=4.93e-04 nu=0.01 NSraw=29 alpha(W1/W8/all)=0.59/0.39/0.48 | 0.82 it/s
[Iter 13430/20000] Total=0.11981 | NS=0.10883 CO2(scaled)=0.00083 CO2_weight=1.00 guide_w=11.4 Walls=0.00095(x10) g_ns/g_walls=2.91 Windows=0.00049 Doors=0.00005 IC=0.00000 CO2_BC=0.00015 LR=4.93e-04 nu=0.01 NSraw=0.493 alpha(W1/W8/all)=0.59/0.39/0.48 | 0.82 it/s
[Iter 13440/20000] Total=0.14965 | NS=0.12807 CO2(scaled)=0.00208 CO2_weight=1.00 guide_w=11.4 Walls=0.00185(x10) g_ns/g_walls=2.91 Windows=0.00091 Doors=0.00005 IC=0.00000 CO2_BC=0.00009 LR=4.93e-04 nu=0.01 NSraw=1.743 alpha(W1/W8/all)=0.59/0.39/0.48 | 0.82 it/s
[Iter 13450/20000] Total=0.19697 | NS=0.16603 CO2(scaled)=0.00239 CO2_weight=1.00 guide_w=11.4 Walls=0.00270(x10) g_ns/g_walls=2.91 Windows=0.00139 Doors=0.00008 IC=0.00000 CO2_BC=0.00013 LR=4.92e-04 nu=0.01 NSraw=1.021 alpha(W1/W8/all)=0.59/0.39/0.48 | 0.82 it/s
[Iter 13460/20000] Total=0.18573 | NS=0.17503 CO2(scaled)=0.00133 CO2_weight=1.00 guide_w=11.4 Walls=0.00074(x10) g_ns/g_walls=2.91 Windows=0.00179 Doors=0.00004 IC=0.00000 CO2_BC=0.00010 LR=4.92e-04 nu=0.01 NSraw=2.945 alpha(W1/W8/all)=0.59/0.39/0.48 | 0.82 it/s
[Iter 13470/20000] Total=0.10964 | NS=0.10138 CO2(scaled)=0.00108 CO2_weight=1.00 guide_w=11.4 Walls=0.00063(x10) g_ns/g_walls=2.91 Windows=0.00070 Doors=0.00005 IC=0.00000 CO2_BC=0.00012 LR=4.92e-04 nu=0.01 NSraw=0.4565 alpha(W1/W8/all)=0.59/0.39/0.48 | 0.82 it/s
[Iter 13480/20000] Total=0.24355 | NS=0.22922 CO2(scaled)=0.00135 CO2_weight=1.00 guide_w=11.4 Walls=0.00115(x10) g_ns/g_walls=2.91 Windows=0.00128 Doors=0.00007 IC=0.00000 CO2_BC=0.00013 LR=4.92e-04 nu=0.01 NSraw=5.614 alpha(W1/W8/all)=0.59/0.39/0.48 | 0.82 it/s
[Iter 13490/20000] Total=0.06352 | NS=0.05346 CO2(scaled)=0.00107 CO2_weight=1.00 guide_w=11.4 Walls=0.00074(x10) g_ns/g_walls=2.91 Windows=0.00142 Doors=0.00009 IC=0.00000 CO2_BC=0.00009 LR=4.91e-04 nu=0.01 NSraw=0.1368 alpha(W1/W8/all)=0.59/0.39/0.48 | 0.82 it/s
[Iter 13500/20000] Total=0.15416 | NS=0.13857 CO2(scaled)=0.00208 CO2_weight=1.00 guide_w=15.7 Walls=0.00103(x10) g_ns/g_walls=3.95 Windows=0.00284 Doors=0.00008 IC=0.00000 CO2_BC=0.00028 LR=4.91e-04 nu=0.01 NSraw=3.172 alpha(W1/W8/all)=0.59/0.39/0.48 | 0.82 it/s
[Iter 13510/20000] Total=0.16803 | NS=0.15332 CO2(scaled)=0.00142 CO2_weight=1.00 guide_w=15.7 Walls=0.00113(x10) g_ns/g_walls=3.95 Windows=0.00182 Doors=0.00006 IC=0.00000 CO2_BC=0.00011 LR=4.91e-04 nu=0.01 NSraw=1.025 alpha(W1/W8/all)=0.59/0.39/0.48 | 0.82 it/s
[Iter 13520/20000] Total=0.14322 | NS=0.13401 CO2(scaled)=0.00152 CO2_weight=1.00 guide_w=15.7 Walls=0.00064(x10) g_ns/g_walls=3.95 Windows=0.00112 Doors=0.00008 IC=0.00000 CO2_BC=0.00014 LR=4.91e-04 nu=0.01 NSraw=2.234 alpha(W1/W8/all)=0.59/0.39/0.48 | 0.82 it/s
[Iter 13530/20000] Total=0.12432 | NS=0.11182 CO2(scaled)=0.00151 CO2_weight=1.00 guide_w=15.7 Walls=0.00098(x10) g_ns/g_walls=3.95 Windows=0.00099 Doors=0.00004 IC=0.00000 CO2_BC=0.00015 LR=4.90e-04 nu=0.01 NSraw=0.4288 alpha(W1/W8/all)=0.59/0.39/0.48 | 0.82 it/s
[Iter 13540/20000] Total=0.33463 | NS=0.31480 CO2(scaled)=0.00252 CO2_weight=1.00 guide_w=15.7 Walls=0.00160(x10) g_ns/g_walls=3.95 Windows=0.00110 Doors=0.00005 IC=0.00000 CO2_BC=0.00013 LR=4.90e-04 nu=0.01 NSraw=15.16 alpha(W1/W8/all)=0.59/0.39/0.48 | 0.82 it/s
[Iter 13550/20000] Total=0.09827 | NS=0.06275 CO2(scaled)=0.00467 CO2_weight=1.00 guide_w=15.7 Walls=0.00275(x10) g_ns/g_walls=3.95 Windows=0.00201 Doors=0.00119 IC=0.00000 CO2_BC=0.00012 LR=4.90e-04 nu=0.01 NSraw=0.2295 alpha(W1/W8/all)=0.59/0.39/0.48 | 0.82 it/s
[Iter 13560/20000] Total=0.10907 | NS=0.09095 CO2(scaled)=0.00423 CO2_weight=1.00 guide_w=15.7 Walls=0.00124(x10) g_ns/g_walls=3.95 Windows=0.00119 Doors=0.00011 IC=0.00000 CO2_BC=0.00014 LR=4.90e-04 nu=0.01 NSraw=0.4415 alpha(W1/W8/all)=0.59/0.39/0.48 | 0.82 it/s
[Iter 13570/20000] Total=0.21688 | NS=0.20112 CO2(scaled)=0.00187 CO2_weight=1.00 guide_w=15.7 Walls=0.00130(x10) g_ns/g_walls=3.95 Windows=0.00071 Doors=0.00005 IC=0.00000 CO2_BC=0.00017 LR=4.89e-04 nu=0.01 NSraw=4.871 alpha(W1/W8/all)=0.59/0.39/0.48 | 0.82 it/s
[Iter 13580/20000] Total=0.14324 | NS=0.13461 CO2(scaled)=0.00173 CO2_weight=1.00 guide_w=15.7 Walls=0.00057(x10) g_ns/g_walls=3.95 Windows=0.00096 Doors=0.00005 IC=0.00000 CO2_BC=0.00017 LR=4.89e-04 nu=0.01 NSraw=1.286 alpha(W1/W8/all)=0.59/0.39/0.48 | 0.82 it/s
[Iter 13590/20000] Total=0.09971 | NS=0.07394 CO2(scaled)=0.00259 CO2_weight=1.00 guide_w=15.7 Walls=0.00211(x10) g_ns/g_walls=3.95 Windows=0.00193 Doors=0.00004 IC=0.00000 CO2_BC=0.00013 LR=4.89e-04 nu=0.01 NSraw=0.3514 alpha(W1/W8/all)=0.59/0.39/0.48 | 0.82 it/s
[Iter 13600/20000] Total=0.06167 | NS=0.05057 CO2(scaled)=0.00138 CO2_weight=1.00 guide_w=3.33 Walls=0.00085(x10) g_ns/g_walls=0.495 Windows=0.00104 Doors=0.00006 IC=0.00000 CO2_BC=0.00016 LR=4.88e-04 nu=0.01 NSraw=0.1233 alpha(W1/W8/all)=0.59/0.39/0.48 | 0.82 it/s
[Iter 13610/20000] Total=0.14808 | NS=0.13727 CO2(scaled)=0.00205 CO2_weight=1.00 guide_w=3.33 Walls=0.00079(x10) g_ns/g_walls=0.495 Windows=0.00063 Doors=0.00005 IC=0.00000 CO2_BC=0.00013 LR=4.88e-04 nu=0.01 NSraw=0.5554 alpha(W1/W8/all)=0.59/0.39/0.48 | 0.82 it/s
[Iter 13620/20000] Total=0.09977 | NS=0.09077 CO2(scaled)=0.00144 CO2_weight=1.00 guide_w=3.33 Walls=0.00067(x10) g_ns/g_walls=0.495 Windows=0.00068 Doors=0.00009 IC=0.00000 CO2_BC=0.00013 LR=4.88e-04 nu=0.01 NSraw=0.5279 alpha(W1/W8/all)=0.59/0.39/0.48 | 0.82 it/s
[Iter 13630/20000] Total=0.19753 | NS=0.18323 CO2(scaled)=0.00204 CO2_weight=1.00 guide_w=3.33 Walls=0.00110(x10) g_ns/g_walls=0.495 Windows=0.00112 Doors=0.00006 IC=0.00000 CO2_BC=0.00012 LR=4.88e-04 nu=0.01 NSraw=0.9643 alpha(W1/W8/all)=0.59/0.39/0.48 | 0.82 it/s
[Iter 13640/20000] Total=0.19481 | NS=0.17593 CO2(scaled)=0.00220 CO2_weight=1.00 guide_w=3.33 Walls=0.00137(x10) g_ns/g_walls=0.495 Windows=0.00279 Doors=0.00008 IC=0.00000 CO2_BC=0.00011 LR=4.87e-04 nu=0.01 NSraw=1.411 alpha(W1/W8/all)=0.59/0.39/0.48 | 0.82 it/s
[Iter 13650/20000] Total=0.22218 | NS=0.20526 CO2(scaled)=0.00302 CO2_weight=1.00 guide_w=3.33 Walls=0.00119(x10) g_ns/g_walls=0.495 Windows=0.00171 Doors=0.00011 IC=0.00000 CO2_BC=0.00014 LR=4.87e-04 nu=0.01 NSraw=2.097 alpha(W1/W8/all)=0.59/0.39/0.48 | 0.82 it/s
[Iter 13660/20000] Total=0.07178 | NS=0.05679 CO2(scaled)=0.00318 CO2_weight=1.00 guide_w=3.33 Walls=0.00108(x10) g_ns/g_walls=0.495 Windows=0.00086 Doors=0.00008 IC=0.00000 CO2_BC=0.00011 LR=4.87e-04 nu=0.01 NSraw=0.1569 alpha(W1/W8/all)=0.59/0.39/0.48 | 0.82 it/s
[Iter 13670/20000] Total=0.29533 | NS=0.28044 CO2(scaled)=0.00194 CO2_weight=1.00 guide_w=3.33 Walls=0.00122(x10) g_ns/g_walls=0.495 Windows=0.00057 Doors=0.00006 IC=0.00000 CO2_BC=0.00014 LR=4.87e-04 nu=0.01 NSraw=10.17 alpha(W1/W8/all)=0.59/0.39/0.48 | 0.82 it/s
[Iter 13680/20000] Total=0.14192 | NS=0.08330 CO2(scaled)=0.00159 CO2_weight=1.00 guide_w=3.33 Walls=0.00557(x10) g_ns/g_walls=0.495 Windows=0.00109 Doors=0.00010 IC=0.00000 CO2_BC=0.00012 LR=4.86e-04 nu=0.01 NSraw=0.3261 alpha(W1/W8/all)=0.59/0.39/0.48 | 0.82 it/s
[Iter 13690/20000] Total=0.16875 | NS=0.09596 CO2(scaled)=0.00378 CO2_weight=1.00 guide_w=3.33 Walls=0.00671(x10) g_ns/g_walls=0.495 Windows=0.00173 Doors=0.00005 IC=0.00000 CO2_BC=0.00009 LR=4.86e-04 nu=0.01 NSraw=0.3391 alpha(W1/W8/all)=0.59/0.39/0.48 | 0.82 it/s
[Iter 13700/20000] Total=0.14642 | NS=0.10542 CO2(scaled)=0.00429 CO2_weight=1.00 guide_w=2.18 Walls=0.00344(x10) g_ns/g_walls=0.307 Windows=0.00210 Doors=0.00007 IC=0.00000 CO2_BC=0.00014 LR=4.86e-04 nu=0.01 NSraw=0.5718 alpha(W1/W8/all)=0.59/0.39/0.48 | 0.82 it/s
[Iter 13710/20000] Total=0.16911 | NS=0.11383 CO2(scaled)=0.00270 CO2_weight=1.00 guide_w=2.18 Walls=0.00516(x10) g_ns/g_walls=0.307 Windows=0.00075 Doors=0.00006 IC=0.00000 CO2_BC=0.00015 LR=4.86e-04 nu=0.01 NSraw=0.5219 alpha(W1/W8/all)=0.59/0.39/0.48 | 0.82 it/s
[Iter 13720/20000] Total=0.09082 | NS=0.06606 CO2(scaled)=0.00210 CO2_weight=1.00 guide_w=2.18 Walls=0.00199(x10) g_ns/g_walls=0.307 Windows=0.00256 Doors=0.00005 IC=0.00000 CO2_BC=0.00013 LR=4.85e-04 nu=0.01 NSraw=0.3073 alpha(W1/W8/all)=0.59/0.39/0.48 | 0.82 it/s
[Iter 13730/20000] Total=0.14135 | NS=0.12674 CO2(scaled)=0.00174 CO2_weight=1.00 guide_w=2.18 Walls=0.00115(x10) g_ns/g_walls=0.307 Windows=0.00109 Doors=0.00006 IC=0.00000 CO2_BC=0.00018 LR=4.85e-04 nu=0.01 NSraw=0.5334 alpha(W1/W8/all)=0.59/0.39/0.48 | 0.82 it/s
[Iter 13740/20000] Total=0.09022 | NS=0.07179 CO2(scaled)=0.00184 CO2_weight=1.00 guide_w=2.18 Walls=0.00147(x10) g_ns/g_walls=0.307 Windows=0.00176 Doors=0.00006 IC=0.00000 CO2_BC=0.00013 LR=4.85e-04 nu=0.01 NSraw=0.233 alpha(W1/W8/all)=0.59/0.39/0.48 | 0.82 it/s
[Iter 13750/20000] Total=0.14866 | NS=0.12409 CO2(scaled)=0.00588 CO2_weight=1.00 guide_w=2.18 Walls=0.00169(x10) g_ns/g_walls=0.307 Windows=0.00152 Doors=0.00011 IC=0.00000 CO2_BC=0.00013 LR=4.85e-04 nu=0.01 NSraw=0.5535 alpha(W1/W8/all)=0.59/0.39/0.48 | 0.82 it/s
[Iter 13760/20000] Total=0.10490 | NS=0.06735 CO2(scaled)=0.00493 CO2_weight=1.00 guide_w=2.18 Walls=0.00301(x10) g_ns/g_walls=0.307 Windows=0.00229 Doors=0.00007 IC=0.00000 CO2_BC=0.00014 LR=4.84e-04 nu=0.01 NSraw=0.2173 alpha(W1/W8/all)=0.59/0.39/0.48 | 0.82 it/s
[Iter 13770/20000] Total=0.30270 | NS=0.27799 CO2(scaled)=0.00416 CO2_weight=1.00 guide_w=2.18 Walls=0.00188(x10) g_ns/g_walls=0.307 Windows=0.00135 Doors=0.00022 IC=0.00000 CO2_BC=0.00019 LR=4.84e-04 nu=0.01 NSraw=6.039 alpha(W1/W8/all)=0.59/0.39/0.48 | 0.82 it/s
[Iter 13780/20000] Total=0.10515 | NS=0.08357 CO2(scaled)=0.00205 CO2_weight=1.00 guide_w=2.18 Walls=0.00169(x10) g_ns/g_walls=0.307 Windows=0.00233 Doors=0.00015 IC=0.00000 CO2_BC=0.00016 LR=4.84e-04 nu=0.01 NSraw=0.2242 alpha(W1/W8/all)=0.59/0.39/0.48 | 0.82 it/s
[Iter 13790/20000] Total=0.10525 | NS=0.08723 CO2(scaled)=0.00153 CO2_weight=1.00 guide_w=2.18 Walls=0.00147(x10) g_ns/g_walls=0.307 Windows=0.00155 Doors=0.00011 IC=0.00000 CO2_BC=0.00013 LR=4.84e-04 nu=0.01 NSraw=0.5213 alpha(W1/W8/all)=0.59/0.39/0.48 | 0.82 it/s
[Iter 13800/20000] Total=0.06395 | NS=0.04494 CO2(scaled)=0.00132 CO2_weight=1.00 guide_w=0.638 Walls=0.00161(x10) g_ns/g_walls=0.0693 Windows=0.00146 Doors=0.00008 IC=0.00000 CO2_BC=0.00009 LR=4.83e-04 nu=0.01 NSraw=0.1095 alpha(W1/W8/all)=0.59/0.39/0.48 | 0.82 it/s
[Iter 13810/20000] Total=0.10507 | NS=0.09118 CO2(scaled)=0.00177 CO2_weight=1.00 guide_w=0.638 Walls=0.00110(x10) g_ns/g_walls=0.0693 Windows=0.00092 Doors=0.00005 IC=0.00000 CO2_BC=0.00016 LR=4.83e-04 nu=0.01 NSraw=0.3806 alpha(W1/W8/all)=0.59/0.39/0.48 | 0.82 it/s
[Iter 13820/20000] Total=0.10395 | NS=0.08831 CO2(scaled)=0.00169 CO2_weight=1.00 guide_w=0.638 Walls=0.00125(x10) g_ns/g_walls=0.0693 Windows=0.00129 Doors=0.00008 IC=0.00000 CO2_BC=0.00012 LR=4.83e-04 nu=0.01 NSraw=0.305 alpha(W1/W8/all)=0.59/0.39/0.48 | 0.82 it/s
[Iter 13830/20000] Total=0.05642 | NS=0.04227 CO2(scaled)=0.00133 CO2_weight=1.00 guide_w=0.638 Walls=0.00116(x10) g_ns/g_walls=0.0693 Windows=0.00101 Doors=0.00008 IC=0.00000 CO2_BC=0.00010 LR=4.83e-04 nu=0.01 NSraw=0.09097 alpha(W1/W8/all)=0.59/0.39/0.48 | 0.82 it/s
[Iter 13840/20000] Total=0.20786 | NS=0.19721 CO2(scaled)=0.00107 CO2_weight=1.00 guide_w=0.638 Walls=0.00087(x10) g_ns/g_walls=0.0693 Windows=0.00068 Doors=0.00008 IC=0.00000 CO2_BC=0.00011 LR=4.82e-04 nu=0.01 NSraw=6.969 alpha(W1/W8/all)=0.59/0.39/0.48 | 0.82 it/s
[Iter 13850/20000] Total=0.06976 | NS=0.04845 CO2(scaled)=0.00108 CO2_weight=1.00 guide_w=0.638 Walls=0.00189(x10) g_ns/g_walls=0.0693 Windows=0.00121 Doors=0.00005 IC=0.00000 CO2_BC=0.00010 LR=4.82e-04 nu=0.01 NSraw=0.2267 alpha(W1/W8/all)=0.59/0.39/0.48 | 0.82 it/s
[Iter 13860/20000] Total=0.17367 | NS=0.16406 CO2(scaled)=0.00116 CO2_weight=1.00 guide_w=0.638 Walls=0.00072(x10) g_ns/g_walls=0.0693 Windows=0.00105 Doors=0.00006 IC=0.00000 CO2_BC=0.00013 LR=4.82e-04 nu=0.01 NSraw=2.548 alpha(W1/W8/all)=0.59/0.39/0.48 | 0.82 it/s
[Iter 13870/20000] Total=0.05997 | NS=0.04891 CO2(scaled)=0.00117 CO2_weight=1.00 guide_w=0.638 Walls=0.00091(x10) g_ns/g_walls=0.0693 Windows=0.00067 Doors=0.00006 IC=0.00000 CO2_BC=0.00009 LR=4.82e-04 nu=0.01 NSraw=0.1215 alpha(W1/W8/all)=0.59/0.39/0.48 | 0.82 it/s
[Iter 13880/20000] Total=0.18756 | NS=0.17187 CO2(scaled)=0.00175 CO2_weight=1.00 guide_w=0.638 Walls=0.00131(x10) g_ns/g_walls=0.0693 Windows=0.00065 Doors=0.00005 IC=0.00000 CO2_BC=0.00011 LR=4.81e-04 nu=0.01 NSraw=2.186 alpha(W1/W8/all)=0.59/0.39/0.48 | 0.82 it/s
[Iter 13890/20000] Total=0.08285 | NS=0.06229 CO2(scaled)=0.00218 CO2_weight=1.00 guide_w=0.638 Walls=0.00168(x10) g_ns/g_walls=0.0693 Windows=0.00121 Doors=0.00015 IC=0.00000 CO2_BC=0.00021 LR=4.81e-04 nu=0.01 NSraw=0.2258 alpha(W1/W8/all)=0.59/0.39/0.48 | 0.82 it/s
[Iter 13900/20000] Total=0.09921 | NS=0.08402 CO2(scaled)=0.00113 CO2_weight=1.00 guide_w=2.47 Walls=0.00127(x10) g_ns/g_walls=0.27 Windows=0.00113 Doors=0.00008 IC=0.00000 CO2_BC=0.00013 LR=4.81e-04 nu=0.01 NSraw=0.4168 alpha(W1/W8/all)=0.59/0.39/0.48 | 0.82 it/s
[Iter 13910/20000] Total=0.07628 | NS=0.06895 CO2(scaled)=0.00113 CO2_weight=1.00 guide_w=2.47 Walls=0.00051(x10) g_ns/g_walls=0.27 Windows=0.00092 Doors=0.00005 IC=0.00000 CO2_BC=0.00012 LR=4.81e-04 nu=0.01 NSraw=0.3264 alpha(W1/W8/all)=0.59/0.39/0.48 | 0.82 it/s
[Iter 13920/20000] Total=0.29512 | NS=0.27990 CO2(scaled)=0.00263 CO2_weight=1.00 guide_w=2.47 Walls=0.00114(x10) g_ns/g_walls=0.27 Windows=0.00099 Doors=0.00005 IC=0.00000 CO2_BC=0.00014 LR=4.80e-04 nu=0.01 NSraw=6.94 alpha(W1/W8/all)=0.59/0.39/0.48 | 0.82 it/s
[Iter 13930/20000] Total=0.07201 | NS=0.06352 CO2(scaled)=0.00178 CO2_weight=1.00 guide_w=2.47 Walls=0.00055(x10) g_ns/g_walls=0.27 Windows=0.00108 Doors=0.00004 IC=0.00000 CO2_BC=0.00010 LR=4.80e-04 nu=0.01 NSraw=0.1598 alpha(W1/W8/all)=0.59/0.39/0.48 | 0.82 it/s
[Iter 13940/20000] Total=0.10466 | NS=0.08079 CO2(scaled)=0.00409 CO2_weight=1.00 guide_w=2.47 Walls=0.00179(x10) g_ns/g_walls=0.27 Windows=0.00171 Doors=0.00005 IC=0.00000 CO2_BC=0.00013 LR=4.80e-04 nu=0.01 NSraw=0.2951 alpha(W1/W8/all)=0.59/0.39/0.48 | 0.82 it/s
[Iter 13950/20000] Total=0.10257 | NS=0.06579 CO2(scaled)=0.00779 CO2_weight=1.00 guide_w=2.47 Walls=0.00266(x10) g_ns/g_walls=0.27 Windows=0.00218 Doors=0.00009 IC=0.00000 CO2_BC=0.00010 LR=4.80e-04 nu=0.01 NSraw=0.1598 alpha(W1/W8/all)=0.59/0.39/0.48 | 0.82 it/s
[Iter 13960/20000] Total=0.04730 | NS=0.04085 CO2(scaled)=0.00113 CO2_weight=1.00 guide_w=2.47 Walls=0.00045(x10) g_ns/g_walls=0.27 Windows=0.00060 Doors=0.00010 IC=0.00000 CO2_BC=0.00011 LR=4.79e-04 nu=0.01 NSraw=0.117 alpha(W1/W8/all)=0.59/0.39/0.48 | 0.82 it/s
[Iter 13970/20000] Total=0.95017 | NS=0.93714 CO2(scaled)=0.00194 CO2_weight=1.00 guide_w=2.47 Walls=0.00100(x10) g_ns/g_walls=0.27 Windows=0.00085 Doors=0.00007 IC=0.00000 CO2_BC=0.00012 LR=4.79e-04 nu=0.01 NSraw=134.2 alpha(W1/W8/all)=0.59/0.39/0.48 | 0.82 it/s
[Iter 13980/20000] Total=0.13814 | NS=0.12816 CO2(scaled)=0.00181 CO2_weight=1.00 guide_w=2.47 Walls=0.00073(x10) g_ns/g_walls=0.27 Windows=0.00061 Doors=0.00009 IC=0.00000 CO2_BC=0.00013 LR=4.79e-04 nu=0.01 NSraw=0.7255 alpha(W1/W8/all)=0.59/0.39/0.48 | 0.82 it/s
[Iter 13990/20000] Total=0.10581 | NS=0.09215 CO2(scaled)=0.00147 CO2_weight=1.00 guide_w=2.47 Walls=0.00110(x10) g_ns/g_walls=0.27 Windows=0.00096 Doors=0.00009 IC=0.00000 CO2_BC=0.00009 LR=4.79e-04 nu=0.01 NSraw=0.3851 alpha(W1/W8/all)=0.59/0.39/0.48 | 0.82 it/s
[Iter 14000/20000] Total=0.10875 | NS=0.09680 CO2(scaled)=0.00101 CO2_weight=1.00 guide_w=16.2 Walls=0.00099(x10) g_ns/g_walls=5.09 Windows=0.00086 Doors=0.00008 IC=0.00000 CO2_BC=0.00013 LR=4.78e-04 nu=0.01 NSraw=0.3061 alpha(W1/W8/all)=0.59/0.39/0.48 | 0.82 it/s
  -> saved checkpoint: /home/iai-labor/BuildingControlCFD/experiments/gnot/checkpoints/v24_fixedalpha/gnot_v24_fixedalpha_iter14000.pth
[Iter 14010/20000] Total=0.07204 | NS=0.05477 CO2(scaled)=0.00119 CO2_weight=1.00 guide_w=16.2 Walls=0.00148(x10) g_ns/g_walls=5.09 Windows=0.00110 Doors=0.00005 IC=0.00000 CO2_BC=0.00012 LR=4.78e-04 nu=0.01 NSraw=0.1584 alpha(W1/W8/all)=0.59/0.39/0.48 | 0.82 it/s
[Iter 14020/20000] Total=0.10757 | NS=0.09342 CO2(scaled)=0.00131 CO2_weight=1.00 guide_w=16.2 Walls=0.00119(x10) g_ns/g_walls=5.09 Windows=0.00068 Doors=0.00009 IC=0.00000 CO2_BC=0.00013 LR=4.78e-04 nu=0.01 NSraw=0.4618 alpha(W1/W8/all)=0.59/0.39/0.48 | 0.82 it/s
[Iter 14030/20000] Total=0.05236 | NS=0.03887 CO2(scaled)=0.00130 CO2_weight=1.00 guide_w=16.2 Walls=0.00107(x10) g_ns/g_walls=5.09 Windows=0.00120 Doors=0.00011 IC=0.00000 CO2_BC=0.00012 LR=4.78e-04 nu=0.01 NSraw=0.1014 alpha(W1/W8/all)=0.59/0.39/0.48 | 0.82 it/s
[Iter 14040/20000] Total=0.06556 | NS=0.05683 CO2(scaled)=0.00104 CO2_weight=1.00 guide_w=16.2 Walls=0.00068(x10) g_ns/g_walls=5.09 Windows=0.00065 Doors=0.00010 IC=0.00000 CO2_BC=0.00011 LR=4.77e-04 nu=0.01 NSraw=0.1467 alpha(W1/W8/all)=0.59/0.39/0.48 | 0.82 it/s
[Iter 14050/20000] Total=0.18671 | NS=0.17219 CO2(scaled)=0.00093 CO2_weight=1.00 guide_w=16.2 Walls=0.00118(x10) g_ns/g_walls=5.09 Windows=0.00162 Doors=0.00007 IC=0.00000 CO2_BC=0.00013 LR=4.77e-04 nu=0.01 NSraw=3.665 alpha(W1/W8/all)=0.59/0.39/0.48 | 0.82 it/s
[Iter 14060/20000] Total=0.04386 | NS=0.02619 CO2(scaled)=0.00096 CO2_weight=1.00 guide_w=16.2 Walls=0.00151(x10) g_ns/g_walls=5.09 Windows=0.00136 Doors=0.00008 IC=0.00000 CO2_BC=0.00013 LR=4.77e-04 nu=0.01 NSraw=0.05363 alpha(W1/W8/all)=0.59/0.39/0.48 | 0.82 it/s
[Iter 14070/20000] Total=0.05513 | NS=0.04373 CO2(scaled)=0.00101 CO2_weight=1.00 guide_w=16.2 Walls=0.00092(x10) g_ns/g_walls=5.09 Windows=0.00097 Doors=0.00009 IC=0.00000 CO2_BC=0.00010 LR=4.77e-04 nu=0.01 NSraw=0.1481 alpha(W1/W8/all)=0.59/0.39/0.48 | 0.82 it/s
[Iter 14080/20000] Total=0.20407 | NS=0.19065 CO2(scaled)=0.00232 CO2_weight=1.00 guide_w=16.2 Walls=0.00099(x10) g_ns/g_walls=5.09 Windows=0.00099 Doors=0.00010 IC=0.00000 CO2_BC=0.00014 LR=4.76e-04 nu=0.01 NSraw=2.506 alpha(W1/W8/all)=0.59/0.39/0.48 | 0.82 it/s
[Iter 14090/20000] Total=0.30936 | NS=0.29276 CO2(scaled)=0.00247 CO2_weight=1.00 guide_w=16.2 Walls=0.00133(x10) g_ns/g_walls=5.09 Windows=0.00059 Doors=0.00007 IC=0.00000 CO2_BC=0.00016 LR=4.76e-04 nu=0.01 NSraw=7.814 alpha(W1/W8/all)=0.59/0.39/0.48 | 0.82 it/s
[Iter 14100/20000] Total=0.06936 | NS=0.05686 CO2(scaled)=0.00170 CO2_weight=1.00 guide_w=0.478 Walls=0.00096(x10) g_ns/g_walls=0.123 Windows=0.00106 Doors=0.00007 IC=0.00000 CO2_BC=0.00011 LR=4.76e-04 nu=0.01 NSraw=0.2791 alpha(W1/W8/all)=0.59/0.39/0.48 | 0.82 it/s
[Iter 14110/20000] Total=0.09321 | NS=0.08546 CO2(scaled)=0.00133 CO2_weight=1.00 guide_w=0.478 Walls=0.00057(x10) g_ns/g_walls=0.123 Windows=0.00047 Doors=0.00006 IC=0.00000 CO2_BC=0.00015 LR=4.76e-04 nu=0.01 NSraw=0.3639 alpha(W1/W8/all)=0.59/0.39/0.48 | 0.82 it/s
[Iter 14120/20000] Total=0.30641 | NS=0.27736 CO2(scaled)=0.00119 CO2_weight=1.00 guide_w=0.478 Walls=0.00271(x10) g_ns/g_walls=0.123 Windows=0.00063 Doors=0.00006 IC=0.00000 CO2_BC=0.00011 LR=4.75e-04 nu=0.01 NSraw=11.5 alpha(W1/W8/all)=0.59/0.39/0.48 | 0.82 it/s
[Iter 14130/20000] Total=0.36331 | NS=0.33475 CO2(scaled)=0.00126 CO2_weight=1.00 guide_w=0.478 Walls=0.00244(x10) g_ns/g_walls=0.123 Windows=0.00271 Doors=0.00008 IC=0.00000 CO2_BC=0.00010 LR=4.75e-04 nu=0.01 NSraw=14.18 alpha(W1/W8/all)=0.59/0.39/0.48 | 0.82 it/s
[Iter 14140/20000] Total=0.16669 | NS=0.15548 CO2(scaled)=0.00113 CO2_weight=1.00 guide_w=0.478 Walls=0.00092(x10) g_ns/g_walls=0.123 Windows=0.00070 Doors=0.00006 IC=0.00000 CO2_BC=0.00011 LR=4.75e-04 nu=0.01 NSraw=1.259 alpha(W1/W8/all)=0.59/0.39/0.48 | 0.82 it/s
[Iter 14150/20000] Total=0.07766 | NS=0.06932 CO2(scaled)=0.00100 CO2_weight=1.00 guide_w=0.478 Walls=0.00063(x10) g_ns/g_walls=0.123 Windows=0.00085 Doors=0.00004 IC=0.00000 CO2_BC=0.00013 LR=4.75e-04 nu=0.01 NSraw=0.3278 alpha(W1/W8/all)=0.59/0.39/0.48 | 0.82 it/s
[Iter 14160/20000] Total=0.07835 | NS=0.07191 CO2(scaled)=0.00081 CO2_weight=1.00 guide_w=0.478 Walls=0.00048(x10) g_ns/g_walls=0.123 Windows=0.00064 Doors=0.00007 IC=0.00000 CO2_BC=0.00012 LR=4.74e-04 nu=0.01 NSraw=0.1928 alpha(W1/W8/all)=0.59/0.39/0.48 | 0.82 it/s
[Iter 14170/20000] Total=0.16279 | NS=0.15272 CO2(scaled)=0.00112 CO2_weight=1.00 guide_w=0.478 Walls=0.00078(x10) g_ns/g_walls=0.123 Windows=0.00091 Doors=0.00010 IC=0.00000 CO2_BC=0.00010 LR=4.74e-04 nu=0.01 NSraw=0.7899 alpha(W1/W8/all)=0.59/0.39/0.48 | 0.82 it/s
[Iter 14180/20000] Total=0.04276 | NS=0.03396 CO2(scaled)=0.00167 CO2_weight=1.00 guide_w=0.478 Walls=0.00060(x10) g_ns/g_walls=0.123 Windows=0.00093 Doors=0.00005 IC=0.00000 CO2_BC=0.00012 LR=4.74e-04 nu=0.01 NSraw=0.09726 alpha(W1/W8/all)=0.59/0.39/0.48 | 0.82 it/s
[Iter 14190/20000] Total=0.10290 | NS=0.09365 CO2(scaled)=0.00165 CO2_weight=1.00 guide_w=0.478 Walls=0.00069(x10) g_ns/g_walls=0.123 Windows=0.00058 Doors=0.00004 IC=0.00000 CO2_BC=0.00010 LR=4.74e-04 nu=0.01 NSraw=0.3113 alpha(W1/W8/all)=0.59/0.39/0.48 | 0.82 it/s
[Iter 14200/20000] Total=0.06571 | NS=0.05888 CO2(scaled)=0.00093 CO2_weight=1.00 guide_w=1.31 Walls=0.00048(x10) g_ns/g_walls=0.271 Windows=0.00089 Doors=0.00008 IC=0.00000 CO2_BC=0.00010 LR=4.73e-04 nu=0.01 NSraw=0.2037 alpha(W1/W8/all)=0.59/0.39/0.48 | 0.82 it/s
[Iter 14210/20000] Total=0.40394 | NS=0.39650 CO2(scaled)=0.00136 CO2_weight=1.00 guide_w=1.31 Walls=0.00050(x10) g_ns/g_walls=0.271 Windows=0.00090 Doors=0.00007 IC=0.00000 CO2_BC=0.00010 LR=4.73e-04 nu=0.01 NSraw=33.87 alpha(W1/W8/all)=0.59/0.39/0.48 | 0.82 it/s
[Iter 14220/20000] Total=0.06764 | NS=0.05892 CO2(scaled)=0.00101 CO2_weight=1.00 guide_w=1.31 Walls=0.00065(x10) g_ns/g_walls=0.271 Windows=0.00106 Doors=0.00006 IC=0.00000 CO2_BC=0.00010 LR=4.73e-04 nu=0.01 NSraw=0.1701 alpha(W1/W8/all)=0.59/0.39/0.48 | 0.82 it/s
[Iter 14230/20000] Total=0.14200 | NS=0.13155 CO2(scaled)=0.00104 CO2_weight=1.00 guide_w=1.31 Walls=0.00082(x10) g_ns/g_walls=0.271 Windows=0.00099 Doors=0.00011 IC=0.00000 CO2_BC=0.00013 LR=4.73e-04 nu=0.01 NSraw=1.328 alpha(W1/W8/all)=0.59/0.39/0.48 | 0.82 it/s
[Iter 14240/20000] Total=0.15146 | NS=0.13343 CO2(scaled)=0.00100 CO2_weight=1.00 guide_w=1.31 Walls=0.00161(x10) g_ns/g_walls=0.271 Windows=0.00072 Doors=0.00009 IC=0.00000 CO2_BC=0.00013 LR=4.72e-04 nu=0.01 NSraw=1.667 alpha(W1/W8/all)=0.59/0.39/0.48 | 0.82 it/s
[Iter 14250/20000] Total=0.12147 | NS=0.06122 CO2(scaled)=0.00119 CO2_weight=1.00 guide_w=1.31 Walls=0.00540(x10) g_ns/g_walls=0.271 Windows=0.00485 Doors=0.00010 IC=0.00000 CO2_BC=0.00013 LR=4.72e-04 nu=0.01 NSraw=0.1505 alpha(W1/W8/all)=0.59/0.39/0.48 | 0.82 it/s
[Iter 14260/20000] Total=0.09444 | NS=0.08654 CO2(scaled)=0.00101 CO2_weight=1.00 guide_w=1.31 Walls=0.00059(x10) g_ns/g_walls=0.271 Windows=0.00077 Doors=0.00008 IC=0.00000 CO2_BC=0.00012 LR=4.72e-04 nu=0.01 NSraw=0.4324 alpha(W1/W8/all)=0.59/0.39/0.48 | 0.82 it/s
[Iter 14270/20000] Total=0.21722 | NS=0.20548 CO2(scaled)=0.00135 CO2_weight=1.00 guide_w=1.31 Walls=0.00092(x10) g_ns/g_walls=0.271 Windows=0.00097 Doors=0.00007 IC=0.00000 CO2_BC=0.00011 LR=4.72e-04 nu=0.01 NSraw=5.66 alpha(W1/W8/all)=0.59/0.39/0.48 | 0.82 it/s
[Iter 14280/20000] Total=0.08227 | NS=0.06500 CO2(scaled)=0.00182 CO2_weight=1.00 guide_w=1.31 Walls=0.00140(x10) g_ns/g_walls=0.271 Windows=0.00123 Doors=0.00006 IC=0.00000 CO2_BC=0.00013 LR=4.71e-04 nu=0.01 NSraw=0.1982 alpha(W1/W8/all)=0.59/0.39/0.48 | 0.82 it/s
[Iter 14290/20000] Total=0.11721 | NS=0.07667 CO2(scaled)=0.00148 CO2_weight=1.00 guide_w=1.31 Walls=0.00362(x10) g_ns/g_walls=0.271 Windows=0.00265 Doors=0.00006 IC=0.00000 CO2_BC=0.00017 LR=4.71e-04 nu=0.01 NSraw=0.2809 alpha(W1/W8/all)=0.59/0.39/0.48 | 0.82 it/s
[Iter 14300/20000] Total=0.05697 | NS=0.04591 CO2(scaled)=0.00153 CO2_weight=1.00 guide_w=0.272 Walls=0.00083(x10) g_ns/g_walls=0.0669 Windows=0.00101 Doors=0.00006 IC=0.00000 CO2_BC=0.00012 LR=4.71e-04 nu=0.01 NSraw=0.1764 alpha(W1/W8/all)=0.59/0.39/0.48 | 0.82 it/s
[Iter 14310/20000] Total=0.16489 | NS=0.14655 CO2(scaled)=0.00317 CO2_weight=1.00 guide_w=0.272 Walls=0.00136(x10) g_ns/g_walls=0.0669 Windows=0.00143 Doors=0.00007 IC=0.00000 CO2_BC=0.00012 LR=4.71e-04 nu=0.01 NSraw=0.6749 alpha(W1/W8/all)=0.59/0.39/0.48 | 0.82 it/s
[Iter 14320/20000] Total=0.06396 | NS=0.04634 CO2(scaled)=0.00117 CO2_weight=1.00 guide_w=0.272 Walls=0.00157(x10) g_ns/g_walls=0.0669 Windows=0.00061 Doors=0.00006 IC=0.00000 CO2_BC=0.00010 LR=4.70e-04 nu=0.01 NSraw=0.1177 alpha(W1/W8/all)=0.59/0.39/0.48 | 0.82 it/s
[Iter 14330/20000] Total=0.11239 | NS=0.09476 CO2(scaled)=0.00351 CO2_weight=1.00 guide_w=0.272 Walls=0.00127(x10) g_ns/g_walls=0.0669 Windows=0.00129 Doors=0.00008 IC=0.00000 CO2_BC=0.00010 LR=4.70e-04 nu=0.01 NSraw=0.4256 alpha(W1/W8/all)=0.59/0.39/0.48 | 0.82 it/s
[Iter 14340/20000] Total=0.08288 | NS=0.07315 CO2(scaled)=0.00134 CO2_weight=1.00 guide_w=0.272 Walls=0.00065(x10) g_ns/g_walls=0.0669 Windows=0.00173 Doors=0.00008 IC=0.00000 CO2_BC=0.00010 LR=4.70e-04 nu=0.01 NSraw=0.3473 alpha(W1/W8/all)=0.59/0.39/0.48 | 0.82 it/s
[Iter 14350/20000] Total=0.16569 | NS=0.13144 CO2(scaled)=0.00158 CO2_weight=1.00 guide_w=0.272 Walls=0.00293(x10) g_ns/g_walls=0.0669 Windows=0.00323 Doors=0.00006 IC=0.00000 CO2_BC=0.00012 LR=4.70e-04 nu=0.01 NSraw=0.8581 alpha(W1/W8/all)=0.59/0.39/0.48 | 0.82 it/s
[Iter 14360/20000] Total=0.11114 | NS=0.07471 CO2(scaled)=0.00196 CO2_weight=1.00 guide_w=0.272 Walls=0.00314(x10) g_ns/g_walls=0.0669 Windows=0.00282 Doors=0.00010 IC=0.00000 CO2_BC=0.00016 LR=4.69e-04 nu=0.01 NSraw=0.3819 alpha(W1/W8/all)=0.59/0.39/0.48 | 0.82 it/s
[Iter 14370/20000] Total=0.06079 | NS=0.04441 CO2(scaled)=0.00126 CO2_weight=1.00 guide_w=0.272 Walls=0.00134(x10) g_ns/g_walls=0.0669 Windows=0.00153 Doors=0.00006 IC=0.00000 CO2_BC=0.00012 LR=4.69e-04 nu=0.01 NSraw=0.1478 alpha(W1/W8/all)=0.59/0.39/0.48 | 0.82 it/s
[Iter 14380/20000] Total=0.03929 | NS=0.02942 CO2(scaled)=0.00147 CO2_weight=1.00 guide_w=0.272 Walls=0.00074(x10) g_ns/g_walls=0.0669 Windows=0.00085 Doors=0.00007 IC=0.00000 CO2_BC=0.00011 LR=4.69e-04 nu=0.01 NSraw=0.06766 alpha(W1/W8/all)=0.59/0.39/0.48 | 0.82 it/s
[Iter 14390/20000] Total=0.15364 | NS=0.14204 CO2(scaled)=0.00139 CO2_weight=1.00 guide_w=0.272 Walls=0.00090(x10) g_ns/g_walls=0.0669 Windows=0.00104 Doors=0.00007 IC=0.00000 CO2_BC=0.00012 LR=4.69e-04 nu=0.01 NSraw=0.7943 alpha(W1/W8/all)=0.59/0.39/0.48 | 0.82 it/s
[Iter 14400/20000] Total=0.09657 | NS=0.08985 CO2(scaled)=0.00110 CO2_weight=1.00 guide_w=3.02 Walls=0.00049(x10) g_ns/g_walls=0.932 Windows=0.00053 Doors=0.00007 IC=0.00000 CO2_BC=0.00009 LR=4.68e-04 nu=0.01 NSraw=0.3222 alpha(W1/W8/all)=0.59/0.39/0.48 | 0.82 it/s
[Iter 14410/20000] Total=0.13306 | NS=0.12152 CO2(scaled)=0.00099 CO2_weight=1.00 guide_w=3.02 Walls=0.00096(x10) g_ns/g_walls=0.932 Windows=0.00073 Doors=0.00007 IC=0.00000 CO2_BC=0.00010 LR=4.68e-04 nu=0.01 NSraw=0.8812 alpha(W1/W8/all)=0.59/0.39/0.48 | 0.82 it/s
[Iter 14420/20000] Total=0.06343 | NS=0.04664 CO2(scaled)=0.00134 CO2_weight=1.00 guide_w=3.02 Walls=0.00135(x10) g_ns/g_walls=0.932 Windows=0.00167 Doors=0.00011 IC=0.00000 CO2_BC=0.00013 LR=4.68e-04 nu=0.01 NSraw=0.1333 alpha(W1/W8/all)=0.59/0.39/0.48 | 0.82 it/s
[Iter 14430/20000] Total=0.05107 | NS=0.03823 CO2(scaled)=0.00153 CO2_weight=1.00 guide_w=3.02 Walls=0.00102(x10) g_ns/g_walls=0.932 Windows=0.00094 Doors=0.00008 IC=0.00000 CO2_BC=0.00009 LR=4.68e-04 nu=0.01 NSraw=0.09077 alpha(W1/W8/all)=0.59/0.39/0.48 | 0.82 it/s
[Iter 14440/20000] Total=0.14443 | NS=0.11087 CO2(scaled)=0.00106 CO2_weight=1.00 guide_w=3.02 Walls=0.00293(x10) g_ns/g_walls=0.932 Windows=0.00292 Doors=0.00011 IC=0.00000 CO2_BC=0.00019 LR=4.67e-04 nu=0.01 NSraw=0.5401 alpha(W1/W8/all)=0.59/0.39/0.48 | 0.82 it/s
[Iter 14450/20000] Total=0.18371 | NS=0.17251 CO2(scaled)=0.00112 CO2_weight=1.00 guide_w=3.02 Walls=0.00087(x10) g_ns/g_walls=0.932 Windows=0.00120 Doors=0.00008 IC=0.00000 CO2_BC=0.00014 LR=4.67e-04 nu=0.01 NSraw=2.681 alpha(W1/W8/all)=0.59/0.39/0.48 | 0.82 it/s
[Iter 14460/20000] Total=0.24779 | NS=0.20036 CO2(scaled)=0.00209 CO2_weight=1.00 guide_w=3.02 Walls=0.00411(x10) g_ns/g_walls=0.932 Windows=0.00403 Doors=0.00009 IC=0.00000 CO2_BC=0.00009 LR=4.67e-04 nu=0.01 NSraw=6.295 alpha(W1/W8/all)=0.59/0.39/0.48 | 0.82 it/s
[Iter 14470/20000] Total=0.15497 | NS=0.12668 CO2(scaled)=0.00127 CO2_weight=1.00 guide_w=3.02 Walls=0.00240(x10) g_ns/g_walls=0.932 Windows=0.00286 Doors=0.00009 IC=0.00000 CO2_BC=0.00012 LR=4.67e-04 nu=0.01 NSraw=0.948 alpha(W1/W8/all)=0.59/0.39/0.48 | 0.82 it/s
[Iter 14480/20000] Total=0.08688 | NS=0.07433 CO2(scaled)=0.00100 CO2_weight=1.00 guide_w=3.02 Walls=0.00101(x10) g_ns/g_walls=0.932 Windows=0.00129 Doors=0.00004 IC=0.00000 CO2_BC=0.00010 LR=4.66e-04 nu=0.01 NSraw=0.4626 alpha(W1/W8/all)=0.59/0.39/0.48 | 0.82 it/s
[Iter 14490/20000] Total=0.06961 | NS=0.05608 CO2(scaled)=0.00099 CO2_weight=1.00 guide_w=3.02 Walls=0.00113(x10) g_ns/g_walls=0.932 Windows=0.00101 Doors=0.00006 IC=0.00000 CO2_BC=0.00013 LR=4.66e-04 nu=0.01 NSraw=0.2159 alpha(W1/W8/all)=0.59/0.39/0.48 | 0.82 it/s
[Iter 14500/20000] Total=0.05881 | NS=0.05196 CO2(scaled)=0.00107 CO2_weight=1.00 guide_w=33.7 Walls=0.00046(x10) g_ns/g_walls=7.7 Windows=0.00075 Doors=0.00007 IC=0.00000 CO2_BC=0.00037 LR=4.66e-04 nu=0.01 NSraw=0.1524 alpha(W1/W8/all)=0.59/0.39/0.48 | 0.82 it/s
[Iter 14510/20000] Total=0.08143 | NS=0.06846 CO2(scaled)=0.00085 CO2_weight=1.00 guide_w=33.7 Walls=0.00111(x10) g_ns/g_walls=7.7 Windows=0.00085 Doors=0.00006 IC=0.00000 CO2_BC=0.00013 LR=4.66e-04 nu=0.01 NSraw=0.3569 alpha(W1/W8/all)=0.59/0.39/0.48 | 0.82 it/s
[Iter 14520/20000] Total=0.23974 | NS=0.23191 CO2(scaled)=0.00109 CO2_weight=1.00 guide_w=33.7 Walls=0.00056(x10) g_ns/g_walls=7.7 Windows=0.00096 Doors=0.00008 IC=0.00000 CO2_BC=0.00011 LR=4.65e-04 nu=0.01 NSraw=9.844 alpha(W1/W8/all)=0.59/0.39/0.48 | 0.82 it/s
[Iter 14530/20000] Total=0.05087 | NS=0.03801 CO2(scaled)=0.00138 CO2_weight=1.00 guide_w=33.7 Walls=0.00098(x10) g_ns/g_walls=7.7 Windows=0.00140 Doors=0.00010 IC=0.00000 CO2_BC=0.00013 LR=4.65e-04 nu=0.01 NSraw=0.06729 alpha(W1/W8/all)=0.59/0.39/0.48 | 0.82 it/s
[Iter 14540/20000] Total=0.07039 | NS=0.05635 CO2(scaled)=0.00089 CO2_weight=1.00 guide_w=33.7 Walls=0.00114(x10) g_ns/g_walls=7.7 Windows=0.00151 Doors=0.00009 IC=0.00000 CO2_BC=0.00010 LR=4.65e-04 nu=0.01 NSraw=0.1698 alpha(W1/W8/all)=0.59/0.39/0.48 | 0.82 it/s
[Iter 14550/20000] Total=0.16158 | NS=0.14496 CO2(scaled)=0.00109 CO2_weight=1.00 guide_w=33.7 Walls=0.00144(x10) g_ns/g_walls=7.7 Windows=0.00100 Doors=0.00006 IC=0.00000 CO2_BC=0.00010 LR=4.65e-04 nu=0.01 NSraw=1.149 alpha(W1/W8/all)=0.59/0.39/0.48 | 0.82 it/s
[Iter 14560/20000] Total=0.05060 | NS=0.03532 CO2(scaled)=0.00138 CO2_weight=1.00 guide_w=33.7 Walls=0.00118(x10) g_ns/g_walls=7.7 Windows=0.00189 Doors=0.00008 IC=0.00000 CO2_BC=0.00010 LR=4.64e-04 nu=0.01 NSraw=0.06169 alpha(W1/W8/all)=0.59/0.39/0.48 | 0.82 it/s
[Iter 14570/20000] Total=0.06783 | NS=0.05231 CO2(scaled)=0.00130 CO2_weight=1.00 guide_w=33.7 Walls=0.00125(x10) g_ns/g_walls=7.7 Windows=0.00161 Doors=0.00006 IC=0.00000 CO2_BC=0.00010 LR=4.64e-04 nu=0.01 NSraw=0.1621 alpha(W1/W8/all)=0.59/0.39/0.48 | 0.82 it/s
[Iter 14580/20000] Total=0.09969 | NS=0.08746 CO2(scaled)=0.00172 CO2_weight=1.00 guide_w=33.7 Walls=0.00093(x10) g_ns/g_walls=7.7 Windows=0.00098 Doors=0.00011 IC=0.00000 CO2_BC=0.00012 LR=4.64e-04 nu=0.01 NSraw=0.3394 alpha(W1/W8/all)=0.59/0.39/0.48 | 0.82 it/s
[Iter 14590/20000] Total=0.09345 | NS=0.07567 CO2(scaled)=0.00179 CO2_weight=1.00 guide_w=33.7 Walls=0.00146(x10) g_ns/g_walls=7.7 Windows=0.00112 Doors=0.00011 IC=0.00000 CO2_BC=0.00014 LR=4.64e-04 nu=0.01 NSraw=0.2036 alpha(W1/W8/all)=0.59/0.39/0.48 | 0.82 it/s
[Iter 14600/20000] Total=0.06143 | NS=0.04920 CO2(scaled)=0.00149 CO2_weight=1.00 guide_w=1.3 Walls=0.00090(x10) g_ns/g_walls=0.168 Windows=0.00134 Doors=0.00021 IC=0.00000 CO2_BC=0.00015 LR=4.63e-04 nu=0.01 NSraw=0.1111 alpha(W1/W8/all)=0.59/0.39/0.48 | 0.82 it/s
[Iter 14610/20000] Total=0.09751 | NS=0.08769 CO2(scaled)=0.00109 CO2_weight=1.00 guide_w=1.3 Walls=0.00074(x10) g_ns/g_walls=0.168 Windows=0.00100 Doors=0.00017 IC=0.00000 CO2_BC=0.00013 LR=4.63e-04 nu=0.01 NSraw=0.4699 alpha(W1/W8/all)=0.59/0.39/0.48 | 0.82 it/s
[Iter 14620/20000] Total=0.06971 | NS=0.06164 CO2(scaled)=0.00097 CO2_weight=1.00 guide_w=1.3 Walls=0.00061(x10) g_ns/g_walls=0.168 Windows=0.00078 Doors=0.00007 IC=0.00000 CO2_BC=0.00013 LR=4.63e-04 nu=0.01 NSraw=0.1625 alpha(W1/W8/all)=0.59/0.39/0.48 | 0.82 it/s
[Iter 14630/20000] Total=0.07187 | NS=0.05207 CO2(scaled)=0.00197 CO2_weight=1.00 guide_w=1.3 Walls=0.00151(x10) g_ns/g_walls=0.168 Windows=0.00251 Doors=0.00009 IC=0.00000 CO2_BC=0.00010 LR=4.63e-04 nu=0.01 NSraw=0.2261 alpha(W1/W8/all)=0.59/0.39/0.48 | 0.82 it/s
[Iter 14640/20000] Total=0.11439 | NS=0.10169 CO2(scaled)=0.00240 CO2_weight=1.00 guide_w=1.3 Walls=0.00088(x10) g_ns/g_walls=0.168 Windows=0.00133 Doors=0.00008 IC=0.00000 CO2_BC=0.00010 LR=4.62e-04 nu=0.01 NSraw=0.4773 alpha(W1/W8/all)=0.59/0.39/0.48 | 0.82 it/s
[Iter 14650/20000] Total=0.05590 | NS=0.03900 CO2(scaled)=0.00184 CO2_weight=1.00 guide_w=1.3 Walls=0.00141(x10) g_ns/g_walls=0.168 Windows=0.00076 Doors=0.00007 IC=0.00000 CO2_BC=0.00013 LR=4.62e-04 nu=0.01 NSraw=0.09937 alpha(W1/W8/all)=0.59/0.39/0.48 | 0.82 it/s
[Iter 14660/20000] Total=0.09555 | NS=0.07938 CO2(scaled)=0.00130 CO2_weight=1.00 guide_w=1.3 Walls=0.00138(x10) g_ns/g_walls=0.168 Windows=0.00091 Doors=0.00004 IC=0.00000 CO2_BC=0.00012 LR=4.62e-04 nu=0.01 NSraw=0.264 alpha(W1/W8/all)=0.59/0.39/0.48 | 0.82 it/s
[Iter 14670/20000] Total=0.14750 | NS=0.13047 CO2(scaled)=0.00163 CO2_weight=1.00 guide_w=1.3 Walls=0.00144(x10) g_ns/g_walls=0.168 Windows=0.00076 Doors=0.00004 IC=0.00000 CO2_BC=0.00022 LR=4.62e-04 nu=0.01 NSraw=0.6524 alpha(W1/W8/all)=0.59/0.39/0.48 | 0.82 it/s
[Iter 14680/20000] Total=0.09632 | NS=0.07990 CO2(scaled)=0.00252 CO2_weight=1.00 guide_w=1.3 Walls=0.00123(x10) g_ns/g_walls=0.168 Windows=0.00144 Doors=0.00003 IC=0.00000 CO2_BC=0.00012 LR=4.61e-04 nu=0.01 NSraw=0.373 alpha(W1/W8/all)=0.59/0.39/0.48 | 0.82 it/s
[Iter 14690/20000] Total=0.09234 | NS=0.07771 CO2(scaled)=0.00143 CO2_weight=1.00 guide_w=1.3 Walls=0.00120(x10) g_ns/g_walls=0.168 Windows=0.00102 Doors=0.00005 IC=0.00000 CO2_BC=0.00017 LR=4.61e-04 nu=0.01 NSraw=0.2512 alpha(W1/W8/all)=0.59/0.39/0.48 | 0.82 it/s
[Iter 14700/20000] Total=0.07356 | NS=0.06699 CO2(scaled)=0.00112 CO2_weight=1.00 guide_w=78.4 Walls=0.00044(x10) g_ns/g_walls=21 Windows=0.00085 Doors=0.00005 IC=0.00000 CO2_BC=0.00013 LR=4.61e-04 nu=0.01 NSraw=0.2421 alpha(W1/W8/all)=0.59/0.39/0.48 | 0.82 it/s
[Iter 14710/20000] Total=0.08494 | NS=0.07230 CO2(scaled)=0.00151 CO2_weight=1.00 guide_w=78.4 Walls=0.00097(x10) g_ns/g_walls=21 Windows=0.00128 Doors=0.00007 IC=0.00000 CO2_BC=0.00011 LR=4.61e-04 nu=0.01 NSraw=0.3443 alpha(W1/W8/all)=0.59/0.39/0.48 | 0.82 it/s
[Iter 14720/20000] Total=0.04350 | NS=0.03060 CO2(scaled)=0.00144 CO2_weight=1.00 guide_w=78.4 Walls=0.00099(x10) g_ns/g_walls=21 Windows=0.00130 Doors=0.00013 IC=0.00000 CO2_BC=0.00011 LR=4.60e-04 nu=0.01 NSraw=0.04658 alpha(W1/W8/all)=0.59/0.39/0.48 | 0.82 it/s
[Iter 14730/20000] Total=0.15990 | NS=0.13055 CO2(scaled)=0.00586 CO2_weight=1.00 guide_w=78.4 Walls=0.00213(x10) g_ns/g_walls=21 Windows=0.00203 Doors=0.00008 IC=0.00000 CO2_BC=0.00012 LR=4.60e-04 nu=0.01 NSraw=0.7719 alpha(W1/W8/all)=0.59/0.39/0.48 | 0.82 it/s
[Iter 14740/20000] Total=0.12154 | NS=0.10520 CO2(scaled)=0.00137 CO2_weight=1.00 guide_w=78.4 Walls=0.00138(x10) g_ns/g_walls=21 Windows=0.00096 Doors=0.00007 IC=0.00000 CO2_BC=0.00012 LR=4.60e-04 nu=0.01 NSraw=0.4083 alpha(W1/W8/all)=0.59/0.39/0.48 | 0.82 it/s
[Iter 14750/20000] Total=0.04414 | NS=0.03274 CO2(scaled)=0.00092 CO2_weight=1.00 guide_w=78.4 Walls=0.00092(x10) g_ns/g_walls=21 Windows=0.00108 Doors=0.00006 IC=0.00000 CO2_BC=0.00016 LR=4.60e-04 nu=0.01 NSraw=0.08055 alpha(W1/W8/all)=0.59/0.39/0.48 | 0.82 it/s
[Iter 14760/20000] Total=0.05156 | NS=0.02323 CO2(scaled)=0.00100 CO2_weight=1.00 guide_w=78.4 Walls=0.00257(x10) g_ns/g_walls=21 Windows=0.00138 Doors=0.00016 IC=0.00000 CO2_BC=0.00009 LR=4.60e-04 nu=0.01 NSraw=0.03977 alpha(W1/W8/all)=0.59/0.39/0.48 | 0.82 it/s
[Iter 14770/20000] Total=0.10469 | NS=0.09454 CO2(scaled)=0.00127 CO2_weight=1.00 guide_w=78.4 Walls=0.00078(x10) g_ns/g_walls=21 Windows=0.00080 Doors=0.00008 IC=0.00000 CO2_BC=0.00018 LR=4.59e-04 nu=0.01 NSraw=0.4726 alpha(W1/W8/all)=0.59/0.39/0.48 | 0.82 it/s
[Iter 14780/20000] Total=0.19160 | NS=0.18102 CO2(scaled)=0.00115 CO2_weight=1.00 guide_w=78.4 Walls=0.00082(x10) g_ns/g_walls=21 Windows=0.00102 Doors=0.00009 IC=0.00000 CO2_BC=0.00012 LR=4.59e-04 nu=0.01 NSraw=1.257 alpha(W1/W8/all)=0.59/0.39/0.48 | 0.82 it/s
[Iter 14790/20000] Total=0.06523 | NS=0.05100 CO2(scaled)=0.00190 CO2_weight=1.00 guide_w=78.4 Walls=0.00111(x10) g_ns/g_walls=21 Windows=0.00099 Doors=0.00013 IC=0.00000 CO2_BC=0.00014 LR=4.59e-04 nu=0.01 NSraw=0.2587 alpha(W1/W8/all)=0.59/0.39/0.48 | 0.82 it/s
[Iter 14800/20000] Total=0.07675 | NS=0.06681 CO2(scaled)=0.00134 CO2_weight=1.00 guide_w=0.961 Walls=0.00073(x10) g_ns/g_walls=0.192 Windows=0.00116 Doors=0.00007 IC=0.00000 CO2_BC=0.00011 LR=4.59e-04 nu=0.01 NSraw=0.1557 alpha(W1/W8/all)=0.59/0.39/0.48 | 0.82 it/s
[Iter 14810/20000] Total=0.13438 | NS=0.09092 CO2(scaled)=0.00191 CO2_weight=1.00 guide_w=0.961 Walls=0.00377(x10) g_ns/g_walls=0.192 Windows=0.00362 Doors=0.00009 IC=0.00000 CO2_BC=0.00010 LR=4.58e-04 nu=0.01 NSraw=0.404 alpha(W1/W8/all)=0.59/0.39/0.48 | 0.82 it/s
[Iter 14820/20000] Total=0.10073 | NS=0.08217 CO2(scaled)=0.00150 CO2_weight=1.00 guide_w=0.961 Walls=0.00153(x10) g_ns/g_walls=0.192 Windows=0.00160 Doors=0.00005 IC=0.00000 CO2_BC=0.00011 LR=4.58e-04 nu=0.01 NSraw=0.8736 alpha(W1/W8/all)=0.59/0.39/0.48 | 0.82 it/s
[Iter 14830/20000] Total=0.08139 | NS=0.07053 CO2(scaled)=0.00223 CO2_weight=1.00 guide_w=0.961 Walls=0.00073(x10) g_ns/g_walls=0.192 Windows=0.00115 Doors=0.00005 IC=0.00000 CO2_BC=0.00009 LR=4.58e-04 nu=0.01 NSraw=0.3549 alpha(W1/W8/all)=0.59/0.39/0.48 | 0.82 it/s
[Iter 14840/20000] Total=0.12807 | NS=0.11510 CO2(scaled)=0.00137 CO2_weight=1.00 guide_w=0.961 Walls=0.00102(x10) g_ns/g_walls=0.192 Windows=0.00122 Doors=0.00004 IC=0.00000 CO2_BC=0.00015 LR=4.58e-04 nu=0.01 NSraw=0.6149 alpha(W1/W8/all)=0.59/0.39/0.48 | 0.82 it/s
[Iter 14850/20000] Total=0.09675 | NS=0.08286 CO2(scaled)=0.00100 CO2_weight=1.00 guide_w=0.961 Walls=0.00119(x10) g_ns/g_walls=0.192 Windows=0.00082 Doors=0.00004 IC=0.00000 CO2_BC=0.00011 LR=4.57e-04 nu=0.01 NSraw=0.354 alpha(W1/W8/all)=0.59/0.39/0.48 | 0.82 it/s
[Iter 14860/20000] Total=0.14317 | NS=0.13097 CO2(scaled)=0.00123 CO2_weight=1.00 guide_w=0.961 Walls=0.00094(x10) g_ns/g_walls=0.192 Windows=0.00141 Doors=0.00009 IC=0.00000 CO2_BC=0.00010 LR=4.57e-04 nu=0.01 NSraw=0.6185 alpha(W1/W8/all)=0.59/0.39/0.48 | 0.82 it/s
[Iter 14870/20000] Total=0.10036 | NS=0.08915 CO2(scaled)=0.00138 CO2_weight=1.00 guide_w=0.961 Walls=0.00089(x10) g_ns/g_walls=0.192 Windows=0.00079 Doors=0.00007 IC=0.00000 CO2_BC=0.00009 LR=4.57e-04 nu=0.01 NSraw=0.3436 alpha(W1/W8/all)=0.59/0.39/0.48 | 0.82 it/s
[Iter 14880/20000] Total=0.08442 | NS=0.05531 CO2(scaled)=0.00121 CO2_weight=1.00 guide_w=0.961 Walls=0.00262(x10) g_ns/g_walls=0.192 Windows=0.00157 Doors=0.00007 IC=0.00000 CO2_BC=0.00009 LR=4.57e-04 nu=0.01 NSraw=0.2394 alpha(W1/W8/all)=0.59/0.39/0.48 | 0.82 it/s
[Iter 14890/20000] Total=0.12012 | NS=0.10206 CO2(scaled)=0.00105 CO2_weight=1.00 guide_w=0.961 Walls=0.00158(x10) g_ns/g_walls=0.192 Windows=0.00106 Doors=0.00007 IC=0.00000 CO2_BC=0.00008 LR=4.56e-04 nu=0.01 NSraw=0.4611 alpha(W1/W8/all)=0.59/0.39/0.48 | 0.82 it/s
[Iter 14900/20000] Total=0.05008 | NS=0.02520 CO2(scaled)=0.00154 CO2_weight=1.00 guide_w=0.416 Walls=0.00215(x10) g_ns/g_walls=0.0511 Windows=0.00162 Doors=0.00007 IC=0.00000 CO2_BC=0.00012 LR=4.56e-04 nu=0.01 NSraw=0.0428 alpha(W1/W8/all)=0.59/0.39/0.48 | 0.82 it/s
[Iter 14910/20000] Total=0.04990 | NS=0.03890 CO2(scaled)=0.00114 CO2_weight=1.00 guide_w=0.416 Walls=0.00085(x10) g_ns/g_walls=0.0511 Windows=0.00118 Doors=0.00007 IC=0.00000 CO2_BC=0.00013 LR=4.56e-04 nu=0.01 NSraw=0.08649 alpha(W1/W8/all)=0.59/0.39/0.48 | 0.82 it/s
[Iter 14920/20000] Total=0.11200 | NS=0.08797 CO2(scaled)=0.00114 CO2_weight=1.00 guide_w=0.416 Walls=0.00208(x10) g_ns/g_walls=0.0511 Windows=0.00181 Doors=0.00014 IC=0.00000 CO2_BC=0.00011 LR=4.56e-04 nu=0.01 NSraw=0.5061 alpha(W1/W8/all)=0.59/0.39/0.48 | 0.82 it/s
[Iter 14930/20000] Total=0.13610 | NS=0.11868 CO2(scaled)=0.00161 CO2_weight=1.00 guide_w=0.416 Walls=0.00144(x10) g_ns/g_walls=0.0511 Windows=0.00124 Doors=0.00008 IC=0.00000 CO2_BC=0.00008 LR=4.55e-04 nu=0.01 NSraw=0.4166 alpha(W1/W8/all)=0.59/0.39/0.48 | 0.82 it/s
[Iter 14940/20000] Total=0.07362 | NS=0.05629 CO2(scaled)=0.00111 CO2_weight=1.00 guide_w=0.416 Walls=0.00152(x10) g_ns/g_walls=0.0511 Windows=0.00083 Doors=0.00006 IC=0.00000 CO2_BC=0.00009 LR=4.55e-04 nu=0.01 NSraw=0.1342 alpha(W1/W8/all)=0.59/0.39/0.48 | 0.82 it/s
[Iter 14950/20000] Total=0.07180 | NS=0.06009 CO2(scaled)=0.00128 CO2_weight=1.00 guide_w=0.416 Walls=0.00093(x10) g_ns/g_walls=0.0511 Windows=0.00080 Doors=0.00026 IC=0.00000 CO2_BC=0.00011 LR=4.55e-04 nu=0.01 NSraw=0.1847 alpha(W1/W8/all)=0.59/0.39/0.48 | 0.82 it/s
[Iter 14960/20000] Total=0.03636 | NS=0.02326 CO2(scaled)=0.00087 CO2_weight=1.00 guide_w=0.416 Walls=0.00110(x10) g_ns/g_walls=0.0511 Windows=0.00114 Doors=0.00004 IC=0.00000 CO2_BC=0.00007 LR=4.55e-04 nu=0.01 NSraw=0.03268 alpha(W1/W8/all)=0.59/0.39/0.48 | 0.82 it/s
[Iter 14970/20000] Total=0.10332 | NS=0.09321 CO2(scaled)=0.00145 CO2_weight=1.00 guide_w=0.416 Walls=0.00078(x10) g_ns/g_walls=0.0511 Windows=0.00068 Doors=0.00007 IC=0.00000 CO2_BC=0.00011 LR=4.54e-04 nu=0.01 NSraw=0.4002 alpha(W1/W8/all)=0.59/0.39/0.48 | 0.82 it/s
[Iter 14980/20000] Total=0.09475 | NS=0.08597 CO2(scaled)=0.00104 CO2_weight=1.00 guide_w=0.416 Walls=0.00072(x10) g_ns/g_walls=0.0511 Windows=0.00041 Doors=0.00006 IC=0.00000 CO2_BC=0.00011 LR=4.54e-04 nu=0.01 NSraw=0.335 alpha(W1/W8/all)=0.59/0.39/0.48 | 0.82 it/s
[Iter 14990/20000] Total=0.07141 | NS=0.06044 CO2(scaled)=0.00106 CO2_weight=1.00 guide_w=0.416 Walls=0.00091(x10) g_ns/g_walls=0.0511 Windows=0.00065 Doors=0.00007 IC=0.00000 CO2_BC=0.00009 LR=4.54e-04 nu=0.01 NSraw=0.2291 alpha(W1/W8/all)=0.59/0.39/0.48 | 0.82 it/s
[Iter 15000/20000] Total=0.12033 | NS=0.11010 CO2(scaled)=0.00106 CO2_weight=1.00 guide_w=1.99 Walls=0.00082(x10) g_ns/g_walls=0.172 Windows=0.00077 Doors=0.00013 IC=0.00000 CO2_BC=0.00009 LR=4.54e-04 nu=0.01 NSraw=0.4081 alpha(W1/W8/all)=0.59/0.39/0.48 | 0.82 it/s
  -> saved checkpoint: /home/iai-labor/BuildingControlCFD/experiments/gnot/checkpoints/v24_fixedalpha/gnot_v24_fixedalpha_iter15000.pth
[Iter 15010/20000] Total=0.09250 | NS=0.07926 CO2(scaled)=0.00115 CO2_weight=1.00 guide_w=1.99 Walls=0.00113(x10) g_ns/g_walls=0.172 Windows=0.00060 Doors=0.00005 IC=0.00000 CO2_BC=0.00012 LR=4.54e-04 nu=0.01 NSraw=0.264 alpha(W1/W8/all)=0.59/0.39/0.48 | 0.82 it/s
[Iter 15020/20000] Total=0.16480 | NS=0.14824 CO2(scaled)=0.00121 CO2_weight=1.00 guide_w=1.99 Walls=0.00138(x10) g_ns/g_walls=0.172 Windows=0.00138 Doors=0.00005 IC=0.00000 CO2_BC=0.00008 LR=4.53e-04 nu=0.01 NSraw=1.012 alpha(W1/W8/all)=0.59/0.39/0.48 | 0.82 it/s
[Iter 15030/20000] Total=0.15637 | NS=0.14794 CO2(scaled)=0.00087 CO2_weight=1.00 guide_w=1.99 Walls=0.00068(x10) g_ns/g_walls=0.172 Windows=0.00054 Doors=0.00006 IC=0.00000 CO2_BC=0.00013 LR=4.53e-04 nu=0.01 NSraw=0.9726 alpha(W1/W8/all)=0.59/0.39/0.48 | 0.82 it/s
[Iter 15040/20000] Total=0.06797 | NS=0.06044 CO2(scaled)=0.00120 CO2_weight=1.00 guide_w=1.99 Walls=0.00056(x10) g_ns/g_walls=0.172 Windows=0.00057 Doors=0.00005 IC=0.00000 CO2_BC=0.00012 LR=4.53e-04 nu=0.01 NSraw=0.1618 alpha(W1/W8/all)=0.59/0.39/0.48 | 0.82 it/s
[Iter 15050/20000] Total=0.24375 | NS=0.22682 CO2(scaled)=0.00170 CO2_weight=1.00 guide_w=1.99 Walls=0.00141(x10) g_ns/g_walls=0.172 Windows=0.00097 Doors=0.00005 IC=0.00000 CO2_BC=0.00015 LR=4.53e-04 nu=0.01 NSraw=3.987 alpha(W1/W8/all)=0.59/0.39/0.48 | 0.82 it/s
[Iter 15060/20000] Total=0.14942 | NS=0.14131 CO2(scaled)=0.00187 CO2_weight=1.00 guide_w=1.99 Walls=0.00056(x10) g_ns/g_walls=0.172 Windows=0.00044 Doors=0.00006 IC=0.00000 CO2_BC=0.00015 LR=4.52e-04 nu=0.01 NSraw=0.6218 alpha(W1/W8/all)=0.59/0.39/0.48 | 0.82 it/s
[Iter 15070/20000] Total=0.06026 | NS=0.04751 CO2(scaled)=0.00275 CO2_weight=1.00 guide_w=1.99 Walls=0.00089(x10) g_ns/g_walls=0.172 Windows=0.00093 Doors=0.00004 IC=0.00000 CO2_BC=0.00014 LR=4.52e-04 nu=0.01 NSraw=0.1483 alpha(W1/W8/all)=0.59/0.39/0.48 | 0.82 it/s
[Iter 15080/20000] Total=0.08613 | NS=0.06911 CO2(scaled)=0.00248 CO2_weight=1.00 guide_w=1.99 Walls=0.00134(x10) g_ns/g_walls=0.172 Windows=0.00098 Doors=0.00004 IC=0.00000 CO2_BC=0.00010 LR=4.52e-04 nu=0.01 NSraw=0.2452 alpha(W1/W8/all)=0.59/0.39/0.48 | 0.82 it/s
[Iter 15090/20000] Total=0.08132 | NS=0.07020 CO2(scaled)=0.00158 CO2_weight=1.00 guide_w=1.99 Walls=0.00086(x10) g_ns/g_walls=0.172 Windows=0.00075 Doors=0.00004 IC=0.00000 CO2_BC=0.00013 LR=4.52e-04 nu=0.01 NSraw=0.2005 alpha(W1/W8/all)=0.59/0.39/0.48 | 0.82 it/s
[Iter 15100/20000] Total=0.05329 | NS=0.04326 CO2(scaled)=0.00167 CO2_weight=1.00 guide_w=0.956 Walls=0.00075(x10) g_ns/g_walls=0.254 Windows=0.00065 Doors=0.00006 IC=0.00000 CO2_BC=0.00012 LR=4.51e-04 nu=0.01 NSraw=0.1099 alpha(W1/W8/all)=0.59/0.39/0.48 | 0.82 it/s
[Iter 15110/20000] Total=0.12163 | NS=0.11433 CO2(scaled)=0.00110 CO2_weight=1.00 guide_w=0.956 Walls=0.00054(x10) g_ns/g_walls=0.254 Windows=0.00062 Doors=0.00009 IC=0.00000 CO2_BC=0.00011 LR=4.51e-04 nu=0.01 NSraw=0.5931 alpha(W1/W8/all)=0.59/0.39/0.48 | 0.82 it/s
[Iter 15120/20000] Total=0.09742 | NS=0.08906 CO2(scaled)=0.00106 CO2_weight=1.00 guide_w=0.956 Walls=0.00063(x10) g_ns/g_walls=0.254 Windows=0.00088 Doors=0.00005 IC=0.00000 CO2_BC=0.00011 LR=4.51e-04 nu=0.01 NSraw=0.338 alpha(W1/W8/all)=0.59/0.39/0.48 | 0.82 it/s
[Iter 15130/20000] Total=0.05426 | NS=0.04048 CO2(scaled)=0.00143 CO2_weight=1.00 guide_w=0.956 Walls=0.00109(x10) g_ns/g_walls=0.254 Windows=0.00123 Doors=0.00008 IC=0.00000 CO2_BC=0.00015 LR=4.51e-04 nu=0.01 NSraw=0.09026 alpha(W1/W8/all)=0.59/0.39/0.48 | 0.82 it/s
[Iter 15140/20000] Total=0.05029 | NS=0.03747 CO2(scaled)=0.00136 CO2_weight=1.00 guide_w=0.956 Walls=0.00101(x10) g_ns/g_walls=0.254 Windows=0.00111 Doors=0.00009 IC=0.00000 CO2_BC=0.00013 LR=4.50e-04 nu=0.01 NSraw=0.08234 alpha(W1/W8/all)=0.59/0.39/0.48 | 0.82 it/s
[Iter 15150/20000] Total=0.09081 | NS=0.07566 CO2(scaled)=0.00139 CO2_weight=1.00 guide_w=0.956 Walls=0.00119(x10) g_ns/g_walls=0.254 Windows=0.00159 Doors=0.00008 IC=0.00000 CO2_BC=0.00015 LR=4.50e-04 nu=0.01 NSraw=0.3849 alpha(W1/W8/all)=0.59/0.39/0.48 | 0.82 it/s
[Iter 15160/20000] Total=0.08743 | NS=0.06384 CO2(scaled)=0.00437 CO2_weight=1.00 guide_w=0.956 Walls=0.00177(x10) g_ns/g_walls=0.254 Windows=0.00139 Doors=0.00007 IC=0.00000 CO2_BC=0.00010 LR=4.50e-04 nu=0.01 NSraw=0.1668 alpha(W1/W8/all)=0.59/0.39/0.48 | 0.82 it/s
[Iter 15170/20000] Total=0.09741 | NS=0.08139 CO2(scaled)=0.00195 CO2_weight=1.00 guide_w=0.956 Walls=0.00131(x10) g_ns/g_walls=0.254 Windows=0.00082 Doors=0.00008 IC=0.00000 CO2_BC=0.00010 LR=4.50e-04 nu=0.01 NSraw=0.2625 alpha(W1/W8/all)=0.59/0.39/0.48 | 0.82 it/s
[Iter 15180/20000] Total=0.14848 | NS=0.13743 CO2(scaled)=0.00176 CO2_weight=1.00 guide_w=0.956 Walls=0.00082(x10) g_ns/g_walls=0.254 Windows=0.00089 Doors=0.00007 IC=0.00000 CO2_BC=0.00010 LR=4.49e-04 nu=0.01 NSraw=2.78 alpha(W1/W8/all)=0.59/0.39/0.48 | 0.82 it/s
[Iter 15190/20000] Total=0.12913 | NS=0.11424 CO2(scaled)=0.00181 CO2_weight=1.00 guide_w=0.956 Walls=0.00116(x10) g_ns/g_walls=0.254 Windows=0.00123 Doors=0.00014 IC=0.00000 CO2_BC=0.00009 LR=4.49e-04 nu=0.01 NSraw=0.6667 alpha(W1/W8/all)=0.59/0.39/0.48 | 0.82 it/s
[Iter 15200/20000] Total=0.11185 | NS=0.10206 CO2(scaled)=0.00109 CO2_weight=1.00 guide_w=1.7 Walls=0.00079(x10) g_ns/g_walls=0.603 Windows=0.00068 Doors=0.00007 IC=0.00000 CO2_BC=0.00010 LR=4.49e-04 nu=0.01 NSraw=0.4945 alpha(W1/W8/all)=0.59/0.39/0.48 | 0.82 it/s
[Iter 15210/20000] Total=0.08447 | NS=0.07819 CO2(scaled)=0.00132 CO2_weight=1.00 guide_w=1.7 Walls=0.00038(x10) g_ns/g_walls=0.603 Windows=0.00072 Doors=0.00031 IC=0.00000 CO2_BC=0.00008 LR=4.49e-04 nu=0.01 NSraw=0.2993 alpha(W1/W8/all)=0.59/0.39/0.48 | 0.82 it/s
[Iter 15220/20000] Total=0.08003 | NS=0.07128 CO2(scaled)=0.00106 CO2_weight=1.00 guide_w=1.7 Walls=0.00066(x10) g_ns/g_walls=0.603 Windows=0.00088 Doors=0.00012 IC=0.00000 CO2_BC=0.00011 LR=4.49e-04 nu=0.01 NSraw=0.2829 alpha(W1/W8/all)=0.59/0.39/0.48 | 0.82 it/s
[Iter 15230/20000] Total=0.08977 | NS=0.07506 CO2(scaled)=0.00249 CO2_weight=1.00 guide_w=1.7 Walls=0.00106(x10) g_ns/g_walls=0.603 Windows=0.00141 Doors=0.00005 IC=0.00000 CO2_BC=0.00017 LR=4.48e-04 nu=0.01 NSraw=0.2623 alpha(W1/W8/all)=0.59/0.39/0.48 | 0.82 it/s
[Iter 15240/20000] Total=0.05301 | NS=0.04013 CO2(scaled)=0.00210 CO2_weight=1.00 guide_w=1.7 Walls=0.00089(x10) g_ns/g_walls=0.603 Windows=0.00170 Doors=0.00005 IC=0.00000 CO2_BC=0.00014 LR=4.48e-04 nu=0.01 NSraw=0.07584 alpha(W1/W8/all)=0.59/0.39/0.48 | 0.82 it/s
[Iter 15250/20000] Total=0.09949 | NS=0.08633 CO2(scaled)=0.00153 CO2_weight=1.00 guide_w=1.7 Walls=0.00103(x10) g_ns/g_walls=0.603 Windows=0.00115 Doors=0.00006 IC=0.00000 CO2_BC=0.00014 LR=4.48e-04 nu=0.01 NSraw=0.3657 alpha(W1/W8/all)=0.59/0.39/0.48 | 0.82 it/s
[Iter 15260/20000] Total=0.09412 | NS=0.08250 CO2(scaled)=0.00122 CO2_weight=1.00 guide_w=1.7 Walls=0.00092(x10) g_ns/g_walls=0.603 Windows=0.00099 Doors=0.00006 IC=0.00000 CO2_BC=0.00011 LR=4.48e-04 nu=0.01 NSraw=0.4712 alpha(W1/W8/all)=0.59/0.39/0.48 | 0.82 it/s
[Iter 15270/20000] Total=0.11710 | NS=0.10078 CO2(scaled)=0.00128 CO2_weight=1.00 guide_w=1.7 Walls=0.00134(x10) g_ns/g_walls=0.603 Windows=0.00147 Doors=0.00006 IC=0.00000 CO2_BC=0.00013 LR=4.47e-04 nu=0.01 NSraw=0.4995 alpha(W1/W8/all)=0.59/0.39/0.48 | 0.82 it/s
[Iter 15280/20000] Total=0.08639 | NS=0.07788 CO2(scaled)=0.00108 CO2_weight=1.00 guide_w=1.7 Walls=0.00063(x10) g_ns/g_walls=0.603 Windows=0.00095 Doors=0.00007 IC=0.00000 CO2_BC=0.00012 LR=4.47e-04 nu=0.01 NSraw=0.2659 alpha(W1/W8/all)=0.59/0.39/0.48 | 0.82 it/s
[Iter 15290/20000] Total=0.12490 | NS=0.11679 CO2(scaled)=0.00114 CO2_weight=1.00 guide_w=1.7 Walls=0.00063(x10) g_ns/g_walls=0.603 Windows=0.00051 Doors=0.00007 IC=0.00000 CO2_BC=0.00011 LR=4.47e-04 nu=0.01 NSraw=0.504 alpha(W1/W8/all)=0.59/0.39/0.48 | 0.82 it/s
[Iter 15300/20000] Total=0.15229 | NS=0.14187 CO2(scaled)=0.00115 CO2_weight=1.00 guide_w=103 Walls=0.00081(x10) g_ns/g_walls=8.19 Windows=0.00095 Doors=0.00006 IC=0.00000 CO2_BC=0.00014 LR=4.47e-04 nu=0.01 NSraw=2.358 alpha(W1/W8/all)=0.59/0.39/0.48 | 0.82 it/s
[Iter 15310/20000] Total=0.09549 | NS=0.08230 CO2(scaled)=0.00205 CO2_weight=1.00 guide_w=103 Walls=0.00099(x10) g_ns/g_walls=8.19 Windows=0.00103 Doors=0.00006 IC=0.00000 CO2_BC=0.00013 LR=4.46e-04 nu=0.01 NSraw=0.3458 alpha(W1/W8/all)=0.59/0.39/0.48 | 0.82 it/s
[Iter 15320/20000] Total=0.08519 | NS=0.07526 CO2(scaled)=0.00145 CO2_weight=1.00 guide_w=103 Walls=0.00076(x10) g_ns/g_walls=8.19 Windows=0.00069 Doors=0.00007 IC=0.00000 CO2_BC=0.00009 LR=4.46e-04 nu=0.01 NSraw=0.3537 alpha(W1/W8/all)=0.59/0.39/0.48 | 0.82 it/s
[Iter 15330/20000] Total=0.14206 | NS=0.12819 CO2(scaled)=0.00146 CO2_weight=1.00 guide_w=103 Walls=0.00113(x10) g_ns/g_walls=8.19 Windows=0.00095 Doors=0.00006 IC=0.00000 CO2_BC=0.00012 LR=4.46e-04 nu=0.01 NSraw=0.4885 alpha(W1/W8/all)=0.59/0.39/0.48 | 0.82 it/s
[Iter 15340/20000] Total=0.11026 | NS=0.08978 CO2(scaled)=0.00296 CO2_weight=1.00 guide_w=103 Walls=0.00159(x10) g_ns/g_walls=8.19 Windows=0.00125 Doors=0.00025 IC=0.00000 CO2_BC=0.00015 LR=4.46e-04 nu=0.01 NSraw=0.3589 alpha(W1/W8/all)=0.59/0.39/0.48 | 0.82 it/s
[Iter 15350/20000] Total=0.16235 | NS=0.14642 CO2(scaled)=0.00250 CO2_weight=1.00 guide_w=103 Walls=0.00121(x10) g_ns/g_walls=8.19 Windows=0.00087 Doors=0.00025 IC=0.00000 CO2_BC=0.00018 LR=4.45e-04 nu=0.01 NSraw=1.266 alpha(W1/W8/all)=0.59/0.39/0.48 | 0.82 it/s
[Iter 15360/20000] Total=0.06758 | NS=0.05769 CO2(scaled)=0.00180 CO2_weight=1.00 guide_w=103 Walls=0.00072(x10) g_ns/g_walls=8.19 Windows=0.00069 Doors=0.00010 IC=0.00000 CO2_BC=0.00012 LR=4.45e-04 nu=0.01 NSraw=0.2058 alpha(W1/W8/all)=0.59/0.39/0.48 | 0.82 it/s
[Iter 15370/20000] Total=0.05042 | NS=0.03946 CO2(scaled)=0.00132 CO2_weight=1.00 guide_w=103 Walls=0.00084(x10) g_ns/g_walls=8.19 Windows=0.00102 Doors=0.00007 IC=0.00000 CO2_BC=0.00012 LR=4.45e-04 nu=0.01 NSraw=0.1025 alpha(W1/W8/all)=0.59/0.39/0.48 | 0.82 it/s
[Iter 15380/20000] Total=0.10902 | NS=0.08773 CO2(scaled)=0.00327 CO2_weight=1.00 guide_w=103 Walls=0.00163(x10) g_ns/g_walls=8.19 Windows=0.00154 Doors=0.00006 IC=0.00000 CO2_BC=0.00014 LR=4.45e-04 nu=0.01 NSraw=0.3655 alpha(W1/W8/all)=0.59/0.39/0.48 | 0.82 it/s
[Iter 15390/20000] Total=0.19052 | NS=0.17570 CO2(scaled)=0.00166 CO2_weight=1.00 guide_w=103 Walls=0.00120(x10) g_ns/g_walls=8.19 Windows=0.00101 Doors=0.00005 IC=0.00000 CO2_BC=0.00011 LR=4.45e-04 nu=0.01 NSraw=3.464 alpha(W1/W8/all)=0.59/0.39/0.48 | 0.82 it/s
[Iter 15400/20000] Total=0.06982 | NS=0.05299 CO2(scaled)=0.00128 CO2_weight=1.00 guide_w=19.6 Walls=0.00138(x10) g_ns/g_walls=0.679 Windows=0.00149 Doors=0.00009 IC=0.00000 CO2_BC=0.00013 LR=4.44e-04 nu=0.01 NSraw=0.2226 alpha(W1/W8/all)=0.59/0.39/0.48 | 0.82 it/s
[Iter 15410/20000] Total=0.07119 | NS=0.05745 CO2(scaled)=0.00146 CO2_weight=1.00 guide_w=19.6 Walls=0.00115(x10) g_ns/g_walls=0.679 Windows=0.00066 Doors=0.00006 IC=0.00000 CO2_BC=0.00010 LR=4.44e-04 nu=0.01 NSraw=0.2763 alpha(W1/W8/all)=0.59/0.39/0.48 | 0.82 it/s
[Iter 15420/20000] Total=0.20857 | NS=0.18783 CO2(scaled)=0.00120 CO2_weight=1.00 guide_w=19.6 Walls=0.00179(x10) g_ns/g_walls=0.679 Windows=0.00138 Doors=0.00009 IC=0.00000 CO2_BC=0.00013 LR=4.44e-04 nu=0.01 NSraw=2.414 alpha(W1/W8/all)=0.59/0.39/0.48 | 0.82 it/s
[Iter 15430/20000] Total=0.11257 | NS=0.02701 CO2(scaled)=0.00130 CO2_weight=1.00 guide_w=19.6 Walls=0.00826(x10) g_ns/g_walls=0.679 Windows=0.00138 Doors=0.00013 IC=0.00000 CO2_BC=0.00012 LR=4.44e-04 nu=0.01 NSraw=0.04994 alpha(W1/W8/all)=0.59/0.39/0.48 | 0.82 it/s
[Iter 15440/20000] Total=0.08585 | NS=0.07196 CO2(scaled)=0.00124 CO2_weight=1.00 guide_w=19.6 Walls=0.00118(x10) g_ns/g_walls=0.679 Windows=0.00061 Doors=0.00005 IC=0.00000 CO2_BC=0.00015 LR=4.43e-04 nu=0.01 NSraw=0.4568 alpha(W1/W8/all)=0.59/0.39/0.48 | 0.82 it/s
[Iter 15450/20000] Total=0.08593 | NS=0.04398 CO2(scaled)=0.00181 CO2_weight=1.00 guide_w=19.6 Walls=0.00391(x10) g_ns/g_walls=0.679 Windows=0.00094 Doors=0.00005 IC=0.00000 CO2_BC=0.00008 LR=4.43e-04 nu=0.01 NSraw=0.1315 alpha(W1/W8/all)=0.59/0.39/0.48 | 0.82 it/s
[Iter 15460/20000] Total=0.12656 | NS=0.09077 CO2(scaled)=0.00146 CO2_weight=1.00 guide_w=19.6 Walls=0.00318(x10) g_ns/g_walls=0.679 Windows=0.00234 Doors=0.00006 IC=0.00000 CO2_BC=0.00014 LR=4.43e-04 nu=0.01 NSraw=0.4762 alpha(W1/W8/all)=0.59/0.39/0.48 | 0.82 it/s
[Iter 15470/20000] Total=0.33389 | NS=0.32318 CO2(scaled)=0.00140 CO2_weight=1.00 guide_w=19.6 Walls=0.00081(x10) g_ns/g_walls=0.679 Windows=0.00096 Doors=0.00007 IC=0.00000 CO2_BC=0.00013 LR=4.43e-04 nu=0.01 NSraw=8.719 alpha(W1/W8/all)=0.59/0.39/0.48 | 0.82 it/s
[Iter 15480/20000] Total=0.08253 | NS=0.07397 CO2(scaled)=0.00140 CO2_weight=1.00 guide_w=19.6 Walls=0.00065(x10) g_ns/g_walls=0.679 Windows=0.00050 Doors=0.00008 IC=0.00000 CO2_BC=0.00012 LR=4.42e-04 nu=0.01 NSraw=0.2197 alpha(W1/W8/all)=0.59/0.39/0.48 | 0.82 it/s
[Iter 15490/20000] Total=0.35372 | NS=0.33976 CO2(scaled)=0.00213 CO2_weight=1.00 guide_w=19.6 Walls=0.00111(x10) g_ns/g_walls=0.679 Windows=0.00062 Doors=0.00005 IC=0.00000 CO2_BC=0.00010 LR=4.42e-04 nu=0.01 NSraw=19.09 alpha(W1/W8/all)=0.59/0.39/0.48 | 0.82 it/s
[Iter 15500/20000] Total=0.40250 | NS=0.35651 CO2(scaled)=0.00132 CO2_weight=1.00 guide_w=168 Walls=0.00438(x10) g_ns/g_walls=42.5 Windows=0.00068 Doors=0.00007 IC=0.00000 CO2_BC=0.00013 LR=4.42e-04 nu=0.01 NSraw=12.46 alpha(W1/W8/all)=0.59/0.39/0.48 | 0.82 it/s
[Iter 15510/20000] Total=0.38087 | NS=0.37020 CO2(scaled)=0.00172 CO2_weight=1.00 guide_w=168 Walls=0.00074(x10) g_ns/g_walls=42.5 Windows=0.00137 Doors=0.00006 IC=0.00000 CO2_BC=0.00010 LR=4.42e-04 nu=0.01 NSraw=13.1 alpha(W1/W8/all)=0.59/0.39/0.48 | 0.82 it/s
[Iter 15520/20000] Total=0.09234 | NS=0.07188 CO2(scaled)=0.00144 CO2_weight=1.00 guide_w=168 Walls=0.00167(x10) g_ns/g_walls=42.5 Windows=0.00215 Doors=0.00006 IC=0.00000 CO2_BC=0.00015 LR=4.41e-04 nu=0.01 NSraw=0.2495 alpha(W1/W8/all)=0.59/0.39/0.48 | 0.82 it/s
[Iter 15530/20000] Total=0.19011 | NS=0.17942 CO2(scaled)=0.00165 CO2_weight=1.00 guide_w=168 Walls=0.00081(x10) g_ns/g_walls=42.5 Windows=0.00079 Doors=0.00006 IC=0.00000 CO2_BC=0.00011 LR=4.41e-04 nu=0.01 NSraw=2.985 alpha(W1/W8/all)=0.59/0.39/0.48 | 0.82 it/s
[Iter 15540/20000] Total=0.65331 | NS=0.61394 CO2(scaled)=0.00106 CO2_weight=1.00 guide_w=168 Walls=0.00375(x10) g_ns/g_walls=42.5 Windows=0.00052 Doors=0.00017 IC=0.00000 CO2_BC=0.00010 LR=4.41e-04 nu=0.01 NSraw=31.29 alpha(W1/W8/all)=0.59/0.39/0.48 | 0.82 it/s
[Iter 15550/20000] Total=0.12123 | NS=0.07005 CO2(scaled)=0.00101 CO2_weight=1.00 guide_w=168 Walls=0.00485(x10) g_ns/g_walls=42.5 Windows=0.00131 Doors=0.00017 IC=0.00000 CO2_BC=0.00014 LR=4.41e-04 nu=0.01 NSraw=0.2797 alpha(W1/W8/all)=0.59/0.39/0.48 | 0.82 it/s
[Iter 15560/20000] Total=0.10892 | NS=0.08244 CO2(scaled)=0.00177 CO2_weight=1.00 guide_w=168 Walls=0.00224(x10) g_ns/g_walls=42.5 Windows=0.00151 Doors=0.00066 IC=0.00000 CO2_BC=0.00009 LR=4.41e-04 nu=0.01 NSraw=0.2774 alpha(W1/W8/all)=0.59/0.39/0.48 | 0.82 it/s
[Iter 15570/20000] Total=0.22003 | NS=0.21121 CO2(scaled)=0.00105 CO2_weight=1.00 guide_w=168 Walls=0.00070(x10) g_ns/g_walls=42.5 Windows=0.00052 Doors=0.00016 IC=0.00000 CO2_BC=0.00010 LR=4.40e-04 nu=0.01 NSraw=4.583 alpha(W1/W8/all)=0.59/0.39/0.48 | 0.82 it/s
[Iter 15580/20000] Total=0.04846 | NS=0.03478 CO2(scaled)=0.00139 CO2_weight=1.00 guide_w=168 Walls=0.00100(x10) g_ns/g_walls=42.5 Windows=0.00190 Doors=0.00024 IC=0.00000 CO2_BC=0.00012 LR=4.40e-04 nu=0.01 NSraw=0.08028 alpha(W1/W8/all)=0.59/0.39/0.48 | 0.82 it/s
[Iter 15590/20000] Total=0.13926 | NS=0.12853 CO2(scaled)=0.00142 CO2_weight=1.00 guide_w=168 Walls=0.00081(x10) g_ns/g_walls=42.5 Windows=0.00091 Doors=0.00013 IC=0.00000 CO2_BC=0.00014 LR=4.40e-04 nu=0.01 NSraw=1.795 alpha(W1/W8/all)=0.59/0.39/0.48 | 0.82 it/s
[Iter 15600/20000] Total=0.22300 | NS=0.21274 CO2(scaled)=0.00104 CO2_weight=1.00 guide_w=4.07 Walls=0.00079(x10) g_ns/g_walls=0.635 Windows=0.00108 Doors=0.00008 IC=0.00000 CO2_BC=0.00011 LR=4.40e-04 nu=0.01 NSraw=4.111 alpha(W1/W8/all)=0.59/0.39/0.48 | 0.82 it/s
[Iter 15610/20000] Total=0.09494 | NS=0.08521 CO2(scaled)=0.00112 CO2_weight=1.00 guide_w=4.07 Walls=0.00073(x10) g_ns/g_walls=0.635 Windows=0.00110 Doors=0.00006 IC=0.00000 CO2_BC=0.00012 LR=4.39e-04 nu=0.01 NSraw=0.3275 alpha(W1/W8/all)=0.59/0.39/0.48 | 0.82 it/s
[Iter 15620/20000] Total=0.11848 | NS=0.10993 CO2(scaled)=0.00115 CO2_weight=1.00 guide_w=4.07 Walls=0.00062(x10) g_ns/g_walls=0.635 Windows=0.00106 Doors=0.00005 IC=0.00000 CO2_BC=0.00010 LR=4.39e-04 nu=0.01 NSraw=0.6026 alpha(W1/W8/all)=0.59/0.39/0.48 | 0.82 it/s
[Iter 15630/20000] Total=0.07190 | NS=0.04255 CO2(scaled)=0.00173 CO2_weight=1.00 guide_w=4.07 Walls=0.00251(x10) g_ns/g_walls=0.635 Windows=0.00232 Doors=0.00004 IC=0.00000 CO2_BC=0.00013 LR=4.39e-04 nu=0.01 NSraw=0.09275 alpha(W1/W8/all)=0.59/0.39/0.48 | 0.82 it/s
[Iter 15640/20000] Total=0.25168 | NS=0.24060 CO2(scaled)=0.00113 CO2_weight=1.00 guide_w=4.07 Walls=0.00088(x10) g_ns/g_walls=0.635 Windows=0.00098 Doors=0.00006 IC=0.00000 CO2_BC=0.00009 LR=4.39e-04 nu=0.01 NSraw=3.571 alpha(W1/W8/all)=0.59/0.39/0.48 | 0.82 it/s
[Iter 15650/20000] Total=0.37056 | NS=0.36215 CO2(scaled)=0.00106 CO2_weight=1.00 guide_w=4.07 Walls=0.00063(x10) g_ns/g_walls=0.635 Windows=0.00092 Doors=0.00007 IC=0.00000 CO2_BC=0.00008 LR=4.38e-04 nu=0.01 NSraw=15.61 alpha(W1/W8/all)=0.59/0.39/0.48 | 0.82 it/s
[Iter 15660/20000] Total=0.07178 | NS=0.05677 CO2(scaled)=0.00211 CO2_weight=1.00 guide_w=4.07 Walls=0.00117(x10) g_ns/g_walls=0.635 Windows=0.00099 Doors=0.00005 IC=0.00000 CO2_BC=0.00015 LR=4.38e-04 nu=0.01 NSraw=0.1317 alpha(W1/W8/all)=0.59/0.39/0.48 | 0.82 it/s
[Iter 15670/20000] Total=0.04344 | NS=0.03337 CO2(scaled)=0.00109 CO2_weight=1.00 guide_w=4.07 Walls=0.00081(x10) g_ns/g_walls=0.635 Windows=0.00072 Doors=0.00004 IC=0.00000 CO2_BC=0.00014 LR=4.38e-04 nu=0.01 NSraw=0.06212 alpha(W1/W8/all)=0.59/0.39/0.48 | 0.82 it/s
[Iter 15680/20000] Total=0.05492 | NS=0.04663 CO2(scaled)=0.00197 CO2_weight=1.00 guide_w=4.07 Walls=0.00055(x10) g_ns/g_walls=0.635 Windows=0.00059 Doors=0.00006 IC=0.00000 CO2_BC=0.00013 LR=4.38e-04 nu=0.01 NSraw=0.1438 alpha(W1/W8/all)=0.59/0.39/0.48 | 0.82 it/s
[Iter 15690/20000] Total=0.07624 | NS=0.06701 CO2(scaled)=0.00135 CO2_weight=1.00 guide_w=4.07 Walls=0.00067(x10) g_ns/g_walls=0.635 Windows=0.00098 Doors=0.00004 IC=0.00000 CO2_BC=0.00018 LR=4.38e-04 nu=0.01 NSraw=0.1688 alpha(W1/W8/all)=0.59/0.39/0.48 | 0.82 it/s
[Iter 15700/20000] Total=0.22106 | NS=0.20225 CO2(scaled)=0.00224 CO2_weight=1.00 guide_w=16 Walls=0.00157(x10) g_ns/g_walls=4.22 Windows=0.00068 Doors=0.00009 IC=0.00000 CO2_BC=0.00011 LR=4.37e-04 nu=0.01 NSraw=2.135 alpha(W1/W8/all)=0.59/0.39/0.48 | 0.82 it/s
[Iter 15710/20000] Total=0.08094 | NS=0.06874 CO2(scaled)=0.00111 CO2_weight=1.00 guide_w=16 Walls=0.00105(x10) g_ns/g_walls=4.22 Windows=0.00040 Doors=0.00005 IC=0.00000 CO2_BC=0.00012 LR=4.37e-04 nu=0.01 NSraw=0.2948 alpha(W1/W8/all)=0.59/0.39/0.48 | 0.82 it/s
[Iter 15720/20000] Total=0.08394 | NS=0.06391 CO2(scaled)=0.00291 CO2_weight=1.00 guide_w=16 Walls=0.00158(x10) g_ns/g_walls=4.22 Windows=0.00115 Doors=0.00003 IC=0.00000 CO2_BC=0.00010 LR=4.37e-04 nu=0.01 NSraw=0.246 alpha(W1/W8/all)=0.59/0.39/0.48 | 0.82 it/s
[Iter 15730/20000] Total=0.05661 | NS=0.04009 CO2(scaled)=0.00094 CO2_weight=1.00 guide_w=16 Walls=0.00142(x10) g_ns/g_walls=4.22 Windows=0.00120 Doors=0.00007 IC=0.00000 CO2_BC=0.00008 LR=4.37e-04 nu=0.01 NSraw=0.09786 alpha(W1/W8/all)=0.59/0.39/0.48 | 0.82 it/s
[Iter 15740/20000] Total=0.12389 | NS=0.10453 CO2(scaled)=0.00192 CO2_weight=1.00 guide_w=16 Walls=0.00156(x10) g_ns/g_walls=4.22 Windows=0.00168 Doors=0.00006 IC=0.00000 CO2_BC=0.00009 LR=4.36e-04 nu=0.01 NSraw=0.4153 alpha(W1/W8/all)=0.59/0.39/0.48 | 0.82 it/s
[Iter 15750/20000] Total=0.65681 | NS=0.64879 CO2(scaled)=0.00227 CO2_weight=1.00 guide_w=16 Walls=0.00050(x10) g_ns/g_walls=4.22 Windows=0.00062 Doors=0.00006 IC=0.00000 CO2_BC=0.00007 LR=4.36e-04 nu=0.01 NSraw=41.57 alpha(W1/W8/all)=0.59/0.39/0.48 | 0.82 it/s
[Iter 15760/20000] Total=0.06218 | NS=0.04251 CO2(scaled)=0.00201 CO2_weight=1.00 guide_w=16 Walls=0.00158(x10) g_ns/g_walls=4.22 Windows=0.00164 Doors=0.00005 IC=0.00000 CO2_BC=0.00012 LR=4.36e-04 nu=0.01 NSraw=0.1928 alpha(W1/W8/all)=0.59/0.39/0.48 | 0.82 it/s
[Iter 15770/20000] Total=0.42995 | NS=0.41448 CO2(scaled)=0.00271 CO2_weight=1.00 guide_w=16 Walls=0.00114(x10) g_ns/g_walls=4.22 Windows=0.00119 Doors=0.00005 IC=0.00000 CO2_BC=0.00010 LR=4.36e-04 nu=0.01 NSraw=13.28 alpha(W1/W8/all)=0.59/0.39/0.48 | 0.82 it/s
[Iter 15780/20000] Total=0.11090 | NS=0.10354 CO2(scaled)=0.00138 CO2_weight=1.00 guide_w=16 Walls=0.00052(x10) g_ns/g_walls=4.22 Windows=0.00059 Doors=0.00006 IC=0.00000 CO2_BC=0.00014 LR=4.35e-04 nu=0.01 NSraw=0.5516 alpha(W1/W8/all)=0.59/0.39/0.48 | 0.82 it/s
[Iter 15790/20000] Total=0.10266 | NS=0.09092 CO2(scaled)=0.00179 CO2_weight=1.00 guide_w=16 Walls=0.00089(x10) g_ns/g_walls=4.22 Windows=0.00087 Doors=0.00008 IC=0.00000 CO2_BC=0.00008 LR=4.35e-04 nu=0.01 NSraw=0.3874 alpha(W1/W8/all)=0.59/0.39/0.48 | 0.82 it/s
[Iter 15800/20000] Total=0.10449 | NS=0.08177 CO2(scaled)=0.00097 CO2_weight=1.00 guide_w=54.5 Walls=0.00208(x10) g_ns/g_walls=0.949 Windows=0.00078 Doors=0.00007 IC=0.00000 CO2_BC=0.00011 LR=4.35e-04 nu=0.01 NSraw=0.3363 alpha(W1/W8/all)=0.59/0.39/0.48 | 0.82 it/s
[Iter 15810/20000] Total=0.08287 | NS=0.06547 CO2(scaled)=0.00176 CO2_weight=1.00 guide_w=54.5 Walls=0.00143(x10) g_ns/g_walls=0.949 Windows=0.00116 Doors=0.00006 IC=0.00000 CO2_BC=0.00009 LR=4.35e-04 nu=0.01 NSraw=0.2103 alpha(W1/W8/all)=0.59/0.39/0.48 | 0.82 it/s
[Iter 15820/20000] Total=0.32809 | NS=0.24883 CO2(scaled)=0.00261 CO2_weight=1.00 guide_w=54.5 Walls=0.00698(x10) g_ns/g_walls=0.949 Windows=0.00666 Doors=0.00009 IC=0.00000 CO2_BC=0.00012 LR=4.35e-04 nu=0.01 NSraw=8.193 alpha(W1/W8/all)=0.59/0.39/0.48 | 0.82 it/s
[Iter 15830/20000] Total=0.11994 | NS=0.10765 CO2(scaled)=0.00087 CO2_weight=1.00 guide_w=54.5 Walls=0.00098(x10) g_ns/g_walls=0.949 Windows=0.00140 Doors=0.00008 IC=0.00000 CO2_BC=0.00010 LR=4.34e-04 nu=0.01 NSraw=0.4155 alpha(W1/W8/all)=0.59/0.39/0.48 | 0.82 it/s
[Iter 15840/20000] Total=0.10048 | NS=0.09338 CO2(scaled)=0.00105 CO2_weight=1.00 guide_w=54.5 Walls=0.00052(x10) g_ns/g_walls=0.949 Windows=0.00062 Doors=0.00010 IC=0.00000 CO2_BC=0.00009 LR=4.34e-04 nu=0.01 NSraw=0.4228 alpha(W1/W8/all)=0.59/0.39/0.48 | 0.82 it/s
[Iter 15850/20000] Total=0.11185 | NS=0.10185 CO2(scaled)=0.00098 CO2_weight=1.00 guide_w=54.5 Walls=0.00083(x10) g_ns/g_walls=0.949 Windows=0.00055 Doors=0.00006 IC=0.00000 CO2_BC=0.00009 LR=4.34e-04 nu=0.01 NSraw=0.6754 alpha(W1/W8/all)=0.59/0.39/0.48 | 0.82 it/s
[Iter 15860/20000] Total=0.06605 | NS=0.04203 CO2(scaled)=0.00137 CO2_weight=1.00 guide_w=54.5 Walls=0.00212(x10) g_ns/g_walls=0.949 Windows=0.00132 Doors=0.00008 IC=0.00000 CO2_BC=0.00008 LR=4.34e-04 nu=0.01 NSraw=0.1975 alpha(W1/W8/all)=0.59/0.39/0.48 | 0.82 it/s
[Iter 15870/20000] Total=0.10853 | NS=0.09444 CO2(scaled)=0.00093 CO2_weight=1.00 guide_w=54.5 Walls=0.00120(x10) g_ns/g_walls=0.949 Windows=0.00097 Doors=0.00009 IC=0.00000 CO2_BC=0.00008 LR=4.33e-04 nu=0.01 NSraw=0.5558 alpha(W1/W8/all)=0.59/0.39/0.48 | 0.82 it/s
[Iter 15880/20000] Total=0.13052 | NS=0.12181 CO2(scaled)=0.00132 CO2_weight=1.00 guide_w=54.5 Walls=0.00061(x10) g_ns/g_walls=0.949 Windows=0.00108 Doors=0.00011 IC=0.00000 CO2_BC=0.00010 LR=4.33e-04 nu=0.01 NSraw=0.6211 alpha(W1/W8/all)=0.59/0.39/0.48 | 0.82 it/s
[Iter 15890/20000] Total=0.09592 | NS=0.08203 CO2(scaled)=0.00155 CO2_weight=1.00 guide_w=54.5 Walls=0.00114(x10) g_ns/g_walls=0.949 Windows=0.00069 Doors=0.00008 IC=0.00000 CO2_BC=0.00014 LR=4.33e-04 nu=0.01 NSraw=0.2953 alpha(W1/W8/all)=0.59/0.39/0.48 | 0.82 it/s
[Iter 15900/20000] Total=0.12202 | NS=0.11378 CO2(scaled)=0.00107 CO2_weight=1.00 guide_w=19.6 Walls=0.00063(x10) g_ns/g_walls=2.96 Windows=0.00058 Doors=0.00008 IC=0.00000 CO2_BC=0.00023 LR=4.33e-04 nu=0.01 NSraw=0.553 alpha(W1/W8/all)=0.59/0.39/0.48 | 0.82 it/s
[Iter 15910/20000] Total=0.10802 | NS=0.08212 CO2(scaled)=0.00446 CO2_weight=1.00 guide_w=19.6 Walls=0.00193(x10) g_ns/g_walls=2.96 Windows=0.00198 Doors=0.00006 IC=0.00000 CO2_BC=0.00012 LR=4.33e-04 nu=0.01 NSraw=0.3597 alpha(W1/W8/all)=0.59/0.39/0.48 | 0.82 it/s
[Iter 15920/20000] Total=0.09467 | NS=0.07952 CO2(scaled)=0.00199 CO2_weight=1.00 guide_w=19.6 Walls=0.00117(x10) g_ns/g_walls=2.96 Windows=0.00120 Doors=0.00011 IC=0.00000 CO2_BC=0.00015 LR=4.32e-04 nu=0.01 NSraw=0.4349 alpha(W1/W8/all)=0.59/0.39/0.48 | 0.82 it/s
[Iter 15930/20000] Total=0.09758 | NS=0.07180 CO2(scaled)=0.00214 CO2_weight=1.00 guide_w=19.6 Walls=0.00223(x10) g_ns/g_walls=2.96 Windows=0.00116 Doors=0.00009 IC=0.00000 CO2_BC=0.00009 LR=4.32e-04 nu=0.01 NSraw=0.3244 alpha(W1/W8/all)=0.59/0.39/0.48 | 0.82 it/s
[Iter 15940/20000] Total=0.04610 | NS=0.03113 CO2(scaled)=0.00306 CO2_weight=1.00 guide_w=19.6 Walls=0.00105(x10) g_ns/g_walls=2.96 Windows=0.00122 Doors=0.00005 IC=0.00000 CO2_BC=0.00011 LR=4.32e-04 nu=0.01 NSraw=0.06616 alpha(W1/W8/all)=0.59/0.39/0.48 | 0.82 it/s
[Iter 15950/20000] Total=0.08463 | NS=0.06817 CO2(scaled)=0.00153 CO2_weight=1.00 guide_w=19.6 Walls=0.00134(x10) g_ns/g_walls=2.96 Windows=0.00131 Doors=0.00007 IC=0.00000 CO2_BC=0.00012 LR=4.32e-04 nu=0.01 NSraw=0.336 alpha(W1/W8/all)=0.59/0.39/0.48 | 0.82 it/s
[Iter 15960/20000] Total=0.07889 | NS=0.06994 CO2(scaled)=0.00160 CO2_weight=1.00 guide_w=19.6 Walls=0.00063(x10) g_ns/g_walls=2.96 Windows=0.00077 Doors=0.00012 IC=0.00000 CO2_BC=0.00012 LR=4.31e-04 nu=0.01 NSraw=0.2772 alpha(W1/W8/all)=0.59/0.39/0.48 | 0.82 it/s
[Iter 15970/20000] Total=0.07517 | NS=0.06521 CO2(scaled)=0.00139 CO2_weight=1.00 guide_w=19.6 Walls=0.00074(x10) g_ns/g_walls=2.96 Windows=0.00105 Doors=0.00006 IC=0.00000 CO2_BC=0.00008 LR=4.31e-04 nu=0.01 NSraw=0.2049 alpha(W1/W8/all)=0.59/0.39/0.48 | 0.82 it/s
[Iter 15980/20000] Total=0.04259 | NS=0.03236 CO2(scaled)=0.00116 CO2_weight=1.00 guide_w=19.6 Walls=0.00080(x10) g_ns/g_walls=2.96 Windows=0.00088 Doors=0.00005 IC=0.00000 CO2_BC=0.00013 LR=4.31e-04 nu=0.01 NSraw=0.1401 alpha(W1/W8/all)=0.59/0.39/0.48 | 0.82 it/s
[Iter 15990/20000] Total=0.04296 | NS=0.03251 CO2(scaled)=0.00175 CO2_weight=1.00 guide_w=19.6 Walls=0.00077(x10) g_ns/g_walls=2.96 Windows=0.00084 Doors=0.00004 IC=0.00000 CO2_BC=0.00014 LR=4.31e-04 nu=0.01 NSraw=0.05864 alpha(W1/W8/all)=0.59/0.39/0.48 | 0.82 it/s
[Iter 16000/20000] Total=0.10923 | NS=0.10073 CO2(scaled)=0.00138 CO2_weight=1.00 guide_w=3.53 Walls=0.00060(x10) g_ns/g_walls=0.365 Windows=0.00091 Doors=0.00007 IC=0.00000 CO2_BC=0.00011 LR=4.30e-04 nu=0.01 NSraw=0.4103 alpha(W1/W8/all)=0.59/0.39/0.48 | 0.82 it/s
  -> saved checkpoint: /home/iai-labor/BuildingControlCFD/experiments/gnot/checkpoints/v24_fixedalpha/gnot_v24_fixedalpha_iter16000.pth
[Iter 16010/20000] Total=0.11595 | NS=0.10817 CO2(scaled)=0.00139 CO2_weight=1.00 guide_w=3.53 Walls=0.00055(x10) g_ns/g_walls=0.365 Windows=0.00065 Doors=0.00006 IC=0.00000 CO2_BC=0.00015 LR=4.30e-04 nu=0.01 NSraw=0.5176 alpha(W1/W8/all)=0.59/0.39/0.48 | 0.82 it/s
[Iter 16020/20000] Total=0.06042 | NS=0.05382 CO2(scaled)=0.00134 CO2_weight=1.00 guide_w=3.53 Walls=0.00046(x10) g_ns/g_walls=0.365 Windows=0.00051 Doors=0.00006 IC=0.00000 CO2_BC=0.00008 LR=4.30e-04 nu=0.01 NSraw=0.1902 alpha(W1/W8/all)=0.59/0.39/0.48 | 0.82 it/s
[Iter 16030/20000] Total=0.52168 | NS=0.51033 CO2(scaled)=0.00120 CO2_weight=1.00 guide_w=3.53 Walls=0.00093(x10) g_ns/g_walls=0.365 Windows=0.00061 Doors=0.00006 IC=0.00000 CO2_BC=0.00014 LR=4.30e-04 nu=0.01 NSraw=47.32 alpha(W1/W8/all)=0.59/0.39/0.48 | 0.82 it/s
[Iter 16040/20000] Total=0.36871 | NS=0.35742 CO2(scaled)=0.00121 CO2_weight=1.00 guide_w=3.53 Walls=0.00089(x10) g_ns/g_walls=0.365 Windows=0.00098 Doors=0.00008 IC=0.00000 CO2_BC=0.00009 LR=4.30e-04 nu=0.01 NSraw=19.07 alpha(W1/W8/all)=0.59/0.39/0.48 | 0.82 it/s
[Iter 16050/20000] Total=0.12660 | NS=0.11951 CO2(scaled)=0.00114 CO2_weight=1.00 guide_w=3.53 Walls=0.00051(x10) g_ns/g_walls=0.365 Windows=0.00075 Doors=0.00005 IC=0.00000 CO2_BC=0.00009 LR=4.29e-04 nu=0.01 NSraw=0.5435 alpha(W1/W8/all)=0.59/0.39/0.48 | 0.82 it/s
[Iter 16060/20000] Total=0.07474 | NS=0.05295 CO2(scaled)=0.00106 CO2_weight=1.00 guide_w=3.53 Walls=0.00200(x10) g_ns/g_walls=0.365 Windows=0.00056 Doors=0.00006 IC=0.00000 CO2_BC=0.00015 LR=4.29e-04 nu=0.01 NSraw=0.2004 alpha(W1/W8/all)=0.59/0.39/0.48 | 0.82 it/s
[Iter 16070/20000] Total=0.08766 | NS=0.07694 CO2(scaled)=0.00106 CO2_weight=1.00 guide_w=3.53 Walls=0.00089(x10) g_ns/g_walls=0.365 Windows=0.00063 Doors=0.00004 IC=0.00000 CO2_BC=0.00006 LR=4.29e-04 nu=0.01 NSraw=0.2637 alpha(W1/W8/all)=0.59/0.39/0.48 | 0.82 it/s
[Iter 16080/20000] Total=0.08691 | NS=0.05577 CO2(scaled)=0.00140 CO2_weight=1.00 guide_w=3.53 Walls=0.00273(x10) g_ns/g_walls=0.365 Windows=0.00228 Doors=0.00006 IC=0.00000 CO2_BC=0.00013 LR=4.29e-04 nu=0.01 NSraw=0.171 alpha(W1/W8/all)=0.59/0.39/0.48 | 0.82 it/s
[Iter 16090/20000] Total=0.19244 | NS=0.11882 CO2(scaled)=0.00129 CO2_weight=1.00 guide_w=3.53 Walls=0.00708(x10) g_ns/g_walls=0.365 Windows=0.00128 Doors=0.00007 IC=0.00000 CO2_BC=0.00012 LR=4.28e-04 nu=0.01 NSraw=0.7521 alpha(W1/W8/all)=0.59/0.39/0.48 | 0.82 it/s
[Iter 16100/20000] Total=0.11337 | NS=0.09694 CO2(scaled)=0.00242 CO2_weight=1.00 guide_w=1.9 Walls=0.00124(x10) g_ns/g_walls=0.483 Windows=0.00147 Doors=0.00006 IC=0.00000 CO2_BC=0.00012 LR=4.28e-04 nu=0.01 NSraw=0.5021 alpha(W1/W8/all)=0.59/0.39/0.48 | 0.82 it/s
[Iter 16110/20000] Total=0.24546 | NS=0.22951 CO2(scaled)=0.00319 CO2_weight=1.00 guide_w=1.9 Walls=0.00113(x10) g_ns/g_walls=0.483 Windows=0.00128 Doors=0.00007 IC=0.00000 CO2_BC=0.00009 LR=4.28e-04 nu=0.01 NSraw=5.251 alpha(W1/W8/all)=0.59/0.39/0.48 | 0.82 it/s
[Iter 16120/20000] Total=0.12325 | NS=0.11158 CO2(scaled)=0.00169 CO2_weight=1.00 guide_w=1.9 Walls=0.00088(x10) g_ns/g_walls=0.483 Windows=0.00099 Doors=0.00007 IC=0.00000 CO2_BC=0.00014 LR=4.28e-04 nu=0.01 NSraw=0.4371 alpha(W1/W8/all)=0.59/0.39/0.48 | 0.82 it/s
[Iter 16130/20000] Total=0.25407 | NS=0.23235 CO2(scaled)=0.00159 CO2_weight=1.00 guide_w=1.9 Walls=0.00171(x10) g_ns/g_walls=0.483 Windows=0.00284 Doors=0.00006 IC=0.00000 CO2_BC=0.00013 LR=4.28e-04 nu=0.01 NSraw=7.217 alpha(W1/W8/all)=0.59/0.39/0.48 | 0.82 it/s
[Iter 16140/20000] Total=0.24690 | NS=0.22299 CO2(scaled)=0.00268 CO2_weight=1.00 guide_w=1.9 Walls=0.00190(x10) g_ns/g_walls=0.483 Windows=0.00190 Doors=0.00008 IC=0.00000 CO2_BC=0.00021 LR=4.27e-04 nu=0.01 NSraw=3.278 alpha(W1/W8/all)=0.59/0.39/0.48 | 0.82 it/s
[Iter 16150/20000] Total=0.07856 | NS=0.06198 CO2(scaled)=0.00179 CO2_weight=1.00 guide_w=1.9 Walls=0.00135(x10) g_ns/g_walls=0.483 Windows=0.00106 Doors=0.00008 IC=0.00000 CO2_BC=0.00013 LR=4.27e-04 nu=0.01 NSraw=0.1782 alpha(W1/W8/all)=0.59/0.39/0.48 | 0.82 it/s
[Iter 16160/20000] Total=0.10137 | NS=0.08941 CO2(scaled)=0.00153 CO2_weight=1.00 guide_w=1.9 Walls=0.00093(x10) g_ns/g_walls=0.483 Windows=0.00088 Doors=0.00008 IC=0.00000 CO2_BC=0.00015 LR=4.27e-04 nu=0.01 NSraw=0.3975 alpha(W1/W8/all)=0.59/0.39/0.48 | 0.82 it/s
[Iter 16170/20000] Total=0.14915 | NS=0.13653 CO2(scaled)=0.00126 CO2_weight=1.00 guide_w=1.9 Walls=0.00097(x10) g_ns/g_walls=0.483 Windows=0.00142 Doors=0.00006 IC=0.00000 CO2_BC=0.00014 LR=4.27e-04 nu=0.01 NSraw=0.7235 alpha(W1/W8/all)=0.59/0.39/0.48 | 0.82 it/s
[Iter 16180/20000] Total=0.10431 | NS=0.09633 CO2(scaled)=0.00130 CO2_weight=1.00 guide_w=1.9 Walls=0.00056(x10) g_ns/g_walls=0.483 Windows=0.00081 Doors=0.00011 IC=0.00000 CO2_BC=0.00012 LR=4.26e-04 nu=0.01 NSraw=0.405 alpha(W1/W8/all)=0.59/0.39/0.48 | 0.82 it/s
[Iter 16190/20000] Total=0.23159 | NS=0.22317 CO2(scaled)=0.00088 CO2_weight=1.00 guide_w=1.9 Walls=0.00067(x10) g_ns/g_walls=0.483 Windows=0.00067 Doors=0.00004 IC=0.00000 CO2_BC=0.00016 LR=4.26e-04 nu=0.01 NSraw=6.676 alpha(W1/W8/all)=0.59/0.39/0.48 | 0.82 it/s
[Iter 16200/20000] Total=0.29697 | NS=0.28289 CO2(scaled)=0.00100 CO2_weight=1.00 guide_w=113 Walls=0.00118(x10) g_ns/g_walls=2.63 Windows=0.00117 Doors=0.00005 IC=0.00000 CO2_BC=0.00008 LR=4.26e-04 nu=0.01 NSraw=12.08 alpha(W1/W8/all)=0.59/0.39/0.48 | 0.82 it/s
[Iter 16210/20000] Total=0.08136 | NS=0.06592 CO2(scaled)=0.00118 CO2_weight=1.00 guide_w=113 Walls=0.00124(x10) g_ns/g_walls=2.63 Windows=0.00171 Doors=0.00004 IC=0.00000 CO2_BC=0.00013 LR=4.26e-04 nu=0.01 NSraw=0.1468 alpha(W1/W8/all)=0.59/0.39/0.48 | 0.82 it/s
[Iter 16220/20000] Total=0.11175 | NS=0.10051 CO2(scaled)=0.00162 CO2_weight=1.00 guide_w=113 Walls=0.00086(x10) g_ns/g_walls=2.63 Windows=0.00086 Doors=0.00006 IC=0.00000 CO2_BC=0.00009 LR=4.26e-04 nu=0.01 NSraw=0.2889 alpha(W1/W8/all)=0.59/0.39/0.48 | 0.82 it/s
[Iter 16230/20000] Total=0.06090 | NS=0.04602 CO2(scaled)=0.00123 CO2_weight=1.00 guide_w=113 Walls=0.00125(x10) g_ns/g_walls=2.63 Windows=0.00097 Doors=0.00008 IC=0.00000 CO2_BC=0.00010 LR=4.25e-04 nu=0.01 NSraw=0.1369 alpha(W1/W8/all)=0.59/0.39/0.48 | 0.82 it/s
[Iter 16240/20000] Total=0.06359 | NS=0.05370 CO2(scaled)=0.00109 CO2_weight=1.00 guide_w=113 Walls=0.00077(x10) g_ns/g_walls=2.63 Windows=0.00098 Doors=0.00005 IC=0.00000 CO2_BC=0.00008 LR=4.25e-04 nu=0.01 NSraw=0.1502 alpha(W1/W8/all)=0.59/0.39/0.48 | 0.82 it/s
[Iter 16250/20000] Total=0.07103 | NS=0.05177 CO2(scaled)=0.00198 CO2_weight=1.00 guide_w=113 Walls=0.00160(x10) g_ns/g_walls=2.63 Windows=0.00112 Doors=0.00007 IC=0.00000 CO2_BC=0.00012 LR=4.25e-04 nu=0.01 NSraw=0.1344 alpha(W1/W8/all)=0.59/0.39/0.48 | 0.82 it/s
[Iter 16260/20000] Total=0.79176 | NS=0.77727 CO2(scaled)=0.00131 CO2_weight=1.00 guide_w=113 Walls=0.00117(x10) g_ns/g_walls=2.63 Windows=0.00134 Doors=0.00003 IC=0.00000 CO2_BC=0.00011 LR=4.25e-04 nu=0.01 NSraw=77.9 alpha(W1/W8/all)=0.59/0.39/0.48 | 0.82 it/s
[Iter 16270/20000] Total=0.28056 | NS=0.26806 CO2(scaled)=0.00197 CO2_weight=1.00 guide_w=113 Walls=0.00089(x10) g_ns/g_walls=2.63 Windows=0.00143 Doors=0.00006 IC=0.00000 CO2_BC=0.00009 LR=4.24e-04 nu=0.01 NSraw=10.88 alpha(W1/W8/all)=0.59/0.39/0.48 | 0.82 it/s
[Iter 16280/20000] Total=0.10842 | NS=0.08600 CO2(scaled)=0.00151 CO2_weight=1.00 guide_w=113 Walls=0.00197(x10) g_ns/g_walls=2.63 Windows=0.00104 Doors=0.00006 IC=0.00000 CO2_BC=0.00008 LR=4.24e-04 nu=0.01 NSraw=0.8344 alpha(W1/W8/all)=0.59/0.39/0.48 | 0.82 it/s
[Iter 16290/20000] Total=0.11541 | NS=0.09882 CO2(scaled)=0.00160 CO2_weight=1.00 guide_w=113 Walls=0.00137(x10) g_ns/g_walls=2.63 Windows=0.00113 Doors=0.00006 IC=0.00000 CO2_BC=0.00010 LR=4.24e-04 nu=0.01 NSraw=1.034 alpha(W1/W8/all)=0.59/0.39/0.48 | 0.82 it/s
[Iter 16300/20000] Total=0.10150 | NS=0.08438 CO2(scaled)=0.00242 CO2_weight=1.00 guide_w=1.53 Walls=0.00134(x10) g_ns/g_walls=0.328 Windows=0.00106 Doors=0.00008 IC=0.00000 CO2_BC=0.00014 LR=4.24e-04 nu=0.01 NSraw=0.3044 alpha(W1/W8/all)=0.59/0.39/0.48 | 0.82 it/s
[Iter 16310/20000] Total=0.05874 | NS=0.05177 CO2(scaled)=0.00136 CO2_weight=1.00 guide_w=1.53 Walls=0.00048(x10) g_ns/g_walls=0.328 Windows=0.00070 Doors=0.00006 IC=0.00000 CO2_BC=0.00007 LR=4.23e-04 nu=0.01 NSraw=0.1084 alpha(W1/W8/all)=0.59/0.39/0.48 | 0.82 it/s
[Iter 16320/20000] Total=0.06445 | NS=0.04659 CO2(scaled)=0.00196 CO2_weight=1.00 guide_w=1.53 Walls=0.00147(x10) g_ns/g_walls=0.328 Windows=0.00107 Doors=0.00004 IC=0.00000 CO2_BC=0.00013 LR=4.23e-04 nu=0.01 NSraw=0.1063 alpha(W1/W8/all)=0.59/0.39/0.48 | 0.82 it/s
[Iter 16330/20000] Total=0.06749 | NS=0.05721 CO2(scaled)=0.00134 CO2_weight=1.00 guide_w=1.53 Walls=0.00081(x10) g_ns/g_walls=0.328 Windows=0.00064 Doors=0.00005 IC=0.00000 CO2_BC=0.00010 LR=4.23e-04 nu=0.01 NSraw=0.1231 alpha(W1/W8/all)=0.59/0.39/0.48 | 0.82 it/s
[Iter 16340/20000] Total=0.10783 | NS=0.09650 CO2(scaled)=0.00128 CO2_weight=1.00 guide_w=1.53 Walls=0.00092(x10) g_ns/g_walls=0.328 Windows=0.00063 Doors=0.00008 IC=0.00000 CO2_BC=0.00011 LR=4.23e-04 nu=0.01 NSraw=0.4597 alpha(W1/W8/all)=0.59/0.39/0.48 | 0.82 it/s
[Iter 16350/20000] Total=0.09201 | NS=0.08349 CO2(scaled)=0.00121 CO2_weight=1.00 guide_w=1.53 Walls=0.00065(x10) g_ns/g_walls=0.328 Windows=0.00064 Doors=0.00007 IC=0.00000 CO2_BC=0.00010 LR=4.23e-04 nu=0.01 NSraw=0.2853 alpha(W1/W8/all)=0.59/0.39/0.48 | 0.82 it/s
[Iter 16360/20000] Total=0.12296 | NS=0.11611 CO2(scaled)=0.00105 CO2_weight=1.00 guide_w=1.53 Walls=0.00051(x10) g_ns/g_walls=0.328 Windows=0.00055 Doors=0.00008 IC=0.00000 CO2_BC=0.00010 LR=4.22e-04 nu=0.01 NSraw=0.7208 alpha(W1/W8/all)=0.59/0.39/0.48 | 0.82 it/s
[Iter 16370/20000] Total=0.06117 | NS=0.05157 CO2(scaled)=0.00158 CO2_weight=1.00 guide_w=1.53 Walls=0.00072(x10) g_ns/g_walls=0.328 Windows=0.00062 Doors=0.00006 IC=0.00000 CO2_BC=0.00013 LR=4.22e-04 nu=0.01 NSraw=0.1462 alpha(W1/W8/all)=0.59/0.39/0.48 | 0.82 it/s
[Iter 16380/20000] Total=0.10409 | NS=0.09139 CO2(scaled)=0.00151 CO2_weight=1.00 guide_w=1.53 Walls=0.00103(x10) g_ns/g_walls=0.328 Windows=0.00070 Doors=0.00008 IC=0.00000 CO2_BC=0.00011 LR=4.22e-04 nu=0.01 NSraw=0.3532 alpha(W1/W8/all)=0.59/0.39/0.48 | 0.82 it/s
[Iter 16390/20000] Total=0.08979 | NS=0.07182 CO2(scaled)=0.00178 CO2_weight=1.00 guide_w=1.53 Walls=0.00147(x10) g_ns/g_walls=0.328 Windows=0.00129 Doors=0.00008 IC=0.00000 CO2_BC=0.00009 LR=4.22e-04 nu=0.01 NSraw=0.3536 alpha(W1/W8/all)=0.59/0.39/0.48 | 0.82 it/s
[Iter 16400/20000] Total=0.09533 | NS=0.08034 CO2(scaled)=0.00105 CO2_weight=1.00 guide_w=9.48 Walls=0.00129(x10) g_ns/g_walls=2.7 Windows=0.00084 Doors=0.00007 IC=0.00000 CO2_BC=0.00013 LR=4.21e-04 nu=0.01 NSraw=0.5169 alpha(W1/W8/all)=0.59/0.39/0.48 | 0.82 it/s
[Iter 16410/20000] Total=0.09622 | NS=0.07673 CO2(scaled)=0.00130 CO2_weight=1.00 guide_w=9.48 Walls=0.00170(x10) g_ns/g_walls=2.7 Windows=0.00110 Doors=0.00006 IC=0.00000 CO2_BC=0.00009 LR=4.21e-04 nu=0.01 NSraw=0.2925 alpha(W1/W8/all)=0.59/0.39/0.48 | 0.82 it/s
[Iter 16420/20000] Total=0.07683 | NS=0.04418 CO2(scaled)=0.00084 CO2_weight=1.00 guide_w=9.48 Walls=0.00294(x10) g_ns/g_walls=2.7 Windows=0.00219 Doors=0.00009 IC=0.00000 CO2_BC=0.00008 LR=4.21e-04 nu=0.01 NSraw=0.1224 alpha(W1/W8/all)=0.59/0.39/0.48 | 0.82 it/s
[Iter 16430/20000] Total=0.09308 | NS=0.07263 CO2(scaled)=0.00237 CO2_weight=1.00 guide_w=9.48 Walls=0.00159(x10) g_ns/g_walls=2.7 Windows=0.00197 Doors=0.00005 IC=0.00000 CO2_BC=0.00013 LR=4.21e-04 nu=0.01 NSraw=0.2994 alpha(W1/W8/all)=0.59/0.39/0.48 | 0.82 it/s
[Iter 16440/20000] Total=0.04047 | NS=0.02486 CO2(scaled)=0.00262 CO2_weight=1.00 guide_w=9.48 Walls=0.00113(x10) g_ns/g_walls=2.7 Windows=0.00146 Doors=0.00006 IC=0.00000 CO2_BC=0.00015 LR=4.21e-04 nu=0.01 NSraw=0.04111 alpha(W1/W8/all)=0.59/0.39/0.48 | 0.82 it/s
[Iter 16450/20000] Total=0.08628 | NS=0.07374 CO2(scaled)=0.00198 CO2_weight=1.00 guide_w=9.48 Walls=0.00094(x10) g_ns/g_walls=2.7 Windows=0.00082 Doors=0.00022 IC=0.00000 CO2_BC=0.00012 LR=4.20e-04 nu=0.01 NSraw=0.2237 alpha(W1/W8/all)=0.59/0.39/0.48 | 0.82 it/s
[Iter 16460/20000] Total=0.13101 | NS=0.12170 CO2(scaled)=0.00126 CO2_weight=1.00 guide_w=9.48 Walls=0.00070(x10) g_ns/g_walls=2.7 Windows=0.00079 Doors=0.00008 IC=0.00000 CO2_BC=0.00014 LR=4.20e-04 nu=0.01 NSraw=1.371 alpha(W1/W8/all)=0.59/0.39/0.48 | 0.82 it/s
[Iter 16470/20000] Total=0.13028 | NS=0.11933 CO2(scaled)=0.00169 CO2_weight=1.00 guide_w=9.48 Walls=0.00085(x10) g_ns/g_walls=2.7 Windows=0.00062 Doors=0.00006 IC=0.00000 CO2_BC=0.00009 LR=4.20e-04 nu=0.01 NSraw=0.6438 alpha(W1/W8/all)=0.59/0.39/0.48 | 0.82 it/s
[Iter 16480/20000] Total=0.16290 | NS=0.14391 CO2(scaled)=0.00165 CO2_weight=1.00 guide_w=9.48 Walls=0.00159(x10) g_ns/g_walls=2.7 Windows=0.00134 Doors=0.00006 IC=0.00000 CO2_BC=0.00009 LR=4.20e-04 nu=0.01 NSraw=2.297 alpha(W1/W8/all)=0.59/0.39/0.48 | 0.82 it/s
[Iter 16490/20000] Total=0.09441 | NS=0.06428 CO2(scaled)=0.00155 CO2_weight=1.00 guide_w=9.48 Walls=0.00259(x10) g_ns/g_walls=2.7 Windows=0.00249 Doors=0.00007 IC=0.00000 CO2_BC=0.00014 LR=4.19e-04 nu=0.01 NSraw=0.2179 alpha(W1/W8/all)=0.59/0.39/0.48 | 0.82 it/s
[Iter 16500/20000] Total=0.19879 | NS=0.18013 CO2(scaled)=0.00161 CO2_weight=1.00 guide_w=6.67 Walls=0.00160(x10) g_ns/g_walls=1.17 Windows=0.00088 Doors=0.00006 IC=0.00000 CO2_BC=0.00010 LR=4.19e-04 nu=0.01 NSraw=5.02 alpha(W1/W8/all)=0.59/0.39/0.48 | 0.82 it/s
[Iter 16510/20000] Total=0.11616 | NS=0.10868 CO2(scaled)=0.00127 CO2_weight=1.00 guide_w=6.67 Walls=0.00051(x10) g_ns/g_walls=1.17 Windows=0.00091 Doors=0.00006 IC=0.00000 CO2_BC=0.00012 LR=4.19e-04 nu=0.01 NSraw=0.6832 alpha(W1/W8/all)=0.59/0.39/0.48 | 0.82 it/s
[Iter 16520/20000] Total=0.15312 | NS=0.13890 CO2(scaled)=0.00117 CO2_weight=1.00 guide_w=6.67 Walls=0.00119(x10) g_ns/g_walls=1.17 Windows=0.00095 Doors=0.00007 IC=0.00000 CO2_BC=0.00010 LR=4.19e-04 nu=0.01 NSraw=1.223 alpha(W1/W8/all)=0.59/0.39/0.48 | 0.82 it/s
[Iter 16530/20000] Total=0.13316 | NS=0.11705 CO2(scaled)=0.00194 CO2_weight=1.00 guide_w=6.67 Walls=0.00131(x10) g_ns/g_walls=1.17 Windows=0.00086 Doors=0.00011 IC=0.00000 CO2_BC=0.00009 LR=4.19e-04 nu=0.01 NSraw=0.8944 alpha(W1/W8/all)=0.59/0.39/0.48 | 0.82 it/s
[Iter 16540/20000] Total=0.19539 | NS=0.15654 CO2(scaled)=0.00316 CO2_weight=1.00 guide_w=6.67 Walls=0.00316(x10) g_ns/g_walls=1.17 Windows=0.00383 Doors=0.00010 IC=0.00000 CO2_BC=0.00011 LR=4.18e-04 nu=0.01 NSraw=2.171 alpha(W1/W8/all)=0.59/0.39/0.48 | 0.82 it/s
[Iter 16550/20000] Total=0.15081 | NS=0.12272 CO2(scaled)=0.00187 CO2_weight=1.00 guide_w=6.67 Walls=0.00234(x10) g_ns/g_walls=1.17 Windows=0.00266 Doors=0.00009 IC=0.00000 CO2_BC=0.00010 LR=4.18e-04 nu=0.01 NSraw=2.128 alpha(W1/W8/all)=0.59/0.39/0.48 | 0.82 it/s
[Iter 16560/20000] Total=0.10108 | NS=0.08968 CO2(scaled)=0.00120 CO2_weight=1.00 guide_w=6.67 Walls=0.00092(x10) g_ns/g_walls=1.17 Windows=0.00075 Doors=0.00009 IC=0.00000 CO2_BC=0.00011 LR=4.18e-04 nu=0.01 NSraw=0.3359 alpha(W1/W8/all)=0.59/0.39/0.48 | 0.82 it/s
[Iter 16570/20000] Total=0.09459 | NS=0.06897 CO2(scaled)=0.00150 CO2_weight=1.00 guide_w=6.67 Walls=0.00221(x10) g_ns/g_walls=1.17 Windows=0.00180 Doors=0.00008 IC=0.00000 CO2_BC=0.00009 LR=4.18e-04 nu=0.01 NSraw=0.2329 alpha(W1/W8/all)=0.59/0.39/0.48 | 0.82 it/s
[Iter 16580/20000] Total=0.23400 | NS=0.21532 CO2(scaled)=0.00382 CO2_weight=1.00 guide_w=6.67 Walls=0.00135(x10) g_ns/g_walls=1.17 Windows=0.00121 Doors=0.00006 IC=0.00000 CO2_BC=0.00010 LR=4.18e-04 nu=0.01 NSraw=6.122 alpha(W1/W8/all)=0.59/0.39/0.48 | 0.82 it/s
[Iter 16590/20000] Total=0.07040 | NS=0.06040 CO2(scaled)=0.00088 CO2_weight=1.00 guide_w=6.67 Walls=0.00083(x10) g_ns/g_walls=1.17 Windows=0.00068 Doors=0.00005 IC=0.00000 CO2_BC=0.00007 LR=4.17e-04 nu=0.01 NSraw=0.3042 alpha(W1/W8/all)=0.59/0.39/0.48 | 0.82 it/s
[Iter 16600/20000] Total=0.10457 | NS=0.09401 CO2(scaled)=0.00145 CO2_weight=1.00 guide_w=3.27 Walls=0.00080(x10) g_ns/g_walls=0.797 Windows=0.00090 Doors=0.00007 IC=0.00000 CO2_BC=0.00010 LR=4.17e-04 nu=0.01 NSraw=0.3484 alpha(W1/W8/all)=0.59/0.39/0.48 | 0.82 it/s
[Iter 16610/20000] Total=0.05836 | NS=0.04295 CO2(scaled)=0.00110 CO2_weight=1.00 guide_w=3.27 Walls=0.00133(x10) g_ns/g_walls=0.797 Windows=0.00080 Doors=0.00009 IC=0.00000 CO2_BC=0.00014 LR=4.17e-04 nu=0.01 NSraw=0.107 alpha(W1/W8/all)=0.59/0.39/0.48 | 0.82 it/s
[Iter 16620/20000] Total=0.32338 | NS=0.31191 CO2(scaled)=0.00116 CO2_weight=1.00 guide_w=3.27 Walls=0.00090(x10) g_ns/g_walls=0.797 Windows=0.00110 Doors=0.00009 IC=0.00000 CO2_BC=0.00011 LR=4.17e-04 nu=0.01 NSraw=14 alpha(W1/W8/all)=0.59/0.39/0.48 | 0.82 it/s
[Iter 16630/20000] Total=0.04032 | NS=0.03283 CO2(scaled)=0.00097 CO2_weight=1.00 guide_w=3.27 Walls=0.00054(x10) g_ns/g_walls=0.797 Windows=0.00091 Doors=0.00007 IC=0.00000 CO2_BC=0.00010 LR=4.16e-04 nu=0.01 NSraw=0.08211 alpha(W1/W8/all)=0.59/0.39/0.48 | 0.82 it/s
[Iter 16640/20000] Total=0.39883 | NS=0.39069 CO2(scaled)=0.00126 CO2_weight=1.00 guide_w=3.27 Walls=0.00059(x10) g_ns/g_walls=0.797 Windows=0.00085 Doors=0.00007 IC=0.00000 CO2_BC=0.00011 LR=4.16e-04 nu=0.01 NSraw=15.85 alpha(W1/W8/all)=0.59/0.39/0.48 | 0.82 it/s
[Iter 16650/20000] Total=0.09966 | NS=0.09101 CO2(scaled)=0.00119 CO2_weight=1.00 guide_w=3.27 Walls=0.00065(x10) g_ns/g_walls=0.797 Windows=0.00084 Doors=0.00007 IC=0.00000 CO2_BC=0.00008 LR=4.16e-04 nu=0.01 NSraw=0.3998 alpha(W1/W8/all)=0.59/0.39/0.48 | 0.82 it/s
[Iter 16660/20000] Total=0.09113 | NS=0.06581 CO2(scaled)=0.00283 CO2_weight=1.00 guide_w=3.27 Walls=0.00204(x10) g_ns/g_walls=0.797 Windows=0.00195 Doors=0.00006 IC=0.00000 CO2_BC=0.00009 LR=4.16e-04 nu=0.01 NSraw=0.2303 alpha(W1/W8/all)=0.59/0.39/0.48 | 0.82 it/s
[Iter 16670/20000] Total=0.13020 | NS=0.12282 CO2(scaled)=0.00097 CO2_weight=1.00 guide_w=3.27 Walls=0.00052(x10) g_ns/g_walls=0.797 Windows=0.00101 Doors=0.00008 IC=0.00000 CO2_BC=0.00011 LR=4.16e-04 nu=0.01 NSraw=1.084 alpha(W1/W8/all)=0.59/0.39/0.48 | 0.82 it/s
[Iter 16680/20000] Total=0.12933 | NS=0.09591 CO2(scaled)=0.00090 CO2_weight=1.00 guide_w=3.27 Walls=0.00295(x10) g_ns/g_walls=0.797 Windows=0.00282 Doors=0.00006 IC=0.00000 CO2_BC=0.00011 LR=4.15e-04 nu=0.01 NSraw=0.3309 alpha(W1/W8/all)=0.59/0.39/0.48 | 0.82 it/s
[Iter 16690/20000] Total=0.07991 | NS=0.07191 CO2(scaled)=0.00252 CO2_weight=1.00 guide_w=3.27 Walls=0.00047(x10) g_ns/g_walls=0.797 Windows=0.00065 Doors=0.00005 IC=0.00000 CO2_BC=0.00011 LR=4.15e-04 nu=0.01 NSraw=0.3004 alpha(W1/W8/all)=0.59/0.39/0.48 | 0.82 it/s
[Iter 16700/20000] Total=0.08027 | NS=0.07266 CO2(scaled)=0.00095 CO2_weight=1.00 guide_w=1.64 Walls=0.00058(x10) g_ns/g_walls=0.243 Windows=0.00067 Doors=0.00005 IC=0.00000 CO2_BC=0.00014 LR=4.15e-04 nu=0.01 NSraw=0.2279 alpha(W1/W8/all)=0.59/0.39/0.48 | 0.82 it/s
[Iter 16710/20000] Total=0.23325 | NS=0.22529 CO2(scaled)=0.00099 CO2_weight=1.00 guide_w=1.64 Walls=0.00062(x10) g_ns/g_walls=0.243 Windows=0.00061 Doors=0.00009 IC=0.00000 CO2_BC=0.00008 LR=4.15e-04 nu=0.01 NSraw=7.69 alpha(W1/W8/all)=0.59/0.39/0.48 | 0.82 it/s
[Iter 16720/20000] Total=0.12524 | NS=0.11196 CO2(scaled)=0.00211 CO2_weight=1.00 guide_w=1.64 Walls=0.00098(x10) g_ns/g_walls=0.243 Windows=0.00118 Doors=0.00006 IC=0.00000 CO2_BC=0.00015 LR=4.14e-04 nu=0.01 NSraw=0.5062 alpha(W1/W8/all)=0.59/0.39/0.48 | 0.82 it/s
[Iter 16730/20000] Total=0.10786 | NS=0.09589 CO2(scaled)=0.00214 CO2_weight=1.00 guide_w=1.64 Walls=0.00086(x10) g_ns/g_walls=0.243 Windows=0.00100 Doors=0.00006 IC=0.00000 CO2_BC=0.00016 LR=4.14e-04 nu=0.01 NSraw=0.701 alpha(W1/W8/all)=0.59/0.39/0.48 | 0.82 it/s
[Iter 16740/20000] Total=0.08270 | NS=0.06112 CO2(scaled)=0.00279 CO2_weight=1.00 guide_w=1.64 Walls=0.00164(x10) g_ns/g_walls=0.243 Windows=0.00212 Doors=0.00007 IC=0.00000 CO2_BC=0.00016 LR=4.14e-04 nu=0.01 NSraw=0.2891 alpha(W1/W8/all)=0.59/0.39/0.48 | 0.82 it/s
[Iter 16750/20000] Total=0.10478 | NS=0.09364 CO2(scaled)=0.00193 CO2_weight=1.00 guide_w=1.64 Walls=0.00081(x10) g_ns/g_walls=0.243 Windows=0.00093 Doors=0.00006 IC=0.00000 CO2_BC=0.00015 LR=4.14e-04 nu=0.01 NSraw=0.3188 alpha(W1/W8/all)=0.59/0.39/0.48 | 0.82 it/s
[Iter 16760/20000] Total=0.10223 | NS=0.08713 CO2(scaled)=0.00262 CO2_weight=1.00 guide_w=1.64 Walls=0.00108(x10) g_ns/g_walls=0.243 Windows=0.00153 Doors=0.00006 IC=0.00000 CO2_BC=0.00011 LR=4.14e-04 nu=0.01 NSraw=0.3592 alpha(W1/W8/all)=0.59/0.39/0.48 | 0.82 it/s
[Iter 16770/20000] Total=0.08298 | NS=0.06602 CO2(scaled)=0.00158 CO2_weight=1.00 guide_w=1.64 Walls=0.00140(x10) g_ns/g_walls=0.243 Windows=0.00123 Doors=0.00005 IC=0.00000 CO2_BC=0.00011 LR=4.13e-04 nu=0.01 NSraw=0.2891 alpha(W1/W8/all)=0.59/0.39/0.48 | 0.82 it/s
[Iter 16780/20000] Total=0.03898 | NS=0.03185 CO2(scaled)=0.00096 CO2_weight=1.00 guide_w=1.64 Walls=0.00050(x10) g_ns/g_walls=0.243 Windows=0.00096 Doors=0.00006 IC=0.00000 CO2_BC=0.00010 LR=4.13e-04 nu=0.01 NSraw=0.05478 alpha(W1/W8/all)=0.59/0.39/0.48 | 0.82 it/s
[Iter 16790/20000] Total=0.06550 | NS=0.04257 CO2(scaled)=0.00136 CO2_weight=1.00 guide_w=1.64 Walls=0.00204(x10) g_ns/g_walls=0.243 Windows=0.00106 Doors=0.00007 IC=0.00000 CO2_BC=0.00008 LR=4.13e-04 nu=0.01 NSraw=0.09828 alpha(W1/W8/all)=0.59/0.39/0.48 | 0.82 it/s
[Iter 16800/20000] Total=0.14768 | NS=0.13580 CO2(scaled)=0.00134 CO2_weight=1.00 guide_w=11.6 Walls=0.00096(x10) g_ns/g_walls=5.18 Windows=0.00073 Doors=0.00006 IC=0.00000 CO2_BC=0.00013 LR=4.13e-04 nu=0.01 NSraw=2.092 alpha(W1/W8/all)=0.59/0.39/0.48 | 0.82 it/s
[Iter 16810/20000] Total=0.17376 | NS=0.14860 CO2(scaled)=0.00100 CO2_weight=1.00 guide_w=11.6 Walls=0.00214(x10) g_ns/g_walls=5.18 Windows=0.00249 Doors=0.00011 IC=0.00000 CO2_BC=0.00012 LR=4.12e-04 nu=0.01 NSraw=0.7252 alpha(W1/W8/all)=0.59/0.39/0.48 | 0.82 it/s
[Iter 16820/20000] Total=0.07287 | NS=0.06261 CO2(scaled)=0.00219 CO2_weight=1.00 guide_w=11.6 Walls=0.00068(x10) g_ns/g_walls=5.18 Windows=0.00114 Doors=0.00006 IC=0.00000 CO2_BC=0.00009 LR=4.12e-04 nu=0.01 NSraw=0.2113 alpha(W1/W8/all)=0.59/0.39/0.48 | 0.82 it/s
[Iter 16830/20000] Total=0.04039 | NS=0.03136 CO2(scaled)=0.00141 CO2_weight=1.00 guide_w=11.6 Walls=0.00066(x10) g_ns/g_walls=5.18 Windows=0.00089 Doors=0.00005 IC=0.00000 CO2_BC=0.00010 LR=4.12e-04 nu=0.01 NSraw=0.05461 alpha(W1/W8/all)=0.59/0.39/0.48 | 0.82 it/s
[Iter 16840/20000] Total=0.04205 | NS=0.03128 CO2(scaled)=0.00140 CO2_weight=1.00 guide_w=11.6 Walls=0.00082(x10) g_ns/g_walls=5.18 Windows=0.00101 Doors=0.00005 IC=0.00000 CO2_BC=0.00010 LR=4.12e-04 nu=0.01 NSraw=0.06868 alpha(W1/W8/all)=0.59/0.39/0.48 | 0.82 it/s
[Iter 16850/20000] Total=0.29756 | NS=0.28925 CO2(scaled)=0.00108 CO2_weight=1.00 guide_w=11.6 Walls=0.00065(x10) g_ns/g_walls=5.18 Windows=0.00060 Doors=0.00005 IC=0.00000 CO2_BC=0.00012 LR=4.12e-04 nu=0.01 NSraw=11.2 alpha(W1/W8/all)=0.59/0.39/0.48 | 0.82 it/s
[Iter 16860/20000] Total=0.06428 | NS=0.05068 CO2(scaled)=0.00093 CO2_weight=1.00 guide_w=11.6 Walls=0.00117(x10) g_ns/g_walls=5.18 Windows=0.00083 Doors=0.00006 IC=0.00000 CO2_BC=0.00010 LR=4.11e-04 nu=0.01 NSraw=0.1093 alpha(W1/W8/all)=0.59/0.39/0.48 | 0.82 it/s
[Iter 16870/20000] Total=0.08138 | NS=0.07504 CO2(scaled)=0.00098 CO2_weight=1.00 guide_w=11.6 Walls=0.00045(x10) g_ns/g_walls=5.18 Windows=0.00070 Doors=0.00004 IC=0.00000 CO2_BC=0.00008 LR=4.11e-04 nu=0.01 NSraw=0.3347 alpha(W1/W8/all)=0.59/0.39/0.48 | 0.82 it/s
[Iter 16880/20000] Total=0.17793 | NS=0.15647 CO2(scaled)=0.00251 CO2_weight=1.00 guide_w=11.6 Walls=0.00169(x10) g_ns/g_walls=5.18 Windows=0.00187 Doors=0.00005 IC=0.00000 CO2_BC=0.00009 LR=4.11e-04 nu=0.01 NSraw=3.024 alpha(W1/W8/all)=0.59/0.39/0.48 | 0.82 it/s
[Iter 16890/20000] Total=0.10052 | NS=0.08985 CO2(scaled)=0.00144 CO2_weight=1.00 guide_w=11.6 Walls=0.00076(x10) g_ns/g_walls=5.18 Windows=0.00146 Doors=0.00009 IC=0.00000 CO2_BC=0.00012 LR=4.11e-04 nu=0.01 NSraw=0.602 alpha(W1/W8/all)=0.59/0.39/0.48 | 0.82 it/s
[Iter 16900/20000] Total=0.06275 | NS=0.04382 CO2(scaled)=0.00187 CO2_weight=1.00 guide_w=1.01 Walls=0.00157(x10) g_ns/g_walls=0.279 Windows=0.00115 Doors=0.00008 IC=0.00000 CO2_BC=0.00010 LR=4.11e-04 nu=0.01 NSraw=0.0926 alpha(W1/W8/all)=0.59/0.39/0.48 | 0.82 it/s
[Iter 16910/20000] Total=0.11346 | NS=0.07543 CO2(scaled)=0.00136 CO2_weight=1.00 guide_w=1.01 Walls=0.00337(x10) g_ns/g_walls=0.279 Windows=0.00282 Doors=0.00007 IC=0.00000 CO2_BC=0.00009 LR=4.10e-04 nu=0.01 NSraw=0.2429 alpha(W1/W8/all)=0.59/0.39/0.48 | 0.82 it/s
[Iter 16920/20000] Total=0.07807 | NS=0.05395 CO2(scaled)=0.00146 CO2_weight=1.00 guide_w=1.01 Walls=0.00216(x10) g_ns/g_walls=0.279 Windows=0.00088 Doors=0.00006 IC=0.00000 CO2_BC=0.00009 LR=4.10e-04 nu=0.01 NSraw=0.138 alpha(W1/W8/all)=0.59/0.39/0.48 | 0.82 it/s
[Iter 16930/20000] Total=0.08447 | NS=0.07288 CO2(scaled)=0.00120 CO2_weight=1.00 guide_w=1.01 Walls=0.00093(x10) g_ns/g_walls=0.279 Windows=0.00095 Doors=0.00004 IC=0.00000 CO2_BC=0.00010 LR=4.10e-04 nu=0.01 NSraw=0.1831 alpha(W1/W8/all)=0.59/0.39/0.48 | 0.82 it/s
[Iter 16940/20000] Total=0.14682 | NS=0.13063 CO2(scaled)=0.00125 CO2_weight=1.00 guide_w=1.01 Walls=0.00138(x10) g_ns/g_walls=0.279 Windows=0.00094 Doors=0.00008 IC=0.00000 CO2_BC=0.00009 LR=4.10e-04 nu=0.01 NSraw=2.401 alpha(W1/W8/all)=0.59/0.39/0.48 | 0.82 it/s
[Iter 16950/20000] Total=0.06231 | NS=0.04971 CO2(scaled)=0.00097 CO2_weight=1.00 guide_w=1.01 Walls=0.00109(x10) g_ns/g_walls=0.279 Windows=0.00058 Doors=0.00005 IC=0.00000 CO2_BC=0.00008 LR=4.09e-04 nu=0.01 NSraw=0.2181 alpha(W1/W8/all)=0.59/0.39/0.48 | 0.82 it/s
[Iter 16960/20000] Total=0.04032 | NS=0.03482 CO2(scaled)=0.00097 CO2_weight=1.00 guide_w=1.01 Walls=0.00039(x10) g_ns/g_walls=0.279 Windows=0.00053 Doors=0.00007 IC=0.00000 CO2_BC=0.00007 LR=4.09e-04 nu=0.01 NSraw=0.0685 alpha(W1/W8/all)=0.59/0.39/0.48 | 0.82 it/s
[Iter 16970/20000] Total=0.31480 | NS=0.30443 CO2(scaled)=0.00264 CO2_weight=1.00 guide_w=1.01 Walls=0.00068(x10) g_ns/g_walls=0.279 Windows=0.00083 Doors=0.00005 IC=0.00000 CO2_BC=0.00009 LR=4.09e-04 nu=0.01 NSraw=13.96 alpha(W1/W8/all)=0.59/0.39/0.48 | 0.82 it/s
[Iter 16980/20000] Total=0.34469 | NS=0.33924 CO2(scaled)=0.00091 CO2_weight=1.00 guide_w=1.01 Walls=0.00038(x10) g_ns/g_walls=0.279 Windows=0.00058 Doors=0.00005 IC=0.00000 CO2_BC=0.00010 LR=4.09e-04 nu=0.01 NSraw=20.56 alpha(W1/W8/all)=0.59/0.39/0.48 | 0.82 it/s
[Iter 16990/20000] Total=0.06418 | NS=0.05911 CO2(scaled)=0.00089 CO2_weight=1.00 guide_w=1.01 Walls=0.00031(x10) g_ns/g_walls=0.279 Windows=0.00080 Doors=0.00004 IC=0.00000 CO2_BC=0.00021 LR=4.09e-04 nu=0.01 NSraw=0.1345 alpha(W1/W8/all)=0.59/0.39/0.48 | 0.82 it/s
[Iter 17000/20000] Total=0.07844 | NS=0.06241 CO2(scaled)=0.00153 CO2_weight=1.00 guide_w=2.8 Walls=0.00122(x10) g_ns/g_walls=0.459 Windows=0.00215 Doors=0.00005 IC=0.00000 CO2_BC=0.00009 LR=4.08e-04 nu=0.01 NSraw=0.2546 alpha(W1/W8/all)=0.59/0.39/0.48 | 0.82 it/s
  -> saved checkpoint: /home/iai-labor/BuildingControlCFD/experiments/gnot/checkpoints/v24_fixedalpha/gnot_v24_fixedalpha_iter17000.pth
[Iter 17010/20000] Total=0.07416 | NS=0.06645 CO2(scaled)=0.00123 CO2_weight=1.00 guide_w=2.8 Walls=0.00055(x10) g_ns/g_walls=0.459 Windows=0.00077 Doors=0.00007 IC=0.00000 CO2_BC=0.00010 LR=4.08e-04 nu=0.01 NSraw=0.2773 alpha(W1/W8/all)=0.59/0.39/0.48 | 0.82 it/s
[Iter 17020/20000] Total=0.06073 | NS=0.04856 CO2(scaled)=0.00096 CO2_weight=1.00 guide_w=2.8 Walls=0.00102(x10) g_ns/g_walls=0.459 Windows=0.00087 Doors=0.00005 IC=0.00000 CO2_BC=0.00007 LR=4.08e-04 nu=0.01 NSraw=0.2397 alpha(W1/W8/all)=0.59/0.39/0.48 | 0.82 it/s
[Iter 17030/20000] Total=0.11848 | NS=0.10383 CO2(scaled)=0.00144 CO2_weight=1.00 guide_w=2.8 Walls=0.00122(x10) g_ns/g_walls=0.459 Windows=0.00088 Doors=0.00005 IC=0.00000 CO2_BC=0.00010 LR=4.08e-04 nu=0.01 NSraw=0.4542 alpha(W1/W8/all)=0.59/0.39/0.48 | 0.82 it/s
[Iter 17040/20000] Total=0.04707 | NS=0.03967 CO2(scaled)=0.00157 CO2_weight=1.00 guide_w=2.8 Walls=0.00048(x10) g_ns/g_walls=0.459 Windows=0.00092 Doors=0.00003 IC=0.00000 CO2_BC=0.00008 LR=4.08e-04 nu=0.01 NSraw=0.06763 alpha(W1/W8/all)=0.59/0.39/0.48 | 0.82 it/s
[Iter 17050/20000] Total=0.09517 | NS=0.08148 CO2(scaled)=0.00106 CO2_weight=1.00 guide_w=2.8 Walls=0.00113(x10) g_ns/g_walls=0.459 Windows=0.00114 Doors=0.00004 IC=0.00000 CO2_BC=0.00010 LR=4.07e-04 nu=0.01 NSraw=0.3095 alpha(W1/W8/all)=0.59/0.39/0.48 | 0.82 it/s
[Iter 17060/20000] Total=0.08520 | NS=0.07329 CO2(scaled)=0.00164 CO2_weight=1.00 guide_w=2.8 Walls=0.00091(x10) g_ns/g_walls=0.459 Windows=0.00099 Doors=0.00004 IC=0.00000 CO2_BC=0.00015 LR=4.07e-04 nu=0.01 NSraw=0.2518 alpha(W1/W8/all)=0.59/0.39/0.48 | 0.82 it/s
[Iter 17070/20000] Total=0.27516 | NS=0.26662 CO2(scaled)=0.00105 CO2_weight=1.00 guide_w=2.8 Walls=0.00068(x10) g_ns/g_walls=0.459 Windows=0.00056 Doors=0.00003 IC=0.00000 CO2_BC=0.00011 LR=4.07e-04 nu=0.01 NSraw=7.475 alpha(W1/W8/all)=0.59/0.39/0.48 | 0.82 it/s
[Iter 17080/20000] Total=0.19233 | NS=0.18142 CO2(scaled)=0.00103 CO2_weight=1.00 guide_w=2.8 Walls=0.00087(x10) g_ns/g_walls=0.459 Windows=0.00110 Doors=0.00005 IC=0.00000 CO2_BC=0.00008 LR=4.07e-04 nu=0.01 NSraw=2.167 alpha(W1/W8/all)=0.59/0.39/0.48 | 0.82 it/s
[Iter 17090/20000] Total=0.08137 | NS=0.06595 CO2(scaled)=0.00126 CO2_weight=1.00 guide_w=2.8 Walls=0.00126(x10) g_ns/g_walls=0.459 Windows=0.00142 Doors=0.00006 IC=0.00000 CO2_BC=0.00009 LR=4.06e-04 nu=0.01 NSraw=0.4417 alpha(W1/W8/all)=0.59/0.39/0.48 | 0.82 it/s
[Iter 17100/20000] Total=0.04085 | NS=0.02864 CO2(scaled)=0.00084 CO2_weight=1.00 guide_w=5.49 Walls=0.00104(x10) g_ns/g_walls=0.102 Windows=0.00081 Doors=0.00009 IC=0.00000 CO2_BC=0.00009 LR=4.06e-04 nu=0.01 NSraw=0.06664 alpha(W1/W8/all)=0.59/0.39/0.48 | 0.82 it/s
[Iter 17110/20000] Total=0.09355 | NS=0.08623 CO2(scaled)=0.00113 CO2_weight=1.00 guide_w=5.49 Walls=0.00053(x10) g_ns/g_walls=0.102 Windows=0.00070 Doors=0.00009 IC=0.00000 CO2_BC=0.00009 LR=4.06e-04 nu=0.01 NSraw=0.4101 alpha(W1/W8/all)=0.59/0.39/0.48 | 0.82 it/s
[Iter 17120/20000] Total=0.05939 | NS=0.04316 CO2(scaled)=0.00136 CO2_weight=1.00 guide_w=5.49 Walls=0.00136(x10) g_ns/g_walls=0.102 Windows=0.00108 Doors=0.00006 IC=0.00000 CO2_BC=0.00010 LR=4.06e-04 nu=0.01 NSraw=0.1026 alpha(W1/W8/all)=0.59/0.39/0.48 | 0.82 it/s
[Iter 17130/20000] Total=0.07247 | NS=0.06718 CO2(scaled)=0.00083 CO2_weight=1.00 guide_w=5.49 Walls=0.00038(x10) g_ns/g_walls=0.102 Windows=0.00053 Doors=0.00004 IC=0.00000 CO2_BC=0.00009 LR=4.06e-04 nu=0.01 NSraw=0.2704 alpha(W1/W8/all)=0.59/0.39/0.48 | 0.82 it/s
[Iter 17140/20000] Total=0.12356 | NS=0.10838 CO2(scaled)=0.00136 CO2_weight=1.00 guide_w=5.49 Walls=0.00129(x10) g_ns/g_walls=0.102 Windows=0.00076 Doors=0.00010 IC=0.00000 CO2_BC=0.00009 LR=4.05e-04 nu=0.01 NSraw=0.5441 alpha(W1/W8/all)=0.59/0.39/0.48 | 0.82 it/s
[Iter 17150/20000] Total=0.07524 | NS=0.06964 CO2(scaled)=0.00085 CO2_weight=1.00 guide_w=5.49 Walls=0.00041(x10) g_ns/g_walls=0.102 Windows=0.00045 Doors=0.00008 IC=0.00000 CO2_BC=0.00013 LR=4.05e-04 nu=0.01 NSraw=0.2759 alpha(W1/W8/all)=0.59/0.39/0.48 | 0.82 it/s
[Iter 17160/20000] Total=0.22989 | NS=0.21545 CO2(scaled)=0.00089 CO2_weight=1.00 guide_w=5.49 Walls=0.00127(x10) g_ns/g_walls=0.102 Windows=0.00072 Doors=0.00006 IC=0.00000 CO2_BC=0.00012 LR=4.05e-04 nu=0.01 NSraw=6.965 alpha(W1/W8/all)=0.59/0.39/0.48 | 0.82 it/s
[Iter 17170/20000] Total=0.05448 | NS=0.04706 CO2(scaled)=0.00092 CO2_weight=1.00 guide_w=5.49 Walls=0.00058(x10) g_ns/g_walls=0.102 Windows=0.00053 Doors=0.00006 IC=0.00000 CO2_BC=0.00010 LR=4.05e-04 nu=0.01 NSraw=0.113 alpha(W1/W8/all)=0.59/0.39/0.48 | 0.82 it/s
[Iter 17180/20000] Total=0.06152 | NS=0.05202 CO2(scaled)=0.00150 CO2_weight=1.00 guide_w=5.49 Walls=0.00072(x10) g_ns/g_walls=0.102 Windows=0.00061 Doors=0.00007 IC=0.00000 CO2_BC=0.00010 LR=4.05e-04 nu=0.01 NSraw=0.1892 alpha(W1/W8/all)=0.59/0.39/0.48 | 0.82 it/s
[Iter 17190/20000] Total=0.09806 | NS=0.08875 CO2(scaled)=0.00121 CO2_weight=1.00 guide_w=5.49 Walls=0.00071(x10) g_ns/g_walls=0.102 Windows=0.00081 Doors=0.00005 IC=0.00000 CO2_BC=0.00010 LR=4.04e-04 nu=0.01 NSraw=0.4597 alpha(W1/W8/all)=0.59/0.39/0.48 | 0.82 it/s
[Iter 17200/20000] Total=0.08562 | NS=0.07761 CO2(scaled)=0.00109 CO2_weight=1.00 guide_w=2.89 Walls=0.00062(x10) g_ns/g_walls=0.763 Windows=0.00061 Doors=0.00006 IC=0.00000 CO2_BC=0.00011 LR=4.04e-04 nu=0.01 NSraw=0.2544 alpha(W1/W8/all)=0.59/0.39/0.48 | 0.82 it/s
[Iter 17210/20000] Total=0.03707 | NS=0.02939 CO2(scaled)=0.00123 CO2_weight=1.00 guide_w=2.89 Walls=0.00058(x10) g_ns/g_walls=0.763 Windows=0.00054 Doors=0.00007 IC=0.00000 CO2_BC=0.00006 LR=4.04e-04 nu=0.01 NSraw=0.04949 alpha(W1/W8/all)=0.59/0.39/0.48 | 0.82 it/s
[Iter 17220/20000] Total=0.06377 | NS=0.05506 CO2(scaled)=0.00104 CO2_weight=1.00 guide_w=2.89 Walls=0.00069(x10) g_ns/g_walls=0.763 Windows=0.00058 Doors=0.00007 IC=0.00000 CO2_BC=0.00009 LR=4.04e-04 nu=0.01 NSraw=0.284 alpha(W1/W8/all)=0.59/0.39/0.48 | 0.82 it/s
[Iter 17230/20000] Total=0.07149 | NS=0.06477 CO2(scaled)=0.00125 CO2_weight=1.00 guide_w=2.89 Walls=0.00048(x10) g_ns/g_walls=0.763 Windows=0.00054 Doors=0.00008 IC=0.00000 CO2_BC=0.00010 LR=4.03e-04 nu=0.01 NSraw=0.7105 alpha(W1/W8/all)=0.59/0.39/0.48 | 0.83 it/s
[Iter 17240/20000] Total=0.06623 | NS=0.04929 CO2(scaled)=0.00098 CO2_weight=1.00 guide_w=2.89 Walls=0.00149(x10) g_ns/g_walls=0.763 Windows=0.00081 Doors=0.00011 IC=0.00000 CO2_BC=0.00011 LR=4.03e-04 nu=0.01 NSraw=0.1223 alpha(W1/W8/all)=0.59/0.39/0.48 | 0.83 it/s
[Iter 17250/20000] Total=0.14654 | NS=0.13696 CO2(scaled)=0.00101 CO2_weight=1.00 guide_w=2.89 Walls=0.00075(x10) g_ns/g_walls=0.763 Windows=0.00085 Doors=0.00007 IC=0.00000 CO2_BC=0.00012 LR=4.03e-04 nu=0.01 NSraw=3.346 alpha(W1/W8/all)=0.59/0.39/0.48 | 0.83 it/s
[Iter 17260/20000] Total=0.15693 | NS=0.14834 CO2(scaled)=0.00106 CO2_weight=1.00 guide_w=2.89 Walls=0.00067(x10) g_ns/g_walls=0.763 Windows=0.00073 Doors=0.00007 IC=0.00000 CO2_BC=0.00007 LR=4.03e-04 nu=0.01 NSraw=1.192 alpha(W1/W8/all)=0.59/0.39/0.48 | 0.83 it/s
[Iter 17270/20000] Total=0.16289 | NS=0.15280 CO2(scaled)=0.00122 CO2_weight=1.00 guide_w=2.89 Walls=0.00077(x10) g_ns/g_walls=0.763 Windows=0.00102 Doors=0.00007 IC=0.00000 CO2_BC=0.00008 LR=4.03e-04 nu=0.01 NSraw=0.7045 alpha(W1/W8/all)=0.59/0.39/0.48 | 0.83 it/s
[Iter 17280/20000] Total=0.10562 | NS=0.09093 CO2(scaled)=0.00085 CO2_weight=1.00 guide_w=2.89 Walls=0.00123(x10) g_ns/g_walls=0.763 Windows=0.00138 Doors=0.00009 IC=0.00000 CO2_BC=0.00008 LR=4.02e-04 nu=0.01 NSraw=0.4116 alpha(W1/W8/all)=0.59/0.39/0.48 | 0.83 it/s
[Iter 17290/20000] Total=0.23334 | NS=0.22708 CO2(scaled)=0.00116 CO2_weight=1.00 guide_w=2.89 Walls=0.00044(x10) g_ns/g_walls=0.763 Windows=0.00050 Doors=0.00007 IC=0.00000 CO2_BC=0.00008 LR=4.02e-04 nu=0.01 NSraw=5.073 alpha(W1/W8/all)=0.59/0.39/0.48 | 0.83 it/s
[Iter 17300/20000] Total=0.12265 | NS=0.10809 CO2(scaled)=0.00123 CO2_weight=1.00 guide_w=2.74 Walls=0.00120(x10) g_ns/g_walls=0.35 Windows=0.00109 Doors=0.00012 IC=0.00000 CO2_BC=0.00009 LR=4.02e-04 nu=0.01 NSraw=0.5775 alpha(W1/W8/all)=0.59/0.39/0.48 | 0.83 it/s
[Iter 17310/20000] Total=0.08829 | NS=0.07351 CO2(scaled)=0.00179 CO2_weight=1.00 guide_w=2.74 Walls=0.00121(x10) g_ns/g_walls=0.35 Windows=0.00067 Doors=0.00008 IC=0.00000 CO2_BC=0.00011 LR=4.02e-04 nu=0.01 NSraw=0.3311 alpha(W1/W8/all)=0.59/0.39/0.48 | 0.83 it/s
[Iter 17320/20000] Total=0.15606 | NS=0.13840 CO2(scaled)=0.00114 CO2_weight=1.00 guide_w=2.74 Walls=0.00154(x10) g_ns/g_walls=0.35 Windows=0.00095 Doors=0.00006 IC=0.00000 CO2_BC=0.00009 LR=4.02e-04 nu=0.01 NSraw=0.7351 alpha(W1/W8/all)=0.59/0.39/0.48 | 0.83 it/s
[Iter 17330/20000] Total=0.05619 | NS=0.04786 CO2(scaled)=0.00112 CO2_weight=1.00 guide_w=2.74 Walls=0.00064(x10) g_ns/g_walls=0.35 Windows=0.00051 Doors=0.00012 IC=0.00000 CO2_BC=0.00022 LR=4.01e-04 nu=0.01 NSraw=0.2204 alpha(W1/W8/all)=0.59/0.39/0.48 | 0.83 it/s
[Iter 17340/20000] Total=0.04193 | NS=0.02916 CO2(scaled)=0.00081 CO2_weight=1.00 guide_w=2.74 Walls=0.00112(x10) g_ns/g_walls=0.35 Windows=0.00056 Doors=0.00006 IC=0.00000 CO2_BC=0.00009 LR=4.01e-04 nu=0.01 NSraw=0.07312 alpha(W1/W8/all)=0.59/0.39/0.48 | 0.83 it/s
[Iter 17350/20000] Total=0.07262 | NS=0.05841 CO2(scaled)=0.00128 CO2_weight=1.00 guide_w=2.74 Walls=0.00117(x10) g_ns/g_walls=0.35 Windows=0.00110 Doors=0.00008 IC=0.00000 CO2_BC=0.00009 LR=4.01e-04 nu=0.01 NSraw=0.2306 alpha(W1/W8/all)=0.59/0.39/0.48 | 0.83 it/s
[Iter 17360/20000] Total=0.15115 | NS=0.12368 CO2(scaled)=0.00146 CO2_weight=1.00 guide_w=2.74 Walls=0.00245(x10) g_ns/g_walls=0.35 Windows=0.00137 Doors=0.00007 IC=0.00000 CO2_BC=0.00012 LR=4.01e-04 nu=0.01 NSraw=2.404 alpha(W1/W8/all)=0.59/0.39/0.48 | 0.83 it/s
[Iter 17370/20000] Total=0.06484 | NS=0.05900 CO2(scaled)=0.00090 CO2_weight=1.00 guide_w=2.74 Walls=0.00041(x10) g_ns/g_walls=0.35 Windows=0.00071 Doors=0.00005 IC=0.00000 CO2_BC=0.00012 LR=4.00e-04 nu=0.01 NSraw=0.2339 alpha(W1/W8/all)=0.59/0.39/0.48 | 0.83 it/s
[Iter 17380/20000] Total=0.10027 | NS=0.07460 CO2(scaled)=0.00127 CO2_weight=1.00 guide_w=2.74 Walls=0.00220(x10) g_ns/g_walls=0.35 Windows=0.00225 Doors=0.00007 IC=0.00000 CO2_BC=0.00011 LR=4.00e-04 nu=0.01 NSraw=0.5945 alpha(W1/W8/all)=0.59/0.39/0.48 | 0.83 it/s
[Iter 17390/20000] Total=0.10088 | NS=0.09216 CO2(scaled)=0.00083 CO2_weight=1.00 guide_w=2.74 Walls=0.00069(x10) g_ns/g_walls=0.35 Windows=0.00084 Doors=0.00007 IC=0.00000 CO2_BC=0.00012 LR=4.00e-04 nu=0.01 NSraw=0.6609 alpha(W1/W8/all)=0.59/0.39/0.48 | 0.83 it/s
[Iter 17400/20000] Total=0.05614 | NS=0.04559 CO2(scaled)=0.00171 CO2_weight=1.00 guide_w=12.3 Walls=0.00076(x10) g_ns/g_walls=1.27 Windows=0.00106 Doors=0.00004 IC=0.00000 CO2_BC=0.00014 LR=4.00e-04 nu=0.01 NSraw=0.1108 alpha(W1/W8/all)=0.59/0.39/0.48 | 0.83 it/s
[Iter 17410/20000] Total=0.35066 | NS=0.34097 CO2(scaled)=0.00141 CO2_weight=1.00 guide_w=12.3 Walls=0.00074(x10) g_ns/g_walls=1.27 Windows=0.00074 Doors=0.00005 IC=0.00000 CO2_BC=0.00011 LR=4.00e-04 nu=0.01 NSraw=7.627 alpha(W1/W8/all)=0.59/0.39/0.48 | 0.83 it/s
[Iter 17420/20000] Total=0.07368 | NS=0.06723 CO2(scaled)=0.00102 CO2_weight=1.00 guide_w=12.3 Walls=0.00046(x10) g_ns/g_walls=1.27 Windows=0.00062 Doors=0.00010 IC=0.00000 CO2_BC=0.00015 LR=3.99e-04 nu=0.01 NSraw=0.2866 alpha(W1/W8/all)=0.59/0.39/0.48 | 0.83 it/s
[Iter 17430/20000] Total=0.15133 | NS=0.13813 CO2(scaled)=0.00119 CO2_weight=1.00 guide_w=12.3 Walls=0.00107(x10) g_ns/g_walls=1.27 Windows=0.00109 Doors=0.00011 IC=0.00000 CO2_BC=0.00011 LR=3.99e-04 nu=0.01 NSraw=2.318 alpha(W1/W8/all)=0.59/0.39/0.48 | 0.83 it/s
[Iter 17440/20000] Total=0.23892 | NS=0.22952 CO2(scaled)=0.00111 CO2_weight=1.00 guide_w=12.3 Walls=0.00072(x10) g_ns/g_walls=1.27 Windows=0.00090 Doors=0.00007 IC=0.00000 CO2_BC=0.00011 LR=3.99e-04 nu=0.01 NSraw=5.422 alpha(W1/W8/all)=0.59/0.39/0.48 | 0.83 it/s
[Iter 17450/20000] Total=0.07326 | NS=0.06322 CO2(scaled)=0.00096 CO2_weight=1.00 guide_w=12.3 Walls=0.00084(x10) g_ns/g_walls=1.27 Windows=0.00057 Doors=0.00006 IC=0.00000 CO2_BC=0.00009 LR=3.99e-04 nu=0.01 NSraw=0.2711 alpha(W1/W8/all)=0.59/0.39/0.48 | 0.83 it/s
[Iter 17460/20000] Total=0.04523 | NS=0.03693 CO2(scaled)=0.00076 CO2_weight=1.00 guide_w=12.3 Walls=0.00068(x10) g_ns/g_walls=1.27 Windows=0.00060 Doors=0.00006 IC=0.00000 CO2_BC=0.00007 LR=3.99e-04 nu=0.01 NSraw=0.1045 alpha(W1/W8/all)=0.59/0.39/0.48 | 0.83 it/s
[Iter 17470/20000] Total=0.30489 | NS=0.29380 CO2(scaled)=0.00086 CO2_weight=1.00 guide_w=12.3 Walls=0.00091(x10) g_ns/g_walls=1.27 Windows=0.00090 Doors=0.00015 IC=0.00000 CO2_BC=0.00009 LR=3.98e-04 nu=0.01 NSraw=10.26 alpha(W1/W8/all)=0.59/0.39/0.48 | 0.83 it/s
[Iter 17480/20000] Total=0.10234 | NS=0.08527 CO2(scaled)=0.00182 CO2_weight=1.00 guide_w=12.3 Walls=0.00138(x10) g_ns/g_walls=1.27 Windows=0.00132 Doors=0.00008 IC=0.00000 CO2_BC=0.00008 LR=3.98e-04 nu=0.01 NSraw=0.3088 alpha(W1/W8/all)=0.59/0.39/0.48 | 0.83 it/s
[Iter 17490/20000] Total=0.11472 | NS=0.08256 CO2(scaled)=0.00123 CO2_weight=1.00 guide_w=12.3 Walls=0.00276(x10) g_ns/g_walls=1.27 Windows=0.00310 Doors=0.00010 IC=0.00000 CO2_BC=0.00012 LR=3.98e-04 nu=0.01 NSraw=0.2693 alpha(W1/W8/all)=0.59/0.39/0.48 | 0.83 it/s
[Iter 17500/20000] Total=0.12756 | NS=0.09817 CO2(scaled)=0.00126 CO2_weight=1.00 guide_w=4.07 Walls=0.00253(x10) g_ns/g_walls=0.241 Windows=0.00252 Doors=0.00015 IC=0.00000 CO2_BC=0.00012 LR=3.98e-04 nu=0.01 NSraw=0.3917 alpha(W1/W8/all)=0.59/0.39/0.48 | 0.83 it/s
[Iter 17510/20000] Total=0.31527 | NS=0.29742 CO2(scaled)=0.00135 CO2_weight=1.00 guide_w=4.07 Walls=0.00157(x10) g_ns/g_walls=0.241 Windows=0.00063 Doors=0.00012 IC=0.00000 CO2_BC=0.00010 LR=3.98e-04 nu=0.01 NSraw=7.882 alpha(W1/W8/all)=0.59/0.39/0.48 | 0.83 it/s
[Iter 17520/20000] Total=0.11654 | NS=0.10732 CO2(scaled)=0.00098 CO2_weight=1.00 guide_w=4.07 Walls=0.00073(x10) g_ns/g_walls=0.241 Windows=0.00080 Doors=0.00006 IC=0.00000 CO2_BC=0.00012 LR=3.97e-04 nu=0.01 NSraw=0.5258 alpha(W1/W8/all)=0.59/0.39/0.48 | 0.83 it/s
[Iter 17530/20000] Total=0.09226 | NS=0.07288 CO2(scaled)=0.00226 CO2_weight=1.00 guide_w=4.07 Walls=0.00156(x10) g_ns/g_walls=0.241 Windows=0.00136 Doors=0.00009 IC=0.00000 CO2_BC=0.00011 LR=3.97e-04 nu=0.01 NSraw=0.219 alpha(W1/W8/all)=0.59/0.39/0.48 | 0.83 it/s
[Iter 17540/20000] Total=0.13744 | NS=0.12479 CO2(scaled)=0.00153 CO2_weight=1.00 guide_w=4.07 Walls=0.00099(x10) g_ns/g_walls=0.241 Windows=0.00108 Doors=0.00008 IC=0.00000 CO2_BC=0.00010 LR=3.97e-04 nu=0.01 NSraw=0.7783 alpha(W1/W8/all)=0.59/0.39/0.48 | 0.83 it/s
[Iter 17550/20000] Total=0.05866 | NS=0.04303 CO2(scaled)=0.00247 CO2_weight=1.00 guide_w=4.07 Walls=0.00118(x10) g_ns/g_walls=0.241 Windows=0.00116 Doors=0.00011 IC=0.00000 CO2_BC=0.00008 LR=3.97e-04 nu=0.01 NSraw=0.1155 alpha(W1/W8/all)=0.59/0.39/0.48 | 0.83 it/s
[Iter 17560/20000] Total=0.09550 | NS=0.05847 CO2(scaled)=0.00457 CO2_weight=1.00 guide_w=4.07 Walls=0.00298(x10) g_ns/g_walls=0.241 Windows=0.00242 Doors=0.00012 IC=0.00000 CO2_BC=0.00009 LR=3.97e-04 nu=0.01 NSraw=0.244 alpha(W1/W8/all)=0.59/0.39/0.48 | 0.83 it/s
[Iter 17570/20000] Total=0.34567 | NS=0.33388 CO2(scaled)=0.00166 CO2_weight=1.00 guide_w=4.07 Walls=0.00090(x10) g_ns/g_walls=0.241 Windows=0.00095 Doors=0.00007 IC=0.00000 CO2_BC=0.00009 LR=3.96e-04 nu=0.01 NSraw=12.33 alpha(W1/W8/all)=0.59/0.39/0.48 | 0.83 it/s
[Iter 17580/20000] Total=0.06337 | NS=0.05328 CO2(scaled)=0.00151 CO2_weight=1.00 guide_w=4.07 Walls=0.00077(x10) g_ns/g_walls=0.241 Windows=0.00063 Doors=0.00012 IC=0.00000 CO2_BC=0.00012 LR=3.96e-04 nu=0.01 NSraw=0.1404 alpha(W1/W8/all)=0.59/0.39/0.48 | 0.83 it/s
[Iter 17590/20000] Total=0.08937 | NS=0.06414 CO2(scaled)=0.00125 CO2_weight=1.00 guide_w=4.07 Walls=0.00215(x10) g_ns/g_walls=0.241 Windows=0.00226 Doors=0.00011 IC=0.00000 CO2_BC=0.00011 LR=3.96e-04 nu=0.01 NSraw=0.1558 alpha(W1/W8/all)=0.59/0.39/0.48 | 0.83 it/s
[Iter 17600/20000] Total=0.61795 | NS=0.60539 CO2(scaled)=0.00137 CO2_weight=1.00 guide_w=61.8 Walls=0.00102(x10) g_ns/g_walls=8.09 Windows=0.00090 Doors=0.00004 IC=0.00000 CO2_BC=0.00010 LR=3.96e-04 nu=0.01 NSraw=45.19 alpha(W1/W8/all)=0.59/0.39/0.48 | 0.83 it/s
[Iter 17610/20000] Total=0.07157 | NS=0.04701 CO2(scaled)=0.00105 CO2_weight=1.00 guide_w=61.8 Walls=0.00218(x10) g_ns/g_walls=8.09 Windows=0.00150 Doors=0.00008 IC=0.00000 CO2_BC=0.00013 LR=3.95e-04 nu=0.01 NSraw=0.1651 alpha(W1/W8/all)=0.59/0.39/0.48 | 0.83 it/s
[Iter 17620/20000] Total=0.08724 | NS=0.07872 CO2(scaled)=0.00120 CO2_weight=1.00 guide_w=61.8 Walls=0.00065(x10) g_ns/g_walls=8.09 Windows=0.00065 Doors=0.00008 IC=0.00000 CO2_BC=0.00011 LR=3.95e-04 nu=0.01 NSraw=0.2608 alpha(W1/W8/all)=0.59/0.39/0.48 | 0.83 it/s
[Iter 17630/20000] Total=0.11109 | NS=0.09274 CO2(scaled)=0.00125 CO2_weight=1.00 guide_w=61.8 Walls=0.00156(x10) g_ns/g_walls=8.09 Windows=0.00136 Doors=0.00005 IC=0.00000 CO2_BC=0.00012 LR=3.95e-04 nu=0.01 NSraw=0.509 alpha(W1/W8/all)=0.59/0.39/0.48 | 0.83 it/s
[Iter 17640/20000] Total=0.04410 | NS=0.03724 CO2(scaled)=0.00108 CO2_weight=1.00 guide_w=61.8 Walls=0.00050(x10) g_ns/g_walls=8.09 Windows=0.00058 Doors=0.00007 IC=0.00000 CO2_BC=0.00011 LR=3.95e-04 nu=0.01 NSraw=0.07538 alpha(W1/W8/all)=0.59/0.39/0.48 | 0.83 it/s
[Iter 17650/20000] Total=0.04756 | NS=0.03791 CO2(scaled)=0.00102 CO2_weight=1.00 guide_w=61.8 Walls=0.00079(x10) g_ns/g_walls=8.09 Windows=0.00061 Doors=0.00004 IC=0.00000 CO2_BC=0.00010 LR=3.95e-04 nu=0.01 NSraw=0.1858 alpha(W1/W8/all)=0.59/0.39/0.48 | 0.83 it/s
[Iter 17660/20000] Total=0.06014 | NS=0.04567 CO2(scaled)=0.00146 CO2_weight=1.00 guide_w=61.8 Walls=0.00116(x10) g_ns/g_walls=8.09 Windows=0.00131 Doors=0.00005 IC=0.00000 CO2_BC=0.00008 LR=3.94e-04 nu=0.01 NSraw=0.1432 alpha(W1/W8/all)=0.59/0.39/0.48 | 0.83 it/s
[Iter 17670/20000] Total=0.11376 | NS=0.09950 CO2(scaled)=0.00141 CO2_weight=1.00 guide_w=61.8 Walls=0.00120(x10) g_ns/g_walls=8.09 Windows=0.00076 Doors=0.00004 IC=0.00000 CO2_BC=0.00008 LR=3.94e-04 nu=0.01 NSraw=0.6583 alpha(W1/W8/all)=0.59/0.39/0.48 | 0.83 it/s
[Iter 17680/20000] Total=0.08459 | NS=0.07443 CO2(scaled)=0.00115 CO2_weight=1.00 guide_w=61.8 Walls=0.00076(x10) g_ns/g_walls=8.09 Windows=0.00124 Doors=0.00005 IC=0.00000 CO2_BC=0.00010 LR=3.94e-04 nu=0.01 NSraw=0.3075 alpha(W1/W8/all)=0.59/0.39/0.48 | 0.83 it/s
[Iter 17690/20000] Total=0.15963 | NS=0.13570 CO2(scaled)=0.00181 CO2_weight=1.00 guide_w=61.8 Walls=0.00202(x10) g_ns/g_walls=8.09 Windows=0.00172 Doors=0.00010 IC=0.00000 CO2_BC=0.00012 LR=3.94e-04 nu=0.01 NSraw=1.006 alpha(W1/W8/all)=0.59/0.39/0.48 | 0.83 it/s
[Iter 17700/20000] Total=0.36891 | NS=0.34050 CO2(scaled)=0.00534 CO2_weight=1.00 guide_w=40.6 Walls=0.00208(x10) g_ns/g_walls=10.5 Windows=0.00209 Doors=0.00014 IC=0.00000 CO2_BC=0.00007 LR=3.94e-04 nu=0.01 NSraw=6.64 alpha(W1/W8/all)=0.59/0.39/0.48 | 0.83 it/s
[Iter 17710/20000] Total=0.07870 | NS=0.05900 CO2(scaled)=0.00274 CO2_weight=1.00 guide_w=40.6 Walls=0.00153(x10) g_ns/g_walls=10.5 Windows=0.00146 Doors=0.00007 IC=0.00000 CO2_BC=0.00010 LR=3.93e-04 nu=0.01 NSraw=0.1566 alpha(W1/W8/all)=0.59/0.39/0.48 | 0.83 it/s
[Iter 17720/20000] Total=0.14212 | NS=0.12839 CO2(scaled)=0.00123 CO2_weight=1.00 guide_w=40.6 Walls=0.00114(x10) g_ns/g_walls=10.5 Windows=0.00092 Doors=0.00007 IC=0.00000 CO2_BC=0.00012 LR=3.93e-04 nu=0.01 NSraw=1.346 alpha(W1/W8/all)=0.59/0.39/0.48 | 0.83 it/s
[Iter 17730/20000] Total=0.06761 | NS=0.05746 CO2(scaled)=0.00120 CO2_weight=1.00 guide_w=40.6 Walls=0.00079(x10) g_ns/g_walls=10.5 Windows=0.00088 Doors=0.00006 IC=0.00000 CO2_BC=0.00010 LR=3.93e-04 nu=0.01 NSraw=0.2388 alpha(W1/W8/all)=0.59/0.39/0.48 | 0.83 it/s
[Iter 17740/20000] Total=0.12395 | NS=0.10772 CO2(scaled)=0.00115 CO2_weight=1.00 guide_w=40.6 Walls=0.00142(x10) g_ns/g_walls=10.5 Windows=0.00072 Doors=0.00007 IC=0.00000 CO2_BC=0.00010 LR=3.93e-04 nu=0.01 NSraw=0.6497 alpha(W1/W8/all)=0.59/0.39/0.48 | 0.83 it/s
[Iter 17750/20000] Total=0.05790 | NS=0.05169 CO2(scaled)=0.00100 CO2_weight=1.00 guide_w=40.6 Walls=0.00042(x10) g_ns/g_walls=10.5 Windows=0.00083 Doors=0.00009 IC=0.00000 CO2_BC=0.00011 LR=3.93e-04 nu=0.01 NSraw=0.1586 alpha(W1/W8/all)=0.59/0.39/0.48 | 0.83 it/s
[Iter 17760/20000] Total=0.16204 | NS=0.15229 CO2(scaled)=0.00087 CO2_weight=1.00 guide_w=40.6 Walls=0.00079(x10) g_ns/g_walls=10.5 Windows=0.00085 Doors=0.00006 IC=0.00000 CO2_BC=0.00011 LR=3.92e-04 nu=0.01 NSraw=1.774 alpha(W1/W8/all)=0.59/0.39/0.48 | 0.83 it/s
[Iter 17770/20000] Total=0.10606 | NS=0.09830 CO2(scaled)=0.00107 CO2_weight=1.00 guide_w=40.6 Walls=0.00057(x10) g_ns/g_walls=10.5 Windows=0.00083 Doors=0.00008 IC=0.00000 CO2_BC=0.00009 LR=3.92e-04 nu=0.01 NSraw=0.7849 alpha(W1/W8/all)=0.59/0.39/0.48 | 0.83 it/s
[Iter 17780/20000] Total=0.13389 | NS=0.11694 CO2(scaled)=0.00109 CO2_weight=1.00 guide_w=40.6 Walls=0.00140(x10) g_ns/g_walls=10.5 Windows=0.00169 Doors=0.00006 IC=0.00000 CO2_BC=0.00007 LR=3.92e-04 nu=0.01 NSraw=0.6629 alpha(W1/W8/all)=0.59/0.39/0.48 | 0.83 it/s
[Iter 17790/20000] Total=0.13878 | NS=0.11750 CO2(scaled)=0.00162 CO2_weight=1.00 guide_w=40.6 Walls=0.00181(x10) g_ns/g_walls=10.5 Windows=0.00144 Doors=0.00006 IC=0.00000 CO2_BC=0.00007 LR=3.92e-04 nu=0.01 NSraw=0.9093 alpha(W1/W8/all)=0.59/0.39/0.48 | 0.83 it/s
[Iter 17800/20000] Total=0.07817 | NS=0.06910 CO2(scaled)=0.00158 CO2_weight=1.00 guide_w=3.8 Walls=0.00064(x10) g_ns/g_walls=1.1 Windows=0.00096 Doors=0.00006 IC=0.00000 CO2_BC=0.00009 LR=3.92e-04 nu=0.01 NSraw=0.5358 alpha(W1/W8/all)=0.59/0.39/0.48 | 0.83 it/s
[Iter 17810/20000] Total=0.14421 | NS=0.13383 CO2(scaled)=0.00399 CO2_weight=1.00 guide_w=3.8 Walls=0.00055(x10) g_ns/g_walls=1.1 Windows=0.00067 Doors=0.00011 IC=0.00000 CO2_BC=0.00009 LR=3.91e-04 nu=0.01 NSraw=2.202 alpha(W1/W8/all)=0.59/0.39/0.48 | 0.83 it/s
[Iter 17820/20000] Total=0.11623 | NS=0.10094 CO2(scaled)=0.00235 CO2_weight=1.00 guide_w=3.8 Walls=0.00116(x10) g_ns/g_walls=1.1 Windows=0.00104 Doors=0.00008 IC=0.00000 CO2_BC=0.00018 LR=3.91e-04 nu=0.01 NSraw=0.325 alpha(W1/W8/all)=0.59/0.39/0.48 | 0.83 it/s
[Iter 17830/20000] Total=0.06122 | NS=0.03520 CO2(scaled)=0.00339 CO2_weight=1.00 guide_w=3.8 Walls=0.00203(x10) g_ns/g_walls=1.1 Windows=0.00217 Doors=0.00008 IC=0.00000 CO2_BC=0.00008 LR=3.91e-04 nu=0.01 NSraw=0.08121 alpha(W1/W8/all)=0.59/0.39/0.48 | 0.83 it/s
[Iter 17840/20000] Total=0.18564 | NS=0.14586 CO2(scaled)=0.00112 CO2_weight=1.00 guide_w=3.8 Walls=0.00357(x10) g_ns/g_walls=1.1 Windows=0.00283 Doors=0.00011 IC=0.00000 CO2_BC=0.00008 LR=3.91e-04 nu=0.01 NSraw=0.9551 alpha(W1/W8/all)=0.59/0.39/0.48 | 0.83 it/s
[Iter 17850/20000] Total=0.10303 | NS=0.08735 CO2(scaled)=0.00188 CO2_weight=1.00 guide_w=3.8 Walls=0.00126(x10) g_ns/g_walls=1.1 Windows=0.00094 Doors=0.00011 IC=0.00000 CO2_BC=0.00011 LR=3.90e-04 nu=0.01 NSraw=0.2949 alpha(W1/W8/all)=0.59/0.39/0.48 | 0.83 it/s
[Iter 17860/20000] Total=0.10698 | NS=0.08884 CO2(scaled)=0.00183 CO2_weight=1.00 guide_w=3.8 Walls=0.00148(x10) g_ns/g_walls=1.1 Windows=0.00136 Doors=0.00007 IC=0.00000 CO2_BC=0.00010 LR=3.90e-04 nu=0.01 NSraw=0.3802 alpha(W1/W8/all)=0.59/0.39/0.48 | 0.83 it/s
[Iter 17870/20000] Total=0.05045 | NS=0.03953 CO2(scaled)=0.00091 CO2_weight=1.00 guide_w=3.8 Walls=0.00084(x10) g_ns/g_walls=1.1 Windows=0.00150 Doors=0.00005 IC=0.00000 CO2_BC=0.00010 LR=3.90e-04 nu=0.01 NSraw=0.081 alpha(W1/W8/all)=0.59/0.39/0.48 | 0.83 it/s
[Iter 17880/20000] Total=0.05506 | NS=0.04387 CO2(scaled)=0.00188 CO2_weight=1.00 guide_w=3.8 Walls=0.00079(x10) g_ns/g_walls=1.1 Windows=0.00118 Doors=0.00008 IC=0.00000 CO2_BC=0.00015 LR=3.90e-04 nu=0.01 NSraw=0.1178 alpha(W1/W8/all)=0.59/0.39/0.48 | 0.83 it/s
[Iter 17890/20000] Total=0.07573 | NS=0.06407 CO2(scaled)=0.00132 CO2_weight=1.00 guide_w=3.8 Walls=0.00091(x10) g_ns/g_walls=1.1 Windows=0.00097 Doors=0.00009 IC=0.00000 CO2_BC=0.00017 LR=3.90e-04 nu=0.01 NSraw=0.1839 alpha(W1/W8/all)=0.59/0.39/0.48 | 0.83 it/s
[Iter 17900/20000] Total=0.08798 | NS=0.07510 CO2(scaled)=0.00127 CO2_weight=1.00 guide_w=6.71 Walls=0.00103(x10) g_ns/g_walls=0.495 Windows=0.00115 Doors=0.00010 IC=0.00000 CO2_BC=0.00010 LR=3.89e-04 nu=0.01 NSraw=0.3713 alpha(W1/W8/all)=0.59/0.39/0.48 | 0.83 it/s
[Iter 17910/20000] Total=0.12992 | NS=0.11856 CO2(scaled)=0.00213 CO2_weight=1.00 guide_w=6.71 Walls=0.00078(x10) g_ns/g_walls=0.495 Windows=0.00098 Doors=0.00025 IC=0.00000 CO2_BC=0.00016 LR=3.89e-04 nu=0.01 NSraw=0.9896 alpha(W1/W8/all)=0.59/0.39/0.48 | 0.83 it/s
[Iter 17920/20000] Total=0.05299 | NS=0.04483 CO2(scaled)=0.00127 CO2_weight=1.00 guide_w=6.71 Walls=0.00057(x10) g_ns/g_walls=0.495 Windows=0.00087 Doors=0.00017 IC=0.00000 CO2_BC=0.00011 LR=3.89e-04 nu=0.01 NSraw=0.1259 alpha(W1/W8/all)=0.59/0.39/0.48 | 0.83 it/s
[Iter 17930/20000] Total=0.12391 | NS=0.11546 CO2(scaled)=0.00127 CO2_weight=1.00 guide_w=6.71 Walls=0.00062(x10) g_ns/g_walls=0.495 Windows=0.00078 Doors=0.00012 IC=0.00000 CO2_BC=0.00009 LR=3.89e-04 nu=0.01 NSraw=0.4866 alpha(W1/W8/all)=0.59/0.39/0.48 | 0.83 it/s
[Iter 17940/20000] Total=0.10214 | NS=0.08790 CO2(scaled)=0.00108 CO2_weight=1.00 guide_w=6.71 Walls=0.00118(x10) g_ns/g_walls=0.495 Windows=0.00117 Doors=0.00012 IC=0.00000 CO2_BC=0.00010 LR=3.89e-04 nu=0.01 NSraw=0.4296 alpha(W1/W8/all)=0.59/0.39/0.48 | 0.83 it/s
[Iter 17950/20000] Total=0.07449 | NS=0.06405 CO2(scaled)=0.00106 CO2_weight=1.00 guide_w=6.71 Walls=0.00079(x10) g_ns/g_walls=0.495 Windows=0.00112 Doors=0.00014 IC=0.00000 CO2_BC=0.00020 LR=3.88e-04 nu=0.01 NSraw=0.2584 alpha(W1/W8/all)=0.59/0.39/0.48 | 0.83 it/s
[Iter 17960/20000] Total=0.05943 | NS=0.04864 CO2(scaled)=0.00185 CO2_weight=1.00 guide_w=6.71 Walls=0.00075(x10) g_ns/g_walls=0.495 Windows=0.00111 Doors=0.00014 IC=0.00000 CO2_BC=0.00015 LR=3.88e-04 nu=0.01 NSraw=0.1224 alpha(W1/W8/all)=0.59/0.39/0.48 | 0.83 it/s
[Iter 17970/20000] Total=0.11730 | NS=0.10748 CO2(scaled)=0.00111 CO2_weight=1.00 guide_w=6.71 Walls=0.00076(x10) g_ns/g_walls=0.495 Windows=0.00089 Doors=0.00009 IC=0.00000 CO2_BC=0.00012 LR=3.88e-04 nu=0.01 NSraw=0.8343 alpha(W1/W8/all)=0.59/0.39/0.48 | 0.83 it/s
[Iter 17980/20000] Total=0.06256 | NS=0.04477 CO2(scaled)=0.00111 CO2_weight=1.00 guide_w=6.71 Walls=0.00143(x10) g_ns/g_walls=0.495 Windows=0.00215 Doors=0.00012 IC=0.00000 CO2_BC=0.00014 LR=3.88e-04 nu=0.01 NSraw=0.1273 alpha(W1/W8/all)=0.59/0.39/0.48 | 0.83 it/s
[Iter 17990/20000] Total=0.08214 | NS=0.07500 CO2(scaled)=0.00125 CO2_weight=1.00 guide_w=6.71 Walls=0.00052(x10) g_ns/g_walls=0.495 Windows=0.00050 Doors=0.00008 IC=0.00000 CO2_BC=0.00013 LR=3.88e-04 nu=0.01 NSraw=0.2482 alpha(W1/W8/all)=0.59/0.39/0.48 | 0.83 it/s
[Iter 18000/20000] Total=0.05668 | NS=0.03606 CO2(scaled)=0.00109 CO2_weight=1.00 guide_w=5.03 Walls=0.00173(x10) g_ns/g_walls=0.161 Windows=0.00202 Doors=0.00008 IC=0.00000 CO2_BC=0.00018 LR=3.87e-04 nu=0.01 NSraw=0.06736 alpha(W1/W8/all)=0.59/0.39/0.48 | 0.83 it/s
  -> saved checkpoint: /home/iai-labor/BuildingControlCFD/experiments/gnot/checkpoints/v24_fixedalpha/gnot_v24_fixedalpha_iter18000.pth
[Iter 18010/20000] Total=0.06547 | NS=0.05169 CO2(scaled)=0.00219 CO2_weight=1.00 guide_w=5.03 Walls=0.00104(x10) g_ns/g_walls=0.161 Windows=0.00087 Doors=0.00009 IC=0.00000 CO2_BC=0.00020 LR=3.87e-04 nu=0.01 NSraw=0.1229 alpha(W1/W8/all)=0.59/0.39/0.48 | 0.83 it/s
[Iter 18020/20000] Total=0.11946 | NS=0.11228 CO2(scaled)=0.00157 CO2_weight=1.00 guide_w=5.03 Walls=0.00048(x10) g_ns/g_walls=0.161 Windows=0.00065 Doors=0.00007 IC=0.00000 CO2_BC=0.00012 LR=3.87e-04 nu=0.01 NSraw=0.3846 alpha(W1/W8/all)=0.59/0.39/0.48 | 0.83 it/s
[Iter 18030/20000] Total=0.17109 | NS=0.16329 CO2(scaled)=0.00123 CO2_weight=1.00 guide_w=5.03 Walls=0.00057(x10) g_ns/g_walls=0.161 Windows=0.00070 Doors=0.00007 IC=0.00000 CO2_BC=0.00014 LR=3.87e-04 nu=0.01 NSraw=1.428 alpha(W1/W8/all)=0.59/0.39/0.48 | 0.83 it/s
[Iter 18040/20000] Total=0.13645 | NS=0.12504 CO2(scaled)=0.00168 CO2_weight=1.00 guide_w=5.03 Walls=0.00082(x10) g_ns/g_walls=0.161 Windows=0.00132 Doors=0.00006 IC=0.00000 CO2_BC=0.00013 LR=3.87e-04 nu=0.01 NSraw=0.7888 alpha(W1/W8/all)=0.59/0.39/0.48 | 0.83 it/s
[Iter 18050/20000] Total=0.08011 | NS=0.05714 CO2(scaled)=0.00241 CO2_weight=1.00 guide_w=5.03 Walls=0.00193(x10) g_ns/g_walls=0.161 Windows=0.00100 Doors=0.00018 IC=0.00000 CO2_BC=0.00010 LR=3.86e-04 nu=0.01 NSraw=0.3934 alpha(W1/W8/all)=0.59/0.39/0.48 | 0.83 it/s
[Iter 18060/20000] Total=0.05450 | NS=0.04175 CO2(scaled)=0.00170 CO2_weight=1.00 guide_w=5.03 Walls=0.00102(x10) g_ns/g_walls=0.161 Windows=0.00068 Doors=0.00007 IC=0.00000 CO2_BC=0.00012 LR=3.86e-04 nu=0.01 NSraw=0.09177 alpha(W1/W8/all)=0.59/0.39/0.48 | 0.83 it/s
[Iter 18070/20000] Total=0.05953 | NS=0.04743 CO2(scaled)=0.00120 CO2_weight=1.00 guide_w=5.03 Walls=0.00099(x10) g_ns/g_walls=0.161 Windows=0.00082 Doors=0.00009 IC=0.00000 CO2_BC=0.00012 LR=3.86e-04 nu=0.01 NSraw=0.1068 alpha(W1/W8/all)=0.59/0.39/0.48 | 0.83 it/s
[Iter 18080/20000] Total=0.04698 | NS=0.03768 CO2(scaled)=0.00109 CO2_weight=1.00 guide_w=5.03 Walls=0.00073(x10) g_ns/g_walls=0.161 Windows=0.00073 Doors=0.00008 IC=0.00000 CO2_BC=0.00013 LR=3.86e-04 nu=0.01 NSraw=0.07585 alpha(W1/W8/all)=0.59/0.39/0.48 | 0.83 it/s
[Iter 18090/20000] Total=0.09351 | NS=0.08845 CO2(scaled)=0.00097 CO2_weight=1.00 guide_w=5.03 Walls=0.00034(x10) g_ns/g_walls=0.161 Windows=0.00052 Doors=0.00007 IC=0.00000 CO2_BC=0.00011 LR=3.86e-04 nu=0.01 NSraw=0.4352 alpha(W1/W8/all)=0.59/0.39/0.48 | 0.83 it/s
[Iter 18100/20000] Total=0.16188 | NS=0.14882 CO2(scaled)=0.00097 CO2_weight=1.00 guide_w=7.91 Walls=0.00108(x10) g_ns/g_walls=0.425 Windows=0.00110 Doors=0.00008 IC=0.00000 CO2_BC=0.00009 LR=3.85e-04 nu=0.01 NSraw=2.26 alpha(W1/W8/all)=0.59/0.39/0.48 | 0.83 it/s
[Iter 18110/20000] Total=0.10762 | NS=0.09004 CO2(scaled)=0.00169 CO2_weight=1.00 guide_w=7.91 Walls=0.00152(x10) g_ns/g_walls=0.425 Windows=0.00055 Doors=0.00006 IC=0.00000 CO2_BC=0.00009 LR=3.85e-04 nu=0.01 NSraw=0.4043 alpha(W1/W8/all)=0.59/0.39/0.48 | 0.83 it/s
[Iter 18120/20000] Total=0.07805 | NS=0.05401 CO2(scaled)=0.00145 CO2_weight=1.00 guide_w=7.91 Walls=0.00217(x10) g_ns/g_walls=0.425 Windows=0.00066 Doors=0.00006 IC=0.00000 CO2_BC=0.00013 LR=3.85e-04 nu=0.01 NSraw=0.1911 alpha(W1/W8/all)=0.59/0.39/0.48 | 0.83 it/s
[Iter 18130/20000] Total=0.08345 | NS=0.05543 CO2(scaled)=0.00224 CO2_weight=1.00 guide_w=7.91 Walls=0.00232(x10) g_ns/g_walls=0.425 Windows=0.00240 Doors=0.00010 IC=0.00000 CO2_BC=0.00013 LR=3.85e-04 nu=0.01 NSraw=0.1518 alpha(W1/W8/all)=0.59/0.39/0.48 | 0.83 it/s
[Iter 18140/20000] Total=0.11937 | NS=0.07578 CO2(scaled)=0.00121 CO2_weight=1.00 guide_w=7.91 Walls=0.00384(x10) g_ns/g_walls=0.425 Windows=0.00373 Doors=0.00013 IC=0.00000 CO2_BC=0.00010 LR=3.85e-04 nu=0.01 NSraw=0.3489 alpha(W1/W8/all)=0.59/0.39/0.48 | 0.83 it/s
[Iter 18150/20000] Total=0.06298 | NS=0.03287 CO2(scaled)=0.00117 CO2_weight=1.00 guide_w=7.91 Walls=0.00264(x10) g_ns/g_walls=0.425 Windows=0.00239 Doors=0.00006 IC=0.00000 CO2_BC=0.00009 LR=3.84e-04 nu=0.01 NSraw=0.06614 alpha(W1/W8/all)=0.59/0.39/0.48 | 0.83 it/s
[Iter 18160/20000] Total=0.17577 | NS=0.16970 CO2(scaled)=0.00078 CO2_weight=1.00 guide_w=7.91 Walls=0.00046(x10) g_ns/g_walls=0.425 Windows=0.00053 Doors=0.00007 IC=0.00000 CO2_BC=0.00010 LR=3.84e-04 nu=0.01 NSraw=3.554 alpha(W1/W8/all)=0.59/0.39/0.48 | 0.83 it/s
[Iter 18170/20000] Total=0.05888 | NS=0.03280 CO2(scaled)=0.00107 CO2_weight=1.00 guide_w=7.91 Walls=0.00224(x10) g_ns/g_walls=0.425 Windows=0.00247 Doors=0.00008 IC=0.00000 CO2_BC=0.00007 LR=3.84e-04 nu=0.01 NSraw=0.08708 alpha(W1/W8/all)=0.59/0.39/0.48 | 0.83 it/s
[Iter 18180/20000] Total=0.05559 | NS=0.04701 CO2(scaled)=0.00151 CO2_weight=1.00 guide_w=7.91 Walls=0.00060(x10) g_ns/g_walls=0.425 Windows=0.00088 Doors=0.00007 IC=0.00000 CO2_BC=0.00008 LR=3.84e-04 nu=0.01 NSraw=0.1492 alpha(W1/W8/all)=0.59/0.39/0.48 | 0.83 it/s
[Iter 18190/20000] Total=0.12557 | NS=0.11724 CO2(scaled)=0.00127 CO2_weight=1.00 guide_w=7.91 Walls=0.00061(x10) g_ns/g_walls=0.425 Windows=0.00074 Doors=0.00009 IC=0.00000 CO2_BC=0.00008 LR=3.84e-04 nu=0.01 NSraw=0.6058 alpha(W1/W8/all)=0.59/0.39/0.48 | 0.83 it/s
[Iter 18200/20000] Total=0.28087 | NS=0.27280 CO2(scaled)=0.00128 CO2_weight=1.00 guide_w=94.3 Walls=0.00059(x10) g_ns/g_walls=15 Windows=0.00075 Doors=0.00006 IC=0.00000 CO2_BC=0.00012 LR=3.83e-04 nu=0.01 NSraw=3.631 alpha(W1/W8/all)=0.59/0.39/0.48 | 0.83 it/s
[Iter 18210/20000] Total=0.07473 | NS=0.06751 CO2(scaled)=0.00099 CO2_weight=1.00 guide_w=94.3 Walls=0.00054(x10) g_ns/g_walls=15 Windows=0.00065 Doors=0.00007 IC=0.00000 CO2_BC=0.00013 LR=3.83e-04 nu=0.01 NSraw=0.3434 alpha(W1/W8/all)=0.59/0.39/0.48 | 0.83 it/s
[Iter 18220/20000] Total=0.11996 | NS=0.11076 CO2(scaled)=0.00100 CO2_weight=1.00 guide_w=94.3 Walls=0.00073(x10) g_ns/g_walls=15 Windows=0.00061 Doors=0.00010 IC=0.00000 CO2_BC=0.00015 LR=3.83e-04 nu=0.01 NSraw=0.5514 alpha(W1/W8/all)=0.59/0.39/0.48 | 0.83 it/s
[Iter 18230/20000] Total=0.07821 | NS=0.06453 CO2(scaled)=0.00314 CO2_weight=1.00 guide_w=94.3 Walls=0.00094(x10) g_ns/g_walls=15 Windows=0.00087 Doors=0.00011 IC=0.00000 CO2_BC=0.00013 LR=3.83e-04 nu=0.01 NSraw=0.3423 alpha(W1/W8/all)=0.59/0.39/0.48 | 0.83 it/s
[Iter 18240/20000] Total=0.21243 | NS=0.20298 CO2(scaled)=0.00225 CO2_weight=1.00 guide_w=94.3 Walls=0.00064(x10) g_ns/g_walls=15 Windows=0.00065 Doors=0.00007 IC=0.00000 CO2_BC=0.00010 LR=3.83e-04 nu=0.01 NSraw=4.35 alpha(W1/W8/all)=0.59/0.39/0.48 | 0.83 it/s
[Iter 18250/20000] Total=0.10305 | NS=0.09216 CO2(scaled)=0.00109 CO2_weight=1.00 guide_w=94.3 Walls=0.00086(x10) g_ns/g_walls=15 Windows=0.00103 Doors=0.00007 IC=0.00000 CO2_BC=0.00008 LR=3.82e-04 nu=0.01 NSraw=0.5434 alpha(W1/W8/all)=0.59/0.39/0.48 | 0.83 it/s
[Iter 18260/20000] Total=0.04581 | NS=0.03639 CO2(scaled)=0.00110 CO2_weight=1.00 guide_w=94.3 Walls=0.00070(x10) g_ns/g_walls=15 Windows=0.00104 Doors=0.00010 IC=0.00000 CO2_BC=0.00014 LR=3.82e-04 nu=0.01 NSraw=0.1315 alpha(W1/W8/all)=0.59/0.39/0.48 | 0.83 it/s
[Iter 18270/20000] Total=0.10481 | NS=0.08702 CO2(scaled)=0.00139 CO2_weight=1.00 guide_w=94.3 Walls=0.00153(x10) g_ns/g_walls=15 Windows=0.00094 Doors=0.00007 IC=0.00000 CO2_BC=0.00012 LR=3.82e-04 nu=0.01 NSraw=0.2568 alpha(W1/W8/all)=0.59/0.39/0.48 | 0.83 it/s
[Iter 18280/20000] Total=0.43410 | NS=0.42512 CO2(scaled)=0.00135 CO2_weight=1.00 guide_w=94.3 Walls=0.00065(x10) g_ns/g_walls=15 Windows=0.00095 Doors=0.00007 IC=0.00000 CO2_BC=0.00010 LR=3.82e-04 nu=0.01 NSraw=29.44 alpha(W1/W8/all)=0.59/0.39/0.48 | 0.83 it/s
[Iter 18290/20000] Total=0.08430 | NS=0.07420 CO2(scaled)=0.00255 CO2_weight=1.00 guide_w=94.3 Walls=0.00068(x10) g_ns/g_walls=15 Windows=0.00058 Doors=0.00012 IC=0.00000 CO2_BC=0.00010 LR=3.82e-04 nu=0.01 NSraw=0.2416 alpha(W1/W8/all)=0.59/0.39/0.48 | 0.83 it/s
[Iter 18300/20000] Total=0.07618 | NS=0.05747 CO2(scaled)=0.00213 CO2_weight=1.00 guide_w=0.45 Walls=0.00147(x10) g_ns/g_walls=0.0822 Windows=0.00164 Doors=0.00014 IC=0.00000 CO2_BC=0.00008 LR=3.81e-04 nu=0.01 NSraw=0.288 alpha(W1/W8/all)=0.59/0.39/0.48 | 0.83 it/s
[Iter 18310/20000] Total=0.16733 | NS=0.15349 CO2(scaled)=0.00171 CO2_weight=1.00 guide_w=0.45 Walls=0.00112(x10) g_ns/g_walls=0.0822 Windows=0.00078 Doors=0.00009 IC=0.00000 CO2_BC=0.00011 LR=3.81e-04 nu=0.01 NSraw=1.244 alpha(W1/W8/all)=0.59/0.39/0.48 | 0.83 it/s
[Iter 18320/20000] Total=0.18052 | NS=0.16666 CO2(scaled)=0.00114 CO2_weight=1.00 guide_w=0.45 Walls=0.00114(x10) g_ns/g_walls=0.0822 Windows=0.00108 Doors=0.00007 IC=0.00000 CO2_BC=0.00011 LR=3.81e-04 nu=0.01 NSraw=2.65 alpha(W1/W8/all)=0.59/0.39/0.48 | 0.83 it/s
[Iter 18330/20000] Total=0.06349 | NS=0.05654 CO2(scaled)=0.00113 CO2_weight=1.00 guide_w=0.45 Walls=0.00047(x10) g_ns/g_walls=0.0822 Windows=0.00088 Doors=0.00010 IC=0.00000 CO2_BC=0.00011 LR=3.81e-04 nu=0.01 NSraw=0.1618 alpha(W1/W8/all)=0.59/0.39/0.48 | 0.83 it/s
[Iter 18340/20000] Total=0.03317 | NS=0.02087 CO2(scaled)=0.00108 CO2_weight=1.00 guide_w=0.45 Walls=0.00097(x10) g_ns/g_walls=0.0822 Windows=0.00125 Doors=0.00010 IC=0.00000 CO2_BC=0.00012 LR=3.81e-04 nu=0.01 NSraw=0.03406 alpha(W1/W8/all)=0.59/0.39/0.48 | 0.83 it/s
[Iter 18350/20000] Total=0.07874 | NS=0.06846 CO2(scaled)=0.00144 CO2_weight=1.00 guide_w=0.45 Walls=0.00074(x10) g_ns/g_walls=0.0822 Windows=0.00121 Doors=0.00008 IC=0.00000 CO2_BC=0.00012 LR=3.80e-04 nu=0.01 NSraw=0.3339 alpha(W1/W8/all)=0.59/0.39/0.48 | 0.83 it/s
[Iter 18360/20000] Total=0.05129 | NS=0.03980 CO2(scaled)=0.00108 CO2_weight=1.00 guide_w=0.45 Walls=0.00092(x10) g_ns/g_walls=0.0822 Windows=0.00102 Doors=0.00009 IC=0.00000 CO2_BC=0.00011 LR=3.80e-04 nu=0.01 NSraw=0.08862 alpha(W1/W8/all)=0.59/0.39/0.48 | 0.83 it/s
[Iter 18370/20000] Total=0.04534 | NS=0.03845 CO2(scaled)=0.00144 CO2_weight=1.00 guide_w=0.45 Walls=0.00043(x10) g_ns/g_walls=0.0822 Windows=0.00096 Doors=0.00009 IC=0.00000 CO2_BC=0.00009 LR=3.80e-04 nu=0.01 NSraw=0.102 alpha(W1/W8/all)=0.59/0.39/0.48 | 0.83 it/s
[Iter 18380/20000] Total=0.10356 | NS=0.09471 CO2(scaled)=0.00170 CO2_weight=1.00 guide_w=0.45 Walls=0.00059(x10) g_ns/g_walls=0.0822 Windows=0.00115 Doors=0.00007 IC=0.00000 CO2_BC=0.00008 LR=3.80e-04 nu=0.01 NSraw=0.3083 alpha(W1/W8/all)=0.59/0.39/0.48 | 0.83 it/s
[Iter 18390/20000] Total=0.12243 | NS=0.11469 CO2(scaled)=0.00102 CO2_weight=1.00 guide_w=0.45 Walls=0.00060(x10) g_ns/g_walls=0.0822 Windows=0.00062 Doors=0.00006 IC=0.00000 CO2_BC=0.00006 LR=3.80e-04 nu=0.01 NSraw=0.5446 alpha(W1/W8/all)=0.59/0.39/0.48 | 0.83 it/s
[Iter 18400/20000] Total=0.21614 | NS=0.20681 CO2(scaled)=0.00101 CO2_weight=1.00 guide_w=84.5 Walls=0.00073(x10) g_ns/g_walls=7.1 Windows=0.00090 Doors=0.00008 IC=0.00000 CO2_BC=0.00008 LR=3.79e-04 nu=0.01 NSraw=3.245 alpha(W1/W8/all)=0.59/0.39/0.48 | 0.83 it/s
[Iter 18410/20000] Total=0.08920 | NS=0.07069 CO2(scaled)=0.00125 CO2_weight=1.00 guide_w=84.5 Walls=0.00155(x10) g_ns/g_walls=7.1 Windows=0.00162 Doors=0.00006 IC=0.00000 CO2_BC=0.00010 LR=3.79e-04 nu=0.01 NSraw=0.3158 alpha(W1/W8/all)=0.59/0.39/0.48 | 0.83 it/s
[Iter 18420/20000] Total=0.08906 | NS=0.07101 CO2(scaled)=0.00104 CO2_weight=1.00 guide_w=84.5 Walls=0.00155(x10) g_ns/g_walls=7.1 Windows=0.00133 Doors=0.00006 IC=0.00000 CO2_BC=0.00008 LR=3.79e-04 nu=0.01 NSraw=0.2506 alpha(W1/W8/all)=0.59/0.39/0.48 | 0.83 it/s
[Iter 18430/20000] Total=0.06042 | NS=0.04317 CO2(scaled)=0.00099 CO2_weight=1.00 guide_w=84.5 Walls=0.00143(x10) g_ns/g_walls=7.1 Windows=0.00185 Doors=0.00006 IC=0.00000 CO2_BC=0.00008 LR=3.79e-04 nu=0.01 NSraw=0.136 alpha(W1/W8/all)=0.59/0.39/0.48 | 0.83 it/s
[Iter 18440/20000] Total=0.09980 | NS=0.09252 CO2(scaled)=0.00091 CO2_weight=1.00 guide_w=84.5 Walls=0.00056(x10) g_ns/g_walls=7.1 Windows=0.00064 Doors=0.00006 IC=0.00000 CO2_BC=0.00009 LR=3.79e-04 nu=0.01 NSraw=0.737 alpha(W1/W8/all)=0.59/0.39/0.48 | 0.83 it/s
[Iter 18450/20000] Total=0.04777 | NS=0.03648 CO2(scaled)=0.00216 CO2_weight=1.00 guide_w=84.5 Walls=0.00076(x10) g_ns/g_walls=7.1 Windows=0.00136 Doors=0.00007 IC=0.00000 CO2_BC=0.00010 LR=3.78e-04 nu=0.01 NSraw=0.1066 alpha(W1/W8/all)=0.59/0.39/0.48 | 0.83 it/s
[Iter 18460/20000] Total=0.19304 | NS=0.17853 CO2(scaled)=0.00368 CO2_weight=1.00 guide_w=84.5 Walls=0.00096(x10) g_ns/g_walls=7.1 Windows=0.00110 Doors=0.00009 IC=0.00000 CO2_BC=0.00007 LR=3.78e-04 nu=0.01 NSraw=2.209 alpha(W1/W8/all)=0.59/0.39/0.48 | 0.83 it/s
[Iter 18470/20000] Total=0.25168 | NS=0.24227 CO2(scaled)=0.00150 CO2_weight=1.00 guide_w=84.5 Walls=0.00068(x10) g_ns/g_walls=7.1 Windows=0.00090 Doors=0.00007 IC=0.00000 CO2_BC=0.00010 LR=3.78e-04 nu=0.01 NSraw=5.304 alpha(W1/W8/all)=0.59/0.39/0.48 | 0.83 it/s
[Iter 18480/20000] Total=0.20368 | NS=0.19111 CO2(scaled)=0.00264 CO2_weight=1.00 guide_w=84.5 Walls=0.00088(x10) g_ns/g_walls=7.1 Windows=0.00094 Doors=0.00015 IC=0.00000 CO2_BC=0.00008 LR=3.78e-04 nu=0.01 NSraw=1.69 alpha(W1/W8/all)=0.59/0.39/0.48 | 0.83 it/s
[Iter 18490/20000] Total=0.09190 | NS=0.07670 CO2(scaled)=0.00112 CO2_weight=1.00 guide_w=84.5 Walls=0.00124(x10) g_ns/g_walls=7.1 Windows=0.00146 Doors=0.00012 IC=0.00000 CO2_BC=0.00010 LR=3.78e-04 nu=0.01 NSraw=0.262 alpha(W1/W8/all)=0.59/0.39/0.48 | 0.83 it/s
[Iter 18500/20000] Total=0.12943 | NS=0.11957 CO2(scaled)=0.00117 CO2_weight=1.00 guide_w=26 Walls=0.00077(x10) g_ns/g_walls=5.25 Windows=0.00078 Doors=0.00009 IC=0.00000 CO2_BC=0.00010 LR=3.77e-04 nu=0.01 NSraw=1.073 alpha(W1/W8/all)=0.59/0.39/0.48 | 0.83 it/s
[Iter 18510/20000] Total=0.06860 | NS=0.05881 CO2(scaled)=0.00095 CO2_weight=1.00 guide_w=26 Walls=0.00077(x10) g_ns/g_walls=5.25 Windows=0.00099 Doors=0.00005 IC=0.00000 CO2_BC=0.00011 LR=3.77e-04 nu=0.01 NSraw=0.1262 alpha(W1/W8/all)=0.59/0.39/0.48 | 0.83 it/s
[Iter 18520/20000] Total=0.07074 | NS=0.06397 CO2(scaled)=0.00106 CO2_weight=1.00 guide_w=26 Walls=0.00047(x10) g_ns/g_walls=5.25 Windows=0.00084 Doors=0.00005 IC=0.00000 CO2_BC=0.00012 LR=3.77e-04 nu=0.01 NSraw=0.1828 alpha(W1/W8/all)=0.59/0.39/0.48 | 0.83 it/s
[Iter 18530/20000] Total=0.08884 | NS=0.08198 CO2(scaled)=0.00106 CO2_weight=1.00 guide_w=26 Walls=0.00049(x10) g_ns/g_walls=5.25 Windows=0.00068 Doors=0.00006 IC=0.00000 CO2_BC=0.00013 LR=3.77e-04 nu=0.01 NSraw=0.2396 alpha(W1/W8/all)=0.59/0.39/0.48 | 0.83 it/s
[Iter 18540/20000] Total=0.12179 | NS=0.10848 CO2(scaled)=0.00121 CO2_weight=1.00 guide_w=26 Walls=0.00113(x10) g_ns/g_walls=5.25 Windows=0.00065 Doors=0.00008 IC=0.00000 CO2_BC=0.00009 LR=3.77e-04 nu=0.01 NSraw=0.5673 alpha(W1/W8/all)=0.59/0.39/0.48 | 0.83 it/s
[Iter 18550/20000] Total=0.08342 | NS=0.07202 CO2(scaled)=0.00168 CO2_weight=1.00 guide_w=26 Walls=0.00086(x10) g_ns/g_walls=5.25 Windows=0.00086 Doors=0.00013 IC=0.00000 CO2_BC=0.00010 LR=3.76e-04 nu=0.01 NSraw=0.2243 alpha(W1/W8/all)=0.59/0.39/0.48 | 0.83 it/s
[Iter 18560/20000] Total=0.06918 | NS=0.05689 CO2(scaled)=0.00108 CO2_weight=1.00 guide_w=26 Walls=0.00104(x10) g_ns/g_walls=5.25 Windows=0.00067 Doors=0.00008 IC=0.00000 CO2_BC=0.00009 LR=3.76e-04 nu=0.01 NSraw=0.3076 alpha(W1/W8/all)=0.59/0.39/0.48 | 0.83 it/s
[Iter 18570/20000] Total=0.10376 | NS=0.09085 CO2(scaled)=0.00155 CO2_weight=1.00 guide_w=26 Walls=0.00100(x10) g_ns/g_walls=5.25 Windows=0.00112 Doors=0.00011 IC=0.00000 CO2_BC=0.00011 LR=3.76e-04 nu=0.01 NSraw=0.8926 alpha(W1/W8/all)=0.59/0.39/0.48 | 0.83 it/s
[Iter 18580/20000] Total=0.11738 | NS=0.09458 CO2(scaled)=0.00116 CO2_weight=1.00 guide_w=26 Walls=0.00195(x10) g_ns/g_walls=5.25 Windows=0.00195 Doors=0.00008 IC=0.00000 CO2_BC=0.00012 LR=3.76e-04 nu=0.01 NSraw=0.9001 alpha(W1/W8/all)=0.59/0.39/0.48 | 0.83 it/s
[Iter 18590/20000] Total=0.04472 | NS=0.03605 CO2(scaled)=0.00117 CO2_weight=1.00 guide_w=26 Walls=0.00062(x10) g_ns/g_walls=5.25 Windows=0.00109 Doors=0.00008 IC=0.00000 CO2_BC=0.00009 LR=3.76e-04 nu=0.01 NSraw=0.07386 alpha(W1/W8/all)=0.59/0.39/0.48 | 0.83 it/s
[Iter 18600/20000] Total=0.08435 | NS=0.07562 CO2(scaled)=0.00116 CO2_weight=1.00 guide_w=15.9 Walls=0.00064(x10) g_ns/g_walls=3.22 Windows=0.00100 Doors=0.00007 IC=0.00000 CO2_BC=0.00011 LR=3.75e-04 nu=0.01 NSraw=0.2906 alpha(W1/W8/all)=0.59/0.39/0.48 | 0.83 it/s
[Iter 18610/20000] Total=0.19493 | NS=0.17484 CO2(scaled)=0.00174 CO2_weight=1.00 guide_w=15.9 Walls=0.00163(x10) g_ns/g_walls=3.22 Windows=0.00192 Doors=0.00008 IC=0.00000 CO2_BC=0.00009 LR=3.75e-04 nu=0.01 NSraw=4.273 alpha(W1/W8/all)=0.59/0.39/0.48 | 0.83 it/s
[Iter 18620/20000] Total=0.61906 | NS=0.60806 CO2(scaled)=0.00124 CO2_weight=1.00 guide_w=15.9 Walls=0.00082(x10) g_ns/g_walls=3.22 Windows=0.00132 Doors=0.00007 IC=0.00000 CO2_BC=0.00014 LR=3.75e-04 nu=0.01 NSraw=80.48 alpha(W1/W8/all)=0.59/0.39/0.48 | 0.83 it/s
[Iter 18630/20000] Total=0.22034 | NS=0.20885 CO2(scaled)=0.00130 CO2_weight=1.00 guide_w=15.9 Walls=0.00088(x10) g_ns/g_walls=3.22 Windows=0.00118 Doors=0.00011 IC=0.00000 CO2_BC=0.00013 LR=3.75e-04 nu=0.01 NSraw=3.73 alpha(W1/W8/all)=0.59/0.39/0.48 | 0.83 it/s
[Iter 18640/20000] Total=0.05344 | NS=0.04015 CO2(scaled)=0.00204 CO2_weight=1.00 guide_w=15.9 Walls=0.00097(x10) g_ns/g_walls=3.22 Windows=0.00130 Doors=0.00010 IC=0.00000 CO2_BC=0.00014 LR=3.75e-04 nu=0.01 NSraw=0.1678 alpha(W1/W8/all)=0.59/0.39/0.48 | 0.83 it/s
[Iter 18650/20000] Total=0.07569 | NS=0.04709 CO2(scaled)=0.00121 CO2_weight=1.00 guide_w=15.9 Walls=0.00248(x10) g_ns/g_walls=3.22 Windows=0.00235 Doors=0.00006 IC=0.00000 CO2_BC=0.00014 LR=3.74e-04 nu=0.01 NSraw=0.1489 alpha(W1/W8/all)=0.59/0.39/0.48 | 0.83 it/s
[Iter 18660/20000] Total=0.06808 | NS=0.05823 CO2(scaled)=0.00123 CO2_weight=1.00 guide_w=15.9 Walls=0.00076(x10) g_ns/g_walls=3.22 Windows=0.00081 Doors=0.00010 IC=0.00000 CO2_BC=0.00011 LR=3.74e-04 nu=0.01 NSraw=0.1918 alpha(W1/W8/all)=0.59/0.39/0.48 | 0.83 it/s
[Iter 18670/20000] Total=0.05908 | NS=0.04728 CO2(scaled)=0.00110 CO2_weight=1.00 guide_w=15.9 Walls=0.00096(x10) g_ns/g_walls=3.22 Windows=0.00099 Doors=0.00006 IC=0.00000 CO2_BC=0.00011 LR=3.74e-04 nu=0.01 NSraw=0.1219 alpha(W1/W8/all)=0.59/0.39/0.48 | 0.83 it/s
[Iter 18680/20000] Total=0.06463 | NS=0.05847 CO2(scaled)=0.00112 CO2_weight=1.00 guide_w=15.9 Walls=0.00043(x10) g_ns/g_walls=3.22 Windows=0.00059 Doors=0.00004 IC=0.00000 CO2_BC=0.00010 LR=3.74e-04 nu=0.01 NSraw=0.2808 alpha(W1/W8/all)=0.59/0.39/0.48 | 0.83 it/s
[Iter 18690/20000] Total=0.11763 | NS=0.10668 CO2(scaled)=0.00144 CO2_weight=1.00 guide_w=15.9 Walls=0.00086(x10) g_ns/g_walls=3.22 Windows=0.00071 Doors=0.00009 IC=0.00000 CO2_BC=0.00013 LR=3.74e-04 nu=0.01 NSraw=0.5606 alpha(W1/W8/all)=0.59/0.39/0.48 | 0.83 it/s
[Iter 18700/20000] Total=0.04024 | NS=0.02794 CO2(scaled)=0.00151 CO2_weight=1.00 guide_w=0.692 Walls=0.00097(x10) g_ns/g_walls=0.155 Windows=0.00093 Doors=0.00011 IC=0.00000 CO2_BC=0.00009 LR=3.73e-04 nu=0.01 NSraw=0.04618 alpha(W1/W8/all)=0.59/0.39/0.48 | 0.83 it/s
[Iter 18710/20000] Total=0.05316 | NS=0.04333 CO2(scaled)=0.00103 CO2_weight=1.00 guide_w=0.692 Walls=0.00076(x10) g_ns/g_walls=0.155 Windows=0.00100 Doors=0.00008 IC=0.00000 CO2_BC=0.00009 LR=3.73e-04 nu=0.01 NSraw=0.1596 alpha(W1/W8/all)=0.59/0.39/0.48 | 0.83 it/s
[Iter 18720/20000] Total=0.13091 | NS=0.11622 CO2(scaled)=0.00215 CO2_weight=1.00 guide_w=0.692 Walls=0.00115(x10) g_ns/g_walls=0.155 Windows=0.00085 Doors=0.00007 IC=0.00000 CO2_BC=0.00009 LR=3.73e-04 nu=0.01 NSraw=0.4066 alpha(W1/W8/all)=0.59/0.39/0.48 | 0.83 it/s
[Iter 18730/20000] Total=0.15202 | NS=0.13472 CO2(scaled)=0.00157 CO2_weight=1.00 guide_w=0.692 Walls=0.00145(x10) g_ns/g_walls=0.155 Windows=0.00107 Doors=0.00007 IC=0.00000 CO2_BC=0.00008 LR=3.73e-04 nu=0.01 NSraw=1.493 alpha(W1/W8/all)=0.59/0.39/0.48 | 0.83 it/s
[Iter 18740/20000] Total=0.06732 | NS=0.05469 CO2(scaled)=0.00097 CO2_weight=1.00 guide_w=0.692 Walls=0.00108(x10) g_ns/g_walls=0.155 Windows=0.00072 Doors=0.00009 IC=0.00000 CO2_BC=0.00008 LR=3.73e-04 nu=0.01 NSraw=0.2183 alpha(W1/W8/all)=0.59/0.39/0.48 | 0.83 it/s
[Iter 18750/20000] Total=0.05748 | NS=0.03315 CO2(scaled)=0.00131 CO2_weight=1.00 guide_w=0.692 Walls=0.00212(x10) g_ns/g_walls=0.155 Windows=0.00164 Doors=0.00006 IC=0.00000 CO2_BC=0.00008 LR=3.72e-04 nu=0.01 NSraw=0.09313 alpha(W1/W8/all)=0.59/0.39/0.48 | 0.83 it/s
[Iter 18760/20000] Total=0.11171 | NS=0.06960 CO2(scaled)=0.00181 CO2_weight=1.00 guide_w=0.692 Walls=0.00377(x10) g_ns/g_walls=0.155 Windows=0.00245 Doors=0.00005 IC=0.00000 CO2_BC=0.00011 LR=3.72e-04 nu=0.01 NSraw=0.2084 alpha(W1/W8/all)=0.59/0.39/0.48 | 0.83 it/s
[Iter 18770/20000] Total=0.09345 | NS=0.08380 CO2(scaled)=0.00148 CO2_weight=1.00 guide_w=0.692 Walls=0.00074(x10) g_ns/g_walls=0.155 Windows=0.00060 Doors=0.00004 IC=0.00000 CO2_BC=0.00011 LR=3.72e-04 nu=0.01 NSraw=0.327 alpha(W1/W8/all)=0.59/0.39/0.48 | 0.83 it/s
[Iter 18780/20000] Total=0.22851 | NS=0.21780 CO2(scaled)=0.00210 CO2_weight=1.00 guide_w=0.692 Walls=0.00076(x10) g_ns/g_walls=0.155 Windows=0.00086 Doors=0.00005 IC=0.00000 CO2_BC=0.00012 LR=3.72e-04 nu=0.01 NSraw=2.28 alpha(W1/W8/all)=0.59/0.39/0.48 | 0.83 it/s
[Iter 18790/20000] Total=0.15172 | NS=0.11225 CO2(scaled)=0.00118 CO2_weight=1.00 guide_w=0.692 Walls=0.00348(x10) g_ns/g_walls=0.155 Windows=0.00330 Doors=0.00004 IC=0.00000 CO2_BC=0.00011 LR=3.72e-04 nu=0.01 NSraw=0.3744 alpha(W1/W8/all)=0.59/0.39/0.48 | 0.83 it/s
[Iter 18800/20000] Total=0.09467 | NS=0.08621 CO2(scaled)=0.00094 CO2_weight=1.00 guide_w=7.41 Walls=0.00061(x10) g_ns/g_walls=1.04 Windows=0.00124 Doors=0.00008 IC=0.00000 CO2_BC=0.00012 LR=3.71e-04 nu=0.01 NSraw=0.3484 alpha(W1/W8/all)=0.59/0.39/0.48 | 0.83 it/s
[Iter 18810/20000] Total=0.11011 | NS=0.08156 CO2(scaled)=0.00138 CO2_weight=1.00 guide_w=7.41 Walls=0.00242(x10) g_ns/g_walls=1.04 Windows=0.00279 Doors=0.00010 IC=0.00000 CO2_BC=0.00009 LR=3.71e-04 nu=0.01 NSraw=0.4574 alpha(W1/W8/all)=0.59/0.39/0.48 | 0.83 it/s
[Iter 18820/20000] Total=0.05012 | NS=0.03336 CO2(scaled)=0.00131 CO2_weight=1.00 guide_w=7.41 Walls=0.00137(x10) g_ns/g_walls=1.04 Windows=0.00153 Doors=0.00010 IC=0.00000 CO2_BC=0.00014 LR=3.71e-04 nu=0.01 NSraw=0.06227 alpha(W1/W8/all)=0.59/0.39/0.48 | 0.83 it/s
[Iter 18830/20000] Total=0.07839 | NS=0.07078 CO2(scaled)=0.00105 CO2_weight=1.00 guide_w=7.41 Walls=0.00056(x10) g_ns/g_walls=1.04 Windows=0.00083 Doors=0.00008 IC=0.00000 CO2_BC=0.00009 LR=3.71e-04 nu=0.01 NSraw=0.2501 alpha(W1/W8/all)=0.59/0.39/0.48 | 0.83 it/s
[Iter 18840/20000] Total=0.44466 | NS=0.43630 CO2(scaled)=0.00097 CO2_weight=1.00 guide_w=7.41 Walls=0.00065(x10) g_ns/g_walls=1.04 Windows=0.00071 Doors=0.00008 IC=0.00000 CO2_BC=0.00014 LR=3.71e-04 nu=0.01 NSraw=29.2 alpha(W1/W8/all)=0.59/0.39/0.48 | 0.83 it/s
[Iter 18850/20000] Total=0.11949 | NS=0.11245 CO2(scaled)=0.00098 CO2_weight=1.00 guide_w=7.41 Walls=0.00052(x10) g_ns/g_walls=1.04 Windows=0.00064 Doors=0.00007 IC=0.00000 CO2_BC=0.00010 LR=3.70e-04 nu=0.01 NSraw=0.6662 alpha(W1/W8/all)=0.59/0.39/0.48 | 0.83 it/s
[Iter 18860/20000] Total=0.13226 | NS=0.11768 CO2(scaled)=0.00135 CO2_weight=1.00 guide_w=7.41 Walls=0.00118(x10) g_ns/g_walls=1.04 Windows=0.00125 Doors=0.00008 IC=0.00000 CO2_BC=0.00011 LR=3.70e-04 nu=0.01 NSraw=0.5558 alpha(W1/W8/all)=0.59/0.39/0.48 | 0.83 it/s
[Iter 18870/20000] Total=0.18998 | NS=0.17142 CO2(scaled)=0.00142 CO2_weight=1.00 guide_w=7.41 Walls=0.00153(x10) g_ns/g_walls=1.04 Windows=0.00162 Doors=0.00007 IC=0.00000 CO2_BC=0.00010 LR=3.70e-04 nu=0.01 NSraw=1.623 alpha(W1/W8/all)=0.59/0.39/0.48 | 0.83 it/s
[Iter 18880/20000] Total=0.06977 | NS=0.03505 CO2(scaled)=0.00123 CO2_weight=1.00 guide_w=7.41 Walls=0.00306(x10) g_ns/g_walls=1.04 Windows=0.00266 Doors=0.00009 IC=0.00000 CO2_BC=0.00014 LR=3.70e-04 nu=0.01 NSraw=0.07229 alpha(W1/W8/all)=0.59/0.39/0.48 | 0.83 it/s
[Iter 18890/20000] Total=0.19510 | NS=0.16776 CO2(scaled)=0.00097 CO2_weight=1.00 guide_w=7.41 Walls=0.00236(x10) g_ns/g_walls=1.04 Windows=0.00257 Doors=0.00006 IC=0.00000 CO2_BC=0.00009 LR=3.70e-04 nu=0.01 NSraw=3.371 alpha(W1/W8/all)=0.59/0.39/0.48 | 0.83 it/s
[Iter 18900/20000] Total=0.21295 | NS=0.20654 CO2(scaled)=0.00094 CO2_weight=1.00 guide_w=54.6 Walls=0.00044(x10) g_ns/g_walls=14.2 Windows=0.00091 Doors=0.00003 IC=0.00000 CO2_BC=0.00008 LR=3.69e-04 nu=0.01 NSraw=5.408 alpha(W1/W8/all)=0.59/0.39/0.48 | 0.83 it/s
[Iter 18910/20000] Total=0.10815 | NS=0.08192 CO2(scaled)=0.00099 CO2_weight=1.00 guide_w=54.6 Walls=0.00232(x10) g_ns/g_walls=14.2 Windows=0.00190 Doors=0.00005 IC=0.00000 CO2_BC=0.00006 LR=3.69e-04 nu=0.01 NSraw=0.3239 alpha(W1/W8/all)=0.59/0.39/0.48 | 0.83 it/s
[Iter 18920/20000] Total=0.09935 | NS=0.08158 CO2(scaled)=0.00128 CO2_weight=1.00 guide_w=54.6 Walls=0.00152(x10) g_ns/g_walls=14.2 Windows=0.00115 Doors=0.00011 IC=0.00000 CO2_BC=0.00008 LR=3.69e-04 nu=0.01 NSraw=0.3082 alpha(W1/W8/all)=0.59/0.39/0.48 | 0.83 it/s
[Iter 18930/20000] Total=0.06346 | NS=0.05850 CO2(scaled)=0.00103 CO2_weight=1.00 guide_w=54.6 Walls=0.00030(x10) g_ns/g_walls=14.2 Windows=0.00076 Doors=0.00005 IC=0.00000 CO2_BC=0.00009 LR=3.69e-04 nu=0.01 NSraw=0.1566 alpha(W1/W8/all)=0.59/0.39/0.48 | 0.83 it/s
[Iter 18940/20000] Total=0.07321 | NS=0.06448 CO2(scaled)=0.00084 CO2_weight=1.00 guide_w=54.6 Walls=0.00067(x10) g_ns/g_walls=14.2 Windows=0.00102 Doors=0.00006 IC=0.00000 CO2_BC=0.00008 LR=3.69e-04 nu=0.01 NSraw=0.2018 alpha(W1/W8/all)=0.59/0.39/0.48 | 0.83 it/s
[Iter 18950/20000] Total=0.30661 | NS=0.29666 CO2(scaled)=0.00143 CO2_weight=1.00 guide_w=54.6 Walls=0.00076(x10) g_ns/g_walls=14.2 Windows=0.00081 Doors=0.00008 IC=0.00000 CO2_BC=0.00008 LR=3.69e-04 nu=0.01 NSraw=10.52 alpha(W1/W8/all)=0.59/0.39/0.48 | 0.83 it/s
[Iter 18960/20000] Total=0.07917 | NS=0.06753 CO2(scaled)=0.00095 CO2_weight=1.00 guide_w=54.6 Walls=0.00096(x10) g_ns/g_walls=14.2 Windows=0.00089 Doors=0.00007 IC=0.00000 CO2_BC=0.00009 LR=3.68e-04 nu=0.01 NSraw=0.3223 alpha(W1/W8/all)=0.59/0.39/0.48 | 0.83 it/s
[Iter 18970/20000] Total=0.26679 | NS=0.25693 CO2(scaled)=0.00155 CO2_weight=1.00 guide_w=54.6 Walls=0.00070(x10) g_ns/g_walls=14.2 Windows=0.00113 Doors=0.00009 IC=0.00000 CO2_BC=0.00008 LR=3.68e-04 nu=0.01 NSraw=7.145 alpha(W1/W8/all)=0.59/0.39/0.48 | 0.83 it/s
[Iter 18980/20000] Total=0.12070 | NS=0.11138 CO2(scaled)=0.00147 CO2_weight=1.00 guide_w=54.6 Walls=0.00068(x10) g_ns/g_walls=14.2 Windows=0.00087 Doors=0.00007 IC=0.00000 CO2_BC=0.00008 LR=3.68e-04 nu=0.01 NSraw=0.4435 alpha(W1/W8/all)=0.59/0.39/0.48 | 0.83 it/s
[Iter 18990/20000] Total=0.12970 | NS=0.11961 CO2(scaled)=0.00150 CO2_weight=1.00 guide_w=54.6 Walls=0.00076(x10) g_ns/g_walls=14.2 Windows=0.00085 Doors=0.00008 IC=0.00000 CO2_BC=0.00011 LR=3.68e-04 nu=0.01 NSraw=0.959 alpha(W1/W8/all)=0.59/0.39/0.48 | 0.83 it/s
[Iter 19000/20000] Total=0.12918 | NS=0.12215 CO2(scaled)=0.00115 CO2_weight=1.00 guide_w=15.6 Walls=0.00051(x10) g_ns/g_walls=5.7 Windows=0.00062 Doors=0.00008 IC=0.00000 CO2_BC=0.00010 LR=3.68e-04 nu=0.01 NSraw=2.372 alpha(W1/W8/all)=0.59/0.39/0.48 | 0.83 it/s
  -> saved checkpoint: /home/iai-labor/BuildingControlCFD/experiments/gnot/checkpoints/v24_fixedalpha/gnot_v24_fixedalpha_iter19000.pth
[Iter 19010/20000] Total=0.05120 | NS=0.04459 CO2(scaled)=0.00129 CO2_weight=1.00 guide_w=15.6 Walls=0.00044(x10) g_ns/g_walls=5.7 Windows=0.00072 Doors=0.00010 IC=0.00000 CO2_BC=0.00013 LR=3.67e-04 nu=0.01 NSraw=0.09997 alpha(W1/W8/all)=0.59/0.39/0.48 | 0.83 it/s
[Iter 19020/20000] Total=0.08688 | NS=0.07345 CO2(scaled)=0.00238 CO2_weight=1.00 guide_w=15.6 Walls=0.00099(x10) g_ns/g_walls=5.7 Windows=0.00091 Doors=0.00008 IC=0.00000 CO2_BC=0.00012 LR=3.67e-04 nu=0.01 NSraw=0.2627 alpha(W1/W8/all)=0.59/0.39/0.48 | 0.83 it/s
[Iter 19030/20000] Total=0.06059 | NS=0.04332 CO2(scaled)=0.00129 CO2_weight=1.00 guide_w=15.6 Walls=0.00142(x10) g_ns/g_walls=5.7 Windows=0.00166 Doors=0.00006 IC=0.00000 CO2_BC=0.00009 LR=3.67e-04 nu=0.01 NSraw=0.08347 alpha(W1/W8/all)=0.59/0.39/0.48 | 0.83 it/s
[Iter 19040/20000] Total=0.04097 | NS=0.03492 CO2(scaled)=0.00094 CO2_weight=1.00 guide_w=15.6 Walls=0.00043(x10) g_ns/g_walls=5.7 Windows=0.00067 Doors=0.00008 IC=0.00000 CO2_BC=0.00010 LR=3.67e-04 nu=0.01 NSraw=0.08047 alpha(W1/W8/all)=0.59/0.39/0.48 | 0.83 it/s
[Iter 19050/20000] Total=0.10628 | NS=0.09098 CO2(scaled)=0.00096 CO2_weight=1.00 guide_w=15.6 Walls=0.00126(x10) g_ns/g_walls=5.7 Windows=0.00162 Doors=0.00008 IC=0.00000 CO2_BC=0.00007 LR=3.67e-04 nu=0.01 NSraw=0.4613 alpha(W1/W8/all)=0.59/0.39/0.48 | 0.83 it/s
[Iter 19060/20000] Total=0.05162 | NS=0.04623 CO2(scaled)=0.00113 CO2_weight=1.00 guide_w=15.6 Walls=0.00035(x10) g_ns/g_walls=5.7 Windows=0.00054 Doors=0.00011 IC=0.00000 CO2_BC=0.00009 LR=3.66e-04 nu=0.01 NSraw=0.1526 alpha(W1/W8/all)=0.59/0.39/0.48 | 0.83 it/s
[Iter 19070/20000] Total=0.05980 | NS=0.04455 CO2(scaled)=0.00134 CO2_weight=1.00 guide_w=15.6 Walls=0.00118(x10) g_ns/g_walls=5.7 Windows=0.00178 Doors=0.00021 IC=0.00000 CO2_BC=0.00009 LR=3.66e-04 nu=0.01 NSraw=0.07234 alpha(W1/W8/all)=0.59/0.39/0.48 | 0.83 it/s
[Iter 19080/20000] Total=0.06453 | NS=0.05348 CO2(scaled)=0.00111 CO2_weight=1.00 guide_w=15.6 Walls=0.00087(x10) g_ns/g_walls=5.7 Windows=0.00110 Doors=0.00009 IC=0.00000 CO2_BC=0.00008 LR=3.66e-04 nu=0.01 NSraw=0.1362 alpha(W1/W8/all)=0.59/0.39/0.48 | 0.83 it/s
[Iter 19090/20000] Total=0.14120 | NS=0.13272 CO2(scaled)=0.00102 CO2_weight=1.00 guide_w=15.6 Walls=0.00063(x10) g_ns/g_walls=5.7 Windows=0.00098 Doors=0.00010 IC=0.00000 CO2_BC=0.00007 LR=3.66e-04 nu=0.01 NSraw=1.912 alpha(W1/W8/all)=0.59/0.39/0.48 | 0.83 it/s
[Iter 19100/20000] Total=0.03996 | NS=0.02594 CO2(scaled)=0.00081 CO2_weight=1.00 guide_w=3.49 Walls=0.00119(x10) g_ns/g_walls=0.141 Windows=0.00111 Doors=0.00008 IC=0.00000 CO2_BC=0.00009 LR=3.66e-04 nu=0.01 NSraw=0.05465 alpha(W1/W8/all)=0.59/0.39/0.48 | 0.83 it/s
[Iter 19110/20000] Total=0.08991 | NS=0.08229 CO2(scaled)=0.00102 CO2_weight=1.00 guide_w=3.49 Walls=0.00058(x10) g_ns/g_walls=0.141 Windows=0.00058 Doors=0.00006 IC=0.00000 CO2_BC=0.00010 LR=3.65e-04 nu=0.01 NSraw=0.4235 alpha(W1/W8/all)=0.59/0.39/0.48 | 0.83 it/s
[Iter 19120/20000] Total=0.21917 | NS=0.20763 CO2(scaled)=0.00218 CO2_weight=1.00 guide_w=3.49 Walls=0.00076(x10) g_ns/g_walls=0.141 Windows=0.00159 Doors=0.00007 IC=0.00000 CO2_BC=0.00009 LR=3.65e-04 nu=0.01 NSraw=3.393 alpha(W1/W8/all)=0.59/0.39/0.48 | 0.83 it/s
[Iter 19130/20000] Total=0.05933 | NS=0.05168 CO2(scaled)=0.00097 CO2_weight=1.00 guide_w=3.49 Walls=0.00057(x10) g_ns/g_walls=0.141 Windows=0.00074 Doors=0.00012 IC=0.00000 CO2_BC=0.00009 LR=3.65e-04 nu=0.01 NSraw=0.131 alpha(W1/W8/all)=0.59/0.39/0.48 | 0.83 it/s
[Iter 19140/20000] Total=0.24194 | NS=0.23561 CO2(scaled)=0.00095 CO2_weight=1.00 guide_w=3.49 Walls=0.00048(x10) g_ns/g_walls=0.141 Windows=0.00043 Doors=0.00008 IC=0.00000 CO2_BC=0.00009 LR=3.65e-04 nu=0.01 NSraw=5.623 alpha(W1/W8/all)=0.59/0.39/0.48 | 0.83 it/s
[Iter 19150/20000] Total=0.06267 | NS=0.05564 CO2(scaled)=0.00125 CO2_weight=1.00 guide_w=3.49 Walls=0.00048(x10) g_ns/g_walls=0.141 Windows=0.00081 Doors=0.00009 IC=0.00000 CO2_BC=0.00009 LR=3.65e-04 nu=0.01 NSraw=0.1792 alpha(W1/W8/all)=0.59/0.39/0.48 | 0.83 it/s
[Iter 19160/20000] Total=0.05303 | NS=0.04369 CO2(scaled)=0.00097 CO2_weight=1.00 guide_w=3.49 Walls=0.00075(x10) g_ns/g_walls=0.141 Windows=0.00077 Doors=0.00007 IC=0.00000 CO2_BC=0.00009 LR=3.64e-04 nu=0.01 NSraw=0.1389 alpha(W1/W8/all)=0.59/0.39/0.48 | 0.83 it/s
[Iter 19170/20000] Total=0.05029 | NS=0.04485 CO2(scaled)=0.00106 CO2_weight=1.00 guide_w=3.49 Walls=0.00037(x10) g_ns/g_walls=0.141 Windows=0.00050 Doors=0.00006 IC=0.00000 CO2_BC=0.00008 LR=3.64e-04 nu=0.01 NSraw=0.1084 alpha(W1/W8/all)=0.59/0.39/0.48 | 0.83 it/s
[Iter 19180/20000] Total=0.06093 | NS=0.04992 CO2(scaled)=0.00212 CO2_weight=1.00 guide_w=3.49 Walls=0.00080(x10) g_ns/g_walls=0.141 Windows=0.00076 Doors=0.00008 IC=0.00000 CO2_BC=0.00008 LR=3.64e-04 nu=0.01 NSraw=0.1437 alpha(W1/W8/all)=0.59/0.39/0.48 | 0.83 it/s
[Iter 19190/20000] Total=0.08153 | NS=0.07279 CO2(scaled)=0.00172 CO2_weight=1.00 guide_w=3.49 Walls=0.00062(x10) g_ns/g_walls=0.141 Windows=0.00060 Doors=0.00009 IC=0.00000 CO2_BC=0.00007 LR=3.64e-04 nu=0.01 NSraw=0.3004 alpha(W1/W8/all)=0.59/0.39/0.48 | 0.83 it/s
[Iter 19200/20000] Total=0.20291 | NS=0.19255 CO2(scaled)=0.00127 CO2_weight=1.00 guide_w=13.1 Walls=0.00083(x10) g_ns/g_walls=2.66 Windows=0.00058 Doors=0.00012 IC=0.00000 CO2_BC=0.00008 LR=3.64e-04 nu=0.01 NSraw=3.465 alpha(W1/W8/all)=0.59/0.39/0.48 | 0.83 it/s
[Iter 19210/20000] Total=0.05753 | NS=0.04510 CO2(scaled)=0.00137 CO2_weight=1.00 guide_w=13.1 Walls=0.00103(x10) g_ns/g_walls=2.66 Windows=0.00057 Doors=0.00008 IC=0.00000 CO2_BC=0.00013 LR=3.63e-04 nu=0.01 NSraw=0.1418 alpha(W1/W8/all)=0.59/0.39/0.48 | 0.83 it/s
[Iter 19220/20000] Total=0.32993 | NS=0.31138 CO2(scaled)=0.00122 CO2_weight=1.00 guide_w=13.1 Walls=0.00160(x10) g_ns/g_walls=2.66 Windows=0.00111 Doors=0.00007 IC=0.00000 CO2_BC=0.00012 LR=3.63e-04 nu=0.01 NSraw=11.67 alpha(W1/W8/all)=0.59/0.39/0.48 | 0.83 it/s
[Iter 19230/20000] Total=0.20974 | NS=0.17781 CO2(scaled)=0.00160 CO2_weight=1.00 guide_w=13.1 Walls=0.00271(x10) g_ns/g_walls=2.66 Windows=0.00310 Doors=0.00006 IC=0.00000 CO2_BC=0.00009 LR=3.63e-04 nu=0.01 NSraw=2.125 alpha(W1/W8/all)=0.59/0.39/0.48 | 0.83 it/s
[Iter 19240/20000] Total=0.08504 | NS=0.07725 CO2(scaled)=0.00113 CO2_weight=1.00 guide_w=13.1 Walls=0.00057(x10) g_ns/g_walls=2.66 Windows=0.00083 Doors=0.00005 IC=0.00000 CO2_BC=0.00012 LR=3.63e-04 nu=0.01 NSraw=0.3774 alpha(W1/W8/all)=0.59/0.39/0.48 | 0.83 it/s
[Iter 19250/20000] Total=0.10430 | NS=0.09953 CO2(scaled)=0.00104 CO2_weight=1.00 guide_w=13.1 Walls=0.00031(x10) g_ns/g_walls=2.66 Windows=0.00048 Doors=0.00005 IC=0.00000 CO2_BC=0.00011 LR=3.63e-04 nu=0.01 NSraw=1.519 alpha(W1/W8/all)=0.59/0.39/0.48 | 0.83 it/s
[Iter 19260/20000] Total=0.38297 | NS=0.37540 CO2(scaled)=0.00105 CO2_weight=1.00 guide_w=13.1 Walls=0.00057(x10) g_ns/g_walls=2.66 Windows=0.00066 Doors=0.00008 IC=0.00000 CO2_BC=0.00010 LR=3.63e-04 nu=0.01 NSraw=25.65 alpha(W1/W8/all)=0.59/0.39/0.48 | 0.83 it/s
[Iter 19270/20000] Total=0.08341 | NS=0.07164 CO2(scaled)=0.00086 CO2_weight=1.00 guide_w=13.1 Walls=0.00095(x10) g_ns/g_walls=2.66 Windows=0.00118 Doors=0.00011 IC=0.00000 CO2_BC=0.00013 LR=3.62e-04 nu=0.01 NSraw=0.2618 alpha(W1/W8/all)=0.59/0.39/0.48 | 0.83 it/s
[Iter 19280/20000] Total=0.08403 | NS=0.07853 CO2(scaled)=0.00106 CO2_weight=1.00 guide_w=13.1 Walls=0.00037(x10) g_ns/g_walls=2.66 Windows=0.00062 Doors=0.00007 IC=0.00000 CO2_BC=0.00009 LR=3.62e-04 nu=0.01 NSraw=0.3729 alpha(W1/W8/all)=0.59/0.39/0.48 | 0.83 it/s
[Iter 19290/20000] Total=0.05588 | NS=0.04518 CO2(scaled)=0.00114 CO2_weight=1.00 guide_w=13.1 Walls=0.00088(x10) g_ns/g_walls=2.66 Windows=0.00063 Doors=0.00009 IC=0.00000 CO2_BC=0.00007 LR=3.62e-04 nu=0.01 NSraw=0.1085 alpha(W1/W8/all)=0.59/0.39/0.48 | 0.83 it/s
[Iter 19300/20000] Total=0.14683 | NS=0.12750 CO2(scaled)=0.00087 CO2_weight=1.00 guide_w=118 Walls=0.00159(x10) g_ns/g_walls=3.79 Windows=0.00238 Doors=0.00006 IC=0.00000 CO2_BC=0.00012 LR=3.62e-04 nu=0.01 NSraw=0.6971 alpha(W1/W8/all)=0.59/0.39/0.48 | 0.83 it/s
[Iter 19310/20000] Total=0.04870 | NS=0.03768 CO2(scaled)=0.00095 CO2_weight=1.00 guide_w=118 Walls=0.00088(x10) g_ns/g_walls=3.79 Windows=0.00110 Doors=0.00009 IC=0.00000 CO2_BC=0.00010 LR=3.62e-04 nu=0.01 NSraw=0.09924 alpha(W1/W8/all)=0.59/0.39/0.48 | 0.83 it/s
[Iter 19320/20000] Total=0.07403 | NS=0.06439 CO2(scaled)=0.00157 CO2_weight=1.00 guide_w=118 Walls=0.00067(x10) g_ns/g_walls=3.79 Windows=0.00120 Doors=0.00011 IC=0.00000 CO2_BC=0.00012 LR=3.61e-04 nu=0.01 NSraw=0.2645 alpha(W1/W8/all)=0.59/0.39/0.48 | 0.83 it/s
[Iter 19330/20000] Total=0.05821 | NS=0.05080 CO2(scaled)=0.00113 CO2_weight=1.00 guide_w=118 Walls=0.00052(x10) g_ns/g_walls=3.79 Windows=0.00077 Doors=0.00015 IC=0.00000 CO2_BC=0.00011 LR=3.61e-04 nu=0.01 NSraw=0.1282 alpha(W1/W8/all)=0.59/0.39/0.48 | 0.83 it/s
[Iter 19340/20000] Total=0.30037 | NS=0.29374 CO2(scaled)=0.00090 CO2_weight=1.00 guide_w=118 Walls=0.00047(x10) g_ns/g_walls=3.79 Windows=0.00086 Doors=0.00010 IC=0.00000 CO2_BC=0.00009 LR=3.61e-04 nu=0.01 NSraw=16.97 alpha(W1/W8/all)=0.59/0.39/0.48 | 0.83 it/s
[Iter 19350/20000] Total=0.20197 | NS=0.18244 CO2(scaled)=0.00113 CO2_weight=1.00 guide_w=118 Walls=0.00166(x10) g_ns/g_walls=3.79 Windows=0.00168 Doors=0.00006 IC=0.00000 CO2_BC=0.00007 LR=3.61e-04 nu=0.01 NSraw=4.99 alpha(W1/W8/all)=0.59/0.39/0.48 | 0.83 it/s
[Iter 19360/20000] Total=0.07683 | NS=0.06581 CO2(scaled)=0.00130 CO2_weight=1.00 guide_w=118 Walls=0.00087(x10) g_ns/g_walls=3.79 Windows=0.00088 Doors=0.00005 IC=0.00000 CO2_BC=0.00011 LR=3.61e-04 nu=0.01 NSraw=0.2044 alpha(W1/W8/all)=0.59/0.39/0.48 | 0.83 it/s
[Iter 19370/20000] Total=0.06445 | NS=0.05576 CO2(scaled)=0.00153 CO2_weight=1.00 guide_w=118 Walls=0.00061(x10) g_ns/g_walls=3.79 Windows=0.00092 Doors=0.00010 IC=0.00000 CO2_BC=0.00007 LR=3.60e-04 nu=0.01 NSraw=0.2073 alpha(W1/W8/all)=0.59/0.39/0.48 | 0.83 it/s
[Iter 19380/20000] Total=0.19290 | NS=0.18621 CO2(scaled)=0.00087 CO2_weight=1.00 guide_w=118 Walls=0.00050(x10) g_ns/g_walls=3.79 Windows=0.00066 Doors=0.00008 IC=0.00000 CO2_BC=0.00011 LR=3.60e-04 nu=0.01 NSraw=5.64 alpha(W1/W8/all)=0.59/0.39/0.48 | 0.83 it/s
[Iter 19390/20000] Total=0.06897 | NS=0.05694 CO2(scaled)=0.00098 CO2_weight=1.00 guide_w=118 Walls=0.00094(x10) g_ns/g_walls=3.79 Windows=0.00141 Doors=0.00011 IC=0.00000 CO2_BC=0.00010 LR=3.60e-04 nu=0.01 NSraw=0.2446 alpha(W1/W8/all)=0.59/0.39/0.48 | 0.83 it/s
[Iter 19400/20000] Total=0.25565 | NS=0.23896 CO2(scaled)=0.00111 CO2_weight=1.00 guide_w=107 Walls=0.00137(x10) g_ns/g_walls=7.86 Windows=0.00168 Doors=0.00008 IC=0.00000 CO2_BC=0.00008 LR=3.60e-04 nu=0.01 NSraw=7.38 alpha(W1/W8/all)=0.59/0.39/0.48 | 0.83 it/s
[Iter 19410/20000] Total=0.06896 | NS=0.06188 CO2(scaled)=0.00101 CO2_weight=1.00 guide_w=107 Walls=0.00051(x10) g_ns/g_walls=7.86 Windows=0.00078 Doors=0.00006 IC=0.00000 CO2_BC=0.00010 LR=3.60e-04 nu=0.01 NSraw=0.2535 alpha(W1/W8/all)=0.59/0.39/0.48 | 0.83 it/s
[Iter 19420/20000] Total=0.06163 | NS=0.03731 CO2(scaled)=0.00129 CO2_weight=1.00 guide_w=107 Walls=0.00207(x10) g_ns/g_walls=7.86 Windows=0.00218 Doors=0.00007 IC=0.00000 CO2_BC=0.00011 LR=3.59e-04 nu=0.01 NSraw=0.08005 alpha(W1/W8/all)=0.59/0.39/0.48 | 0.83 it/s
[Iter 19430/20000] Total=0.15098 | NS=0.12710 CO2(scaled)=0.00088 CO2_weight=1.00 guide_w=107 Walls=0.00209(x10) g_ns/g_walls=7.86 Windows=0.00192 Doors=0.00005 IC=0.00000 CO2_BC=0.00009 LR=3.59e-04 nu=0.01 NSraw=1.016 alpha(W1/W8/all)=0.59/0.39/0.48 | 0.83 it/s
[Iter 19440/20000] Total=0.17967 | NS=0.16716 CO2(scaled)=0.00119 CO2_weight=1.00 guide_w=107 Walls=0.00098(x10) g_ns/g_walls=7.86 Windows=0.00140 Doors=0.00007 IC=0.00000 CO2_BC=0.00009 LR=3.59e-04 nu=0.01 NSraw=4.679 alpha(W1/W8/all)=0.59/0.39/0.48 | 0.83 it/s
[Iter 19450/20000] Total=0.06137 | NS=0.05264 CO2(scaled)=0.00091 CO2_weight=1.00 guide_w=107 Walls=0.00067(x10) g_ns/g_walls=7.86 Windows=0.00095 Doors=0.00006 IC=0.00000 CO2_BC=0.00009 LR=3.59e-04 nu=0.01 NSraw=0.1514 alpha(W1/W8/all)=0.59/0.39/0.48 | 0.83 it/s
[Iter 19460/20000] Total=0.03489 | NS=0.01780 CO2(scaled)=0.00094 CO2_weight=1.00 guide_w=107 Walls=0.00147(x10) g_ns/g_walls=7.86 Windows=0.00133 Doors=0.00006 IC=0.00000 CO2_BC=0.00008 LR=3.59e-04 nu=0.01 NSraw=0.02582 alpha(W1/W8/all)=0.59/0.39/0.48 | 0.83 it/s
[Iter 19470/20000] Total=0.07501 | NS=0.04675 CO2(scaled)=0.00109 CO2_weight=1.00 guide_w=107 Walls=0.00243(x10) g_ns/g_walls=7.86 Windows=0.00269 Doors=0.00007 IC=0.00000 CO2_BC=0.00008 LR=3.59e-04 nu=0.01 NSraw=0.1389 alpha(W1/W8/all)=0.59/0.39/0.48 | 0.83 it/s
[Iter 19480/20000] Total=0.09225 | NS=0.08023 CO2(scaled)=0.00122 CO2_weight=1.00 guide_w=107 Walls=0.00100(x10) g_ns/g_walls=7.86 Windows=0.00066 Doors=0.00007 IC=0.00000 CO2_BC=0.00008 LR=3.58e-04 nu=0.01 NSraw=0.2408 alpha(W1/W8/all)=0.59/0.39/0.48 | 0.83 it/s
[Iter 19490/20000] Total=0.07481 | NS=0.06796 CO2(scaled)=0.00111 CO2_weight=1.00 guide_w=107 Walls=0.00048(x10) g_ns/g_walls=7.86 Windows=0.00067 Doors=0.00008 IC=0.00000 CO2_BC=0.00017 LR=3.58e-04 nu=0.01 NSraw=0.2739 alpha(W1/W8/all)=0.59/0.39/0.48 | 0.83 it/s
[Iter 19500/20000] Total=0.07654 | NS=0.06453 CO2(scaled)=0.00139 CO2_weight=1.00 guide_w=1 Walls=0.00094(x10) g_ns/g_walls=0.152 Windows=0.00096 Doors=0.00007 IC=0.00000 CO2_BC=0.00017 LR=3.58e-04 nu=0.01 NSraw=0.2071 alpha(W1/W8/all)=0.59/0.39/0.48 | 0.83 it/s
[Iter 19510/20000] Total=0.25707 | NS=0.24827 CO2(scaled)=0.00118 CO2_weight=1.00 guide_w=1 Walls=0.00062(x10) g_ns/g_walls=0.152 Windows=0.00119 Doors=0.00009 IC=0.00000 CO2_BC=0.00010 LR=3.58e-04 nu=0.01 NSraw=13 alpha(W1/W8/all)=0.59/0.39/0.48 | 0.83 it/s
[Iter 19520/20000] Total=0.09285 | NS=0.07825 CO2(scaled)=0.00185 CO2_weight=1.00 guide_w=1 Walls=0.00112(x10) g_ns/g_walls=0.152 Windows=0.00137 Doors=0.00013 IC=0.00000 CO2_BC=0.00008 LR=3.58e-04 nu=0.01 NSraw=0.375 alpha(W1/W8/all)=0.59/0.39/0.48 | 0.83 it/s
[Iter 19530/20000] Total=0.32849 | NS=0.30942 CO2(scaled)=0.00219 CO2_weight=1.00 guide_w=1 Walls=0.00155(x10) g_ns/g_walls=0.152 Windows=0.00120 Doors=0.00007 IC=0.00000 CO2_BC=0.00011 LR=3.57e-04 nu=0.01 NSraw=10.75 alpha(W1/W8/all)=0.59/0.39/0.48 | 0.83 it/s
[Iter 19540/20000] Total=0.08216 | NS=0.07512 CO2(scaled)=0.00121 CO2_weight=1.00 guide_w=1 Walls=0.00050(x10) g_ns/g_walls=0.152 Windows=0.00060 Doors=0.00011 IC=0.00000 CO2_BC=0.00007 LR=3.57e-04 nu=0.01 NSraw=0.1886 alpha(W1/W8/all)=0.59/0.39/0.48 | 0.83 it/s
[Iter 19550/20000] Total=0.04162 | NS=0.03281 CO2(scaled)=0.00153 CO2_weight=1.00 guide_w=1 Walls=0.00062(x10) g_ns/g_walls=0.152 Windows=0.00086 Doors=0.00009 IC=0.00000 CO2_BC=0.00008 LR=3.57e-04 nu=0.01 NSraw=0.08789 alpha(W1/W8/all)=0.59/0.39/0.48 | 0.83 it/s
[Iter 19560/20000] Total=0.06570 | NS=0.05243 CO2(scaled)=0.00147 CO2_weight=1.00 guide_w=1 Walls=0.00109(x10) g_ns/g_walls=0.152 Windows=0.00080 Doors=0.00006 IC=0.00000 CO2_BC=0.00009 LR=3.57e-04 nu=0.01 NSraw=0.1363 alpha(W1/W8/all)=0.59/0.39/0.48 | 0.83 it/s
[Iter 19570/20000] Total=0.03817 | NS=0.02649 CO2(scaled)=0.00151 CO2_weight=1.00 guide_w=1 Walls=0.00092(x10) g_ns/g_walls=0.152 Windows=0.00083 Doors=0.00005 IC=0.00000 CO2_BC=0.00010 LR=3.57e-04 nu=0.01 NSraw=0.04811 alpha(W1/W8/all)=0.59/0.39/0.48 | 0.83 it/s
[Iter 19580/20000] Total=0.17128 | NS=0.16302 CO2(scaled)=0.00098 CO2_weight=1.00 guide_w=1 Walls=0.00062(x10) g_ns/g_walls=0.152 Windows=0.00086 Doors=0.00008 IC=0.00000 CO2_BC=0.00010 LR=3.56e-04 nu=0.01 NSraw=4.387 alpha(W1/W8/all)=0.59/0.39/0.48 | 0.83 it/s
[Iter 19590/20000] Total=0.04802 | NS=0.04246 CO2(scaled)=0.00098 CO2_weight=1.00 guide_w=1 Walls=0.00036(x10) g_ns/g_walls=0.152 Windows=0.00078 Doors=0.00007 IC=0.00000 CO2_BC=0.00009 LR=3.56e-04 nu=0.01 NSraw=0.1155 alpha(W1/W8/all)=0.59/0.39/0.48 | 0.83 it/s
[Iter 19600/20000] Total=0.29212 | NS=0.26744 CO2(scaled)=0.00172 CO2_weight=1.00 guide_w=59.6 Walls=0.00207(x10) g_ns/g_walls=3.77 Windows=0.00204 Doors=0.00005 IC=0.00000 CO2_BC=0.00012 LR=3.56e-04 nu=0.01 NSraw=7.42 alpha(W1/W8/all)=0.59/0.39/0.48 | 0.83 it/s
[Iter 19610/20000] Total=0.09559 | NS=0.07610 CO2(scaled)=0.00115 CO2_weight=1.00 guide_w=59.6 Walls=0.00167(x10) g_ns/g_walls=3.77 Windows=0.00149 Doors=0.00005 IC=0.00000 CO2_BC=0.00010 LR=3.56e-04 nu=0.01 NSraw=0.3178 alpha(W1/W8/all)=0.59/0.39/0.48 | 0.83 it/s
[Iter 19620/20000] Total=0.14208 | NS=0.10574 CO2(scaled)=0.00180 CO2_weight=1.00 guide_w=59.6 Walls=0.00312(x10) g_ns/g_walls=3.77 Windows=0.00274 Doors=0.00007 IC=0.00000 CO2_BC=0.00054 LR=3.56e-04 nu=0.01 NSraw=0.6322 alpha(W1/W8/all)=0.59/0.39/0.48 | 0.83 it/s
[Iter 19630/20000] Total=0.06920 | NS=0.06067 CO2(scaled)=0.00119 CO2_weight=1.00 guide_w=59.6 Walls=0.00063(x10) g_ns/g_walls=3.77 Windows=0.00082 Doors=0.00006 IC=0.00000 CO2_BC=0.00014 LR=3.56e-04 nu=0.01 NSraw=0.1931 alpha(W1/W8/all)=0.59/0.39/0.48 | 0.83 it/s
[Iter 19640/20000] Total=0.06930 | NS=0.06040 CO2(scaled)=0.00207 CO2_weight=1.00 guide_w=59.6 Walls=0.00058(x10) g_ns/g_walls=3.77 Windows=0.00081 Doors=0.00009 IC=0.00000 CO2_BC=0.00008 LR=3.55e-04 nu=0.01 NSraw=0.1564 alpha(W1/W8/all)=0.59/0.39/0.48 | 0.83 it/s
[Iter 19650/20000] Total=0.08943 | NS=0.07905 CO2(scaled)=0.00296 CO2_weight=1.00 guide_w=59.6 Walls=0.00065(x10) g_ns/g_walls=3.77 Windows=0.00065 Doors=0.00017 IC=0.00000 CO2_BC=0.00010 LR=3.55e-04 nu=0.01 NSraw=0.2595 alpha(W1/W8/all)=0.59/0.39/0.48 | 0.83 it/s
[Iter 19660/20000] Total=0.15144 | NS=0.13952 CO2(scaled)=0.00164 CO2_weight=1.00 guide_w=59.6 Walls=0.00088(x10) g_ns/g_walls=3.77 Windows=0.00124 Doors=0.00010 IC=0.00000 CO2_BC=0.00013 LR=3.55e-04 nu=0.01 NSraw=0.8288 alpha(W1/W8/all)=0.59/0.39/0.48 | 0.83 it/s
[Iter 19670/20000] Total=0.15859 | NS=0.14212 CO2(scaled)=0.00245 CO2_weight=1.00 guide_w=59.6 Walls=0.00126(x10) g_ns/g_walls=3.77 Windows=0.00120 Doors=0.00006 IC=0.00000 CO2_BC=0.00014 LR=3.55e-04 nu=0.01 NSraw=0.619 alpha(W1/W8/all)=0.59/0.39/0.48 | 0.83 it/s
[Iter 19680/20000] Total=0.08373 | NS=0.07469 CO2(scaled)=0.00152 CO2_weight=1.00 guide_w=59.6 Walls=0.00065(x10) g_ns/g_walls=3.77 Windows=0.00073 Doors=0.00009 IC=0.00000 CO2_BC=0.00015 LR=3.55e-04 nu=0.01 NSraw=0.2727 alpha(W1/W8/all)=0.59/0.39/0.48 | 0.83 it/s
[Iter 19690/20000] Total=0.17168 | NS=0.15722 CO2(scaled)=0.00243 CO2_weight=1.00 guide_w=59.6 Walls=0.00108(x10) g_ns/g_walls=3.77 Windows=0.00097 Doors=0.00008 IC=0.00000 CO2_BC=0.00013 LR=3.54e-04 nu=0.01 NSraw=2.644 alpha(W1/W8/all)=0.59/0.39/0.48 | 0.83 it/s
[Iter 19700/20000] Total=0.10251 | NS=0.09377 CO2(scaled)=0.00140 CO2_weight=1.00 guide_w=7.91 Walls=0.00062(x10) g_ns/g_walls=1.48 Windows=0.00092 Doors=0.00008 IC=0.00000 CO2_BC=0.00013 LR=3.54e-04 nu=0.01 NSraw=0.3274 alpha(W1/W8/all)=0.59/0.39/0.48 | 0.83 it/s
[Iter 19710/20000] Total=0.24724 | NS=0.24176 CO2(scaled)=0.00112 CO2_weight=1.00 guide_w=7.91 Walls=0.00034(x10) g_ns/g_walls=1.48 Windows=0.00076 Doors=0.00005 IC=0.00000 CO2_BC=0.00012 LR=3.54e-04 nu=0.01 NSraw=4.162 alpha(W1/W8/all)=0.59/0.39/0.48 | 0.83 it/s
[Iter 19720/20000] Total=0.11232 | NS=0.10507 CO2(scaled)=0.00121 CO2_weight=1.00 guide_w=7.91 Walls=0.00052(x10) g_ns/g_walls=1.48 Windows=0.00073 Doors=0.00006 IC=0.00000 CO2_BC=0.00009 LR=3.54e-04 nu=0.01 NSraw=0.3814 alpha(W1/W8/all)=0.59/0.39/0.48 | 0.83 it/s
[Iter 19730/20000] Total=0.04991 | NS=0.04135 CO2(scaled)=0.00111 CO2_weight=1.00 guide_w=7.91 Walls=0.00063(x10) g_ns/g_walls=1.48 Windows=0.00095 Doors=0.00006 IC=0.00000 CO2_BC=0.00010 LR=3.54e-04 nu=0.01 NSraw=0.08127 alpha(W1/W8/all)=0.59/0.39/0.48 | 0.83 it/s
[Iter 19740/20000] Total=0.13404 | NS=0.12816 CO2(scaled)=0.00110 CO2_weight=1.00 guide_w=7.91 Walls=0.00041(x10) g_ns/g_walls=1.48 Windows=0.00055 Doors=0.00006 IC=0.00000 CO2_BC=0.00012 LR=3.53e-04 nu=0.01 NSraw=0.6601 alpha(W1/W8/all)=0.59/0.39/0.48 | 0.83 it/s
[Iter 19750/20000] Total=0.12036 | NS=0.11015 CO2(scaled)=0.00126 CO2_weight=1.00 guide_w=7.91 Walls=0.00076(x10) g_ns/g_walls=1.48 Windows=0.00115 Doors=0.00007 IC=0.00000 CO2_BC=0.00011 LR=3.53e-04 nu=0.01 NSraw=0.6176 alpha(W1/W8/all)=0.59/0.39/0.48 | 0.83 it/s
[Iter 19760/20000] Total=0.17268 | NS=0.15983 CO2(scaled)=0.00167 CO2_weight=1.00 guide_w=7.91 Walls=0.00091(x10) g_ns/g_walls=1.48 Windows=0.00189 Doors=0.00006 IC=0.00000 CO2_BC=0.00012 LR=3.53e-04 nu=0.01 NSraw=1.553 alpha(W1/W8/all)=0.59/0.39/0.48 | 0.83 it/s
[Iter 19770/20000] Total=0.08431 | NS=0.07402 CO2(scaled)=0.00185 CO2_weight=1.00 guide_w=7.91 Walls=0.00070(x10) g_ns/g_walls=1.48 Windows=0.00129 Doors=0.00010 IC=0.00000 CO2_BC=0.00009 LR=3.53e-04 nu=0.01 NSraw=0.2261 alpha(W1/W8/all)=0.59/0.39/0.48 | 0.83 it/s
[Iter 19780/20000] Total=0.99741 | NS=0.98237 CO2(scaled)=0.00137 CO2_weight=1.00 guide_w=7.91 Walls=0.00118(x10) g_ns/g_walls=1.48 Windows=0.00170 Doors=0.00007 IC=0.00000 CO2_BC=0.00008 LR=3.53e-04 nu=0.01 NSraw=139.2 alpha(W1/W8/all)=0.59/0.39/0.48 | 0.83 it/s
[Iter 19790/20000] Total=0.07571 | NS=0.06808 CO2(scaled)=0.00105 CO2_weight=1.00 guide_w=7.91 Walls=0.00057(x10) g_ns/g_walls=1.48 Windows=0.00075 Doors=0.00007 IC=0.00000 CO2_BC=0.00011 LR=3.53e-04 nu=0.01 NSraw=0.1977 alpha(W1/W8/all)=0.59/0.39/0.48 | 0.83 it/s
[Iter 19800/20000] Total=0.07349 | NS=0.05816 CO2(scaled)=0.00108 CO2_weight=1.00 guide_w=6 Walls=0.00126(x10) g_ns/g_walls=0.421 Windows=0.00145 Doors=0.00007 IC=0.00000 CO2_BC=0.00016 LR=3.52e-04 nu=0.01 NSraw=0.1931 alpha(W1/W8/all)=0.59/0.39/0.48 | 0.83 it/s
[Iter 19810/20000] Total=0.20074 | NS=0.19037 CO2(scaled)=0.00117 CO2_weight=1.00 guide_w=6 Walls=0.00082(x10) g_ns/g_walls=0.421 Windows=0.00086 Doors=0.00008 IC=0.00000 CO2_BC=0.00007 LR=3.52e-04 nu=0.01 NSraw=4.106 alpha(W1/W8/all)=0.59/0.39/0.48 | 0.83 it/s
[Iter 19820/20000] Total=0.05549 | NS=0.04021 CO2(scaled)=0.00152 CO2_weight=1.00 guide_w=6 Walls=0.00129(x10) g_ns/g_walls=0.421 Windows=0.00066 Doors=0.00011 IC=0.00000 CO2_BC=0.00011 LR=3.52e-04 nu=0.01 NSraw=0.1441 alpha(W1/W8/all)=0.59/0.39/0.48 | 0.83 it/s
[Iter 19830/20000] Total=0.08204 | NS=0.06270 CO2(scaled)=0.00098 CO2_weight=1.00 guide_w=6 Walls=0.00169(x10) g_ns/g_walls=0.421 Windows=0.00126 Doors=0.00009 IC=0.00000 CO2_BC=0.00010 LR=3.52e-04 nu=0.01 NSraw=0.1883 alpha(W1/W8/all)=0.59/0.39/0.48 | 0.83 it/s
[Iter 19840/20000] Total=0.06154 | NS=0.05353 CO2(scaled)=0.00126 CO2_weight=1.00 guide_w=6 Walls=0.00057(x10) g_ns/g_walls=0.421 Windows=0.00085 Doors=0.00009 IC=0.00000 CO2_BC=0.00011 LR=3.52e-04 nu=0.01 NSraw=0.1013 alpha(W1/W8/all)=0.59/0.39/0.48 | 0.83 it/s
[Iter 19850/20000] Total=0.05978 | NS=0.04870 CO2(scaled)=0.00129 CO2_weight=1.00 guide_w=6 Walls=0.00089(x10) g_ns/g_walls=0.421 Windows=0.00069 Doors=0.00010 IC=0.00000 CO2_BC=0.00010 LR=3.51e-04 nu=0.01 NSraw=0.1066 alpha(W1/W8/all)=0.59/0.39/0.48 | 0.83 it/s
[Iter 19860/20000] Total=0.04525 | NS=0.03823 CO2(scaled)=0.00112 CO2_weight=1.00 guide_w=6 Walls=0.00051(x10) g_ns/g_walls=0.421 Windows=0.00052 Doors=0.00017 IC=0.00000 CO2_BC=0.00010 LR=3.51e-04 nu=0.01 NSraw=0.06908 alpha(W1/W8/all)=0.59/0.39/0.48 | 0.83 it/s
[Iter 19870/20000] Total=0.06450 | NS=0.05704 CO2(scaled)=0.00148 CO2_weight=1.00 guide_w=6 Walls=0.00048(x10) g_ns/g_walls=0.421 Windows=0.00095 Doors=0.00008 IC=0.00000 CO2_BC=0.00012 LR=3.51e-04 nu=0.01 NSraw=0.2377 alpha(W1/W8/all)=0.59/0.39/0.48 | 0.83 it/s
[Iter 19880/20000] Total=0.05086 | NS=0.04433 CO2(scaled)=0.00095 CO2_weight=1.00 guide_w=6 Walls=0.00048(x10) g_ns/g_walls=0.421 Windows=0.00062 Doors=0.00009 IC=0.00000 CO2_BC=0.00012 LR=3.51e-04 nu=0.01 NSraw=0.1118 alpha(W1/W8/all)=0.59/0.39/0.48 | 0.83 it/s
[Iter 19890/20000] Total=0.06622 | NS=0.05188 CO2(scaled)=0.00230 CO2_weight=1.00 guide_w=6 Walls=0.00107(x10) g_ns/g_walls=0.421 Windows=0.00115 Doors=0.00010 IC=0.00000 CO2_BC=0.00011 LR=3.51e-04 nu=0.01 NSraw=0.3695 alpha(W1/W8/all)=0.59/0.39/0.48 | 0.83 it/s
[Iter 19900/20000] Total=0.08815 | NS=0.05561 CO2(scaled)=0.00136 CO2_weight=1.00 guide_w=20.4 Walls=0.00290(x10) g_ns/g_walls=0.768 Windows=0.00201 Doors=0.00007 IC=0.00000 CO2_BC=0.00009 LR=3.51e-04 nu=0.01 NSraw=0.2045 alpha(W1/W8/all)=0.59/0.39/0.48 | 0.83 it/s
[Iter 19910/20000] Total=0.07047 | NS=0.06142 CO2(scaled)=0.00163 CO2_weight=1.00 guide_w=20.4 Walls=0.00066(x10) g_ns/g_walls=0.768 Windows=0.00067 Doors=0.00007 IC=0.00000 CO2_BC=0.00010 LR=3.50e-04 nu=0.01 NSraw=0.1411 alpha(W1/W8/all)=0.59/0.39/0.48 | 0.83 it/s
[Iter 19920/20000] Total=0.06610 | NS=0.05658 CO2(scaled)=0.00101 CO2_weight=1.00 guide_w=20.4 Walls=0.00078(x10) g_ns/g_walls=0.768 Windows=0.00051 Doors=0.00009 IC=0.00000 CO2_BC=0.00009 LR=3.50e-04 nu=0.01 NSraw=0.2611 alpha(W1/W8/all)=0.59/0.39/0.48 | 0.83 it/s
[Iter 19930/20000] Total=0.07374 | NS=0.06047 CO2(scaled)=0.00113 CO2_weight=1.00 guide_w=20.4 Walls=0.00111(x10) g_ns/g_walls=0.768 Windows=0.00083 Doors=0.00008 IC=0.00000 CO2_BC=0.00010 LR=3.50e-04 nu=0.01 NSraw=0.1472 alpha(W1/W8/all)=0.59/0.39/0.48 | 0.83 it/s
[Iter 19940/20000] Total=0.07241 | NS=0.06371 CO2(scaled)=0.00134 CO2_weight=1.00 guide_w=20.4 Walls=0.00067(x10) g_ns/g_walls=0.768 Windows=0.00051 Doors=0.00009 IC=0.00000 CO2_BC=0.00009 LR=3.50e-04 nu=0.01 NSraw=0.3058 alpha(W1/W8/all)=0.59/0.39/0.48 | 0.83 it/s
[Iter 19950/20000] Total=0.24166 | NS=0.23200 CO2(scaled)=0.00100 CO2_weight=1.00 guide_w=20.4 Walls=0.00078(x10) g_ns/g_walls=0.768 Windows=0.00068 Doors=0.00008 IC=0.00000 CO2_BC=0.00009 LR=3.50e-04 nu=0.01 NSraw=6.672 alpha(W1/W8/all)=0.59/0.39/0.48 | 0.83 it/s
[Iter 19960/20000] Total=0.13623 | NS=0.12949 CO2(scaled)=0.00137 CO2_weight=1.00 guide_w=20.4 Walls=0.00044(x10) g_ns/g_walls=0.768 Windows=0.00067 Doors=0.00011 IC=0.00000 CO2_BC=0.00014 LR=3.49e-04 nu=0.01 NSraw=0.6506 alpha(W1/W8/all)=0.59/0.39/0.48 | 0.83 it/s
[Iter 19970/20000] Total=0.12701 | NS=0.10820 CO2(scaled)=0.00225 CO2_weight=1.00 guide_w=20.4 Walls=0.00155(x10) g_ns/g_walls=0.768 Windows=0.00081 Doors=0.00011 IC=0.00000 CO2_BC=0.00012 LR=3.49e-04 nu=0.01 NSraw=0.5419 alpha(W1/W8/all)=0.59/0.39/0.48 | 0.83 it/s
[Iter 19980/20000] Total=0.04592 | NS=0.03099 CO2(scaled)=0.00169 CO2_weight=1.00 guide_w=20.4 Walls=0.00123(x10) g_ns/g_walls=0.768 Windows=0.00074 Doors=0.00011 IC=0.00000 CO2_BC=0.00010 LR=3.49e-04 nu=0.01 NSraw=0.07018 alpha(W1/W8/all)=0.59/0.39/0.48 | 0.83 it/s
[Iter 19990/20000] Total=0.33122 | NS=0.31985 CO2(scaled)=0.00162 CO2_weight=1.00 guide_w=20.4 Walls=0.00090(x10) g_ns/g_walls=0.768 Windows=0.00056 Doors=0.00007 IC=0.00000 CO2_BC=0.00011 LR=3.49e-04 nu=0.01 NSraw=8.879 alpha(W1/W8/all)=0.59/0.39/0.48 | 0.83 it/s
[Iter 20000/20000] Total=0.31792 | NS=0.29795 CO2(scaled)=0.00194 CO2_weight=1.00 guide_w=18.1 Walls=0.00164(x10) g_ns/g_walls=2.76 Windows=0.00138 Doors=0.00012 IC=0.00000 CO2_BC=0.00012 LR=3.49e-04 nu=0.01 NSraw=4.881 alpha(W1/W8/all)=0.59/0.39/0.48 | 0.83 it/s
  -> saved checkpoint: /home/iai-labor/BuildingControlCFD/experiments/gnot/checkpoints/v24_fixedalpha/gnot_v24_fixedalpha_iter20000.pth
Training complete. Final checkpoint: /home/iai-labor/BuildingControlCFD/experiments/gnot/checkpoints/v24_fixedalpha/gnot_v24_fixedalpha_final.pth
Best checkpoint (lowest unweighted_total=0.01932): /home/iai-labor/BuildingControlCFD/experiments/gnot/checkpoints/v24_fixedalpha/gnot_v24_fixedalpha_best.pth
