VERSION=v24_fixedalpha_r50k, MAX_ITERS=50000, checkpoints -> /home/iai-labor/BuildingControlCFD/experiments/gnot/checkpoints/v24_fixedalpha_r50k
Using device: cuda
[v21] scenarios: FIXED V = [1.0, 0.0, 0.0, 0.0, 0.0, 0.0, 0.0, 0.0]; nu curriculum: 0.01 (to the end); CO2 window factor: OFF
GNOT parameters: 322,438
[v8_nondim] Trivial-solution CO2(scaled) reference = 0.2850  (CO2(scaled) near this = still stuck on C=const; clearly below = learning CO2)
[v8_nondim] adaptive CO2 weighting: OFF (co2_weight fixed at 1.0); guide_w column = norm-balancing weight the Expert's Guide rule would pick (diagnostic)
Optimizer: Adam
[v11] resumed from /home/iai-labor/BuildingControlCFD/experiments/gnot/checkpoints/v24_fixedalpha/gnot_v24_fixedalpha_iter20000.pth (iter=20000, version=v24_fixedalpha); continuing at iter 20001
LR schedule: exponential 0.001 * 0.9**(it/2000) -> 7.18e-05 at iter 50000
[Iter 20010/50000] Total=0.20430 | NS=0.19503 CO2(scaled)=0.00180 CO2_weight=1.00 guide_w=nan Walls=0.00064(x10) g_ns/g_walls=nan Windows=0.00083 Doors=0.00008 IC=0.00000 CO2_BC=0.00012 LR=3.48e-04 nu=0.01 NSraw=5.558 alpha(W1/W8/all)=0.59/0.39/0.48 | 0.83 it/s
[Iter 20020/50000] Total=0.15029 | NS=0.13234 CO2(scaled)=0.00256 CO2_weight=1.00 guide_w=nan Walls=0.00138(x10) g_ns/g_walls=nan Windows=0.00141 Doors=0.00005 IC=0.00000 CO2_BC=0.00008 LR=3.48e-04 nu=0.01 NSraw=0.5866 alpha(W1/W8/all)=0.59/0.39/0.48 | 0.84 it/s
[Iter 20030/50000] Total=0.05446 | NS=0.03994 CO2(scaled)=0.00093 CO2_weight=1.00 guide_w=nan Walls=0.00121(x10) g_ns/g_walls=nan Windows=0.00129 Doors=0.00009 IC=0.00000 CO2_BC=0.00012 LR=3.48e-04 nu=0.01 NSraw=0.08096 alpha(W1/W8/all)=0.59/0.39/0.48 | 0.85 it/s
[Iter 20040/50000] Total=0.06994 | NS=0.06222 CO2(scaled)=0.00134 CO2_weight=1.00 guide_w=nan Walls=0.00054(x10) g_ns/g_walls=nan Windows=0.00084 Doors=0.00007 IC=0.00000 CO2_BC=0.00011 LR=3.48e-04 nu=0.01 NSraw=0.1902 alpha(W1/W8/all)=0.59/0.39/0.48 | 0.85 it/s
[Iter 20050/50000] Total=0.15420 | NS=0.14683 CO2(scaled)=0.00119 CO2_weight=1.00 guide_w=nan Walls=0.00051(x10) g_ns/g_walls=nan Windows=0.00086 Doors=0.00010 IC=0.00000 CO2_BC=0.00009 LR=3.48e-04 nu=0.01 NSraw=0.84 alpha(W1/W8/all)=0.59/0.39/0.48 | 0.85 it/s
[Iter 20060/50000] Total=0.10434 | NS=0.09458 CO2(scaled)=0.00135 CO2_weight=1.00 guide_w=nan Walls=0.00075(x10) g_ns/g_walls=nan Windows=0.00077 Doors=0.00008 IC=0.00000 CO2_BC=0.00010 LR=3.48e-04 nu=0.01 NSraw=0.4386 alpha(W1/W8/all)=0.59/0.39/0.48 | 0.85 it/s
[Iter 20070/50000] Total=0.06079 | NS=0.05422 CO2(scaled)=0.00086 CO2_weight=1.00 guide_w=nan Walls=0.00048(x10) g_ns/g_walls=nan Windows=0.00072 Doors=0.00009 IC=0.00000 CO2_BC=0.00011 LR=3.47e-04 nu=0.01 NSraw=0.264 alpha(W1/W8/all)=0.59/0.39/0.48 | 0.85 it/s
[Iter 20080/50000] Total=0.23723 | NS=0.22793 CO2(scaled)=0.00138 CO2_weight=1.00 guide_w=nan Walls=0.00068(x10) g_ns/g_walls=nan Windows=0.00095 Doors=0.00005 IC=0.00000 CO2_BC=0.00012 LR=3.47e-04 nu=0.01 NSraw=7.398 alpha(W1/W8/all)=0.59/0.39/0.48 | 0.85 it/s
[Iter 20090/50000] Total=0.21343 | NS=0.19702 CO2(scaled)=0.00104 CO2_weight=1.00 guide_w=nan Walls=0.00137(x10) g_ns/g_walls=nan Windows=0.00144 Doors=0.00008 IC=0.00000 CO2_BC=0.00013 LR=3.47e-04 nu=0.01 NSraw=2.827 alpha(W1/W8/all)=0.59/0.39/0.48 | 0.85 it/s
[Iter 20100/50000] Total=0.12190 | NS=0.11147 CO2(scaled)=0.00140 CO2_weight=1.00 guide_w=1.02 Walls=0.00072(x10) g_ns/g_walls=0.219 Windows=0.00153 Doors=0.00016 IC=0.00000 CO2_BC=0.00012 LR=3.47e-04 nu=0.01 NSraw=0.4403 alpha(W1/W8/all)=0.59/0.39/0.48 | 0.85 it/s
[Iter 20110/50000] Total=0.11843 | NS=0.11055 CO2(scaled)=0.00088 CO2_weight=1.00 guide_w=1.02 Walls=0.00061(x10) g_ns/g_walls=0.219 Windows=0.00066 Doors=0.00011 IC=0.00000 CO2_BC=0.00009 LR=3.47e-04 nu=0.01 NSraw=0.5788 alpha(W1/W8/all)=0.59/0.39/0.48 | 0.85 it/s
[Iter 20120/50000] Total=0.05948 | NS=0.05279 CO2(scaled)=0.00137 CO2_weight=1.00 guide_w=1.02 Walls=0.00045(x10) g_ns/g_walls=0.219 Windows=0.00069 Doors=0.00005 IC=0.00000 CO2_BC=0.00010 LR=3.46e-04 nu=0.01 NSraw=0.1576 alpha(W1/W8/all)=0.59/0.39/0.48 | 0.85 it/s
[Iter 20130/50000] Total=0.09735 | NS=0.08989 CO2(scaled)=0.00090 CO2_weight=1.00 guide_w=1.02 Walls=0.00058(x10) g_ns/g_walls=0.219 Windows=0.00061 Doors=0.00005 IC=0.00000 CO2_BC=0.00010 LR=3.46e-04 nu=0.01 NSraw=0.5077 alpha(W1/W8/all)=0.59/0.39/0.48 | 0.85 it/s
[Iter 20140/50000] Total=0.11886 | NS=0.10448 CO2(scaled)=0.00169 CO2_weight=1.00 guide_w=1.02 Walls=0.00115(x10) g_ns/g_walls=0.219 Windows=0.00101 Doors=0.00005 IC=0.00000 CO2_BC=0.00011 LR=3.46e-04 nu=0.01 NSraw=0.4439 alpha(W1/W8/all)=0.59/0.39/0.48 | 0.85 it/s
[Iter 20150/50000] Total=0.11191 | NS=0.09665 CO2(scaled)=0.00151 CO2_weight=1.00 guide_w=1.02 Walls=0.00128(x10) g_ns/g_walls=0.219 Windows=0.00077 Doors=0.00010 IC=0.00000 CO2_BC=0.00011 LR=3.46e-04 nu=0.01 NSraw=0.5222 alpha(W1/W8/all)=0.59/0.39/0.48 | 0.85 it/s
[Iter 20160/50000] Total=0.05275 | NS=0.04651 CO2(scaled)=0.00076 CO2_weight=1.00 guide_w=1.02 Walls=0.00046(x10) g_ns/g_walls=0.219 Windows=0.00067 Doors=0.00010 IC=0.00000 CO2_BC=0.00009 LR=3.46e-04 nu=0.01 NSraw=0.1138 alpha(W1/W8/all)=0.59/0.39/0.48 | 0.85 it/s
[Iter 20170/50000] Total=0.03850 | NS=0.02558 CO2(scaled)=0.00153 CO2_weight=1.00 guide_w=1.02 Walls=0.00098(x10) g_ns/g_walls=0.219 Windows=0.00138 Doors=0.00011 IC=0.00000 CO2_BC=0.00010 LR=3.46e-04 nu=0.01 NSraw=0.04767 alpha(W1/W8/all)=0.59/0.39/0.48 | 0.85 it/s
[Iter 20180/50000] Total=0.06909 | NS=0.06271 CO2(scaled)=0.00107 CO2_weight=1.00 guide_w=1.02 Walls=0.00045(x10) g_ns/g_walls=0.219 Windows=0.00057 Doors=0.00011 IC=0.00000 CO2_BC=0.00011 LR=3.45e-04 nu=0.01 NSraw=0.2205 alpha(W1/W8/all)=0.59/0.39/0.48 | 0.85 it/s
[Iter 20190/50000] Total=0.08523 | NS=0.07640 CO2(scaled)=0.00144 CO2_weight=1.00 guide_w=1.02 Walls=0.00062(x10) g_ns/g_walls=0.219 Windows=0.00104 Doors=0.00008 IC=0.00000 CO2_BC=0.00010 LR=3.45e-04 nu=0.01 NSraw=0.3838 alpha(W1/W8/all)=0.59/0.39/0.48 | 0.85 it/s
[Iter 20200/50000] Total=0.14776 | NS=0.13788 CO2(scaled)=0.00127 CO2_weight=1.00 guide_w=6.34 Walls=0.00077(x10) g_ns/g_walls=2.37 Windows=0.00067 Doors=0.00011 IC=0.00000 CO2_BC=0.00009 LR=3.45e-04 nu=0.01 NSraw=1.496 alpha(W1/W8/all)=0.59/0.39/0.48 | 0.85 it/s
[Iter 20210/50000] Total=0.07207 | NS=0.05991 CO2(scaled)=0.00126 CO2_weight=1.00 guide_w=6.34 Walls=0.00098(x10) g_ns/g_walls=2.37 Windows=0.00090 Doors=0.00012 IC=0.00000 CO2_BC=0.00010 LR=3.45e-04 nu=0.01 NSraw=0.1302 alpha(W1/W8/all)=0.59/0.39/0.48 | 0.85 it/s
[Iter 20220/50000] Total=0.06758 | NS=0.05337 CO2(scaled)=0.00124 CO2_weight=1.00 guide_w=6.34 Walls=0.00119(x10) g_ns/g_walls=2.37 Windows=0.00083 Doors=0.00010 IC=0.00000 CO2_BC=0.00011 LR=3.45e-04 nu=0.01 NSraw=0.1435 alpha(W1/W8/all)=0.59/0.39/0.48 | 0.85 it/s
[Iter 20230/50000] Total=0.19948 | NS=0.18730 CO2(scaled)=0.00150 CO2_weight=1.00 guide_w=6.34 Walls=0.00094(x10) g_ns/g_walls=2.37 Windows=0.00108 Doors=0.00009 IC=0.00000 CO2_BC=0.00010 LR=3.44e-04 nu=0.01 NSraw=5.789 alpha(W1/W8/all)=0.59/0.39/0.48 | 0.85 it/s
[Iter 20240/50000] Total=0.03527 | NS=0.02865 CO2(scaled)=0.00116 CO2_weight=1.00 guide_w=6.34 Walls=0.00044(x10) g_ns/g_walls=2.37 Windows=0.00089 Doors=0.00006 IC=0.00000 CO2_BC=0.00010 LR=3.44e-04 nu=0.01 NSraw=0.04795 alpha(W1/W8/all)=0.59/0.39/0.48 | 0.85 it/s
[Iter 20250/50000] Total=0.05894 | NS=0.05352 CO2(scaled)=0.00112 CO2_weight=1.00 guide_w=6.34 Walls=0.00031(x10) g_ns/g_walls=2.37 Windows=0.00099 Doors=0.00010 IC=0.00000 CO2_BC=0.00010 LR=3.44e-04 nu=0.01 NSraw=0.1856 alpha(W1/W8/all)=0.59/0.39/0.48 | 0.85 it/s
[Iter 20260/50000] Total=0.12835 | NS=0.11972 CO2(scaled)=0.00103 CO2_weight=1.00 guide_w=6.34 Walls=0.00064(x10) g_ns/g_walls=2.37 Windows=0.00103 Doors=0.00008 IC=0.00000 CO2_BC=0.00014 LR=3.44e-04 nu=0.01 NSraw=0.6119 alpha(W1/W8/all)=0.59/0.39/0.48 | 0.85 it/s
[Iter 20270/50000] Total=0.15701 | NS=0.14448 CO2(scaled)=0.00114 CO2_weight=1.00 guide_w=6.34 Walls=0.00101(x10) g_ns/g_walls=2.37 Windows=0.00115 Doors=0.00005 IC=0.00000 CO2_BC=0.00008 LR=3.44e-04 nu=0.01 NSraw=2.347 alpha(W1/W8/all)=0.59/0.39/0.48 | 0.85 it/s
[Iter 20280/50000] Total=0.08709 | NS=0.07934 CO2(scaled)=0.00109 CO2_weight=1.00 guide_w=6.34 Walls=0.00056(x10) g_ns/g_walls=2.37 Windows=0.00093 Doors=0.00008 IC=0.00000 CO2_BC=0.00008 LR=3.44e-04 nu=0.01 NSraw=0.3671 alpha(W1/W8/all)=0.59/0.39/0.48 | 0.85 it/s
[Iter 20290/50000] Total=0.47390 | NS=0.46323 CO2(scaled)=0.00196 CO2_weight=1.00 guide_w=6.34 Walls=0.00075(x10) g_ns/g_walls=2.37 Windows=0.00101 Doors=0.00007 IC=0.00000 CO2_BC=0.00011 LR=3.43e-04 nu=0.01 NSraw=22.65 alpha(W1/W8/all)=0.59/0.39/0.48 | 0.85 it/s
[Iter 20300/50000] Total=0.20374 | NS=0.19450 CO2(scaled)=0.00167 CO2_weight=1.00 guide_w=2.75 Walls=0.00066(x10) g_ns/g_walls=0.692 Windows=0.00080 Doors=0.00006 IC=0.00000 CO2_BC=0.00009 LR=3.43e-04 nu=0.01 NSraw=6.32 alpha(W1/W8/all)=0.59/0.39/0.48 | 0.85 it/s
[Iter 20310/50000] Total=0.12430 | NS=0.10990 CO2(scaled)=0.00109 CO2_weight=1.00 guide_w=2.75 Walls=0.00112(x10) g_ns/g_walls=0.692 Windows=0.00194 Doors=0.00010 IC=0.00000 CO2_BC=0.00009 LR=3.43e-04 nu=0.01 NSraw=0.4471 alpha(W1/W8/all)=0.59/0.39/0.48 | 0.85 it/s
[Iter 20320/50000] Total=0.07800 | NS=0.06807 CO2(scaled)=0.00189 CO2_weight=1.00 guide_w=2.75 Walls=0.00069(x10) g_ns/g_walls=0.692 Windows=0.00106 Doors=0.00006 IC=0.00000 CO2_BC=0.00007 LR=3.43e-04 nu=0.01 NSraw=0.1865 alpha(W1/W8/all)=0.59/0.39/0.48 | 0.85 it/s
[Iter 20330/50000] Total=0.08221 | NS=0.07635 CO2(scaled)=0.00099 CO2_weight=1.00 guide_w=2.75 Walls=0.00041(x10) g_ns/g_walls=0.692 Windows=0.00059 Doors=0.00006 IC=0.00000 CO2_BC=0.00009 LR=3.43e-04 nu=0.01 NSraw=0.3264 alpha(W1/W8/all)=0.59/0.39/0.48 | 0.85 it/s
[Iter 20340/50000] Total=0.13187 | NS=0.12260 CO2(scaled)=0.00146 CO2_weight=1.00 guide_w=2.75 Walls=0.00066(x10) g_ns/g_walls=0.692 Windows=0.00105 Doors=0.00010 IC=0.00000 CO2_BC=0.00010 LR=3.42e-04 nu=0.01 NSraw=0.7882 alpha(W1/W8/all)=0.59/0.39/0.48 | 0.85 it/s
[Iter 20350/50000] Total=0.11934 | NS=0.10347 CO2(scaled)=0.00188 CO2_weight=1.00 guide_w=2.75 Walls=0.00126(x10) g_ns/g_walls=0.692 Windows=0.00120 Doors=0.00007 IC=0.00000 CO2_BC=0.00009 LR=3.42e-04 nu=0.01 NSraw=0.4348 alpha(W1/W8/all)=0.59/0.39/0.48 | 0.85 it/s
[Iter 20360/50000] Total=0.08554 | NS=0.07412 CO2(scaled)=0.00107 CO2_weight=1.00 guide_w=2.75 Walls=0.00087(x10) g_ns/g_walls=0.692 Windows=0.00147 Doors=0.00007 IC=0.00000 CO2_BC=0.00010 LR=3.42e-04 nu=0.01 NSraw=0.339 alpha(W1/W8/all)=0.59/0.39/0.48 | 0.86 it/s
[Iter 20370/50000] Total=0.13995 | NS=0.13363 CO2(scaled)=0.00098 CO2_weight=1.00 guide_w=2.75 Walls=0.00046(x10) g_ns/g_walls=0.692 Windows=0.00053 Doors=0.00006 IC=0.00000 CO2_BC=0.00010 LR=3.42e-04 nu=0.01 NSraw=0.819 alpha(W1/W8/all)=0.59/0.39/0.48 | 0.86 it/s
[Iter 20380/50000] Total=0.87216 | NS=0.84508 CO2(scaled)=0.00108 CO2_weight=1.00 guide_w=2.75 Walls=0.00233(x10) g_ns/g_walls=0.692 Windows=0.00253 Doors=0.00005 IC=0.00000 CO2_BC=0.00010 LR=3.42e-04 nu=0.01 NSraw=123.8 alpha(W1/W8/all)=0.59/0.39/0.48 | 0.86 it/s
[Iter 20390/50000] Total=0.08174 | NS=0.07244 CO2(scaled)=0.00117 CO2_weight=1.00 guide_w=2.75 Walls=0.00071(x10) g_ns/g_walls=0.692 Windows=0.00081 Doors=0.00007 IC=0.00000 CO2_BC=0.00013 LR=3.42e-04 nu=0.01 NSraw=0.3733 alpha(W1/W8/all)=0.59/0.39/0.48 | 0.86 it/s
[Iter 20400/50000] Total=0.13040 | NS=0.12574 CO2(scaled)=0.00096 CO2_weight=1.00 guide_w=19.9 Walls=0.00029(x10) g_ns/g_walls=1.8 Windows=0.00068 Doors=0.00008 IC=0.00000 CO2_BC=0.00009 LR=3.41e-04 nu=0.01 NSraw=0.5644 alpha(W1/W8/all)=0.59/0.39/0.48 | 0.86 it/s
[Iter 20410/50000] Total=0.14381 | NS=0.13941 CO2(scaled)=0.00092 CO2_weight=1.00 guide_w=19.9 Walls=0.00027(x10) g_ns/g_walls=1.8 Windows=0.00060 Doors=0.00007 IC=0.00000 CO2_BC=0.00007 LR=3.41e-04 nu=0.01 NSraw=2.132 alpha(W1/W8/all)=0.59/0.39/0.48 | 0.86 it/s
[Iter 20420/50000] Total=0.05800 | NS=0.04553 CO2(scaled)=0.00100 CO2_weight=1.00 guide_w=19.9 Walls=0.00103(x10) g_ns/g_walls=1.8 Windows=0.00097 Doors=0.00008 IC=0.00000 CO2_BC=0.00013 LR=3.41e-04 nu=0.01 NSraw=0.1828 alpha(W1/W8/all)=0.59/0.39/0.48 | 0.86 it/s
[Iter 20430/50000] Total=0.14201 | NS=0.12636 CO2(scaled)=0.00155 CO2_weight=1.00 guide_w=19.9 Walls=0.00127(x10) g_ns/g_walls=1.8 Windows=0.00121 Doors=0.00006 IC=0.00000 CO2_BC=0.00010 LR=3.41e-04 nu=0.01 NSraw=0.9569 alpha(W1/W8/all)=0.59/0.39/0.48 | 0.86 it/s
[Iter 20440/50000] Total=0.09462 | NS=0.07924 CO2(scaled)=0.00087 CO2_weight=1.00 guide_w=19.9 Walls=0.00129(x10) g_ns/g_walls=1.8 Windows=0.00142 Doors=0.00008 IC=0.00000 CO2_BC=0.00010 LR=3.41e-04 nu=0.01 NSraw=0.2842 alpha(W1/W8/all)=0.59/0.39/0.48 | 0.86 it/s
[Iter 20450/50000] Total=0.07682 | NS=0.06902 CO2(scaled)=0.00089 CO2_weight=1.00 guide_w=19.9 Walls=0.00060(x10) g_ns/g_walls=1.8 Windows=0.00078 Doors=0.00007 IC=0.00000 CO2_BC=0.00010 LR=3.41e-04 nu=0.01 NSraw=0.2961 alpha(W1/W8/all)=0.59/0.39/0.48 | 0.86 it/s
[Iter 20460/50000] Total=0.17819 | NS=0.16405 CO2(scaled)=0.00263 CO2_weight=1.00 guide_w=19.9 Walls=0.00104(x10) g_ns/g_walls=1.8 Windows=0.00100 Doors=0.00005 IC=0.00000 CO2_BC=0.00008 LR=3.40e-04 nu=0.01 NSraw=2.387 alpha(W1/W8/all)=0.59/0.39/0.48 | 0.86 it/s
[Iter 20470/50000] Total=0.73119 | NS=0.71351 CO2(scaled)=0.00335 CO2_weight=1.00 guide_w=19.9 Walls=0.00127(x10) g_ns/g_walls=1.8 Windows=0.00144 Doors=0.00008 IC=0.00000 CO2_BC=0.00010 LR=3.40e-04 nu=0.01 NSraw=100.3 alpha(W1/W8/all)=0.59/0.39/0.48 | 0.86 it/s
[Iter 20480/50000] Total=0.14664 | NS=0.13612 CO2(scaled)=0.00147 CO2_weight=1.00 guide_w=19.9 Walls=0.00080(x10) g_ns/g_walls=1.8 Windows=0.00091 Doors=0.00008 IC=0.00000 CO2_BC=0.00008 LR=3.40e-04 nu=0.01 NSraw=1.746 alpha(W1/W8/all)=0.59/0.39/0.48 | 0.86 it/s
[Iter 20490/50000] Total=0.08626 | NS=0.06912 CO2(scaled)=0.00172 CO2_weight=1.00 guide_w=19.9 Walls=0.00140(x10) g_ns/g_walls=1.8 Windows=0.00130 Doors=0.00009 IC=0.00000 CO2_BC=0.00008 LR=3.40e-04 nu=0.01 NSraw=0.3142 alpha(W1/W8/all)=0.59/0.39/0.48 | 0.86 it/s
[Iter 20500/50000] Total=0.35289 | NS=0.34138 CO2(scaled)=0.00105 CO2_weight=1.00 guide_w=96.2 Walls=0.00094(x10) g_ns/g_walls=10.2 Windows=0.00089 Doors=0.00011 IC=0.00000 CO2_BC=0.00009 LR=3.40e-04 nu=0.01 NSraw=21.44 alpha(W1/W8/all)=0.59/0.39/0.48 | 0.86 it/s
[Iter 20510/50000] Total=0.13003 | NS=0.12083 CO2(scaled)=0.00128 CO2_weight=1.00 guide_w=96.2 Walls=0.00069(x10) g_ns/g_walls=10.2 Windows=0.00087 Doors=0.00010 IC=0.00000 CO2_BC=0.00009 LR=3.39e-04 nu=0.01 NSraw=0.6166 alpha(W1/W8/all)=0.59/0.39/0.48 | 0.86 it/s
[Iter 20520/50000] Total=0.08969 | NS=0.08153 CO2(scaled)=0.00143 CO2_weight=1.00 guide_w=96.2 Walls=0.00059(x10) g_ns/g_walls=10.2 Windows=0.00069 Doors=0.00005 IC=0.00000 CO2_BC=0.00008 LR=3.39e-04 nu=0.01 NSraw=0.4699 alpha(W1/W8/all)=0.59/0.39/0.48 | 0.86 it/s
[Iter 20530/50000] Total=0.39171 | NS=0.37824 CO2(scaled)=0.00113 CO2_weight=1.00 guide_w=96.2 Walls=0.00111(x10) g_ns/g_walls=10.2 Windows=0.00105 Doors=0.00009 IC=0.00000 CO2_BC=0.00009 LR=3.39e-04 nu=0.01 NSraw=29.81 alpha(W1/W8/all)=0.59/0.39/0.48 | 0.86 it/s
[Iter 20540/50000] Total=0.05574 | NS=0.04842 CO2(scaled)=0.00123 CO2_weight=1.00 guide_w=96.2 Walls=0.00052(x10) g_ns/g_walls=10.2 Windows=0.00061 Doors=0.00018 IC=0.00000 CO2_BC=0.00009 LR=3.39e-04 nu=0.01 NSraw=0.145 alpha(W1/W8/all)=0.59/0.39/0.48 | 0.86 it/s
[Iter 20550/50000] Total=0.04857 | NS=0.03079 CO2(scaled)=0.00194 CO2_weight=1.00 guide_w=96.2 Walls=0.00141(x10) g_ns/g_walls=10.2 Windows=0.00144 Doors=0.00014 IC=0.00000 CO2_BC=0.00011 LR=3.39e-04 nu=0.01 NSraw=0.05727 alpha(W1/W8/all)=0.59/0.39/0.48 | 0.86 it/s
[Iter 20560/50000] Total=0.09044 | NS=0.08270 CO2(scaled)=0.00113 CO2_weight=1.00 guide_w=96.2 Walls=0.00056(x10) g_ns/g_walls=10.2 Windows=0.00078 Doors=0.00010 IC=0.00000 CO2_BC=0.00011 LR=3.39e-04 nu=0.01 NSraw=0.4115 alpha(W1/W8/all)=0.59/0.39/0.48 | 0.86 it/s
[Iter 20570/50000] Total=0.11794 | NS=0.10979 CO2(scaled)=0.00098 CO2_weight=1.00 guide_w=96.2 Walls=0.00063(x10) g_ns/g_walls=10.2 Windows=0.00069 Doors=0.00008 IC=0.00000 CO2_BC=0.00010 LR=3.38e-04 nu=0.01 NSraw=0.6204 alpha(W1/W8/all)=0.59/0.39/0.48 | 0.86 it/s
[Iter 20580/50000] Total=0.17445 | NS=0.16353 CO2(scaled)=0.00111 CO2_weight=1.00 guide_w=96.2 Walls=0.00088(x10) g_ns/g_walls=10.2 Windows=0.00072 Doors=0.00019 IC=0.00000 CO2_BC=0.00010 LR=3.38e-04 nu=0.01 NSraw=1.169 alpha(W1/W8/all)=0.59/0.39/0.48 | 0.86 it/s
[Iter 20590/50000] Total=0.06184 | NS=0.03943 CO2(scaled)=0.00127 CO2_weight=1.00 guide_w=96.2 Walls=0.00183(x10) g_ns/g_walls=10.2 Windows=0.00253 Doors=0.00014 IC=0.00000 CO2_BC=0.00012 LR=3.38e-04 nu=0.01 NSraw=0.08837 alpha(W1/W8/all)=0.59/0.39/0.48 | 0.86 it/s
[Iter 20600/50000] Total=0.05746 | NS=0.05187 CO2(scaled)=0.00093 CO2_weight=1.00 guide_w=188 Walls=0.00038(x10) g_ns/g_walls=36.9 Windows=0.00071 Doors=0.00008 IC=0.00000 CO2_BC=0.00011 LR=3.38e-04 nu=0.01 NSraw=0.3319 alpha(W1/W8/all)=0.59/0.39/0.48 | 0.86 it/s
[Iter 20610/50000] Total=0.10721 | NS=0.09724 CO2(scaled)=0.00115 CO2_weight=1.00 guide_w=188 Walls=0.00075(x10) g_ns/g_walls=36.9 Windows=0.00103 Doors=0.00014 IC=0.00000 CO2_BC=0.00013 LR=3.38e-04 nu=0.01 NSraw=0.3724 alpha(W1/W8/all)=0.59/0.39/0.48 | 0.86 it/s
[Iter 20620/50000] Total=0.06048 | NS=0.04541 CO2(scaled)=0.00087 CO2_weight=1.00 guide_w=188 Walls=0.00128(x10) g_ns/g_walls=36.9 Windows=0.00128 Doors=0.00006 IC=0.00000 CO2_BC=0.00008 LR=3.37e-04 nu=0.01 NSraw=0.2294 alpha(W1/W8/all)=0.59/0.39/0.48 | 0.86 it/s
[Iter 20630/50000] Total=0.12219 | NS=0.08908 CO2(scaled)=0.00790 CO2_weight=1.00 guide_w=188 Walls=0.00235(x10) g_ns/g_walls=36.9 Windows=0.00156 Doors=0.00009 IC=0.00000 CO2_BC=0.00011 LR=3.37e-04 nu=0.01 NSraw=0.3609 alpha(W1/W8/all)=0.59/0.39/0.48 | 0.86 it/s
[Iter 20640/50000] Total=0.05048 | NS=0.03378 CO2(scaled)=0.00219 CO2_weight=1.00 guide_w=188 Walls=0.00127(x10) g_ns/g_walls=36.9 Windows=0.00158 Doors=0.00010 IC=0.00000 CO2_BC=0.00009 LR=3.37e-04 nu=0.01 NSraw=0.08958 alpha(W1/W8/all)=0.59/0.39/0.48 | 0.86 it/s
[Iter 20650/50000] Total=0.06971 | NS=0.05839 CO2(scaled)=0.00136 CO2_weight=1.00 guide_w=188 Walls=0.00085(x10) g_ns/g_walls=36.9 Windows=0.00118 Doors=0.00011 IC=0.00000 CO2_BC=0.00012 LR=3.37e-04 nu=0.01 NSraw=0.1564 alpha(W1/W8/all)=0.59/0.39/0.48 | 0.86 it/s
[Iter 20660/50000] Total=0.17085 | NS=0.16502 CO2(scaled)=0.00110 CO2_weight=1.00 guide_w=188 Walls=0.00040(x10) g_ns/g_walls=36.9 Windows=0.00053 Doors=0.00010 IC=0.00000 CO2_BC=0.00008 LR=3.37e-04 nu=0.01 NSraw=1.569 alpha(W1/W8/all)=0.59/0.39/0.48 | 0.86 it/s
[Iter 20670/50000] Total=0.06471 | NS=0.05511 CO2(scaled)=0.00110 CO2_weight=1.00 guide_w=188 Walls=0.00073(x10) g_ns/g_walls=36.9 Windows=0.00100 Doors=0.00006 IC=0.00000 CO2_BC=0.00010 LR=3.37e-04 nu=0.01 NSraw=0.1732 alpha(W1/W8/all)=0.59/0.39/0.48 | 0.86 it/s
[Iter 20680/50000] Total=0.24367 | NS=0.23094 CO2(scaled)=0.00095 CO2_weight=1.00 guide_w=188 Walls=0.00109(x10) g_ns/g_walls=36.9 Windows=0.00073 Doors=0.00006 IC=0.00000 CO2_BC=0.00010 LR=3.36e-04 nu=0.01 NSraw=3.839 alpha(W1/W8/all)=0.59/0.39/0.48 | 0.86 it/s
[Iter 20690/50000] Total=0.07037 | NS=0.05524 CO2(scaled)=0.00123 CO2_weight=1.00 guide_w=188 Walls=0.00124(x10) g_ns/g_walls=36.9 Windows=0.00125 Doors=0.00012 IC=0.00000 CO2_BC=0.00008 LR=3.36e-04 nu=0.01 NSraw=0.2658 alpha(W1/W8/all)=0.59/0.39/0.48 | 0.86 it/s
[Iter 20700/50000] Total=0.13191 | NS=0.12399 CO2(scaled)=0.00130 CO2_weight=1.00 guide_w=4.79 Walls=0.00058(x10) g_ns/g_walls=1.56 Windows=0.00064 Doors=0.00012 IC=0.00000 CO2_BC=0.00007 LR=3.36e-04 nu=0.01 NSraw=0.5058 alpha(W1/W8/all)=0.59/0.39/0.48 | 0.86 it/s
[Iter 20710/50000] Total=0.09840 | NS=0.08718 CO2(scaled)=0.00141 CO2_weight=1.00 guide_w=4.79 Walls=0.00087(x10) g_ns/g_walls=1.56 Windows=0.00093 Doors=0.00007 IC=0.00000 CO2_BC=0.00010 LR=3.36e-04 nu=0.01 NSraw=0.518 alpha(W1/W8/all)=0.59/0.39/0.48 | 0.86 it/s
[Iter 20720/50000] Total=0.04909 | NS=0.03348 CO2(scaled)=0.00185 CO2_weight=1.00 guide_w=4.79 Walls=0.00122(x10) g_ns/g_walls=1.56 Windows=0.00140 Doors=0.00006 IC=0.00000 CO2_BC=0.00010 LR=3.36e-04 nu=0.01 NSraw=0.08225 alpha(W1/W8/all)=0.59/0.39/0.48 | 0.86 it/s
[Iter 20730/50000] Total=0.15254 | NS=0.14607 CO2(scaled)=0.00120 CO2_weight=1.00 guide_w=4.79 Walls=0.00044(x10) g_ns/g_walls=1.56 Windows=0.00075 Doors=0.00006 IC=0.00000 CO2_BC=0.00010 LR=3.36e-04 nu=0.01 NSraw=3.142 alpha(W1/W8/all)=0.59/0.39/0.48 | 0.86 it/s
[Iter 20740/50000] Total=0.06055 | NS=0.05006 CO2(scaled)=0.00070 CO2_weight=1.00 guide_w=4.79 Walls=0.00087(x10) g_ns/g_walls=1.56 Windows=0.00092 Doors=0.00008 IC=0.00000 CO2_BC=0.00008 LR=3.35e-04 nu=0.01 NSraw=0.1142 alpha(W1/W8/all)=0.59/0.39/0.48 | 0.86 it/s
[Iter 20750/50000] Total=0.05134 | NS=0.04211 CO2(scaled)=0.00096 CO2_weight=1.00 guide_w=4.79 Walls=0.00069(x10) g_ns/g_walls=1.56 Windows=0.00115 Doors=0.00008 IC=0.00000 CO2_BC=0.00010 LR=3.35e-04 nu=0.01 NSraw=0.1586 alpha(W1/W8/all)=0.59/0.39/0.48 | 0.86 it/s
[Iter 20760/50000] Total=0.04426 | NS=0.03237 CO2(scaled)=0.00153 CO2_weight=1.00 guide_w=4.79 Walls=0.00092(x10) g_ns/g_walls=1.56 Windows=0.00101 Doors=0.00007 IC=0.00000 CO2_BC=0.00008 LR=3.35e-04 nu=0.01 NSraw=0.1117 alpha(W1/W8/all)=0.59/0.39/0.48 | 0.86 it/s
[Iter 20770/50000] Total=0.05196 | NS=0.03205 CO2(scaled)=0.00104 CO2_weight=1.00 guide_w=4.79 Walls=0.00170(x10) g_ns/g_walls=1.56 Windows=0.00164 Doors=0.00011 IC=0.00000 CO2_BC=0.00011 LR=3.35e-04 nu=0.01 NSraw=0.1142 alpha(W1/W8/all)=0.59/0.39/0.48 | 0.86 it/s
[Iter 20780/50000] Total=0.04621 | NS=0.03050 CO2(scaled)=0.00182 CO2_weight=1.00 guide_w=4.79 Walls=0.00122(x10) g_ns/g_walls=1.56 Windows=0.00152 Doors=0.00007 IC=0.00000 CO2_BC=0.00011 LR=3.35e-04 nu=0.01 NSraw=0.06283 alpha(W1/W8/all)=0.59/0.39/0.48 | 0.86 it/s
[Iter 20790/50000] Total=0.07087 | NS=0.06288 CO2(scaled)=0.00108 CO2_weight=1.00 guide_w=4.79 Walls=0.00053(x10) g_ns/g_walls=1.56 Windows=0.00146 Doors=0.00006 IC=0.00000 CO2_BC=0.00006 LR=3.34e-04 nu=0.01 NSraw=0.2204 alpha(W1/W8/all)=0.59/0.39/0.48 | 0.86 it/s
[Iter 20800/50000] Total=0.09450 | NS=0.08531 CO2(scaled)=0.00440 CO2_weight=1.00 guide_w=3.94 Walls=0.00040(x10) g_ns/g_walls=1.35 Windows=0.00069 Doors=0.00006 IC=0.00000 CO2_BC=0.00008 LR=3.34e-04 nu=0.01 NSraw=0.2654 alpha(W1/W8/all)=0.59/0.39/0.48 | 0.86 it/s
[Iter 20810/50000] Total=0.04344 | NS=0.03688 CO2(scaled)=0.00100 CO2_weight=1.00 guide_w=3.94 Walls=0.00045(x10) g_ns/g_walls=1.35 Windows=0.00089 Doors=0.00008 IC=0.00000 CO2_BC=0.00014 LR=3.34e-04 nu=0.01 NSraw=0.06915 alpha(W1/W8/all)=0.59/0.39/0.48 | 0.86 it/s
[Iter 20820/50000] Total=0.07751 | NS=0.06257 CO2(scaled)=0.00158 CO2_weight=1.00 guide_w=3.94 Walls=0.00114(x10) g_ns/g_walls=1.35 Windows=0.00186 Doors=0.00006 IC=0.00000 CO2_BC=0.00008 LR=3.34e-04 nu=0.01 NSraw=0.1954 alpha(W1/W8/all)=0.59/0.39/0.48 | 0.86 it/s
[Iter 20830/50000] Total=0.06041 | NS=0.04989 CO2(scaled)=0.00110 CO2_weight=1.00 guide_w=3.94 Walls=0.00084(x10) g_ns/g_walls=1.35 Windows=0.00082 Doors=0.00006 IC=0.00000 CO2_BC=0.00012 LR=3.34e-04 nu=0.01 NSraw=0.2565 alpha(W1/W8/all)=0.59/0.39/0.48 | 0.86 it/s
[Iter 20840/50000] Total=0.05260 | NS=0.03509 CO2(scaled)=0.00143 CO2_weight=1.00 guide_w=3.94 Walls=0.00145(x10) g_ns/g_walls=1.35 Windows=0.00140 Doors=0.00008 IC=0.00000 CO2_BC=0.00014 LR=3.34e-04 nu=0.01 NSraw=0.05488 alpha(W1/W8/all)=0.59/0.39/0.48 | 0.86 it/s
[Iter 20850/50000] Total=0.06931 | NS=0.06113 CO2(scaled)=0.00137 CO2_weight=1.00 guide_w=3.94 Walls=0.00059(x10) g_ns/g_walls=1.35 Windows=0.00070 Doors=0.00008 IC=0.00000 CO2_BC=0.00011 LR=3.33e-04 nu=0.01 NSraw=0.276 alpha(W1/W8/all)=0.59/0.39/0.48 | 0.86 it/s
[Iter 20860/50000] Total=0.05288 | NS=0.04376 CO2(scaled)=0.00104 CO2_weight=1.00 guide_w=3.94 Walls=0.00072(x10) g_ns/g_walls=1.35 Windows=0.00072 Doors=0.00008 IC=0.00000 CO2_BC=0.00010 LR=3.33e-04 nu=0.01 NSraw=0.1023 alpha(W1/W8/all)=0.59/0.39/0.48 | 0.86 it/s
[Iter 20870/50000] Total=0.07560 | NS=0.07004 CO2(scaled)=0.00115 CO2_weight=1.00 guide_w=3.94 Walls=0.00035(x10) g_ns/g_walls=1.35 Windows=0.00072 Doors=0.00008 IC=0.00000 CO2_BC=0.00012 LR=3.33e-04 nu=0.01 NSraw=0.3471 alpha(W1/W8/all)=0.59/0.39/0.48 | 0.86 it/s
[Iter 20880/50000] Total=0.07089 | NS=0.05516 CO2(scaled)=0.00082 CO2_weight=1.00 guide_w=3.94 Walls=0.00130(x10) g_ns/g_walls=1.35 Windows=0.00170 Doors=0.00007 IC=0.00000 CO2_BC=0.00011 LR=3.33e-04 nu=0.01 NSraw=0.2038 alpha(W1/W8/all)=0.59/0.39/0.48 | 0.86 it/s
[Iter 20890/50000] Total=0.06303 | NS=0.05564 CO2(scaled)=0.00101 CO2_weight=1.00 guide_w=3.94 Walls=0.00054(x10) g_ns/g_walls=1.35 Windows=0.00082 Doors=0.00006 IC=0.00000 CO2_BC=0.00012 LR=3.33e-04 nu=0.01 NSraw=0.1885 alpha(W1/W8/all)=0.59/0.39/0.48 | 0.86 it/s
[Iter 20900/50000] Total=0.19484 | NS=0.18457 CO2(scaled)=0.00089 CO2_weight=1.00 guide_w=29.9 Walls=0.00086(x10) g_ns/g_walls=5.89 Windows=0.00060 Doors=0.00009 IC=0.00000 CO2_BC=0.00009 LR=3.33e-04 nu=0.01 NSraw=5.037 alpha(W1/W8/all)=0.59/0.39/0.48 | 0.86 it/s
[Iter 20910/50000] Total=0.05969 | NS=0.05227 CO2(scaled)=0.00170 CO2_weight=1.00 guide_w=29.9 Walls=0.00049(x10) g_ns/g_walls=5.89 Windows=0.00067 Doors=0.00007 IC=0.00000 CO2_BC=0.00011 LR=3.32e-04 nu=0.01 NSraw=0.1424 alpha(W1/W8/all)=0.59/0.39/0.48 | 0.86 it/s
[Iter 20920/50000] Total=0.05871 | NS=0.04723 CO2(scaled)=0.00100 CO2_weight=1.00 guide_w=29.9 Walls=0.00093(x10) g_ns/g_walls=5.89 Windows=0.00105 Doors=0.00008 IC=0.00000 CO2_BC=0.00009 LR=3.32e-04 nu=0.01 NSraw=0.153 alpha(W1/W8/all)=0.59/0.39/0.48 | 0.86 it/s
[Iter 20930/50000] Total=0.11651 | NS=0.10299 CO2(scaled)=0.00186 CO2_weight=1.00 guide_w=29.9 Walls=0.00108(x10) g_ns/g_walls=5.89 Windows=0.00067 Doors=0.00007 IC=0.00000 CO2_BC=0.00009 LR=3.32e-04 nu=0.01 NSraw=0.4027 alpha(W1/W8/all)=0.59/0.39/0.48 | 0.86 it/s
[Iter 20940/50000] Total=0.07408 | NS=0.05598 CO2(scaled)=0.00087 CO2_weight=1.00 guide_w=29.9 Walls=0.00156(x10) g_ns/g_walls=5.89 Windows=0.00155 Doors=0.00005 IC=0.00000 CO2_BC=0.00006 LR=3.32e-04 nu=0.01 NSraw=0.1865 alpha(W1/W8/all)=0.59/0.39/0.48 | 0.86 it/s
[Iter 20950/50000] Total=0.03767 | NS=0.02777 CO2(scaled)=0.00137 CO2_weight=1.00 guide_w=29.9 Walls=0.00076(x10) g_ns/g_walls=5.89 Windows=0.00077 Doors=0.00007 IC=0.00000 CO2_BC=0.00007 LR=3.32e-04 nu=0.01 NSraw=0.05679 alpha(W1/W8/all)=0.59/0.39/0.48 | 0.86 it/s
[Iter 20960/50000] Total=0.25733 | NS=0.23918 CO2(scaled)=0.00146 CO2_weight=1.00 guide_w=29.9 Walls=0.00153(x10) g_ns/g_walls=5.89 Windows=0.00115 Doors=0.00015 IC=0.00000 CO2_BC=0.00009 LR=3.31e-04 nu=0.01 NSraw=10.22 alpha(W1/W8/all)=0.59/0.39/0.48 | 0.86 it/s
[Iter 20970/50000] Total=0.16277 | NS=0.15122 CO2(scaled)=0.00155 CO2_weight=1.00 guide_w=29.9 Walls=0.00091(x10) g_ns/g_walls=5.89 Windows=0.00070 Doors=0.00005 IC=0.00000 CO2_BC=0.00010 LR=3.31e-04 nu=0.01 NSraw=0.7193 alpha(W1/W8/all)=0.59/0.39/0.48 | 0.86 it/s
[Iter 20980/50000] Total=0.04135 | NS=0.02760 CO2(scaled)=0.00121 CO2_weight=1.00 guide_w=29.9 Walls=0.00109(x10) g_ns/g_walls=5.89 Windows=0.00144 Doors=0.00007 IC=0.00000 CO2_BC=0.00011 LR=3.31e-04 nu=0.01 NSraw=0.05471 alpha(W1/W8/all)=0.59/0.39/0.48 | 0.86 it/s
[Iter 20990/50000] Total=0.06903 | NS=0.06113 CO2(scaled)=0.00114 CO2_weight=1.00 guide_w=29.9 Walls=0.00058(x10) g_ns/g_walls=5.89 Windows=0.00070 Doors=0.00015 IC=0.00000 CO2_BC=0.00009 LR=3.31e-04 nu=0.01 NSraw=0.2209 alpha(W1/W8/all)=0.59/0.39/0.48 | 0.86 it/s
[Iter 21000/50000] Total=0.07099 | NS=0.05561 CO2(scaled)=0.00166 CO2_weight=1.00 guide_w=0.686 Walls=0.00121(x10) g_ns/g_walls=0.122 Windows=0.00143 Doors=0.00012 IC=0.00000 CO2_BC=0.00009 LR=3.31e-04 nu=0.01 NSraw=0.3241 alpha(W1/W8/all)=0.59/0.39/0.48 | 0.86 it/s
  -> saved checkpoint: /home/iai-labor/BuildingControlCFD/experiments/gnot/checkpoints/v24_fixedalpha_r50k/gnot_v24_fixedalpha_r50k_iter21000.pth
[Iter 21010/50000] Total=0.04073 | NS=0.03430 CO2(scaled)=0.00082 CO2_weight=1.00 guide_w=0.686 Walls=0.00045(x10) g_ns/g_walls=0.122 Windows=0.00088 Doors=0.00007 IC=0.00000 CO2_BC=0.00012 LR=3.31e-04 nu=0.01 NSraw=0.0727 alpha(W1/W8/all)=0.59/0.39/0.48 | 0.86 it/s
[Iter 21020/50000] Total=0.11362 | NS=0.10070 CO2(scaled)=0.00095 CO2_weight=1.00 guide_w=0.686 Walls=0.00107(x10) g_ns/g_walls=0.122 Windows=0.00102 Doors=0.00010 IC=0.00000 CO2_BC=0.00010 LR=3.30e-04 nu=0.01 NSraw=0.5457 alpha(W1/W8/all)=0.59/0.39/0.48 | 0.86 it/s
[Iter 21030/50000] Total=0.06101 | NS=0.05270 CO2(scaled)=0.00089 CO2_weight=1.00 guide_w=0.686 Walls=0.00062(x10) g_ns/g_walls=0.122 Windows=0.00106 Doors=0.00010 IC=0.00000 CO2_BC=0.00009 LR=3.30e-04 nu=0.01 NSraw=0.2111 alpha(W1/W8/all)=0.59/0.39/0.48 | 0.86 it/s
[Iter 21040/50000] Total=0.19672 | NS=0.18944 CO2(scaled)=0.00086 CO2_weight=1.00 guide_w=0.686 Walls=0.00053(x10) g_ns/g_walls=0.122 Windows=0.00088 Doors=0.00012 IC=0.00000 CO2_BC=0.00011 LR=3.30e-04 nu=0.01 NSraw=6.001 alpha(W1/W8/all)=0.59/0.39/0.48 | 0.86 it/s
[Iter 21050/50000] Total=0.05881 | NS=0.04876 CO2(scaled)=0.00085 CO2_weight=1.00 guide_w=0.686 Walls=0.00083(x10) g_ns/g_walls=0.122 Windows=0.00069 Doors=0.00011 IC=0.00000 CO2_BC=0.00013 LR=3.30e-04 nu=0.01 NSraw=0.1408 alpha(W1/W8/all)=0.59/0.39/0.48 | 0.86 it/s
[Iter 21060/50000] Total=0.06154 | NS=0.05152 CO2(scaled)=0.00078 CO2_weight=1.00 guide_w=0.686 Walls=0.00083(x10) g_ns/g_walls=0.122 Windows=0.00066 Doors=0.00017 IC=0.00000 CO2_BC=0.00009 LR=3.30e-04 nu=0.01 NSraw=0.1983 alpha(W1/W8/all)=0.59/0.39/0.48 | 0.86 it/s
[Iter 21070/50000] Total=0.08864 | NS=0.07935 CO2(scaled)=0.00116 CO2_weight=1.00 guide_w=0.686 Walls=0.00072(x10) g_ns/g_walls=0.122 Windows=0.00077 Doors=0.00009 IC=0.00000 CO2_BC=0.00009 LR=3.30e-04 nu=0.01 NSraw=0.2721 alpha(W1/W8/all)=0.59/0.39/0.48 | 0.86 it/s
[Iter 21080/50000] Total=0.10455 | NS=0.09092 CO2(scaled)=0.00089 CO2_weight=1.00 guide_w=0.686 Walls=0.00113(x10) g_ns/g_walls=0.122 Windows=0.00117 Doors=0.00022 IC=0.00000 CO2_BC=0.00009 LR=3.29e-04 nu=0.01 NSraw=0.5258 alpha(W1/W8/all)=0.59/0.39/0.48 | 0.86 it/s
[Iter 21090/50000] Total=0.08149 | NS=0.07578 CO2(scaled)=0.00095 CO2_weight=1.00 guide_w=0.686 Walls=0.00038(x10) g_ns/g_walls=0.122 Windows=0.00072 Doors=0.00011 IC=0.00000 CO2_BC=0.00010 LR=3.29e-04 nu=0.01 NSraw=0.2125 alpha(W1/W8/all)=0.59/0.39/0.48 | 0.86 it/s
[Iter 21100/50000] Total=0.12506 | NS=0.11358 CO2(scaled)=0.00192 CO2_weight=1.00 guide_w=5.4 Walls=0.00084(x10) g_ns/g_walls=1.46 Windows=0.00088 Doors=0.00015 IC=0.00000 CO2_BC=0.00010 LR=3.29e-04 nu=0.01 NSraw=1.163 alpha(W1/W8/all)=0.59/0.39/0.48 | 0.86 it/s
[Iter 21110/50000] Total=0.09446 | NS=0.08635 CO2(scaled)=0.00138 CO2_weight=1.00 guide_w=5.4 Walls=0.00058(x10) g_ns/g_walls=1.46 Windows=0.00072 Doors=0.00012 IC=0.00000 CO2_BC=0.00009 LR=3.29e-04 nu=0.01 NSraw=0.4093 alpha(W1/W8/all)=0.59/0.39/0.48 | 0.86 it/s
[Iter 21120/50000] Total=0.09124 | NS=0.06720 CO2(scaled)=0.00168 CO2_weight=1.00 guide_w=5.4 Walls=0.00205(x10) g_ns/g_walls=1.46 Windows=0.00172 Doors=0.00007 IC=0.00000 CO2_BC=0.00010 LR=3.29e-04 nu=0.01 NSraw=0.2465 alpha(W1/W8/all)=0.59/0.39/0.48 | 0.86 it/s
[Iter 21130/50000] Total=0.09882 | NS=0.09231 CO2(scaled)=0.00149 CO2_weight=1.00 guide_w=5.4 Walls=0.00043(x10) g_ns/g_walls=1.46 Windows=0.00052 Doors=0.00009 IC=0.00000 CO2_BC=0.00011 LR=3.29e-04 nu=0.01 NSraw=0.3699 alpha(W1/W8/all)=0.59/0.39/0.48 | 0.86 it/s
[Iter 21140/50000] Total=0.06469 | NS=0.05687 CO2(scaled)=0.00099 CO2_weight=1.00 guide_w=5.4 Walls=0.00058(x10) g_ns/g_walls=1.46 Windows=0.00081 Doors=0.00009 IC=0.00000 CO2_BC=0.00009 LR=3.28e-04 nu=0.01 NSraw=0.3217 alpha(W1/W8/all)=0.59/0.39/0.48 | 0.86 it/s
[Iter 21150/50000] Total=0.08904 | NS=0.07996 CO2(scaled)=0.00095 CO2_weight=1.00 guide_w=5.4 Walls=0.00068(x10) g_ns/g_walls=1.46 Windows=0.00118 Doors=0.00008 IC=0.00000 CO2_BC=0.00010 LR=3.28e-04 nu=0.01 NSraw=0.3079 alpha(W1/W8/all)=0.59/0.39/0.48 | 0.86 it/s
[Iter 21160/50000] Total=0.05387 | NS=0.04414 CO2(scaled)=0.00165 CO2_weight=1.00 guide_w=5.4 Walls=0.00072(x10) g_ns/g_walls=1.46 Windows=0.00068 Doors=0.00008 IC=0.00000 CO2_BC=0.00007 LR=3.28e-04 nu=0.01 NSraw=0.1432 alpha(W1/W8/all)=0.59/0.39/0.48 | 0.86 it/s
[Iter 21170/50000] Total=0.42636 | NS=0.41846 CO2(scaled)=0.00104 CO2_weight=1.00 guide_w=5.4 Walls=0.00061(x10) g_ns/g_walls=1.46 Windows=0.00058 Doors=0.00008 IC=0.00000 CO2_BC=0.00010 LR=3.28e-04 nu=0.01 NSraw=25.7 alpha(W1/W8/all)=0.59/0.39/0.48 | 0.86 it/s
[Iter 21180/50000] Total=0.07466 | NS=0.06287 CO2(scaled)=0.00127 CO2_weight=1.00 guide_w=5.4 Walls=0.00095(x10) g_ns/g_walls=1.46 Windows=0.00091 Doors=0.00006 IC=0.00000 CO2_BC=0.00010 LR=3.28e-04 nu=0.01 NSraw=0.3036 alpha(W1/W8/all)=0.59/0.39/0.48 | 0.86 it/s
[Iter 21190/50000] Total=0.05827 | NS=0.04387 CO2(scaled)=0.00114 CO2_weight=1.00 guide_w=5.4 Walls=0.00117(x10) g_ns/g_walls=1.46 Windows=0.00143 Doors=0.00005 IC=0.00000 CO2_BC=0.00007 LR=3.27e-04 nu=0.01 NSraw=0.1245 alpha(W1/W8/all)=0.59/0.39/0.48 | 0.86 it/s
[Iter 21200/50000] Total=0.05296 | NS=0.04388 CO2(scaled)=0.00094 CO2_weight=1.00 guide_w=7.89 Walls=0.00069(x10) g_ns/g_walls=0.92 Windows=0.00103 Doors=0.00008 IC=0.00000 CO2_BC=0.00010 LR=3.27e-04 nu=0.01 NSraw=0.1365 alpha(W1/W8/all)=0.59/0.39/0.48 | 0.86 it/s
[Iter 21210/50000] Total=0.03920 | NS=0.02672 CO2(scaled)=0.00278 CO2_weight=1.00 guide_w=7.89 Walls=0.00087(x10) g_ns/g_walls=0.92 Windows=0.00083 Doors=0.00005 IC=0.00000 CO2_BC=0.00010 LR=3.27e-04 nu=0.01 NSraw=0.04801 alpha(W1/W8/all)=0.59/0.39/0.48 | 0.86 it/s
[Iter 21220/50000] Total=0.07340 | NS=0.05868 CO2(scaled)=0.00114 CO2_weight=1.00 guide_w=7.89 Walls=0.00127(x10) g_ns/g_walls=0.92 Windows=0.00081 Doors=0.00004 IC=0.00000 CO2_BC=0.00008 LR=3.27e-04 nu=0.01 NSraw=0.1988 alpha(W1/W8/all)=0.59/0.39/0.48 | 0.86 it/s
[Iter 21230/50000] Total=0.04220 | NS=0.03732 CO2(scaled)=0.00089 CO2_weight=1.00 guide_w=7.89 Walls=0.00032(x10) g_ns/g_walls=0.92 Windows=0.00065 Doors=0.00011 IC=0.00000 CO2_BC=0.00008 LR=3.27e-04 nu=0.01 NSraw=0.1244 alpha(W1/W8/all)=0.59/0.39/0.48 | 0.86 it/s
[Iter 21240/50000] Total=0.08882 | NS=0.07894 CO2(scaled)=0.00078 CO2_weight=1.00 guide_w=7.89 Walls=0.00083(x10) g_ns/g_walls=0.92 Windows=0.00069 Doors=0.00007 IC=0.00000 CO2_BC=0.00007 LR=3.27e-04 nu=0.01 NSraw=0.3226 alpha(W1/W8/all)=0.59/0.39/0.48 | 0.86 it/s
[Iter 21250/50000] Total=0.14370 | NS=0.13891 CO2(scaled)=0.00079 CO2_weight=1.00 guide_w=7.89 Walls=0.00033(x10) g_ns/g_walls=0.92 Windows=0.00055 Doors=0.00006 IC=0.00000 CO2_BC=0.00012 LR=3.26e-04 nu=0.01 NSraw=0.7727 alpha(W1/W8/all)=0.59/0.39/0.48 | 0.86 it/s
[Iter 21260/50000] Total=0.05930 | NS=0.04894 CO2(scaled)=0.00109 CO2_weight=1.00 guide_w=7.89 Walls=0.00078(x10) g_ns/g_walls=0.92 Windows=0.00132 Doors=0.00009 IC=0.00000 CO2_BC=0.00007 LR=3.26e-04 nu=0.01 NSraw=0.1764 alpha(W1/W8/all)=0.59/0.39/0.48 | 0.86 it/s
[Iter 21270/50000] Total=0.06664 | NS=0.05284 CO2(scaled)=0.00135 CO2_weight=1.00 guide_w=7.89 Walls=0.00115(x10) g_ns/g_walls=0.92 Windows=0.00073 Doors=0.00009 IC=0.00000 CO2_BC=0.00009 LR=3.26e-04 nu=0.01 NSraw=0.185 alpha(W1/W8/all)=0.59/0.39/0.48 | 0.86 it/s
[Iter 21280/50000] Total=0.12865 | NS=0.11382 CO2(scaled)=0.00489 CO2_weight=1.00 guide_w=7.89 Walls=0.00088(x10) g_ns/g_walls=0.92 Windows=0.00103 Doors=0.00004 IC=0.00000 CO2_BC=0.00009 LR=3.26e-04 nu=0.01 NSraw=0.3822 alpha(W1/W8/all)=0.59/0.39/0.48 | 0.86 it/s
[Iter 21290/50000] Total=0.19215 | NS=0.17961 CO2(scaled)=0.00124 CO2_weight=1.00 guide_w=7.89 Walls=0.00101(x10) g_ns/g_walls=0.92 Windows=0.00099 Doors=0.00010 IC=0.00000 CO2_BC=0.00015 LR=3.26e-04 nu=0.01 NSraw=2.012 alpha(W1/W8/all)=0.59/0.39/0.48 | 0.86 it/s
[Iter 21300/50000] Total=0.14572 | NS=0.12966 CO2(scaled)=0.00111 CO2_weight=1.00 guide_w=5.85 Walls=0.00131(x10) g_ns/g_walls=0.263 Windows=0.00159 Doors=0.00011 IC=0.00000 CO2_BC=0.00010 LR=3.26e-04 nu=0.01 NSraw=2.645 alpha(W1/W8/all)=0.59/0.39/0.48 | 0.86 it/s
[Iter 21310/50000] Total=0.08315 | NS=0.07393 CO2(scaled)=0.00121 CO2_weight=1.00 guide_w=5.85 Walls=0.00069(x10) g_ns/g_walls=0.263 Windows=0.00086 Doors=0.00010 IC=0.00000 CO2_BC=0.00014 LR=3.25e-04 nu=0.01 NSraw=0.2362 alpha(W1/W8/all)=0.59/0.39/0.48 | 0.86 it/s
[Iter 21320/50000] Total=0.06799 | NS=0.05313 CO2(scaled)=0.00221 CO2_weight=1.00 guide_w=5.85 Walls=0.00114(x10) g_ns/g_walls=0.263 Windows=0.00085 Doors=0.00010 IC=0.00000 CO2_BC=0.00035 LR=3.25e-04 nu=0.01 NSraw=0.1484 alpha(W1/W8/all)=0.59/0.39/0.48 | 0.86 it/s
[Iter 21330/50000] Total=0.06716 | NS=0.03879 CO2(scaled)=0.00100 CO2_weight=1.00 guide_w=5.85 Walls=0.00244(x10) g_ns/g_walls=0.263 Windows=0.00278 Doors=0.00008 IC=0.00000 CO2_BC=0.00012 LR=3.25e-04 nu=0.01 NSraw=0.2005 alpha(W1/W8/all)=0.59/0.39/0.48 | 0.86 it/s
[Iter 21340/50000] Total=0.08728 | NS=0.07840 CO2(scaled)=0.00238 CO2_weight=1.00 guide_w=5.85 Walls=0.00054(x10) g_ns/g_walls=0.263 Windows=0.00088 Doors=0.00009 IC=0.00000 CO2_BC=0.00011 LR=3.25e-04 nu=0.01 NSraw=0.2846 alpha(W1/W8/all)=0.59/0.39/0.48 | 0.86 it/s
[Iter 21350/50000] Total=0.07067 | NS=0.06181 CO2(scaled)=0.00111 CO2_weight=1.00 guide_w=5.85 Walls=0.00065(x10) g_ns/g_walls=0.263 Windows=0.00106 Doors=0.00007 IC=0.00000 CO2_BC=0.00012 LR=3.25e-04 nu=0.01 NSraw=0.2574 alpha(W1/W8/all)=0.59/0.39/0.48 | 0.86 it/s
[Iter 21360/50000] Total=0.13255 | NS=0.11814 CO2(scaled)=0.00203 CO2_weight=1.00 guide_w=5.85 Walls=0.00111(x10) g_ns/g_walls=0.263 Windows=0.00107 Doors=0.00008 IC=0.00000 CO2_BC=0.00011 LR=3.25e-04 nu=0.01 NSraw=0.6172 alpha(W1/W8/all)=0.59/0.39/0.48 | 0.86 it/s
[Iter 21370/50000] Total=0.12906 | NS=0.11362 CO2(scaled)=0.00838 CO2_weight=1.00 guide_w=5.85 Walls=0.00062(x10) g_ns/g_walls=0.263 Windows=0.00068 Doors=0.00008 IC=0.00000 CO2_BC=0.00010 LR=3.24e-04 nu=0.01 NSraw=0.9356 alpha(W1/W8/all)=0.59/0.39/0.48 | 0.86 it/s
[Iter 21380/50000] Total=0.04358 | NS=0.03245 CO2(scaled)=0.00185 CO2_weight=1.00 guide_w=5.85 Walls=0.00081(x10) g_ns/g_walls=0.263 Windows=0.00088 Doors=0.00010 IC=0.00000 CO2_BC=0.00025 LR=3.24e-04 nu=0.01 NSraw=0.066 alpha(W1/W8/all)=0.59/0.39/0.48 | 0.86 it/s
[Iter 21390/50000] Total=0.13596 | NS=0.12337 CO2(scaled)=0.00164 CO2_weight=1.00 guide_w=5.85 Walls=0.00093(x10) g_ns/g_walls=0.263 Windows=0.00090 Doors=0.00009 IC=0.00000 CO2_BC=0.00065 LR=3.24e-04 nu=0.01 NSraw=0.9681 alpha(W1/W8/all)=0.59/0.39/0.48 | 0.86 it/s
[Iter 21400/50000] Total=0.07947 | NS=0.05805 CO2(scaled)=0.01010 CO2_weight=1.00 guide_w=0.282 Walls=0.00098(x10) g_ns/g_walls=0.113 Windows=0.00120 Doors=0.00007 IC=0.00000 CO2_BC=0.00024 LR=3.24e-04 nu=0.01 NSraw=0.2102 alpha(W1/W8/all)=0.59/0.39/0.48 | 0.86 it/s
[Iter 21410/50000] Total=0.06350 | NS=0.05001 CO2(scaled)=0.00215 CO2_weight=1.00 guide_w=0.282 Walls=0.00099(x10) g_ns/g_walls=0.113 Windows=0.00121 Doors=0.00008 IC=0.00000 CO2_BC=0.00015 LR=3.24e-04 nu=0.01 NSraw=0.1584 alpha(W1/W8/all)=0.59/0.39/0.48 | 0.86 it/s
[Iter 21420/50000] Total=0.02268 | NS=0.01518 CO2(scaled)=0.00155 CO2_weight=1.00 guide_w=0.282 Walls=0.00050(x10) g_ns/g_walls=0.113 Windows=0.00072 Doors=0.00008 IC=0.00000 CO2_BC=0.00015 LR=3.24e-04 nu=0.01 NSraw=0.0212 alpha(W1/W8/all)=0.59/0.39/0.48 | 0.86 it/s
[Iter 21430/50000] Total=0.10221 | NS=0.08981 CO2(scaled)=0.00286 CO2_weight=1.00 guide_w=0.282 Walls=0.00085(x10) g_ns/g_walls=0.113 Windows=0.00088 Doors=0.00007 IC=0.00000 CO2_BC=0.00009 LR=3.23e-04 nu=0.01 NSraw=0.3104 alpha(W1/W8/all)=0.59/0.39/0.48 | 0.86 it/s
[Iter 21440/50000] Total=0.16730 | NS=0.15460 CO2(scaled)=0.00395 CO2_weight=1.00 guide_w=0.282 Walls=0.00078(x10) g_ns/g_walls=0.113 Windows=0.00069 Doors=0.00011 IC=0.00000 CO2_BC=0.00016 LR=3.23e-04 nu=0.01 NSraw=0.948 alpha(W1/W8/all)=0.59/0.39/0.48 | 0.86 it/s
[Iter 21450/50000] Total=0.12840 | NS=0.11270 CO2(scaled)=0.00228 CO2_weight=1.00 guide_w=0.282 Walls=0.00120(x10) g_ns/g_walls=0.113 Windows=0.00115 Doors=0.00011 IC=0.00000 CO2_BC=0.00012 LR=3.23e-04 nu=0.01 NSraw=0.5296 alpha(W1/W8/all)=0.59/0.39/0.48 | 0.86 it/s
[Iter 21460/50000] Total=0.04280 | NS=0.03449 CO2(scaled)=0.00153 CO2_weight=1.00 guide_w=0.282 Walls=0.00058(x10) g_ns/g_walls=0.113 Windows=0.00079 Doors=0.00011 IC=0.00000 CO2_BC=0.00011 LR=3.23e-04 nu=0.01 NSraw=0.05885 alpha(W1/W8/all)=0.59/0.39/0.48 | 0.86 it/s
[Iter 21470/50000] Total=0.36374 | NS=0.33306 CO2(scaled)=0.00173 CO2_weight=1.00 guide_w=0.282 Walls=0.00257(x10) g_ns/g_walls=0.113 Windows=0.00304 Doors=0.00008 IC=0.00000 CO2_BC=0.00010 LR=3.23e-04 nu=0.01 NSraw=17.29 alpha(W1/W8/all)=0.59/0.39/0.48 | 0.86 it/s
[Iter 21480/50000] Total=0.04803 | NS=0.03296 CO2(scaled)=0.00151 CO2_weight=1.00 guide_w=0.282 Walls=0.00117(x10) g_ns/g_walls=0.113 Windows=0.00166 Doors=0.00012 IC=0.00000 CO2_BC=0.00011 LR=3.23e-04 nu=0.01 NSraw=0.07866 alpha(W1/W8/all)=0.59/0.39/0.48 | 0.86 it/s
[Iter 21490/50000] Total=0.04837 | NS=0.04214 CO2(scaled)=0.00123 CO2_weight=1.00 guide_w=0.282 Walls=0.00036(x10) g_ns/g_walls=0.113 Windows=0.00123 Doors=0.00005 IC=0.00000 CO2_BC=0.00011 LR=3.22e-04 nu=0.01 NSraw=0.08434 alpha(W1/W8/all)=0.59/0.39/0.48 | 0.86 it/s
[Iter 21500/50000] Total=0.03561 | NS=0.02787 CO2(scaled)=0.00143 CO2_weight=1.00 guide_w=1.48 Walls=0.00055(x10) g_ns/g_walls=0.308 Windows=0.00061 Doors=0.00007 IC=0.00000 CO2_BC=0.00010 LR=3.22e-04 nu=0.01 NSraw=0.05501 alpha(W1/W8/all)=0.59/0.39/0.48 | 0.86 it/s
[Iter 21510/50000] Total=0.09819 | NS=0.09003 CO2(scaled)=0.00146 CO2_weight=1.00 guide_w=1.48 Walls=0.00060(x10) g_ns/g_walls=0.308 Windows=0.00048 Doors=0.00009 IC=0.00000 CO2_BC=0.00009 LR=3.22e-04 nu=0.01 NSraw=0.3649 alpha(W1/W8/all)=0.59/0.39/0.48 | 0.86 it/s
[Iter 21520/50000] Total=0.12677 | NS=0.11690 CO2(scaled)=0.00149 CO2_weight=1.00 guide_w=1.48 Walls=0.00075(x10) g_ns/g_walls=0.308 Windows=0.00069 Doors=0.00007 IC=0.00000 CO2_BC=0.00009 LR=3.22e-04 nu=0.01 NSraw=0.6709 alpha(W1/W8/all)=0.59/0.39/0.48 | 0.86 it/s
[Iter 21530/50000] Total=0.11047 | NS=0.09255 CO2(scaled)=0.00146 CO2_weight=1.00 guide_w=1.48 Walls=0.00149(x10) g_ns/g_walls=0.308 Windows=0.00140 Doors=0.00010 IC=0.00000 CO2_BC=0.00008 LR=3.22e-04 nu=0.01 NSraw=0.5288 alpha(W1/W8/all)=0.59/0.39/0.48 | 0.86 it/s
[Iter 21540/50000] Total=0.07266 | NS=0.06528 CO2(scaled)=0.00101 CO2_weight=1.00 guide_w=1.48 Walls=0.00055(x10) g_ns/g_walls=0.308 Windows=0.00069 Doors=0.00007 IC=0.00000 CO2_BC=0.00007 LR=3.22e-04 nu=0.01 NSraw=0.1816 alpha(W1/W8/all)=0.59/0.39/0.48 | 0.86 it/s
[Iter 21550/50000] Total=0.22385 | NS=0.20557 CO2(scaled)=0.00108 CO2_weight=1.00 guide_w=1.48 Walls=0.00152(x10) g_ns/g_walls=0.308 Windows=0.00175 Doors=0.00011 IC=0.00000 CO2_BC=0.00012 LR=3.21e-04 nu=0.01 NSraw=6.329 alpha(W1/W8/all)=0.59/0.39/0.48 | 0.86 it/s
[Iter 21560/50000] Total=0.12037 | NS=0.11238 CO2(scaled)=0.00133 CO2_weight=1.00 guide_w=1.48 Walls=0.00059(x10) g_ns/g_walls=0.308 Windows=0.00059 Doors=0.00007 IC=0.00000 CO2_BC=0.00007 LR=3.21e-04 nu=0.01 NSraw=0.7407 alpha(W1/W8/all)=0.59/0.39/0.48 | 0.86 it/s
[Iter 21570/50000] Total=0.08157 | NS=0.06696 CO2(scaled)=0.00127 CO2_weight=1.00 guide_w=1.48 Walls=0.00119(x10) g_ns/g_walls=0.308 Windows=0.00120 Doors=0.00008 IC=0.00000 CO2_BC=0.00015 LR=3.21e-04 nu=0.01 NSraw=0.1784 alpha(W1/W8/all)=0.59/0.39/0.48 | 0.86 it/s
[Iter 21580/50000] Total=0.05203 | NS=0.04311 CO2(scaled)=0.00135 CO2_weight=1.00 guide_w=1.48 Walls=0.00066(x10) g_ns/g_walls=0.308 Windows=0.00080 Doors=0.00006 IC=0.00000 CO2_BC=0.00009 LR=3.21e-04 nu=0.01 NSraw=0.09907 alpha(W1/W8/all)=0.59/0.39/0.48 | 0.86 it/s
[Iter 21590/50000] Total=0.10406 | NS=0.08493 CO2(scaled)=0.00088 CO2_weight=1.00 guide_w=1.48 Walls=0.00171(x10) g_ns/g_walls=0.308 Windows=0.00097 Doors=0.00008 IC=0.00000 CO2_BC=0.00010 LR=3.21e-04 nu=0.01 NSraw=0.4497 alpha(W1/W8/all)=0.59/0.39/0.48 | 0.86 it/s
[Iter 21600/50000] Total=0.37852 | NS=0.37060 CO2(scaled)=0.00084 CO2_weight=1.00 guide_w=348 Walls=0.00061(x10) g_ns/g_walls=56.4 Windows=0.00071 Doors=0.00012 IC=0.00000 CO2_BC=0.00016 LR=3.20e-04 nu=0.01 NSraw=14.5 alpha(W1/W8/all)=0.59/0.39/0.48 | 0.86 it/s
[Iter 21610/50000] Total=0.10946 | NS=0.10191 CO2(scaled)=0.00096 CO2_weight=1.00 guide_w=348 Walls=0.00053(x10) g_ns/g_walls=56.4 Windows=0.00111 Doors=0.00010 IC=0.00000 CO2_BC=0.00011 LR=3.20e-04 nu=0.01 NSraw=0.5148 alpha(W1/W8/all)=0.59/0.39/0.48 | 0.86 it/s
[Iter 21620/50000] Total=0.19373 | NS=0.17407 CO2(scaled)=0.00378 CO2_weight=1.00 guide_w=348 Walls=0.00142(x10) g_ns/g_walls=56.4 Windows=0.00143 Doors=0.00010 IC=0.00000 CO2_BC=0.00010 LR=3.20e-04 nu=0.01 NSraw=3.494 alpha(W1/W8/all)=0.59/0.39/0.48 | 0.86 it/s
[Iter 21630/50000] Total=0.08653 | NS=0.07848 CO2(scaled)=0.00175 CO2_weight=1.00 guide_w=348 Walls=0.00053(x10) g_ns/g_walls=56.4 Windows=0.00072 Doors=0.00008 IC=0.00000 CO2_BC=0.00021 LR=3.20e-04 nu=0.01 NSraw=0.5315 alpha(W1/W8/all)=0.59/0.39/0.48 | 0.86 it/s
[Iter 21640/50000] Total=0.06753 | NS=0.05492 CO2(scaled)=0.00261 CO2_weight=1.00 guide_w=348 Walls=0.00088(x10) g_ns/g_walls=56.4 Windows=0.00101 Doors=0.00010 IC=0.00000 CO2_BC=0.00009 LR=3.20e-04 nu=0.01 NSraw=0.1364 alpha(W1/W8/all)=0.59/0.39/0.48 | 0.86 it/s
[Iter 21650/50000] Total=0.08448 | NS=0.07282 CO2(scaled)=0.00092 CO2_weight=1.00 guide_w=348 Walls=0.00093(x10) g_ns/g_walls=56.4 Windows=0.00118 Doors=0.00013 IC=0.00000 CO2_BC=0.00010 LR=3.20e-04 nu=0.01 NSraw=0.1989 alpha(W1/W8/all)=0.59/0.39/0.48 | 0.86 it/s
[Iter 21660/50000] Total=0.07708 | NS=0.06636 CO2(scaled)=0.00104 CO2_weight=1.00 guide_w=348 Walls=0.00087(x10) g_ns/g_walls=56.4 Windows=0.00074 Doors=0.00011 IC=0.00000 CO2_BC=0.00010 LR=3.19e-04 nu=0.01 NSraw=0.2176 alpha(W1/W8/all)=0.59/0.39/0.48 | 0.86 it/s
[Iter 21670/50000] Total=0.10725 | NS=0.09836 CO2(scaled)=0.00180 CO2_weight=1.00 guide_w=348 Walls=0.00061(x10) g_ns/g_walls=56.4 Windows=0.00086 Doors=0.00010 IC=0.00000 CO2_BC=0.00007 LR=3.19e-04 nu=0.01 NSraw=0.3995 alpha(W1/W8/all)=0.59/0.39/0.48 | 0.86 it/s
[Iter 21680/50000] Total=0.08246 | NS=0.07253 CO2(scaled)=0.00161 CO2_weight=1.00 guide_w=348 Walls=0.00068(x10) g_ns/g_walls=56.4 Windows=0.00130 Doors=0.00010 IC=0.00000 CO2_BC=0.00011 LR=3.19e-04 nu=0.01 NSraw=0.3962 alpha(W1/W8/all)=0.59/0.39/0.48 | 0.86 it/s
[Iter 21690/50000] Total=0.06798 | NS=0.05445 CO2(scaled)=0.00156 CO2_weight=1.00 guide_w=348 Walls=0.00106(x10) g_ns/g_walls=56.4 Windows=0.00126 Doors=0.00005 IC=0.00000 CO2_BC=0.00009 LR=3.19e-04 nu=0.01 NSraw=0.1797 alpha(W1/W8/all)=0.59/0.39/0.48 | 0.86 it/s
[Iter 21700/50000] Total=0.03247 | NS=0.02673 CO2(scaled)=0.00086 CO2_weight=1.00 guide_w=10.5 Walls=0.00038(x10) g_ns/g_walls=2.23 Windows=0.00090 Doors=0.00004 IC=0.00000 CO2_BC=0.00010 LR=3.19e-04 nu=0.01 NSraw=0.08627 alpha(W1/W8/all)=0.59/0.39/0.48 | 0.86 it/s
[Iter 21710/50000] Total=0.06903 | NS=0.05943 CO2(scaled)=0.00150 CO2_weight=1.00 guide_w=10.5 Walls=0.00071(x10) g_ns/g_walls=2.23 Windows=0.00082 Doors=0.00005 IC=0.00000 CO2_BC=0.00009 LR=3.19e-04 nu=0.01 NSraw=0.246 alpha(W1/W8/all)=0.59/0.39/0.48 | 0.86 it/s
[Iter 21720/50000] Total=0.39382 | NS=0.38348 CO2(scaled)=0.00133 CO2_weight=1.00 guide_w=10.5 Walls=0.00078(x10) g_ns/g_walls=2.23 Windows=0.00104 Doors=0.00004 IC=0.00000 CO2_BC=0.00009 LR=3.18e-04 nu=0.01 NSraw=19.94 alpha(W1/W8/all)=0.59/0.39/0.48 | 0.86 it/s
[Iter 21730/50000] Total=0.65822 | NS=0.64017 CO2(scaled)=0.00091 CO2_weight=1.00 guide_w=10.5 Walls=0.00153(x10) g_ns/g_walls=2.23 Windows=0.00175 Doors=0.00004 IC=0.00000 CO2_BC=0.00009 LR=3.18e-04 nu=0.01 NSraw=61.62 alpha(W1/W8/all)=0.59/0.39/0.48 | 0.86 it/s
[Iter 21740/50000] Total=0.07412 | NS=0.05511 CO2(scaled)=0.00090 CO2_weight=1.00 guide_w=10.5 Walls=0.00165(x10) g_ns/g_walls=2.23 Windows=0.00144 Doors=0.00006 IC=0.00000 CO2_BC=0.00010 LR=3.18e-04 nu=0.01 NSraw=0.168 alpha(W1/W8/all)=0.59/0.39/0.48 | 0.86 it/s
[Iter 21750/50000] Total=0.10785 | NS=0.09186 CO2(scaled)=0.00157 CO2_weight=1.00 guide_w=10.5 Walls=0.00126(x10) g_ns/g_walls=2.23 Windows=0.00168 Doors=0.00008 IC=0.00000 CO2_BC=0.00010 LR=3.18e-04 nu=0.01 NSraw=0.5718 alpha(W1/W8/all)=0.59/0.39/0.48 | 0.86 it/s
[Iter 21760/50000] Total=0.16318 | NS=0.15455 CO2(scaled)=0.00106 CO2_weight=1.00 guide_w=10.5 Walls=0.00068(x10) g_ns/g_walls=2.23 Windows=0.00068 Doors=0.00005 IC=0.00000 CO2_BC=0.00008 LR=3.18e-04 nu=0.01 NSraw=1.685 alpha(W1/W8/all)=0.59/0.39/0.48 | 0.86 it/s
[Iter 21770/50000] Total=0.07440 | NS=0.06028 CO2(scaled)=0.00158 CO2_weight=1.00 guide_w=10.5 Walls=0.00115(x10) g_ns/g_walls=2.23 Windows=0.00095 Doors=0.00004 IC=0.00000 CO2_BC=0.00010 LR=3.18e-04 nu=0.01 NSraw=0.2777 alpha(W1/W8/all)=0.59/0.39/0.48 | 0.86 it/s
[Iter 21780/50000] Total=0.11997 | NS=0.11254 CO2(scaled)=0.00148 CO2_weight=1.00 guide_w=10.5 Walls=0.00049(x10) g_ns/g_walls=2.23 Windows=0.00088 Doors=0.00006 IC=0.00000 CO2_BC=0.00007 LR=3.17e-04 nu=0.01 NSraw=0.4218 alpha(W1/W8/all)=0.59/0.39/0.48 | 0.86 it/s
[Iter 21790/50000] Total=0.05430 | NS=0.04756 CO2(scaled)=0.00132 CO2_weight=1.00 guide_w=10.5 Walls=0.00045(x10) g_ns/g_walls=2.23 Windows=0.00074 Doors=0.00008 IC=0.00000 CO2_BC=0.00008 LR=3.17e-04 nu=0.01 NSraw=0.1344 alpha(W1/W8/all)=0.59/0.39/0.48 | 0.86 it/s
[Iter 21800/50000] Total=0.35823 | NS=0.34951 CO2(scaled)=0.00143 CO2_weight=1.00 guide_w=33.5 Walls=0.00062(x10) g_ns/g_walls=8.21 Windows=0.00091 Doors=0.00009 IC=0.00000 CO2_BC=0.00007 LR=3.17e-04 nu=0.01 NSraw=22.61 alpha(W1/W8/all)=0.59/0.39/0.48 | 0.86 it/s
[Iter 21810/50000] Total=0.04470 | NS=0.02806 CO2(scaled)=0.00085 CO2_weight=1.00 guide_w=33.5 Walls=0.00143(x10) g_ns/g_walls=8.21 Windows=0.00132 Doors=0.00008 IC=0.00000 CO2_BC=0.00010 LR=3.17e-04 nu=0.01 NSraw=0.05286 alpha(W1/W8/all)=0.59/0.39/0.48 | 0.86 it/s
[Iter 21820/50000] Total=0.07257 | NS=0.06149 CO2(scaled)=0.00160 CO2_weight=1.00 guide_w=33.5 Walls=0.00083(x10) g_ns/g_walls=8.21 Windows=0.00096 Doors=0.00014 IC=0.00000 CO2_BC=0.00011 LR=3.17e-04 nu=0.01 NSraw=0.2716 alpha(W1/W8/all)=0.59/0.39/0.48 | 0.86 it/s
[Iter 21830/50000] Total=0.11061 | NS=0.10515 CO2(scaled)=0.00089 CO2_weight=1.00 guide_w=33.5 Walls=0.00038(x10) g_ns/g_walls=8.21 Windows=0.00055 Doors=0.00010 IC=0.00000 CO2_BC=0.00008 LR=3.17e-04 nu=0.01 NSraw=0.6335 alpha(W1/W8/all)=0.59/0.39/0.48 | 0.86 it/s
[Iter 21840/50000] Total=0.04363 | NS=0.03599 CO2(scaled)=0.00115 CO2_weight=1.00 guide_w=33.5 Walls=0.00057(x10) g_ns/g_walls=8.21 Windows=0.00064 Doors=0.00006 IC=0.00000 CO2_BC=0.00006 LR=3.16e-04 nu=0.01 NSraw=0.09254 alpha(W1/W8/all)=0.59/0.39/0.48 | 0.86 it/s
[Iter 21850/50000] Total=0.06585 | NS=0.05936 CO2(scaled)=0.00094 CO2_weight=1.00 guide_w=33.5 Walls=0.00047(x10) g_ns/g_walls=8.21 Windows=0.00072 Doors=0.00007 IC=0.00000 CO2_BC=0.00008 LR=3.16e-04 nu=0.01 NSraw=0.2817 alpha(W1/W8/all)=0.59/0.39/0.48 | 0.86 it/s
[Iter 21860/50000] Total=0.06364 | NS=0.05636 CO2(scaled)=0.00111 CO2_weight=1.00 guide_w=33.5 Walls=0.00053(x10) g_ns/g_walls=8.21 Windows=0.00071 Doors=0.00008 IC=0.00000 CO2_BC=0.00008 LR=3.16e-04 nu=0.01 NSraw=0.2227 alpha(W1/W8/all)=0.59/0.39/0.48 | 0.86 it/s
[Iter 21870/50000] Total=0.09956 | NS=0.08889 CO2(scaled)=0.00077 CO2_weight=1.00 guide_w=33.5 Walls=0.00085(x10) g_ns/g_walls=8.21 Windows=0.00120 Doors=0.00009 IC=0.00000 CO2_BC=0.00009 LR=3.16e-04 nu=0.01 NSraw=0.4341 alpha(W1/W8/all)=0.59/0.39/0.48 | 0.86 it/s
[Iter 21880/50000] Total=0.08932 | NS=0.08528 CO2(scaled)=0.00069 CO2_weight=1.00 guide_w=33.5 Walls=0.00026(x10) g_ns/g_walls=8.21 Windows=0.00053 Doors=0.00013 IC=0.00000 CO2_BC=0.00008 LR=3.16e-04 nu=0.01 NSraw=0.3024 alpha(W1/W8/all)=0.59/0.39/0.48 | 0.86 it/s
[Iter 21890/50000] Total=0.09644 | NS=0.08859 CO2(scaled)=0.00077 CO2_weight=1.00 guide_w=33.5 Walls=0.00062(x10) g_ns/g_walls=8.21 Windows=0.00074 Doors=0.00008 IC=0.00000 CO2_BC=0.00009 LR=3.16e-04 nu=0.01 NSraw=0.4141 alpha(W1/W8/all)=0.59/0.39/0.48 | 0.86 it/s
[Iter 21900/50000] Total=0.05509 | NS=0.05013 CO2(scaled)=0.00095 CO2_weight=1.00 guide_w=11.6 Walls=0.00033(x10) g_ns/g_walls=3.66 Windows=0.00055 Doors=0.00005 IC=0.00000 CO2_BC=0.00009 LR=3.15e-04 nu=0.01 NSraw=0.1341 alpha(W1/W8/all)=0.59/0.39/0.48 | 0.86 it/s
[Iter 21910/50000] Total=0.07976 | NS=0.07269 CO2(scaled)=0.00090 CO2_weight=1.00 guide_w=11.6 Walls=0.00052(x10) g_ns/g_walls=3.66 Windows=0.00082 Doors=0.00006 IC=0.00000 CO2_BC=0.00008 LR=3.15e-04 nu=0.01 NSraw=0.162 alpha(W1/W8/all)=0.59/0.39/0.48 | 0.86 it/s
[Iter 21920/50000] Total=0.04345 | NS=0.02910 CO2(scaled)=0.00101 CO2_weight=1.00 guide_w=11.6 Walls=0.00118(x10) g_ns/g_walls=3.66 Windows=0.00134 Doors=0.00011 IC=0.00000 CO2_BC=0.00011 LR=3.15e-04 nu=0.01 NSraw=0.06373 alpha(W1/W8/all)=0.59/0.39/0.48 | 0.86 it/s
[Iter 21930/50000] Total=0.09217 | NS=0.08438 CO2(scaled)=0.00108 CO2_weight=1.00 guide_w=11.6 Walls=0.00057(x10) g_ns/g_walls=3.66 Windows=0.00085 Doors=0.00008 IC=0.00000 CO2_BC=0.00010 LR=3.15e-04 nu=0.01 NSraw=0.3741 alpha(W1/W8/all)=0.59/0.39/0.48 | 0.86 it/s
[Iter 21940/50000] Total=0.04180 | NS=0.03443 CO2(scaled)=0.00092 CO2_weight=1.00 guide_w=11.6 Walls=0.00054(x10) g_ns/g_walls=3.66 Windows=0.00092 Doors=0.00006 IC=0.00000 CO2_BC=0.00008 LR=3.15e-04 nu=0.01 NSraw=0.05818 alpha(W1/W8/all)=0.59/0.39/0.48 | 0.86 it/s
[Iter 21950/50000] Total=0.12974 | NS=0.12323 CO2(scaled)=0.00122 CO2_weight=1.00 guide_w=11.6 Walls=0.00045(x10) g_ns/g_walls=3.66 Windows=0.00065 Doors=0.00004 IC=0.00000 CO2_BC=0.00008 LR=3.15e-04 nu=0.01 NSraw=0.8259 alpha(W1/W8/all)=0.59/0.39/0.48 | 0.86 it/s
[Iter 21960/50000] Total=0.08130 | NS=0.06848 CO2(scaled)=0.00090 CO2_weight=1.00 guide_w=11.6 Walls=0.00106(x10) g_ns/g_walls=3.66 Windows=0.00111 Doors=0.00008 IC=0.00000 CO2_BC=0.00008 LR=3.14e-04 nu=0.01 NSraw=0.1963 alpha(W1/W8/all)=0.59/0.39/0.48 | 0.86 it/s
[Iter 21970/50000] Total=0.12299 | NS=0.10429 CO2(scaled)=0.00089 CO2_weight=1.00 guide_w=11.6 Walls=0.00163(x10) g_ns/g_walls=3.66 Windows=0.00132 Doors=0.00006 IC=0.00000 CO2_BC=0.00016 LR=3.14e-04 nu=0.01 NSraw=0.4217 alpha(W1/W8/all)=0.59/0.39/0.48 | 0.86 it/s
[Iter 21980/50000] Total=0.14690 | NS=0.12878 CO2(scaled)=0.00107 CO2_weight=1.00 guide_w=11.6 Walls=0.00150(x10) g_ns/g_walls=3.66 Windows=0.00188 Doors=0.00010 IC=0.00000 CO2_BC=0.00008 LR=3.14e-04 nu=0.01 NSraw=1.126 alpha(W1/W8/all)=0.59/0.39/0.48 | 0.86 it/s
[Iter 21990/50000] Total=0.03705 | NS=0.02916 CO2(scaled)=0.00113 CO2_weight=1.00 guide_w=11.6 Walls=0.00056(x10) g_ns/g_walls=3.66 Windows=0.00100 Doors=0.00009 IC=0.00000 CO2_BC=0.00010 LR=3.14e-04 nu=0.01 NSraw=0.07466 alpha(W1/W8/all)=0.59/0.39/0.48 | 0.86 it/s
[Iter 22000/50000] Total=0.04668 | NS=0.03254 CO2(scaled)=0.00119 CO2_weight=1.00 guide_w=1.71 Walls=0.00112(x10) g_ns/g_walls=0.0953 Windows=0.00156 Doors=0.00007 IC=0.00000 CO2_BC=0.00008 LR=3.14e-04 nu=0.01 NSraw=0.05675 alpha(W1/W8/all)=0.59/0.39/0.48 | 0.86 it/s
  -> saved checkpoint: /home/iai-labor/BuildingControlCFD/experiments/gnot/checkpoints/v24_fixedalpha_r50k/gnot_v24_fixedalpha_r50k_iter22000.pth
[Iter 22010/50000] Total=0.05891 | NS=0.04433 CO2(scaled)=0.00166 CO2_weight=1.00 guide_w=1.71 Walls=0.00109(x10) g_ns/g_walls=0.0953 Windows=0.00192 Doors=0.00007 IC=0.00000 CO2_BC=0.00009 LR=3.14e-04 nu=0.01 NSraw=0.1147 alpha(W1/W8/all)=0.59/0.39/0.48 | 0.86 it/s
[Iter 22020/50000] Total=0.12183 | NS=0.11247 CO2(scaled)=0.00247 CO2_weight=1.00 guide_w=1.71 Walls=0.00058(x10) g_ns/g_walls=0.0953 Windows=0.00094 Doors=0.00008 IC=0.00000 CO2_BC=0.00008 LR=3.13e-04 nu=0.01 NSraw=0.7366 alpha(W1/W8/all)=0.59/0.39/0.48 | 0.86 it/s
[Iter 22030/50000] Total=0.33552 | NS=0.32268 CO2(scaled)=0.00181 CO2_weight=1.00 guide_w=1.71 Walls=0.00097(x10) g_ns/g_walls=0.0953 Windows=0.00114 Doors=0.00007 IC=0.00000 CO2_BC=0.00009 LR=3.13e-04 nu=0.01 NSraw=13.28 alpha(W1/W8/all)=0.59/0.39/0.48 | 0.86 it/s
[Iter 22040/50000] Total=0.06616 | NS=0.04771 CO2(scaled)=0.00091 CO2_weight=1.00 guide_w=1.71 Walls=0.00156(x10) g_ns/g_walls=0.0953 Windows=0.00168 Doors=0.00009 IC=0.00000 CO2_BC=0.00013 LR=3.13e-04 nu=0.01 NSraw=0.1428 alpha(W1/W8/all)=0.59/0.39/0.48 | 0.86 it/s
[Iter 22050/50000] Total=0.07380 | NS=0.05315 CO2(scaled)=0.00152 CO2_weight=1.00 guide_w=1.71 Walls=0.00173(x10) g_ns/g_walls=0.0953 Windows=0.00176 Doors=0.00004 IC=0.00000 CO2_BC=0.00007 LR=3.13e-04 nu=0.01 NSraw=0.1446 alpha(W1/W8/all)=0.59/0.39/0.48 | 0.86 it/s
[Iter 22060/50000] Total=0.06029 | NS=0.05435 CO2(scaled)=0.00106 CO2_weight=1.00 guide_w=1.71 Walls=0.00042(x10) g_ns/g_walls=0.0953 Windows=0.00056 Doors=0.00004 IC=0.00000 CO2_BC=0.00009 LR=3.13e-04 nu=0.01 NSraw=0.3092 alpha(W1/W8/all)=0.59/0.39/0.48 | 0.86 it/s
[Iter 22070/50000] Total=0.09986 | NS=0.08968 CO2(scaled)=0.00089 CO2_weight=1.00 guide_w=1.71 Walls=0.00080(x10) g_ns/g_walls=0.0953 Windows=0.00110 Doors=0.00005 IC=0.00000 CO2_BC=0.00011 LR=3.13e-04 nu=0.01 NSraw=0.4829 alpha(W1/W8/all)=0.59/0.39/0.48 | 0.86 it/s
[Iter 22080/50000] Total=0.06883 | NS=0.05568 CO2(scaled)=0.00119 CO2_weight=1.00 guide_w=1.71 Walls=0.00110(x10) g_ns/g_walls=0.0953 Windows=0.00081 Doors=0.00006 IC=0.00000 CO2_BC=0.00008 LR=3.12e-04 nu=0.01 NSraw=0.1539 alpha(W1/W8/all)=0.59/0.39/0.48 | 0.86 it/s
[Iter 22090/50000] Total=0.03205 | NS=0.02583 CO2(scaled)=0.00132 CO2_weight=1.00 guide_w=1.71 Walls=0.00042(x10) g_ns/g_walls=0.0953 Windows=0.00054 Doors=0.00005 IC=0.00000 CO2_BC=0.00010 LR=3.12e-04 nu=0.01 NSraw=0.04514 alpha(W1/W8/all)=0.59/0.39/0.48 | 0.86 it/s
[Iter 22100/50000] Total=0.04886 | NS=0.03918 CO2(scaled)=0.00142 CO2_weight=1.00 guide_w=2.34 Walls=0.00074(x10) g_ns/g_walls=0.507 Windows=0.00070 Doors=0.00009 IC=0.00000 CO2_BC=0.00008 LR=3.12e-04 nu=0.01 NSraw=0.08804 alpha(W1/W8/all)=0.59/0.39/0.48 | 0.86 it/s
[Iter 22110/50000] Total=0.17730 | NS=0.16819 CO2(scaled)=0.00129 CO2_weight=1.00 guide_w=2.34 Walls=0.00067(x10) g_ns/g_walls=0.507 Windows=0.00104 Doors=0.00004 IC=0.00000 CO2_BC=0.00008 LR=3.12e-04 nu=0.01 NSraw=1.308 alpha(W1/W8/all)=0.59/0.39/0.48 | 0.86 it/s
[Iter 22120/50000] Total=0.14079 | NS=0.12766 CO2(scaled)=0.00121 CO2_weight=1.00 guide_w=2.34 Walls=0.00107(x10) g_ns/g_walls=0.507 Windows=0.00106 Doors=0.00008 IC=0.00000 CO2_BC=0.00008 LR=3.12e-04 nu=0.01 NSraw=1.081 alpha(W1/W8/all)=0.59/0.39/0.48 | 0.86 it/s
[Iter 22130/50000] Total=0.07277 | NS=0.06071 CO2(scaled)=0.00073 CO2_weight=1.00 guide_w=2.34 Walls=0.00106(x10) g_ns/g_walls=0.507 Windows=0.00060 Doors=0.00005 IC=0.00000 CO2_BC=0.00007 LR=3.12e-04 nu=0.01 NSraw=0.2183 alpha(W1/W8/all)=0.59/0.39/0.48 | 0.86 it/s
[Iter 22140/50000] Total=0.79302 | NS=0.74139 CO2(scaled)=0.00081 CO2_weight=1.00 guide_w=2.34 Walls=0.00500(x10) g_ns/g_walls=0.507 Windows=0.00065 Doors=0.00008 IC=0.00000 CO2_BC=0.00009 LR=3.12e-04 nu=0.01 NSraw=118.6 alpha(W1/W8/all)=0.59/0.39/0.48 | 0.86 it/s
[Iter 22150/50000] Total=0.18168 | NS=0.17301 CO2(scaled)=0.00081 CO2_weight=1.00 guide_w=2.34 Walls=0.00068(x10) g_ns/g_walls=0.507 Windows=0.00084 Doors=0.00013 IC=0.00000 CO2_BC=0.00009 LR=3.11e-04 nu=0.01 NSraw=4.715 alpha(W1/W8/all)=0.59/0.39/0.48 | 0.86 it/s
[Iter 22160/50000] Total=0.04824 | NS=0.03776 CO2(scaled)=0.00121 CO2_weight=1.00 guide_w=2.34 Walls=0.00080(x10) g_ns/g_walls=0.507 Windows=0.00107 Doors=0.00011 IC=0.00000 CO2_BC=0.00008 LR=3.11e-04 nu=0.01 NSraw=0.07313 alpha(W1/W8/all)=0.59/0.39/0.48 | 0.86 it/s
[Iter 22170/50000] Total=0.09860 | NS=0.08895 CO2(scaled)=0.00095 CO2_weight=1.00 guide_w=2.34 Walls=0.00075(x10) g_ns/g_walls=0.507 Windows=0.00103 Doors=0.00011 IC=0.00000 CO2_BC=0.00009 LR=3.11e-04 nu=0.01 NSraw=0.3314 alpha(W1/W8/all)=0.59/0.39/0.48 | 0.86 it/s
[Iter 22180/50000] Total=0.13667 | NS=0.12817 CO2(scaled)=0.00163 CO2_weight=1.00 guide_w=2.34 Walls=0.00057(x10) g_ns/g_walls=0.507 Windows=0.00099 Doors=0.00009 IC=0.00000 CO2_BC=0.00009 LR=3.11e-04 nu=0.01 NSraw=1.941 alpha(W1/W8/all)=0.59/0.39/0.48 | 0.86 it/s
[Iter 22190/50000] Total=0.05701 | NS=0.05170 CO2(scaled)=0.00097 CO2_weight=1.00 guide_w=2.34 Walls=0.00037(x10) g_ns/g_walls=0.507 Windows=0.00054 Doors=0.00006 IC=0.00000 CO2_BC=0.00008 LR=3.11e-04 nu=0.01 NSraw=0.1557 alpha(W1/W8/all)=0.59/0.39/0.48 | 0.86 it/s
[Iter 22200/50000] Total=0.05789 | NS=0.04894 CO2(scaled)=0.00140 CO2_weight=1.00 guide_w=0.879 Walls=0.00065(x10) g_ns/g_walls=0.184 Windows=0.00092 Doors=0.00006 IC=0.00000 CO2_BC=0.00009 LR=3.11e-04 nu=0.01 NSraw=0.2301 alpha(W1/W8/all)=0.59/0.39/0.48 | 0.86 it/s
[Iter 22210/50000] Total=0.03943 | NS=0.03266 CO2(scaled)=0.00110 CO2_weight=1.00 guide_w=0.879 Walls=0.00051(x10) g_ns/g_walls=0.184 Windows=0.00043 Doors=0.00006 IC=0.00000 CO2_BC=0.00008 LR=3.10e-04 nu=0.01 NSraw=0.06953 alpha(W1/W8/all)=0.59/0.39/0.48 | 0.86 it/s
[Iter 22220/50000] Total=0.20992 | NS=0.19381 CO2(scaled)=0.00085 CO2_weight=1.00 guide_w=0.879 Walls=0.00142(x10) g_ns/g_walls=0.184 Windows=0.00091 Doors=0.00007 IC=0.00000 CO2_BC=0.00008 LR=3.10e-04 nu=0.01 NSraw=6.384 alpha(W1/W8/all)=0.59/0.39/0.48 | 0.86 it/s
[Iter 22230/50000] Total=0.06243 | NS=0.05614 CO2(scaled)=0.00088 CO2_weight=1.00 guide_w=0.879 Walls=0.00045(x10) g_ns/g_walls=0.184 Windows=0.00071 Doors=0.00006 IC=0.00000 CO2_BC=0.00010 LR=3.10e-04 nu=0.01 NSraw=0.1822 alpha(W1/W8/all)=0.59/0.39/0.48 | 0.86 it/s
[Iter 22240/50000] Total=0.05322 | NS=0.03682 CO2(scaled)=0.00094 CO2_weight=1.00 guide_w=0.879 Walls=0.00138(x10) g_ns/g_walls=0.184 Windows=0.00154 Doors=0.00007 IC=0.00000 CO2_BC=0.00010 LR=3.10e-04 nu=0.01 NSraw=0.1315 alpha(W1/W8/all)=0.59/0.39/0.48 | 0.86 it/s
[Iter 22250/50000] Total=0.44495 | NS=0.42994 CO2(scaled)=0.00179 CO2_weight=1.00 guide_w=0.879 Walls=0.00114(x10) g_ns/g_walls=0.184 Windows=0.00169 Doors=0.00008 IC=0.00000 CO2_BC=0.00008 LR=3.10e-04 nu=0.01 NSraw=25.94 alpha(W1/W8/all)=0.59/0.39/0.48 | 0.86 it/s
[Iter 22260/50000] Total=0.28879 | NS=0.26687 CO2(scaled)=0.00113 CO2_weight=1.00 guide_w=0.879 Walls=0.00195(x10) g_ns/g_walls=0.184 Windows=0.00108 Doors=0.00010 IC=0.00000 CO2_BC=0.00011 LR=3.10e-04 nu=0.01 NSraw=11.51 alpha(W1/W8/all)=0.59/0.39/0.48 | 0.86 it/s
[Iter 22270/50000] Total=0.14687 | NS=0.14096 CO2(scaled)=0.00098 CO2_weight=1.00 guide_w=0.879 Walls=0.00043(x10) g_ns/g_walls=0.184 Windows=0.00046 Doors=0.00009 IC=0.00000 CO2_BC=0.00011 LR=3.09e-04 nu=0.01 NSraw=1.084 alpha(W1/W8/all)=0.59/0.39/0.48 | 0.86 it/s
[Iter 22280/50000] Total=0.13226 | NS=0.12817 CO2(scaled)=0.00094 CO2_weight=1.00 guide_w=0.879 Walls=0.00025(x10) g_ns/g_walls=0.184 Windows=0.00056 Doors=0.00007 IC=0.00000 CO2_BC=0.00007 LR=3.09e-04 nu=0.01 NSraw=1.743 alpha(W1/W8/all)=0.59/0.39/0.48 | 0.86 it/s
[Iter 22290/50000] Total=0.22030 | NS=0.20060 CO2(scaled)=0.00125 CO2_weight=1.00 guide_w=0.879 Walls=0.00174(x10) g_ns/g_walls=0.184 Windows=0.00092 Doors=0.00006 IC=0.00000 CO2_BC=0.00008 LR=3.09e-04 nu=0.01 NSraw=6.487 alpha(W1/W8/all)=0.59/0.39/0.48 | 0.86 it/s
[Iter 22300/50000] Total=0.08092 | NS=0.06313 CO2(scaled)=0.00126 CO2_weight=1.00 guide_w=0.728 Walls=0.00143(x10) g_ns/g_walls=0.0866 Windows=0.00202 Doors=0.00009 IC=0.00000 CO2_BC=0.00008 LR=3.09e-04 nu=0.01 NSraw=0.253 alpha(W1/W8/all)=0.59/0.39/0.48 | 0.86 it/s
[Iter 22310/50000] Total=0.06631 | NS=0.06153 CO2(scaled)=0.00092 CO2_weight=1.00 guide_w=0.728 Walls=0.00032(x10) g_ns/g_walls=0.0866 Windows=0.00046 Doors=0.00011 IC=0.00000 CO2_BC=0.00011 LR=3.09e-04 nu=0.01 NSraw=0.1807 alpha(W1/W8/all)=0.59/0.39/0.48 | 0.86 it/s
[Iter 22320/50000] Total=0.06643 | NS=0.06096 CO2(scaled)=0.00073 CO2_weight=1.00 guide_w=0.728 Walls=0.00039(x10) g_ns/g_walls=0.0866 Windows=0.00071 Doors=0.00007 IC=0.00000 CO2_BC=0.00009 LR=3.09e-04 nu=0.01 NSraw=0.2219 alpha(W1/W8/all)=0.59/0.39/0.48 | 0.86 it/s
[Iter 22330/50000] Total=0.03825 | NS=0.03205 CO2(scaled)=0.00079 CO2_weight=1.00 guide_w=0.728 Walls=0.00045(x10) g_ns/g_walls=0.0866 Windows=0.00073 Doors=0.00009 IC=0.00000 CO2_BC=0.00010 LR=3.08e-04 nu=0.01 NSraw=0.05817 alpha(W1/W8/all)=0.59/0.39/0.48 | 0.86 it/s
[Iter 22340/50000] Total=0.50763 | NS=0.49428 CO2(scaled)=0.00116 CO2_weight=1.00 guide_w=0.728 Walls=0.00107(x10) g_ns/g_walls=0.0866 Windows=0.00128 Doors=0.00008 IC=0.00000 CO2_BC=0.00010 LR=3.08e-04 nu=0.01 NSraw=24.78 alpha(W1/W8/all)=0.59/0.39/0.48 | 0.86 it/s
[Iter 22350/50000] Total=0.13214 | NS=0.12548 CO2(scaled)=0.00107 CO2_weight=1.00 guide_w=0.728 Walls=0.00046(x10) g_ns/g_walls=0.0866 Windows=0.00076 Doors=0.00012 IC=0.00000 CO2_BC=0.00011 LR=3.08e-04 nu=0.01 NSraw=0.8141 alpha(W1/W8/all)=0.59/0.39/0.48 | 0.86 it/s
[Iter 22360/50000] Total=0.07383 | NS=0.06128 CO2(scaled)=0.00103 CO2_weight=1.00 guide_w=0.728 Walls=0.00101(x10) g_ns/g_walls=0.0866 Windows=0.00124 Doors=0.00012 IC=0.00000 CO2_BC=0.00008 LR=3.08e-04 nu=0.01 NSraw=0.4478 alpha(W1/W8/all)=0.59/0.39/0.48 | 0.86 it/s
[Iter 22370/50000] Total=0.05326 | NS=0.04339 CO2(scaled)=0.00107 CO2_weight=1.00 guide_w=0.728 Walls=0.00080(x10) g_ns/g_walls=0.0866 Windows=0.00065 Doors=0.00005 IC=0.00000 CO2_BC=0.00011 LR=3.08e-04 nu=0.01 NSraw=0.1034 alpha(W1/W8/all)=0.59/0.39/0.48 | 0.86 it/s
[Iter 22380/50000] Total=0.05534 | NS=0.04588 CO2(scaled)=0.00154 CO2_weight=1.00 guide_w=0.728 Walls=0.00069(x10) g_ns/g_walls=0.0866 Windows=0.00090 Doors=0.00009 IC=0.00000 CO2_BC=0.00008 LR=3.08e-04 nu=0.01 NSraw=0.1839 alpha(W1/W8/all)=0.59/0.39/0.48 | 0.86 it/s
[Iter 22390/50000] Total=0.05438 | NS=0.04553 CO2(scaled)=0.00169 CO2_weight=1.00 guide_w=0.728 Walls=0.00062(x10) g_ns/g_walls=0.0866 Windows=0.00084 Doors=0.00008 IC=0.00000 CO2_BC=0.00008 LR=3.07e-04 nu=0.01 NSraw=0.169 alpha(W1/W8/all)=0.59/0.39/0.48 | 0.86 it/s
[Iter 22400/50000] Total=0.06403 | NS=0.05830 CO2(scaled)=0.00074 CO2_weight=1.00 guide_w=5.64 Walls=0.00040(x10) g_ns/g_walls=0.602 Windows=0.00083 Doors=0.00006 IC=0.00000 CO2_BC=0.00008 LR=3.07e-04 nu=0.01 NSraw=0.3315 alpha(W1/W8/all)=0.59/0.39/0.48 | 0.86 it/s
[Iter 22410/50000] Total=0.14724 | NS=0.12765 CO2(scaled)=0.00109 CO2_weight=1.00 guide_w=5.64 Walls=0.00165(x10) g_ns/g_walls=0.602 Windows=0.00181 Doors=0.00006 IC=0.00000 CO2_BC=0.00008 LR=3.07e-04 nu=0.01 NSraw=0.6978 alpha(W1/W8/all)=0.59/0.39/0.48 | 0.86 it/s
[Iter 22420/50000] Total=0.13082 | NS=0.10075 CO2(scaled)=0.00080 CO2_weight=1.00 guide_w=5.64 Walls=0.00263(x10) g_ns/g_walls=0.602 Windows=0.00270 Doors=0.00017 IC=0.00000 CO2_BC=0.00009 LR=3.07e-04 nu=0.01 NSraw=0.5511 alpha(W1/W8/all)=0.59/0.39/0.48 | 0.86 it/s
[Iter 22430/50000] Total=0.14289 | NS=0.12532 CO2(scaled)=0.00113 CO2_weight=1.00 guide_w=5.64 Walls=0.00141(x10) g_ns/g_walls=0.602 Windows=0.00212 Doors=0.00007 IC=0.00000 CO2_BC=0.00011 LR=3.07e-04 nu=0.01 NSraw=0.692 alpha(W1/W8/all)=0.59/0.39/0.48 | 0.86 it/s
[Iter 22440/50000] Total=0.25207 | NS=0.23824 CO2(scaled)=0.00083 CO2_weight=1.00 guide_w=5.64 Walls=0.00118(x10) g_ns/g_walls=0.602 Windows=0.00103 Doors=0.00007 IC=0.00000 CO2_BC=0.00009 LR=3.07e-04 nu=0.01 NSraw=7.891 alpha(W1/W8/all)=0.59/0.39/0.48 | 0.86 it/s
[Iter 22450/50000] Total=0.13455 | NS=0.12810 CO2(scaled)=0.00080 CO2_weight=1.00 guide_w=5.64 Walls=0.00049(x10) g_ns/g_walls=0.602 Windows=0.00052 Doors=0.00011 IC=0.00000 CO2_BC=0.00007 LR=3.06e-04 nu=0.01 NSraw=0.6285 alpha(W1/W8/all)=0.59/0.39/0.48 | 0.86 it/s
[Iter 22460/50000] Total=0.03390 | NS=0.02371 CO2(scaled)=0.00128 CO2_weight=1.00 guide_w=5.64 Walls=0.00079(x10) g_ns/g_walls=0.602 Windows=0.00087 Doors=0.00008 IC=0.00000 CO2_BC=0.00007 LR=3.06e-04 nu=0.01 NSraw=0.03854 alpha(W1/W8/all)=0.59/0.39/0.48 | 0.86 it/s
[Iter 22470/50000] Total=0.10958 | NS=0.10141 CO2(scaled)=0.00088 CO2_weight=1.00 guide_w=5.64 Walls=0.00062(x10) g_ns/g_walls=0.602 Windows=0.00092 Doors=0.00008 IC=0.00000 CO2_BC=0.00008 LR=3.06e-04 nu=0.01 NSraw=0.5469 alpha(W1/W8/all)=0.59/0.39/0.48 | 0.86 it/s
[Iter 22480/50000] Total=0.06442 | NS=0.05724 CO2(scaled)=0.00087 CO2_weight=1.00 guide_w=5.64 Walls=0.00055(x10) g_ns/g_walls=0.602 Windows=0.00066 Doors=0.00010 IC=0.00000 CO2_BC=0.00008 LR=3.06e-04 nu=0.01 NSraw=0.3046 alpha(W1/W8/all)=0.59/0.39/0.48 | 0.86 it/s
[Iter 22490/50000] Total=0.08896 | NS=0.07652 CO2(scaled)=0.00099 CO2_weight=1.00 guide_w=5.64 Walls=0.00101(x10) g_ns/g_walls=0.602 Windows=0.00117 Doors=0.00006 IC=0.00000 CO2_BC=0.00010 LR=3.06e-04 nu=0.01 NSraw=0.3007 alpha(W1/W8/all)=0.59/0.39/0.48 | 0.86 it/s
[Iter 22500/50000] Total=0.28124 | NS=0.27637 CO2(scaled)=0.00071 CO2_weight=1.00 guide_w=160 Walls=0.00034(x10) g_ns/g_walls=14.3 Windows=0.00057 Doors=0.00007 IC=0.00000 CO2_BC=0.00009 LR=3.06e-04 nu=0.01 NSraw=12.75 alpha(W1/W8/all)=0.59/0.39/0.48 | 0.86 it/s
[Iter 22510/50000] Total=0.02671 | NS=0.02159 CO2(scaled)=0.00089 CO2_weight=1.00 guide_w=160 Walls=0.00035(x10) g_ns/g_walls=14.3 Windows=0.00058 Doors=0.00009 IC=0.00000 CO2_BC=0.00009 LR=3.05e-04 nu=0.01 NSraw=0.03024 alpha(W1/W8/all)=0.59/0.39/0.48 | 0.86 it/s
[Iter 22520/50000] Total=0.03463 | NS=0.02855 CO2(scaled)=0.00092 CO2_weight=1.00 guide_w=160 Walls=0.00043(x10) g_ns/g_walls=14.3 Windows=0.00069 Doors=0.00008 IC=0.00000 CO2_BC=0.00007 LR=3.05e-04 nu=0.01 NSraw=0.07014 alpha(W1/W8/all)=0.59/0.39/0.48 | 0.86 it/s
[Iter 22530/50000] Total=0.03945 | NS=0.03259 CO2(scaled)=0.00103 CO2_weight=1.00 guide_w=160 Walls=0.00050(x10) g_ns/g_walls=14.3 Windows=0.00066 Doors=0.00008 IC=0.00000 CO2_BC=0.00009 LR=3.05e-04 nu=0.01 NSraw=0.06219 alpha(W1/W8/all)=0.59/0.39/0.48 | 0.86 it/s
[Iter 22540/50000] Total=0.07496 | NS=0.06534 CO2(scaled)=0.00116 CO2_weight=1.00 guide_w=160 Walls=0.00072(x10) g_ns/g_walls=14.3 Windows=0.00111 Doors=0.00010 IC=0.00000 CO2_BC=0.00009 LR=3.05e-04 nu=0.01 NSraw=0.187 alpha(W1/W8/all)=0.59/0.39/0.48 | 0.86 it/s
[Iter 22550/50000] Total=0.07174 | NS=0.05993 CO2(scaled)=0.00137 CO2_weight=1.00 guide_w=160 Walls=0.00092(x10) g_ns/g_walls=14.3 Windows=0.00106 Doors=0.00012 IC=0.00000 CO2_BC=0.00007 LR=3.05e-04 nu=0.01 NSraw=0.2204 alpha(W1/W8/all)=0.59/0.39/0.48 | 0.86 it/s
[Iter 22560/50000] Total=0.08056 | NS=0.06891 CO2(scaled)=0.00112 CO2_weight=1.00 guide_w=160 Walls=0.00095(x10) g_ns/g_walls=14.3 Windows=0.00082 Doors=0.00013 IC=0.00000 CO2_BC=0.00008 LR=3.05e-04 nu=0.01 NSraw=0.4314 alpha(W1/W8/all)=0.59/0.39/0.48 | 0.86 it/s
[Iter 22570/50000] Total=0.05641 | NS=0.04724 CO2(scaled)=0.00099 CO2_weight=1.00 guide_w=160 Walls=0.00071(x10) g_ns/g_walls=14.3 Windows=0.00091 Doors=0.00011 IC=0.00000 CO2_BC=0.00007 LR=3.05e-04 nu=0.01 NSraw=0.1251 alpha(W1/W8/all)=0.59/0.39/0.48 | 0.86 it/s
[Iter 22580/50000] Total=0.03598 | NS=0.02626 CO2(scaled)=0.00213 CO2_weight=1.00 guide_w=160 Walls=0.00065(x10) g_ns/g_walls=14.3 Windows=0.00093 Doors=0.00010 IC=0.00000 CO2_BC=0.00006 LR=3.04e-04 nu=0.01 NSraw=0.03943 alpha(W1/W8/all)=0.59/0.39/0.48 | 0.86 it/s
[Iter 22590/50000] Total=0.10690 | NS=0.09951 CO2(scaled)=0.00144 CO2_weight=1.00 guide_w=160 Walls=0.00049(x10) g_ns/g_walls=14.3 Windows=0.00083 Doors=0.00013 IC=0.00000 CO2_BC=0.00008 LR=3.04e-04 nu=0.01 NSraw=0.7314 alpha(W1/W8/all)=0.59/0.39/0.48 | 0.86 it/s
[Iter 22600/50000] Total=0.03597 | NS=0.02844 CO2(scaled)=0.00115 CO2_weight=1.00 guide_w=0.847 Walls=0.00052(x10) g_ns/g_walls=0.171 Windows=0.00088 Doors=0.00016 IC=0.00000 CO2_BC=0.00010 LR=3.04e-04 nu=0.01 NSraw=0.05609 alpha(W1/W8/all)=0.59/0.39/0.48 | 0.86 it/s
[Iter 22610/50000] Total=0.05552 | NS=0.04931 CO2(scaled)=0.00099 CO2_weight=1.00 guide_w=0.847 Walls=0.00043(x10) g_ns/g_walls=0.171 Windows=0.00062 Doors=0.00020 IC=0.00000 CO2_BC=0.00007 LR=3.04e-04 nu=0.01 NSraw=0.2208 alpha(W1/W8/all)=0.59/0.39/0.48 | 0.86 it/s
[Iter 22620/50000] Total=0.39114 | NS=0.38172 CO2(scaled)=0.00118 CO2_weight=1.00 guide_w=0.847 Walls=0.00070(x10) g_ns/g_walls=0.171 Windows=0.00106 Doors=0.00010 IC=0.00000 CO2_BC=0.00011 LR=3.04e-04 nu=0.01 NSraw=19 alpha(W1/W8/all)=0.59/0.39/0.48 | 0.86 it/s
[Iter 22630/50000] Total=0.05481 | NS=0.04347 CO2(scaled)=0.00101 CO2_weight=1.00 guide_w=0.847 Walls=0.00089(x10) g_ns/g_walls=0.171 Windows=0.00128 Doors=0.00010 IC=0.00000 CO2_BC=0.00008 LR=3.04e-04 nu=0.01 NSraw=0.09063 alpha(W1/W8/all)=0.59/0.39/0.48 | 0.86 it/s
[Iter 22640/50000] Total=0.07347 | NS=0.06566 CO2(scaled)=0.00182 CO2_weight=1.00 guide_w=0.847 Walls=0.00052(x10) g_ns/g_walls=0.171 Windows=0.00064 Doors=0.00010 IC=0.00000 CO2_BC=0.00010 LR=3.03e-04 nu=0.01 NSraw=0.2549 alpha(W1/W8/all)=0.59/0.39/0.48 | 0.86 it/s
[Iter 22650/50000] Total=0.09762 | NS=0.07275 CO2(scaled)=0.00082 CO2_weight=1.00 guide_w=0.847 Walls=0.00215(x10) g_ns/g_walls=0.171 Windows=0.00241 Doors=0.00007 IC=0.00000 CO2_BC=0.00012 LR=3.03e-04 nu=0.01 NSraw=0.2731 alpha(W1/W8/all)=0.59/0.39/0.48 | 0.86 it/s
[Iter 22660/50000] Total=0.04826 | NS=0.02806 CO2(scaled)=0.00090 CO2_weight=1.00 guide_w=0.847 Walls=0.00171(x10) g_ns/g_walls=0.171 Windows=0.00200 Doors=0.00011 IC=0.00000 CO2_BC=0.00007 LR=3.03e-04 nu=0.01 NSraw=0.05182 alpha(W1/W8/all)=0.59/0.39/0.48 | 0.86 it/s
[Iter 22670/50000] Total=0.06048 | NS=0.05124 CO2(scaled)=0.00179 CO2_weight=1.00 guide_w=0.847 Walls=0.00062(x10) g_ns/g_walls=0.171 Windows=0.00099 Doors=0.00012 IC=0.00000 CO2_BC=0.00008 LR=3.03e-04 nu=0.01 NSraw=0.1453 alpha(W1/W8/all)=0.59/0.39/0.48 | 0.86 it/s
[Iter 22680/50000] Total=0.10838 | NS=0.09766 CO2(scaled)=0.00150 CO2_weight=1.00 guide_w=0.847 Walls=0.00075(x10) g_ns/g_walls=0.171 Windows=0.00149 Doors=0.00012 IC=0.00000 CO2_BC=0.00011 LR=3.03e-04 nu=0.01 NSraw=0.3695 alpha(W1/W8/all)=0.59/0.39/0.48 | 0.86 it/s
[Iter 22690/50000] Total=0.13007 | NS=0.11957 CO2(scaled)=0.00141 CO2_weight=1.00 guide_w=0.847 Walls=0.00077(x10) g_ns/g_walls=0.171 Windows=0.00113 Doors=0.00017 IC=0.00000 CO2_BC=0.00008 LR=3.03e-04 nu=0.01 NSraw=0.6125 alpha(W1/W8/all)=0.59/0.39/0.48 | 0.86 it/s
[Iter 22700/50000] Total=0.03425 | NS=0.02575 CO2(scaled)=0.00147 CO2_weight=1.00 guide_w=0.533 Walls=0.00059(x10) g_ns/g_walls=0.147 Windows=0.00086 Doors=0.00012 IC=0.00000 CO2_BC=0.00010 LR=3.02e-04 nu=0.01 NSraw=0.05066 alpha(W1/W8/all)=0.59/0.39/0.48 | 0.86 it/s
[Iter 22710/50000] Total=0.17337 | NS=0.16514 CO2(scaled)=0.00104 CO2_weight=1.00 guide_w=0.533 Walls=0.00063(x10) g_ns/g_walls=0.147 Windows=0.00068 Doors=0.00014 IC=0.00000 CO2_BC=0.00010 LR=3.02e-04 nu=0.01 NSraw=5.5 alpha(W1/W8/all)=0.59/0.39/0.48 | 0.86 it/s
[Iter 22720/50000] Total=0.07195 | NS=0.06116 CO2(scaled)=0.00127 CO2_weight=1.00 guide_w=0.533 Walls=0.00084(x10) g_ns/g_walls=0.147 Windows=0.00099 Doors=0.00010 IC=0.00000 CO2_BC=0.00007 LR=3.02e-04 nu=0.01 NSraw=0.1463 alpha(W1/W8/all)=0.59/0.39/0.48 | 0.86 it/s
[Iter 22730/50000] Total=0.08384 | NS=0.07444 CO2(scaled)=0.00107 CO2_weight=1.00 guide_w=0.533 Walls=0.00074(x10) g_ns/g_walls=0.147 Windows=0.00074 Doors=0.00011 IC=0.00000 CO2_BC=0.00010 LR=3.02e-04 nu=0.01 NSraw=0.3353 alpha(W1/W8/all)=0.59/0.39/0.48 | 0.86 it/s
[Iter 22740/50000] Total=0.04347 | NS=0.03208 CO2(scaled)=0.00093 CO2_weight=1.00 guide_w=0.533 Walls=0.00094(x10) g_ns/g_walls=0.147 Windows=0.00089 Doors=0.00009 IC=0.00000 CO2_BC=0.00009 LR=3.02e-04 nu=0.01 NSraw=0.08517 alpha(W1/W8/all)=0.59/0.39/0.48 | 0.86 it/s
[Iter 22750/50000] Total=0.20159 | NS=0.15283 CO2(scaled)=0.00116 CO2_weight=1.00 guide_w=0.533 Walls=0.00438(x10) g_ns/g_walls=0.147 Windows=0.00367 Doors=0.00006 IC=0.00000 CO2_BC=0.00009 LR=3.02e-04 nu=0.01 NSraw=1.395 alpha(W1/W8/all)=0.59/0.39/0.48 | 0.86 it/s
[Iter 22760/50000] Total=0.08856 | NS=0.07808 CO2(scaled)=0.00115 CO2_weight=1.00 guide_w=0.533 Walls=0.00080(x10) g_ns/g_walls=0.147 Windows=0.00122 Doors=0.00006 IC=0.00000 CO2_BC=0.00010 LR=3.01e-04 nu=0.01 NSraw=0.4645 alpha(W1/W8/all)=0.59/0.39/0.48 | 0.86 it/s
[Iter 22770/50000] Total=0.08352 | NS=0.07404 CO2(scaled)=0.00115 CO2_weight=1.00 guide_w=0.533 Walls=0.00071(x10) g_ns/g_walls=0.147 Windows=0.00102 Doors=0.00008 IC=0.00000 CO2_BC=0.00010 LR=3.01e-04 nu=0.01 NSraw=0.3637 alpha(W1/W8/all)=0.59/0.39/0.48 | 0.86 it/s
[Iter 22780/50000] Total=0.20020 | NS=0.19311 CO2(scaled)=0.00105 CO2_weight=1.00 guide_w=0.533 Walls=0.00042(x10) g_ns/g_walls=0.147 Windows=0.00167 Doors=0.00008 IC=0.00000 CO2_BC=0.00009 LR=3.01e-04 nu=0.01 NSraw=2.984 alpha(W1/W8/all)=0.59/0.39/0.48 | 0.86 it/s
[Iter 22790/50000] Total=0.16540 | NS=0.16034 CO2(scaled)=0.00087 CO2_weight=1.00 guide_w=0.533 Walls=0.00026(x10) g_ns/g_walls=0.147 Windows=0.00142 Doors=0.00010 IC=0.00000 CO2_BC=0.00011 LR=3.01e-04 nu=0.01 NSraw=5.641 alpha(W1/W8/all)=0.59/0.39/0.48 | 0.86 it/s
[Iter 22800/50000] Total=0.11698 | NS=0.10885 CO2(scaled)=0.00104 CO2_weight=1.00 guide_w=14.8 Walls=0.00046(x10) g_ns/g_walls=3.28 Windows=0.00235 Doors=0.00008 IC=0.00000 CO2_BC=0.00009 LR=3.01e-04 nu=0.01 NSraw=0.8805 alpha(W1/W8/all)=0.59/0.39/0.48 | 0.86 it/s
[Iter 22810/50000] Total=0.03892 | NS=0.03085 CO2(scaled)=0.00129 CO2_weight=1.00 guide_w=14.8 Walls=0.00055(x10) g_ns/g_walls=3.28 Windows=0.00116 Doors=0.00008 IC=0.00000 CO2_BC=0.00008 LR=3.01e-04 nu=0.01 NSraw=0.1281 alpha(W1/W8/all)=0.59/0.39/0.48 | 0.86 it/s
[Iter 22820/50000] Total=0.07475 | NS=0.06416 CO2(scaled)=0.00136 CO2_weight=1.00 guide_w=14.8 Walls=0.00074(x10) g_ns/g_walls=3.28 Windows=0.00163 Doors=0.00008 IC=0.00000 CO2_BC=0.00008 LR=3.01e-04 nu=0.01 NSraw=0.2156 alpha(W1/W8/all)=0.59/0.39/0.48 | 0.86 it/s
[Iter 22830/50000] Total=0.08154 | NS=0.06912 CO2(scaled)=0.00268 CO2_weight=1.00 guide_w=14.8 Walls=0.00086(x10) g_ns/g_walls=3.28 Windows=0.00092 Doors=0.00009 IC=0.00000 CO2_BC=0.00010 LR=3.00e-04 nu=0.01 NSraw=0.2077 alpha(W1/W8/all)=0.59/0.39/0.48 | 0.86 it/s
[Iter 22840/50000] Total=0.21368 | NS=0.20287 CO2(scaled)=0.00202 CO2_weight=1.00 guide_w=14.8 Walls=0.00074(x10) g_ns/g_walls=3.28 Windows=0.00120 Doors=0.00012 IC=0.00000 CO2_BC=0.00009 LR=3.00e-04 nu=0.01 NSraw=5.05 alpha(W1/W8/all)=0.59/0.39/0.48 | 0.86 it/s
[Iter 22850/50000] Total=0.20034 | NS=0.18860 CO2(scaled)=0.00099 CO2_weight=1.00 guide_w=14.8 Walls=0.00095(x10) g_ns/g_walls=3.28 Windows=0.00103 Doors=0.00015 IC=0.00000 CO2_BC=0.00011 LR=3.00e-04 nu=0.01 NSraw=4.043 alpha(W1/W8/all)=0.59/0.39/0.48 | 0.86 it/s
[Iter 22860/50000] Total=0.09468 | NS=0.08539 CO2(scaled)=0.00146 CO2_weight=1.00 guide_w=14.8 Walls=0.00058(x10) g_ns/g_walls=3.28 Windows=0.00162 Doors=0.00023 IC=0.00000 CO2_BC=0.00016 LR=3.00e-04 nu=0.01 NSraw=0.3675 alpha(W1/W8/all)=0.59/0.39/0.48 | 0.86 it/s
[Iter 22870/50000] Total=0.09769 | NS=0.08499 CO2(scaled)=0.00140 CO2_weight=1.00 guide_w=14.8 Walls=0.00100(x10) g_ns/g_walls=3.28 Windows=0.00095 Doors=0.00020 IC=0.00000 CO2_BC=0.00012 LR=3.00e-04 nu=0.01 NSraw=0.3796 alpha(W1/W8/all)=0.59/0.39/0.48 | 0.86 it/s
[Iter 22880/50000] Total=0.21321 | NS=0.18941 CO2(scaled)=0.00194 CO2_weight=1.00 guide_w=14.8 Walls=0.00196(x10) g_ns/g_walls=3.28 Windows=0.00203 Doors=0.00013 IC=0.00000 CO2_BC=0.00014 LR=3.00e-04 nu=0.01 NSraw=2.227 alpha(W1/W8/all)=0.59/0.39/0.48 | 0.86 it/s
[Iter 22890/50000] Total=0.16709 | NS=0.15685 CO2(scaled)=0.00149 CO2_weight=1.00 guide_w=14.8 Walls=0.00074(x10) g_ns/g_walls=3.28 Windows=0.00116 Doors=0.00011 IC=0.00000 CO2_BC=0.00009 LR=2.99e-04 nu=0.01 NSraw=0.8763 alpha(W1/W8/all)=0.59/0.39/0.48 | 0.86 it/s
[Iter 22900/50000] Total=0.09133 | NS=0.08329 CO2(scaled)=0.00073 CO2_weight=1.00 guide_w=40 Walls=0.00061(x10) g_ns/g_walls=2.21 Windows=0.00094 Doors=0.00010 IC=0.00000 CO2_BC=0.00012 LR=2.99e-04 nu=0.01 NSraw=1.089 alpha(W1/W8/all)=0.59/0.39/0.48 | 0.86 it/s
[Iter 22910/50000] Total=0.04173 | NS=0.03497 CO2(scaled)=0.00125 CO2_weight=1.00 guide_w=40 Walls=0.00045(x10) g_ns/g_walls=2.21 Windows=0.00083 Doors=0.00010 IC=0.00000 CO2_BC=0.00011 LR=2.99e-04 nu=0.01 NSraw=0.06094 alpha(W1/W8/all)=0.59/0.39/0.48 | 0.86 it/s
[Iter 22920/50000] Total=0.10015 | NS=0.08764 CO2(scaled)=0.00133 CO2_weight=1.00 guide_w=40 Walls=0.00098(x10) g_ns/g_walls=2.21 Windows=0.00115 Doors=0.00011 IC=0.00000 CO2_BC=0.00009 LR=2.99e-04 nu=0.01 NSraw=0.2519 alpha(W1/W8/all)=0.59/0.39/0.48 | 0.86 it/s
[Iter 22930/50000] Total=0.03630 | NS=0.02658 CO2(scaled)=0.00095 CO2_weight=1.00 guide_w=40 Walls=0.00077(x10) g_ns/g_walls=2.21 Windows=0.00083 Doors=0.00011 IC=0.00000 CO2_BC=0.00011 LR=2.99e-04 nu=0.01 NSraw=0.04213 alpha(W1/W8/all)=0.59/0.39/0.48 | 0.86 it/s
[Iter 22940/50000] Total=0.16866 | NS=0.15429 CO2(scaled)=0.00114 CO2_weight=1.00 guide_w=40 Walls=0.00118(x10) g_ns/g_walls=2.21 Windows=0.00124 Doors=0.00010 IC=0.00000 CO2_BC=0.00009 LR=2.99e-04 nu=0.01 NSraw=3.143 alpha(W1/W8/all)=0.59/0.39/0.48 | 0.86 it/s
[Iter 22950/50000] Total=0.02876 | NS=0.01421 CO2(scaled)=0.00178 CO2_weight=1.00 guide_w=40 Walls=0.00116(x10) g_ns/g_walls=2.21 Windows=0.00098 Doors=0.00007 IC=0.00000 CO2_BC=0.00011 LR=2.98e-04 nu=0.01 NSraw=0.01672 alpha(W1/W8/all)=0.59/0.39/0.48 | 0.86 it/s
[Iter 22960/50000] Total=0.04637 | NS=0.04009 CO2(scaled)=0.00080 CO2_weight=1.00 guide_w=40 Walls=0.00045(x10) g_ns/g_walls=2.21 Windows=0.00085 Doors=0.00005 IC=0.00000 CO2_BC=0.00007 LR=2.98e-04 nu=0.01 NSraw=0.09583 alpha(W1/W8/all)=0.59/0.39/0.48 | 0.86 it/s
[Iter 22970/50000] Total=0.06450 | NS=0.05784 CO2(scaled)=0.00116 CO2_weight=1.00 guide_w=40 Walls=0.00047(x10) g_ns/g_walls=2.21 Windows=0.00068 Doors=0.00007 IC=0.00000 CO2_BC=0.00009 LR=2.98e-04 nu=0.01 NSraw=0.2618 alpha(W1/W8/all)=0.59/0.39/0.48 | 0.86 it/s
[Iter 22980/50000] Total=0.08303 | NS=0.07586 CO2(scaled)=0.00145 CO2_weight=1.00 guide_w=40 Walls=0.00045(x10) g_ns/g_walls=2.21 Windows=0.00104 Doors=0.00007 IC=0.00000 CO2_BC=0.00010 LR=2.98e-04 nu=0.01 NSraw=0.5224 alpha(W1/W8/all)=0.59/0.39/0.48 | 0.86 it/s
[Iter 22990/50000] Total=0.03958 | NS=0.02764 CO2(scaled)=0.00113 CO2_weight=1.00 guide_w=40 Walls=0.00094(x10) g_ns/g_walls=2.21 Windows=0.00122 Doors=0.00013 IC=0.00000 CO2_BC=0.00010 LR=2.98e-04 nu=0.01 NSraw=0.07506 alpha(W1/W8/all)=0.59/0.39/0.48 | 0.86 it/s
[Iter 23000/50000] Total=0.05237 | NS=0.04243 CO2(scaled)=0.00254 CO2_weight=1.00 guide_w=0.729 Walls=0.00060(x10) g_ns/g_walls=0.246 Windows=0.00124 Doors=0.00010 IC=0.00000 CO2_BC=0.00009 LR=2.98e-04 nu=0.01 NSraw=0.109 alpha(W1/W8/all)=0.59/0.39/0.48 | 0.86 it/s
  -> saved checkpoint: /home/iai-labor/BuildingControlCFD/experiments/gnot/checkpoints/v24_fixedalpha_r50k/gnot_v24_fixedalpha_r50k_iter23000.pth
[Iter 23010/50000] Total=0.10020 | NS=0.08531 CO2(scaled)=0.00154 CO2_weight=1.00 guide_w=0.729 Walls=0.00116(x10) g_ns/g_walls=0.246 Windows=0.00153 Doors=0.00008 IC=0.00000 CO2_BC=0.00009 LR=2.98e-04 nu=0.01 NSraw=0.2696 alpha(W1/W8/all)=0.59/0.39/0.48 | 0.86 it/s
[Iter 23020/50000] Total=0.06464 | NS=0.05399 CO2(scaled)=0.00143 CO2_weight=1.00 guide_w=0.729 Walls=0.00080(x10) g_ns/g_walls=0.246 Windows=0.00102 Doors=0.00007 IC=0.00000 CO2_BC=0.00011 LR=2.97e-04 nu=0.01 NSraw=0.1398 alpha(W1/W8/all)=0.59/0.39/0.48 | 0.86 it/s
[Iter 23030/50000] Total=0.13926 | NS=0.13322 CO2(scaled)=0.00078 CO2_weight=1.00 guide_w=0.729 Walls=0.00040(x10) g_ns/g_walls=0.246 Windows=0.00102 Doors=0.00010 IC=0.00000 CO2_BC=0.00009 LR=2.97e-04 nu=0.01 NSraw=1.01 alpha(W1/W8/all)=0.59/0.39/0.48 | 0.86 it/s
[Iter 23040/50000] Total=0.07335 | NS=0.06680 CO2(scaled)=0.00174 CO2_weight=1.00 guide_w=0.729 Walls=0.00041(x10) g_ns/g_walls=0.246 Windows=0.00061 Doors=0.00006 IC=0.00000 CO2_BC=0.00008 LR=2.97e-04 nu=0.01 NSraw=0.3526 alpha(W1/W8/all)=0.59/0.39/0.48 | 0.86 it/s
[Iter 23050/50000] Total=0.04313 | NS=0.03538 CO2(scaled)=0.00116 CO2_weight=1.00 guide_w=0.729 Walls=0.00057(x10) g_ns/g_walls=0.246 Windows=0.00080 Doors=0.00004 IC=0.00000 CO2_BC=0.00010 LR=2.97e-04 nu=0.01 NSraw=0.05953 alpha(W1/W8/all)=0.59/0.39/0.48 | 0.86 it/s
[Iter 23060/50000] Total=0.09113 | NS=0.08655 CO2(scaled)=0.00082 CO2_weight=1.00 guide_w=0.729 Walls=0.00030(x10) g_ns/g_walls=0.246 Windows=0.00055 Doors=0.00011 IC=0.00000 CO2_BC=0.00009 LR=2.97e-04 nu=0.01 NSraw=0.4822 alpha(W1/W8/all)=0.59/0.39/0.48 | 0.86 it/s
[Iter 23070/50000] Total=0.11131 | NS=0.10406 CO2(scaled)=0.00112 CO2_weight=1.00 guide_w=0.729 Walls=0.00051(x10) g_ns/g_walls=0.246 Windows=0.00088 Doors=0.00006 IC=0.00000 CO2_BC=0.00008 LR=2.97e-04 nu=0.01 NSraw=0.6202 alpha(W1/W8/all)=0.59/0.39/0.48 | 0.86 it/s
[Iter 23080/50000] Total=0.03590 | NS=0.02799 CO2(scaled)=0.00113 CO2_weight=1.00 guide_w=0.729 Walls=0.00059(x10) g_ns/g_walls=0.246 Windows=0.00073 Doors=0.00007 IC=0.00000 CO2_BC=0.00008 LR=2.96e-04 nu=0.01 NSraw=0.04796 alpha(W1/W8/all)=0.59/0.39/0.48 | 0.86 it/s
[Iter 23090/50000] Total=0.06607 | NS=0.06235 CO2(scaled)=0.00084 CO2_weight=1.00 guide_w=0.729 Walls=0.00021(x10) g_ns/g_walls=0.246 Windows=0.00063 Doors=0.00011 IC=0.00000 CO2_BC=0.00007 LR=2.96e-04 nu=0.01 NSraw=0.2501 alpha(W1/W8/all)=0.59/0.39/0.48 | 0.86 it/s
[Iter 23100/50000] Total=0.04258 | NS=0.03327 CO2(scaled)=0.00248 CO2_weight=1.00 guide_w=0.319 Walls=0.00058(x10) g_ns/g_walls=0.131 Windows=0.00079 Doors=0.00010 IC=0.00000 CO2_BC=0.00011 LR=2.96e-04 nu=0.01 NSraw=0.07665 alpha(W1/W8/all)=0.59/0.39/0.48 | 0.86 it/s
[Iter 23110/50000] Total=0.05649 | NS=0.04033 CO2(scaled)=0.00109 CO2_weight=1.00 guide_w=0.319 Walls=0.00136(x10) g_ns/g_walls=0.131 Windows=0.00123 Doors=0.00012 IC=0.00000 CO2_BC=0.00011 LR=2.96e-04 nu=0.01 NSraw=0.1063 alpha(W1/W8/all)=0.59/0.39/0.48 | 0.86 it/s
[Iter 23120/50000] Total=0.09641 | NS=0.07545 CO2(scaled)=0.00103 CO2_weight=1.00 guide_w=0.319 Walls=0.00179(x10) g_ns/g_walls=0.131 Windows=0.00179 Doors=0.00011 IC=0.00000 CO2_BC=0.00010 LR=2.96e-04 nu=0.01 NSraw=0.2911 alpha(W1/W8/all)=0.59/0.39/0.48 | 0.86 it/s
[Iter 23130/50000] Total=0.16410 | NS=0.15898 CO2(scaled)=0.00094 CO2_weight=1.00 guide_w=0.319 Walls=0.00034(x10) g_ns/g_walls=0.131 Windows=0.00062 Doors=0.00010 IC=0.00000 CO2_BC=0.00009 LR=2.96e-04 nu=0.01 NSraw=2.354 alpha(W1/W8/all)=0.59/0.39/0.48 | 0.86 it/s
[Iter 23140/50000] Total=0.23010 | NS=0.22401 CO2(scaled)=0.00127 CO2_weight=1.00 guide_w=0.319 Walls=0.00036(x10) g_ns/g_walls=0.131 Windows=0.00103 Doors=0.00007 IC=0.00000 CO2_BC=0.00010 LR=2.96e-04 nu=0.01 NSraw=6.578 alpha(W1/W8/all)=0.59/0.39/0.48 | 0.86 it/s
[Iter 23150/50000] Total=0.16526 | NS=0.15998 CO2(scaled)=0.00106 CO2_weight=1.00 guide_w=0.319 Walls=0.00034(x10) g_ns/g_walls=0.131 Windows=0.00054 Doors=0.00011 IC=0.00000 CO2_BC=0.00014 LR=2.95e-04 nu=0.01 NSraw=1.293 alpha(W1/W8/all)=0.59/0.39/0.48 | 0.86 it/s
[Iter 23160/50000] Total=0.07765 | NS=0.07165 CO2(scaled)=0.00118 CO2_weight=1.00 guide_w=0.319 Walls=0.00041(x10) g_ns/g_walls=0.131 Windows=0.00052 Doors=0.00007 IC=0.00000 CO2_BC=0.00009 LR=2.95e-04 nu=0.01 NSraw=0.2888 alpha(W1/W8/all)=0.59/0.39/0.48 | 0.86 it/s
[Iter 23170/50000] Total=0.10784 | NS=0.10264 CO2(scaled)=0.00082 CO2_weight=1.00 guide_w=0.319 Walls=0.00034(x10) g_ns/g_walls=0.131 Windows=0.00078 Doors=0.00006 IC=0.00000 CO2_BC=0.00013 LR=2.95e-04 nu=0.01 NSraw=0.3509 alpha(W1/W8/all)=0.59/0.39/0.48 | 0.86 it/s
[Iter 23180/50000] Total=0.14944 | NS=0.14022 CO2(scaled)=0.00080 CO2_weight=1.00 guide_w=0.319 Walls=0.00074(x10) g_ns/g_walls=0.131 Windows=0.00079 Doors=0.00006 IC=0.00000 CO2_BC=0.00012 LR=2.95e-04 nu=0.01 NSraw=0.8308 alpha(W1/W8/all)=0.59/0.39/0.48 | 0.86 it/s
[Iter 23190/50000] Total=0.04644 | NS=0.02804 CO2(scaled)=0.00076 CO2_weight=1.00 guide_w=0.319 Walls=0.00156(x10) g_ns/g_walls=0.131 Windows=0.00186 Doors=0.00004 IC=0.00000 CO2_BC=0.00011 LR=2.95e-04 nu=0.01 NSraw=0.04787 alpha(W1/W8/all)=0.59/0.39/0.48 | 0.86 it/s
[Iter 23200/50000] Total=0.05783 | NS=0.04888 CO2(scaled)=0.00099 CO2_weight=1.00 guide_w=2.58 Walls=0.00067(x10) g_ns/g_walls=0.185 Windows=0.00107 Doors=0.00007 IC=0.00000 CO2_BC=0.00009 LR=2.95e-04 nu=0.01 NSraw=0.162 alpha(W1/W8/all)=0.59/0.39/0.48 | 0.86 it/s
[Iter 23210/50000] Total=0.05791 | NS=0.04939 CO2(scaled)=0.00084 CO2_weight=1.00 guide_w=2.58 Walls=0.00065(x10) g_ns/g_walls=0.185 Windows=0.00096 Doors=0.00010 IC=0.00000 CO2_BC=0.00009 LR=2.94e-04 nu=0.01 NSraw=0.1885 alpha(W1/W8/all)=0.59/0.39/0.48 | 0.86 it/s
[Iter 23220/50000] Total=0.07782 | NS=0.07338 CO2(scaled)=0.00078 CO2_weight=1.00 guide_w=2.58 Walls=0.00029(x10) g_ns/g_walls=0.185 Windows=0.00053 Doors=0.00009 IC=0.00000 CO2_BC=0.00012 LR=2.94e-04 nu=0.01 NSraw=0.2421 alpha(W1/W8/all)=0.59/0.39/0.48 | 0.86 it/s
[Iter 23230/50000] Total=0.17581 | NS=0.16261 CO2(scaled)=0.00227 CO2_weight=1.00 guide_w=2.58 Walls=0.00097(x10) g_ns/g_walls=0.185 Windows=0.00108 Doors=0.00009 IC=0.00000 CO2_BC=0.00010 LR=2.94e-04 nu=0.01 NSraw=2.883 alpha(W1/W8/all)=0.59/0.39/0.48 | 0.86 it/s
[Iter 23240/50000] Total=0.06831 | NS=0.04855 CO2(scaled)=0.00104 CO2_weight=1.00 guide_w=2.58 Walls=0.00168(x10) g_ns/g_walls=0.185 Windows=0.00178 Doors=0.00007 IC=0.00000 CO2_BC=0.00007 LR=2.94e-04 nu=0.01 NSraw=0.1274 alpha(W1/W8/all)=0.59/0.39/0.48 | 0.86 it/s
[Iter 23250/50000] Total=0.03308 | NS=0.02618 CO2(scaled)=0.00076 CO2_weight=1.00 guide_w=2.58 Walls=0.00053(x10) g_ns/g_walls=0.185 Windows=0.00069 Doors=0.00010 IC=0.00000 CO2_BC=0.00007 LR=2.94e-04 nu=0.01 NSraw=0.0583 alpha(W1/W8/all)=0.59/0.39/0.48 | 0.86 it/s
[Iter 23260/50000] Total=0.09958 | NS=0.09089 CO2(scaled)=0.00115 CO2_weight=1.00 guide_w=2.58 Walls=0.00064(x10) g_ns/g_walls=0.185 Windows=0.00094 Doors=0.00016 IC=0.00000 CO2_BC=0.00009 LR=2.94e-04 nu=0.01 NSraw=0.4135 alpha(W1/W8/all)=0.59/0.39/0.48 | 0.86 it/s
[Iter 23270/50000] Total=0.05769 | NS=0.04847 CO2(scaled)=0.00080 CO2_weight=1.00 guide_w=2.58 Walls=0.00070(x10) g_ns/g_walls=0.185 Windows=0.00121 Doors=0.00009 IC=0.00000 CO2_BC=0.00008 LR=2.94e-04 nu=0.01 NSraw=0.1659 alpha(W1/W8/all)=0.59/0.39/0.48 | 0.86 it/s
[Iter 23280/50000] Total=0.06580 | NS=0.05915 CO2(scaled)=0.00087 CO2_weight=1.00 guide_w=2.58 Walls=0.00050(x10) g_ns/g_walls=0.185 Windows=0.00067 Doors=0.00007 IC=0.00000 CO2_BC=0.00008 LR=2.93e-04 nu=0.01 NSraw=0.2425 alpha(W1/W8/all)=0.59/0.39/0.48 | 0.86 it/s
[Iter 23290/50000] Total=0.04385 | NS=0.03620 CO2(scaled)=0.00087 CO2_weight=1.00 guide_w=2.58 Walls=0.00057(x10) g_ns/g_walls=0.185 Windows=0.00087 Doors=0.00012 IC=0.00000 CO2_BC=0.00006 LR=2.93e-04 nu=0.01 NSraw=0.07213 alpha(W1/W8/all)=0.59/0.39/0.48 | 0.86 it/s
[Iter 23300/50000] Total=0.05338 | NS=0.04543 CO2(scaled)=0.00101 CO2_weight=1.00 guide_w=3.3 Walls=0.00060(x10) g_ns/g_walls=0.768 Windows=0.00079 Doors=0.00011 IC=0.00000 CO2_BC=0.00008 LR=2.93e-04 nu=0.01 NSraw=0.1468 alpha(W1/W8/all)=0.59/0.39/0.48 | 0.86 it/s
[Iter 23310/50000] Total=0.12866 | NS=0.12114 CO2(scaled)=0.00106 CO2_weight=1.00 guide_w=3.3 Walls=0.00056(x10) g_ns/g_walls=0.768 Windows=0.00064 Doors=0.00011 IC=0.00000 CO2_BC=0.00008 LR=2.93e-04 nu=0.01 NSraw=0.67 alpha(W1/W8/all)=0.59/0.39/0.48 | 0.86 it/s
[Iter 23320/50000] Total=0.10632 | NS=0.10073 CO2(scaled)=0.00091 CO2_weight=1.00 guide_w=3.3 Walls=0.00040(x10) g_ns/g_walls=0.768 Windows=0.00050 Doors=0.00010 IC=0.00000 CO2_BC=0.00009 LR=2.93e-04 nu=0.01 NSraw=0.4374 alpha(W1/W8/all)=0.59/0.39/0.48 | 0.86 it/s
[Iter 23330/50000] Total=0.07813 | NS=0.07241 CO2(scaled)=0.00088 CO2_weight=1.00 guide_w=3.3 Walls=0.00041(x10) g_ns/g_walls=0.768 Windows=0.00053 Doors=0.00008 IC=0.00000 CO2_BC=0.00008 LR=2.93e-04 nu=0.01 NSraw=0.2628 alpha(W1/W8/all)=0.59/0.39/0.48 | 0.86 it/s
[Iter 23340/50000] Total=0.08375 | NS=0.07701 CO2(scaled)=0.00096 CO2_weight=1.00 guide_w=3.3 Walls=0.00048(x10) g_ns/g_walls=0.768 Windows=0.00080 Doors=0.00011 IC=0.00000 CO2_BC=0.00008 LR=2.92e-04 nu=0.01 NSraw=0.2802 alpha(W1/W8/all)=0.59/0.39/0.48 | 0.86 it/s
[Iter 23350/50000] Total=0.08409 | NS=0.07146 CO2(scaled)=0.00114 CO2_weight=1.00 guide_w=3.3 Walls=0.00100(x10) g_ns/g_walls=0.768 Windows=0.00137 Doors=0.00007 IC=0.00000 CO2_BC=0.00008 LR=2.92e-04 nu=0.01 NSraw=0.6839 alpha(W1/W8/all)=0.59/0.39/0.48 | 0.86 it/s
[Iter 23360/50000] Total=0.29779 | NS=0.28471 CO2(scaled)=0.00085 CO2_weight=1.00 guide_w=3.3 Walls=0.00107(x10) g_ns/g_walls=0.768 Windows=0.00134 Doors=0.00008 IC=0.00000 CO2_BC=0.00009 LR=2.92e-04 nu=0.01 NSraw=11.37 alpha(W1/W8/all)=0.59/0.39/0.48 | 0.86 it/s
[Iter 23370/50000] Total=0.08306 | NS=0.07273 CO2(scaled)=0.00087 CO2_weight=1.00 guide_w=3.3 Walls=0.00082(x10) g_ns/g_walls=0.768 Windows=0.00109 Doors=0.00009 IC=0.00000 CO2_BC=0.00007 LR=2.92e-04 nu=0.01 NSraw=0.3782 alpha(W1/W8/all)=0.59/0.39/0.48 | 0.86 it/s
[Iter 23380/50000] Total=0.06850 | NS=0.05888 CO2(scaled)=0.00179 CO2_weight=1.00 guide_w=3.3 Walls=0.00060(x10) g_ns/g_walls=0.768 Windows=0.00163 Doors=0.00010 IC=0.00000 CO2_BC=0.00008 LR=2.92e-04 nu=0.01 NSraw=0.1749 alpha(W1/W8/all)=0.59/0.39/0.48 | 0.86 it/s
[Iter 23390/50000] Total=0.35235 | NS=0.34261 CO2(scaled)=0.00103 CO2_weight=1.00 guide_w=3.3 Walls=0.00075(x10) g_ns/g_walls=0.768 Windows=0.00097 Doors=0.00012 IC=0.00000 CO2_BC=0.00009 LR=2.92e-04 nu=0.01 NSraw=8.691 alpha(W1/W8/all)=0.59/0.39/0.48 | 0.86 it/s
[Iter 23400/50000] Total=0.05865 | NS=0.04785 CO2(scaled)=0.00080 CO2_weight=1.00 guide_w=4.52 Walls=0.00087(x10) g_ns/g_walls=0.319 Windows=0.00109 Doors=0.00014 IC=0.00000 CO2_BC=0.00008 LR=2.91e-04 nu=0.01 NSraw=0.3308 alpha(W1/W8/all)=0.59/0.39/0.48 | 0.86 it/s
[Iter 23410/50000] Total=0.09136 | NS=0.07966 CO2(scaled)=0.00104 CO2_weight=1.00 guide_w=4.52 Walls=0.00094(x10) g_ns/g_walls=0.319 Windows=0.00114 Doors=0.00008 IC=0.00000 CO2_BC=0.00008 LR=2.91e-04 nu=0.01 NSraw=0.3584 alpha(W1/W8/all)=0.59/0.39/0.48 | 0.86 it/s
[Iter 23420/50000] Total=0.32056 | NS=0.29875 CO2(scaled)=0.00092 CO2_weight=1.00 guide_w=4.52 Walls=0.00189(x10) g_ns/g_walls=0.319 Windows=0.00180 Doors=0.00010 IC=0.00000 CO2_BC=0.00008 LR=2.91e-04 nu=0.01 NSraw=8.184 alpha(W1/W8/all)=0.59/0.39/0.48 | 0.86 it/s
[Iter 23430/50000] Total=0.55854 | NS=0.55039 CO2(scaled)=0.00110 CO2_weight=1.00 guide_w=4.52 Walls=0.00059(x10) g_ns/g_walls=0.319 Windows=0.00091 Doors=0.00018 IC=0.00000 CO2_BC=0.00007 LR=2.91e-04 nu=0.01 NSraw=25.76 alpha(W1/W8/all)=0.59/0.39/0.48 | 0.86 it/s
[Iter 23440/50000] Total=0.06662 | NS=0.06108 CO2(scaled)=0.00129 CO2_weight=1.00 guide_w=4.52 Walls=0.00033(x10) g_ns/g_walls=0.319 Windows=0.00073 Doors=0.00010 IC=0.00000 CO2_BC=0.00007 LR=2.91e-04 nu=0.01 NSraw=0.2602 alpha(W1/W8/all)=0.59/0.39/0.48 | 0.86 it/s
[Iter 23450/50000] Total=0.06819 | NS=0.05878 CO2(scaled)=0.00110 CO2_weight=1.00 guide_w=4.52 Walls=0.00075(x10) g_ns/g_walls=0.319 Windows=0.00068 Doors=0.00009 IC=0.00000 CO2_BC=0.00009 LR=2.91e-04 nu=0.01 NSraw=0.2367 alpha(W1/W8/all)=0.59/0.39/0.48 | 0.86 it/s
[Iter 23460/50000] Total=0.17411 | NS=0.16825 CO2(scaled)=0.00114 CO2_weight=1.00 guide_w=4.52 Walls=0.00040(x10) g_ns/g_walls=0.319 Windows=0.00054 Doors=0.00010 IC=0.00000 CO2_BC=0.00008 LR=2.91e-04 nu=0.01 NSraw=4.162 alpha(W1/W8/all)=0.59/0.39/0.48 | 0.86 it/s
[Iter 23470/50000] Total=0.04198 | NS=0.03722 CO2(scaled)=0.00081 CO2_weight=1.00 guide_w=4.52 Walls=0.00033(x10) g_ns/g_walls=0.319 Windows=0.00047 Doors=0.00009 IC=0.00000 CO2_BC=0.00007 LR=2.90e-04 nu=0.01 NSraw=0.09691 alpha(W1/W8/all)=0.59/0.39/0.48 | 0.86 it/s
[Iter 23480/50000] Total=0.11181 | NS=0.09914 CO2(scaled)=0.00077 CO2_weight=1.00 guide_w=4.52 Walls=0.00107(x10) g_ns/g_walls=0.319 Windows=0.00100 Doors=0.00012 IC=0.00000 CO2_BC=0.00009 LR=2.90e-04 nu=0.01 NSraw=1.322 alpha(W1/W8/all)=0.59/0.39/0.48 | 0.86 it/s
[Iter 23490/50000] Total=0.13060 | NS=0.11854 CO2(scaled)=0.00108 CO2_weight=1.00 guide_w=4.52 Walls=0.00101(x10) g_ns/g_walls=0.319 Windows=0.00078 Doors=0.00009 IC=0.00000 CO2_BC=0.00006 LR=2.90e-04 nu=0.01 NSraw=1.81 alpha(W1/W8/all)=0.59/0.39/0.48 | 0.86 it/s
[Iter 23500/50000] Total=0.12487 | NS=0.11081 CO2(scaled)=0.00203 CO2_weight=1.00 guide_w=1.95 Walls=0.00109(x10) g_ns/g_walls=0.38 Windows=0.00098 Doors=0.00008 IC=0.00000 CO2_BC=0.00009 LR=2.90e-04 nu=0.01 NSraw=0.5979 alpha(W1/W8/all)=0.59/0.39/0.48 | 0.86 it/s
[Iter 23510/50000] Total=0.11587 | NS=0.09981 CO2(scaled)=0.00122 CO2_weight=1.00 guide_w=1.95 Walls=0.00138(x10) g_ns/g_walls=0.38 Windows=0.00089 Doors=0.00009 IC=0.00000 CO2_BC=0.00009 LR=2.90e-04 nu=0.01 NSraw=0.436 alpha(W1/W8/all)=0.59/0.39/0.48 | 0.86 it/s
[Iter 23520/50000] Total=0.07538 | NS=0.06114 CO2(scaled)=0.00130 CO2_weight=1.00 guide_w=1.95 Walls=0.00118(x10) g_ns/g_walls=0.38 Windows=0.00098 Doors=0.00007 IC=0.00000 CO2_BC=0.00011 LR=2.90e-04 nu=0.01 NSraw=0.2343 alpha(W1/W8/all)=0.59/0.39/0.48 | 0.86 it/s
[Iter 23530/50000] Total=0.07115 | NS=0.05377 CO2(scaled)=0.00227 CO2_weight=1.00 guide_w=1.95 Walls=0.00138(x10) g_ns/g_walls=0.38 Windows=0.00115 Doors=0.00007 IC=0.00000 CO2_BC=0.00007 LR=2.90e-04 nu=0.01 NSraw=0.1978 alpha(W1/W8/all)=0.59/0.39/0.48 | 0.86 it/s
[Iter 23540/50000] Total=0.09157 | NS=0.08354 CO2(scaled)=0.00170 CO2_weight=1.00 guide_w=1.95 Walls=0.00055(x10) g_ns/g_walls=0.38 Windows=0.00070 Doors=0.00008 IC=0.00000 CO2_BC=0.00009 LR=2.89e-04 nu=0.01 NSraw=0.3434 alpha(W1/W8/all)=0.59/0.39/0.48 | 0.86 it/s
[Iter 23550/50000] Total=0.08891 | NS=0.07876 CO2(scaled)=0.00123 CO2_weight=1.00 guide_w=1.95 Walls=0.00079(x10) g_ns/g_walls=0.38 Windows=0.00087 Doors=0.00007 IC=0.00000 CO2_BC=0.00009 LR=2.89e-04 nu=0.01 NSraw=0.2509 alpha(W1/W8/all)=0.59/0.39/0.48 | 0.86 it/s
[Iter 23560/50000] Total=0.04706 | NS=0.03154 CO2(scaled)=0.00084 CO2_weight=1.00 guide_w=1.95 Walls=0.00132(x10) g_ns/g_walls=0.38 Windows=0.00131 Doors=0.00012 IC=0.00000 CO2_BC=0.00009 LR=2.89e-04 nu=0.01 NSraw=0.1242 alpha(W1/W8/all)=0.59/0.39/0.48 | 0.86 it/s
[Iter 23570/50000] Total=0.06347 | NS=0.05622 CO2(scaled)=0.00111 CO2_weight=1.00 guide_w=1.95 Walls=0.00054(x10) g_ns/g_walls=0.38 Windows=0.00055 Doors=0.00012 IC=0.00000 CO2_BC=0.00006 LR=2.89e-04 nu=0.01 NSraw=0.2457 alpha(W1/W8/all)=0.59/0.39/0.48 | 0.86 it/s
[Iter 23580/50000] Total=0.06840 | NS=0.06058 CO2(scaled)=0.00104 CO2_weight=1.00 guide_w=1.95 Walls=0.00060(x10) g_ns/g_walls=0.38 Windows=0.00063 Doors=0.00009 IC=0.00000 CO2_BC=0.00009 LR=2.89e-04 nu=0.01 NSraw=0.2332 alpha(W1/W8/all)=0.59/0.39/0.48 | 0.86 it/s
[Iter 23590/50000] Total=0.03302 | NS=0.02717 CO2(scaled)=0.00122 CO2_weight=1.00 guide_w=1.95 Walls=0.00039(x10) g_ns/g_walls=0.38 Windows=0.00052 Doors=0.00009 IC=0.00000 CO2_BC=0.00009 LR=2.89e-04 nu=0.01 NSraw=0.05047 alpha(W1/W8/all)=0.59/0.39/0.48 | 0.86 it/s
[Iter 23600/50000] Total=0.43066 | NS=0.41217 CO2(scaled)=0.00093 CO2_weight=1.00 guide_w=45.6 Walls=0.00156(x10) g_ns/g_walls=2.44 Windows=0.00181 Doors=0.00007 IC=0.00000 CO2_BC=0.00011 LR=2.88e-04 nu=0.01 NSraw=15.86 alpha(W1/W8/all)=0.59/0.39/0.48 | 0.86 it/s
[Iter 23610/50000] Total=0.36482 | NS=0.33934 CO2(scaled)=0.00083 CO2_weight=1.00 guide_w=45.6 Walls=0.00221(x10) g_ns/g_walls=2.44 Windows=0.00237 Doors=0.00013 IC=0.00000 CO2_BC=0.00006 LR=2.88e-04 nu=0.01 NSraw=17.83 alpha(W1/W8/all)=0.59/0.39/0.48 | 0.86 it/s
[Iter 23620/50000] Total=0.11805 | NS=0.09885 CO2(scaled)=0.00075 CO2_weight=1.00 guide_w=45.6 Walls=0.00166(x10) g_ns/g_walls=2.44 Windows=0.00167 Doors=0.00008 IC=0.00000 CO2_BC=0.00007 LR=2.88e-04 nu=0.01 NSraw=0.3539 alpha(W1/W8/all)=0.59/0.39/0.48 | 0.86 it/s
[Iter 23630/50000] Total=0.03742 | NS=0.02654 CO2(scaled)=0.00086 CO2_weight=1.00 guide_w=45.6 Walls=0.00089(x10) g_ns/g_walls=2.44 Windows=0.00094 Doors=0.00007 IC=0.00000 CO2_BC=0.00009 LR=2.88e-04 nu=0.01 NSraw=0.05997 alpha(W1/W8/all)=0.59/0.39/0.48 | 0.86 it/s
[Iter 23640/50000] Total=0.04713 | NS=0.03821 CO2(scaled)=0.00144 CO2_weight=1.00 guide_w=45.6 Walls=0.00068(x10) g_ns/g_walls=2.44 Windows=0.00058 Doors=0.00007 IC=0.00000 CO2_BC=0.00007 LR=2.88e-04 nu=0.01 NSraw=0.09314 alpha(W1/W8/all)=0.59/0.39/0.48 | 0.86 it/s
[Iter 23650/50000] Total=0.08947 | NS=0.08224 CO2(scaled)=0.00148 CO2_weight=1.00 guide_w=45.6 Walls=0.00045(x10) g_ns/g_walls=2.44 Windows=0.00110 Doors=0.00007 IC=0.00000 CO2_BC=0.00008 LR=2.88e-04 nu=0.01 NSraw=0.3634 alpha(W1/W8/all)=0.59/0.39/0.48 | 0.86 it/s
[Iter 23660/50000] Total=0.06865 | NS=0.05584 CO2(scaled)=0.00090 CO2_weight=1.00 guide_w=45.6 Walls=0.00108(x10) g_ns/g_walls=2.44 Windows=0.00090 Doors=0.00008 IC=0.00000 CO2_BC=0.00009 LR=2.88e-04 nu=0.01 NSraw=0.2643 alpha(W1/W8/all)=0.59/0.39/0.48 | 0.86 it/s
[Iter 23670/50000] Total=0.06397 | NS=0.05676 CO2(scaled)=0.00131 CO2_weight=1.00 guide_w=45.6 Walls=0.00049(x10) g_ns/g_walls=2.44 Windows=0.00087 Doors=0.00007 IC=0.00000 CO2_BC=0.00009 LR=2.87e-04 nu=0.01 NSraw=0.2604 alpha(W1/W8/all)=0.59/0.39/0.48 | 0.86 it/s
[Iter 23680/50000] Total=0.05015 | NS=0.04072 CO2(scaled)=0.00087 CO2_weight=1.00 guide_w=45.6 Walls=0.00076(x10) g_ns/g_walls=2.44 Windows=0.00085 Doors=0.00007 IC=0.00000 CO2_BC=0.00008 LR=2.87e-04 nu=0.01 NSraw=0.1686 alpha(W1/W8/all)=0.59/0.39/0.48 | 0.86 it/s
[Iter 23690/50000] Total=0.07954 | NS=0.06996 CO2(scaled)=0.00092 CO2_weight=1.00 guide_w=45.6 Walls=0.00075(x10) g_ns/g_walls=2.44 Windows=0.00104 Doors=0.00009 IC=0.00000 CO2_BC=0.00007 LR=2.87e-04 nu=0.01 NSraw=0.2092 alpha(W1/W8/all)=0.59/0.39/0.48 | 0.86 it/s
[Iter 23700/50000] Total=0.10601 | NS=0.09568 CO2(scaled)=0.00082 CO2_weight=1.00 guide_w=7.59 Walls=0.00083(x10) g_ns/g_walls=0.603 Windows=0.00099 Doors=0.00013 IC=0.00000 CO2_BC=0.00007 LR=2.87e-04 nu=0.01 NSraw=0.391 alpha(W1/W8/all)=0.59/0.39/0.48 | 0.86 it/s
[Iter 23710/50000] Total=0.10724 | NS=0.08658 CO2(scaled)=0.00076 CO2_weight=1.00 guide_w=7.59 Walls=0.00178(x10) g_ns/g_walls=0.603 Windows=0.00182 Doors=0.00016 IC=0.00000 CO2_BC=0.00009 LR=2.87e-04 nu=0.01 NSraw=0.4957 alpha(W1/W8/all)=0.59/0.39/0.48 | 0.86 it/s
[Iter 23720/50000] Total=0.13265 | NS=0.12730 CO2(scaled)=0.00095 CO2_weight=1.00 guide_w=7.59 Walls=0.00037(x10) g_ns/g_walls=0.603 Windows=0.00050 Doors=0.00009 IC=0.00000 CO2_BC=0.00008 LR=2.87e-04 nu=0.01 NSraw=2.148 alpha(W1/W8/all)=0.59/0.39/0.48 | 0.86 it/s
[Iter 23730/50000] Total=0.04649 | NS=0.03998 CO2(scaled)=0.00117 CO2_weight=1.00 guide_w=7.59 Walls=0.00044(x10) g_ns/g_walls=0.603 Windows=0.00070 Doors=0.00014 IC=0.00000 CO2_BC=0.00007 LR=2.86e-04 nu=0.01 NSraw=0.07846 alpha(W1/W8/all)=0.59/0.39/0.48 | 0.86 it/s
[Iter 23740/50000] Total=0.08112 | NS=0.07530 CO2(scaled)=0.00123 CO2_weight=1.00 guide_w=7.59 Walls=0.00035(x10) g_ns/g_walls=0.603 Windows=0.00088 Doors=0.00008 IC=0.00000 CO2_BC=0.00009 LR=2.86e-04 nu=0.01 NSraw=0.2609 alpha(W1/W8/all)=0.59/0.39/0.48 | 0.86 it/s
[Iter 23750/50000] Total=0.08036 | NS=0.07426 CO2(scaled)=0.00093 CO2_weight=1.00 guide_w=7.59 Walls=0.00043(x10) g_ns/g_walls=0.603 Windows=0.00065 Doors=0.00011 IC=0.00000 CO2_BC=0.00007 LR=2.86e-04 nu=0.01 NSraw=0.3911 alpha(W1/W8/all)=0.59/0.39/0.48 | 0.86 it/s
[Iter 23760/50000] Total=0.08485 | NS=0.07657 CO2(scaled)=0.00082 CO2_weight=1.00 guide_w=7.59 Walls=0.00067(x10) g_ns/g_walls=0.603 Windows=0.00060 Doors=0.00012 IC=0.00000 CO2_BC=0.00008 LR=2.86e-04 nu=0.01 NSraw=0.3441 alpha(W1/W8/all)=0.59/0.39/0.48 | 0.86 it/s
[Iter 23770/50000] Total=0.05912 | NS=0.05047 CO2(scaled)=0.00108 CO2_weight=1.00 guide_w=7.59 Walls=0.00068(x10) g_ns/g_walls=0.603 Windows=0.00059 Doors=0.00009 IC=0.00000 CO2_BC=0.00008 LR=2.86e-04 nu=0.01 NSraw=0.1839 alpha(W1/W8/all)=0.59/0.39/0.48 | 0.86 it/s
[Iter 23780/50000] Total=0.05706 | NS=0.05283 CO2(scaled)=0.00070 CO2_weight=1.00 guide_w=7.59 Walls=0.00029(x10) g_ns/g_walls=0.603 Windows=0.00043 Doors=0.00009 IC=0.00000 CO2_BC=0.00007 LR=2.86e-04 nu=0.01 NSraw=0.148 alpha(W1/W8/all)=0.59/0.39/0.48 | 0.86 it/s
[Iter 23790/50000] Total=0.12698 | NS=0.11940 CO2(scaled)=0.00115 CO2_weight=1.00 guide_w=7.59 Walls=0.00056(x10) g_ns/g_walls=0.603 Windows=0.00068 Doors=0.00010 IC=0.00000 CO2_BC=0.00008 LR=2.86e-04 nu=0.01 NSraw=2.269 alpha(W1/W8/all)=0.59/0.39/0.48 | 0.86 it/s
[Iter 23800/50000] Total=0.19957 | NS=0.18339 CO2(scaled)=0.00119 CO2_weight=1.00 guide_w=32.3 Walls=0.00143(x10) g_ns/g_walls=4.45 Windows=0.00056 Doors=0.00008 IC=0.00000 CO2_BC=0.00008 LR=2.85e-04 nu=0.01 NSraw=5.022 alpha(W1/W8/all)=0.59/0.39/0.48 | 0.86 it/s
[Iter 23810/50000] Total=0.16139 | NS=0.11652 CO2(scaled)=0.00124 CO2_weight=1.00 guide_w=32.3 Walls=0.00429(x10) g_ns/g_walls=4.45 Windows=0.00048 Doors=0.00013 IC=0.00000 CO2_BC=0.00010 LR=2.85e-04 nu=0.01 NSraw=0.607 alpha(W1/W8/all)=0.59/0.39/0.48 | 0.86 it/s
[Iter 23820/50000] Total=0.06758 | NS=0.05584 CO2(scaled)=0.00108 CO2_weight=1.00 guide_w=32.3 Walls=0.00094(x10) g_ns/g_walls=4.45 Windows=0.00099 Doors=0.00012 IC=0.00000 CO2_BC=0.00011 LR=2.85e-04 nu=0.01 NSraw=0.2115 alpha(W1/W8/all)=0.59/0.39/0.48 | 0.86 it/s
[Iter 23830/50000] Total=0.05228 | NS=0.04448 CO2(scaled)=0.00104 CO2_weight=1.00 guide_w=32.3 Walls=0.00059(x10) g_ns/g_walls=4.45 Windows=0.00068 Doors=0.00012 IC=0.00000 CO2_BC=0.00011 LR=2.85e-04 nu=0.01 NSraw=0.09092 alpha(W1/W8/all)=0.59/0.39/0.48 | 0.86 it/s
[Iter 23840/50000] Total=0.07050 | NS=0.05950 CO2(scaled)=0.00130 CO2_weight=1.00 guide_w=32.3 Walls=0.00088(x10) g_ns/g_walls=4.45 Windows=0.00074 Doors=0.00008 IC=0.00000 CO2_BC=0.00008 LR=2.85e-04 nu=0.01 NSraw=0.2583 alpha(W1/W8/all)=0.59/0.39/0.48 | 0.86 it/s
[Iter 23850/50000] Total=0.09373 | NS=0.08131 CO2(scaled)=0.00112 CO2_weight=1.00 guide_w=32.3 Walls=0.00099(x10) g_ns/g_walls=4.45 Windows=0.00120 Doors=0.00011 IC=0.00000 CO2_BC=0.00009 LR=2.85e-04 nu=0.01 NSraw=0.3316 alpha(W1/W8/all)=0.59/0.39/0.48 | 0.86 it/s
[Iter 23860/50000] Total=0.05952 | NS=0.05027 CO2(scaled)=0.00100 CO2_weight=1.00 guide_w=32.3 Walls=0.00072(x10) g_ns/g_walls=4.45 Windows=0.00085 Doors=0.00010 IC=0.00000 CO2_BC=0.00009 LR=2.85e-04 nu=0.01 NSraw=0.1582 alpha(W1/W8/all)=0.59/0.39/0.48 | 0.86 it/s
[Iter 23870/50000] Total=0.05198 | NS=0.04425 CO2(scaled)=0.00094 CO2_weight=1.00 guide_w=32.3 Walls=0.00059(x10) g_ns/g_walls=4.45 Windows=0.00068 Doors=0.00010 IC=0.00000 CO2_BC=0.00012 LR=2.84e-04 nu=0.01 NSraw=0.1353 alpha(W1/W8/all)=0.59/0.39/0.48 | 0.86 it/s
[Iter 23880/50000] Total=0.06872 | NS=0.04430 CO2(scaled)=0.00088 CO2_weight=1.00 guide_w=32.3 Walls=0.00226(x10) g_ns/g_walls=4.45 Windows=0.00071 Doors=0.00008 IC=0.00000 CO2_BC=0.00010 LR=2.84e-04 nu=0.01 NSraw=0.1297 alpha(W1/W8/all)=0.59/0.39/0.48 | 0.86 it/s
[Iter 23890/50000] Total=0.10618 | NS=0.10068 CO2(scaled)=0.00103 CO2_weight=1.00 guide_w=32.3 Walls=0.00036(x10) g_ns/g_walls=4.45 Windows=0.00070 Doors=0.00015 IC=0.00000 CO2_BC=0.00007 LR=2.84e-04 nu=0.01 NSraw=0.5721 alpha(W1/W8/all)=0.59/0.39/0.48 | 0.86 it/s
[Iter 23900/50000] Total=0.13165 | NS=0.12722 CO2(scaled)=0.00099 CO2_weight=1.00 guide_w=29.5 Walls=0.00028(x10) g_ns/g_walls=7.23 Windows=0.00046 Doors=0.00013 IC=0.00000 CO2_BC=0.00009 LR=2.84e-04 nu=0.01 NSraw=1.575 alpha(W1/W8/all)=0.59/0.39/0.48 | 0.86 it/s
[Iter 23910/50000] Total=0.05363 | NS=0.04587 CO2(scaled)=0.00130 CO2_weight=1.00 guide_w=29.5 Walls=0.00056(x10) g_ns/g_walls=7.23 Windows=0.00069 Doors=0.00009 IC=0.00000 CO2_BC=0.00009 LR=2.84e-04 nu=0.01 NSraw=0.09763 alpha(W1/W8/all)=0.59/0.39/0.48 | 0.86 it/s
[Iter 23920/50000] Total=0.08169 | NS=0.07080 CO2(scaled)=0.00105 CO2_weight=1.00 guide_w=29.5 Walls=0.00087(x10) g_ns/g_walls=7.23 Windows=0.00088 Doors=0.00013 IC=0.00000 CO2_BC=0.00009 LR=2.84e-04 nu=0.01 NSraw=0.4223 alpha(W1/W8/all)=0.59/0.39/0.48 | 0.86 it/s
[Iter 23930/50000] Total=0.13466 | NS=0.11836 CO2(scaled)=0.00091 CO2_weight=1.00 guide_w=29.5 Walls=0.00137(x10) g_ns/g_walls=7.23 Windows=0.00153 Doors=0.00007 IC=0.00000 CO2_BC=0.00010 LR=2.83e-04 nu=0.01 NSraw=2.42 alpha(W1/W8/all)=0.59/0.39/0.48 | 0.86 it/s
[Iter 23940/50000] Total=0.08120 | NS=0.07244 CO2(scaled)=0.00111 CO2_weight=1.00 guide_w=29.5 Walls=0.00065(x10) g_ns/g_walls=7.23 Windows=0.00095 Doors=0.00008 IC=0.00000 CO2_BC=0.00008 LR=2.83e-04 nu=0.01 NSraw=0.3129 alpha(W1/W8/all)=0.59/0.39/0.48 | 0.86 it/s
[Iter 23950/50000] Total=0.06527 | NS=0.05635 CO2(scaled)=0.00079 CO2_weight=1.00 guide_w=29.5 Walls=0.00063(x10) g_ns/g_walls=7.23 Windows=0.00163 Doors=0.00009 IC=0.00000 CO2_BC=0.00008 LR=2.83e-04 nu=0.01 NSraw=0.1752 alpha(W1/W8/all)=0.59/0.39/0.48 | 0.86 it/s
[Iter 23960/50000] Total=0.05595 | NS=0.04056 CO2(scaled)=0.00114 CO2_weight=1.00 guide_w=29.5 Walls=0.00125(x10) g_ns/g_walls=7.23 Windows=0.00148 Doors=0.00018 IC=0.00000 CO2_BC=0.00007 LR=2.83e-04 nu=0.01 NSraw=0.1576 alpha(W1/W8/all)=0.59/0.39/0.48 | 0.86 it/s
[Iter 23970/50000] Total=0.45542 | NS=0.43908 CO2(scaled)=0.00099 CO2_weight=1.00 guide_w=29.5 Walls=0.00139(x10) g_ns/g_walls=7.23 Windows=0.00124 Doors=0.00012 IC=0.00000 CO2_BC=0.00010 LR=2.83e-04 nu=0.01 NSraw=20.3 alpha(W1/W8/all)=0.59/0.39/0.48 | 0.86 it/s
[Iter 23980/50000] Total=0.07063 | NS=0.06041 CO2(scaled)=0.00091 CO2_weight=1.00 guide_w=29.5 Walls=0.00079(x10) g_ns/g_walls=7.23 Windows=0.00117 Doors=0.00013 IC=0.00000 CO2_BC=0.00008 LR=2.83e-04 nu=0.01 NSraw=0.2213 alpha(W1/W8/all)=0.59/0.39/0.48 | 0.86 it/s
[Iter 23990/50000] Total=0.04853 | NS=0.04030 CO2(scaled)=0.00084 CO2_weight=1.00 guide_w=29.5 Walls=0.00061(x10) g_ns/g_walls=7.23 Windows=0.00111 Doors=0.00010 IC=0.00000 CO2_BC=0.00010 LR=2.83e-04 nu=0.01 NSraw=0.1299 alpha(W1/W8/all)=0.59/0.39/0.48 | 0.86 it/s
[Iter 24000/50000] Total=0.05216 | NS=0.04062 CO2(scaled)=0.00088 CO2_weight=1.00 guide_w=5.51 Walls=0.00092(x10) g_ns/g_walls=0.345 Windows=0.00132 Doors=0.00008 IC=0.00000 CO2_BC=0.00008 LR=2.82e-04 nu=0.01 NSraw=0.167 alpha(W1/W8/all)=0.59/0.39/0.48 | 0.86 it/s
  -> saved checkpoint: /home/iai-labor/BuildingControlCFD/experiments/gnot/checkpoints/v24_fixedalpha_r50k/gnot_v24_fixedalpha_r50k_iter24000.pth
[Iter 24010/50000] Total=0.15775 | NS=0.14674 CO2(scaled)=0.00125 CO2_weight=1.00 guide_w=5.51 Walls=0.00086(x10) g_ns/g_walls=0.345 Windows=0.00107 Doors=0.00004 IC=0.00000 CO2_BC=0.00009 LR=2.82e-04 nu=0.01 NSraw=3.306 alpha(W1/W8/all)=0.59/0.39/0.48 | 0.86 it/s
[Iter 24020/50000] Total=0.04769 | NS=0.03637 CO2(scaled)=0.00077 CO2_weight=1.00 guide_w=5.51 Walls=0.00099(x10) g_ns/g_walls=0.345 Windows=0.00053 Doors=0.00006 IC=0.00000 CO2_BC=0.00008 LR=2.82e-04 nu=0.01 NSraw=0.1105 alpha(W1/W8/all)=0.59/0.39/0.48 | 0.86 it/s
[Iter 24030/50000] Total=0.10482 | NS=0.09864 CO2(scaled)=0.00115 CO2_weight=1.00 guide_w=5.51 Walls=0.00042(x10) g_ns/g_walls=0.345 Windows=0.00072 Doors=0.00007 IC=0.00000 CO2_BC=0.00008 LR=2.82e-04 nu=0.01 NSraw=0.3684 alpha(W1/W8/all)=0.59/0.39/0.48 | 0.86 it/s
[Iter 24040/50000] Total=0.03500 | NS=0.02877 CO2(scaled)=0.00089 CO2_weight=1.00 guide_w=5.51 Walls=0.00045(x10) g_ns/g_walls=0.345 Windows=0.00064 Doors=0.00010 IC=0.00000 CO2_BC=0.00007 LR=2.82e-04 nu=0.01 NSraw=0.05273 alpha(W1/W8/all)=0.59/0.39/0.48 | 0.86 it/s
[Iter 24050/50000] Total=0.79839 | NS=0.79172 CO2(scaled)=0.00115 CO2_weight=1.00 guide_w=5.51 Walls=0.00048(x10) g_ns/g_walls=0.345 Windows=0.00060 Doors=0.00006 IC=0.00000 CO2_BC=0.00008 LR=2.82e-04 nu=0.01 NSraw=66.65 alpha(W1/W8/all)=0.59/0.39/0.48 | 0.86 it/s
[Iter 24060/50000] Total=0.16575 | NS=0.15984 CO2(scaled)=0.00107 CO2_weight=1.00 guide_w=5.51 Walls=0.00040(x10) g_ns/g_walls=0.345 Windows=0.00072 Doors=0.00007 IC=0.00000 CO2_BC=0.00008 LR=2.82e-04 nu=0.01 NSraw=2.245 alpha(W1/W8/all)=0.59/0.39/0.48 | 0.86 it/s
[Iter 24070/50000] Total=0.08863 | NS=0.07710 CO2(scaled)=0.00105 CO2_weight=1.00 guide_w=5.51 Walls=0.00094(x10) g_ns/g_walls=0.345 Windows=0.00085 Doors=0.00013 IC=0.00000 CO2_BC=0.00008 LR=2.81e-04 nu=0.01 NSraw=0.4408 alpha(W1/W8/all)=0.59/0.39/0.48 | 0.86 it/s
[Iter 24080/50000] Total=0.07019 | NS=0.06215 CO2(scaled)=0.00125 CO2_weight=1.00 guide_w=5.51 Walls=0.00060(x10) g_ns/g_walls=0.345 Windows=0.00065 Doors=0.00007 IC=0.00000 CO2_BC=0.00006 LR=2.81e-04 nu=0.01 NSraw=0.2665 alpha(W1/W8/all)=0.59/0.39/0.48 | 0.86 it/s
[Iter 24090/50000] Total=0.10139 | NS=0.09083 CO2(scaled)=0.00088 CO2_weight=1.00 guide_w=5.51 Walls=0.00090(x10) g_ns/g_walls=0.345 Windows=0.00050 Doors=0.00007 IC=0.00000 CO2_BC=0.00007 LR=2.81e-04 nu=0.01 NSraw=0.8138 alpha(W1/W8/all)=0.59/0.39/0.48 | 0.86 it/s
[Iter 24100/50000] Total=0.24403 | NS=0.23774 CO2(scaled)=0.00085 CO2_weight=1.00 guide_w=63.4 Walls=0.00046(x10) g_ns/g_walls=12.3 Windows=0.00069 Doors=0.00006 IC=0.00000 CO2_BC=0.00007 LR=2.81e-04 nu=0.01 NSraw=7.6 alpha(W1/W8/all)=0.59/0.39/0.48 | 0.86 it/s
[Iter 24110/50000] Total=0.12640 | NS=0.11449 CO2(scaled)=0.00066 CO2_weight=1.00 guide_w=63.4 Walls=0.00099(x10) g_ns/g_walls=12.3 Windows=0.00118 Doors=0.00008 IC=0.00000 CO2_BC=0.00008 LR=2.81e-04 nu=0.01 NSraw=0.8425 alpha(W1/W8/all)=0.59/0.39/0.48 | 0.86 it/s
[Iter 24120/50000] Total=0.05566 | NS=0.04549 CO2(scaled)=0.00079 CO2_weight=1.00 guide_w=63.4 Walls=0.00084(x10) g_ns/g_walls=12.3 Windows=0.00071 Doors=0.00013 IC=0.00000 CO2_BC=0.00010 LR=2.81e-04 nu=0.01 NSraw=0.1417 alpha(W1/W8/all)=0.59/0.39/0.48 | 0.86 it/s
[Iter 24130/50000] Total=0.06720 | NS=0.04626 CO2(scaled)=0.00098 CO2_weight=1.00 guide_w=63.4 Walls=0.00182(x10) g_ns/g_walls=12.3 Windows=0.00155 Doors=0.00009 IC=0.00000 CO2_BC=0.00008 LR=2.81e-04 nu=0.01 NSraw=0.1887 alpha(W1/W8/all)=0.59/0.39/0.48 | 0.86 it/s
[Iter 24140/50000] Total=0.06243 | NS=0.05418 CO2(scaled)=0.00114 CO2_weight=1.00 guide_w=63.4 Walls=0.00061(x10) g_ns/g_walls=12.3 Windows=0.00090 Doors=0.00006 IC=0.00000 CO2_BC=0.00010 LR=2.80e-04 nu=0.01 NSraw=0.1227 alpha(W1/W8/all)=0.59/0.39/0.48 | 0.86 it/s
[Iter 24150/50000] Total=0.31060 | NS=0.30495 CO2(scaled)=0.00109 CO2_weight=1.00 guide_w=63.4 Walls=0.00036(x10) g_ns/g_walls=12.3 Windows=0.00075 Doors=0.00011 IC=0.00000 CO2_BC=0.00008 LR=2.80e-04 nu=0.01 NSraw=6.995 alpha(W1/W8/all)=0.59/0.39/0.48 | 0.86 it/s
[Iter 24160/50000] Total=0.08302 | NS=0.07723 CO2(scaled)=0.00072 CO2_weight=1.00 guide_w=63.4 Walls=0.00041(x10) g_ns/g_walls=12.3 Windows=0.00082 Doors=0.00009 IC=0.00000 CO2_BC=0.00008 LR=2.80e-04 nu=0.01 NSraw=0.3814 alpha(W1/W8/all)=0.59/0.39/0.48 | 0.86 it/s
[Iter 24170/50000] Total=0.05549 | NS=0.04111 CO2(scaled)=0.00090 CO2_weight=1.00 guide_w=63.4 Walls=0.00129(x10) g_ns/g_walls=12.3 Windows=0.00040 Doors=0.00006 IC=0.00000 CO2_BC=0.00008 LR=2.80e-04 nu=0.01 NSraw=0.1253 alpha(W1/W8/all)=0.59/0.39/0.48 | 0.86 it/s
[Iter 24180/50000] Total=0.14480 | NS=0.14051 CO2(scaled)=0.00094 CO2_weight=1.00 guide_w=63.4 Walls=0.00026(x10) g_ns/g_walls=12.3 Windows=0.00062 Doors=0.00006 IC=0.00000 CO2_BC=0.00010 LR=2.80e-04 nu=0.01 NSraw=0.7447 alpha(W1/W8/all)=0.59/0.39/0.48 | 0.86 it/s
[Iter 24190/50000] Total=0.19862 | NS=0.18899 CO2(scaled)=0.00085 CO2_weight=1.00 guide_w=63.4 Walls=0.00077(x10) g_ns/g_walls=12.3 Windows=0.00081 Doors=0.00013 IC=0.00000 CO2_BC=0.00010 LR=2.80e-04 nu=0.01 NSraw=5.044 alpha(W1/W8/all)=0.59/0.39/0.48 | 0.86 it/s
[Iter 24200/50000] Total=0.03122 | NS=0.02275 CO2(scaled)=0.00103 CO2_weight=1.00 guide_w=1.59 Walls=0.00064(x10) g_ns/g_walls=0.195 Windows=0.00088 Doors=0.00007 IC=0.00000 CO2_BC=0.00011 LR=2.79e-04 nu=0.01 NSraw=0.04572 alpha(W1/W8/all)=0.59/0.39/0.48 | 0.86 it/s
[Iter 24210/50000] Total=0.07067 | NS=0.06034 CO2(scaled)=0.00125 CO2_weight=1.00 guide_w=1.59 Walls=0.00081(x10) g_ns/g_walls=0.195 Windows=0.00087 Doors=0.00006 IC=0.00000 CO2_BC=0.00008 LR=2.79e-04 nu=0.01 NSraw=0.2038 alpha(W1/W8/all)=0.59/0.39/0.48 | 0.86 it/s
[Iter 24220/50000] Total=0.09876 | NS=0.09162 CO2(scaled)=0.00085 CO2_weight=1.00 guide_w=1.59 Walls=0.00053(x10) g_ns/g_walls=0.195 Windows=0.00080 Doors=0.00011 IC=0.00000 CO2_BC=0.00009 LR=2.79e-04 nu=0.01 NSraw=0.3279 alpha(W1/W8/all)=0.59/0.39/0.48 | 0.86 it/s
[Iter 24230/50000] Total=0.07684 | NS=0.06926 CO2(scaled)=0.00081 CO2_weight=1.00 guide_w=1.59 Walls=0.00058(x10) g_ns/g_walls=0.195 Windows=0.00081 Doors=0.00006 IC=0.00000 CO2_BC=0.00009 LR=2.79e-04 nu=0.01 NSraw=0.4413 alpha(W1/W8/all)=0.59/0.39/0.48 | 0.86 it/s
[Iter 24240/50000] Total=0.11691 | NS=0.10468 CO2(scaled)=0.00116 CO2_weight=1.00 guide_w=1.59 Walls=0.00093(x10) g_ns/g_walls=0.195 Windows=0.00157 Doors=0.00010 IC=0.00000 CO2_BC=0.00007 LR=2.79e-04 nu=0.01 NSraw=0.5228 alpha(W1/W8/all)=0.59/0.39/0.48 | 0.86 it/s
[Iter 24250/50000] Total=0.07134 | NS=0.06437 CO2(scaled)=0.00097 CO2_weight=1.00 guide_w=1.59 Walls=0.00048(x10) g_ns/g_walls=0.195 Windows=0.00101 Doors=0.00006 IC=0.00000 CO2_BC=0.00008 LR=2.79e-04 nu=0.01 NSraw=0.261 alpha(W1/W8/all)=0.59/0.39/0.48 | 0.86 it/s
[Iter 24260/50000] Total=0.09139 | NS=0.08639 CO2(scaled)=0.00086 CO2_weight=1.00 guide_w=1.59 Walls=0.00034(x10) g_ns/g_walls=0.195 Windows=0.00050 Doors=0.00013 IC=0.00000 CO2_BC=0.00008 LR=2.79e-04 nu=0.01 NSraw=0.3588 alpha(W1/W8/all)=0.59/0.39/0.48 | 0.86 it/s
[Iter 24270/50000] Total=0.08371 | NS=0.07762 CO2(scaled)=0.00094 CO2_weight=1.00 guide_w=1.59 Walls=0.00041(x10) g_ns/g_walls=0.195 Windows=0.00092 Doors=0.00007 IC=0.00000 CO2_BC=0.00008 LR=2.78e-04 nu=0.01 NSraw=0.4239 alpha(W1/W8/all)=0.59/0.39/0.48 | 0.86 it/s
[Iter 24280/50000] Total=0.07843 | NS=0.06524 CO2(scaled)=0.00162 CO2_weight=1.00 guide_w=1.59 Walls=0.00103(x10) g_ns/g_walls=0.195 Windows=0.00107 Doors=0.00010 IC=0.00000 CO2_BC=0.00009 LR=2.78e-04 nu=0.01 NSraw=0.2175 alpha(W1/W8/all)=0.59/0.39/0.48 | 0.86 it/s
[Iter 24290/50000] Total=0.07424 | NS=0.06305 CO2(scaled)=0.00124 CO2_weight=1.00 guide_w=1.59 Walls=0.00092(x10) g_ns/g_walls=0.195 Windows=0.00064 Doors=0.00008 IC=0.00000 CO2_BC=0.00008 LR=2.78e-04 nu=0.01 NSraw=0.3399 alpha(W1/W8/all)=0.59/0.39/0.48 | 0.86 it/s
[Iter 24300/50000] Total=0.45099 | NS=0.43972 CO2(scaled)=0.00082 CO2_weight=1.00 guide_w=77.8 Walls=0.00093(x10) g_ns/g_walls=7.44 Windows=0.00095 Doors=0.00008 IC=0.00000 CO2_BC=0.00009 LR=2.78e-04 nu=0.01 NSraw=44.48 alpha(W1/W8/all)=0.59/0.39/0.48 | 0.86 it/s
[Iter 24310/50000] Total=0.18002 | NS=0.16757 CO2(scaled)=0.00098 CO2_weight=1.00 guide_w=77.8 Walls=0.00108(x10) g_ns/g_walls=7.44 Windows=0.00055 Doors=0.00008 IC=0.00000 CO2_BC=0.00007 LR=2.78e-04 nu=0.01 NSraw=2.421 alpha(W1/W8/all)=0.59/0.39/0.48 | 0.86 it/s
[Iter 24320/50000] Total=0.07969 | NS=0.07461 CO2(scaled)=0.00075 CO2_weight=1.00 guide_w=77.8 Walls=0.00037(x10) g_ns/g_walls=7.44 Windows=0.00050 Doors=0.00005 IC=0.00000 CO2_BC=0.00009 LR=2.78e-04 nu=0.01 NSraw=0.3782 alpha(W1/W8/all)=0.59/0.39/0.48 | 0.86 it/s
[Iter 24330/50000] Total=0.03191 | NS=0.02751 CO2(scaled)=0.00068 CO2_weight=1.00 guide_w=77.8 Walls=0.00030(x10) g_ns/g_walls=7.44 Windows=0.00060 Doors=0.00007 IC=0.00000 CO2_BC=0.00008 LR=2.78e-04 nu=0.01 NSraw=0.0645 alpha(W1/W8/all)=0.59/0.39/0.48 | 0.86 it/s
[Iter 24340/50000] Total=0.03323 | NS=0.02274 CO2(scaled)=0.00143 CO2_weight=1.00 guide_w=77.8 Walls=0.00081(x10) g_ns/g_walls=7.44 Windows=0.00079 Doors=0.00007 IC=0.00000 CO2_BC=0.00009 LR=2.77e-04 nu=0.01 NSraw=0.04334 alpha(W1/W8/all)=0.59/0.39/0.48 | 0.86 it/s
[Iter 24350/50000] Total=0.03793 | NS=0.02746 CO2(scaled)=0.00178 CO2_weight=1.00 guide_w=77.8 Walls=0.00076(x10) g_ns/g_walls=7.44 Windows=0.00092 Doors=0.00006 IC=0.00000 CO2_BC=0.00009 LR=2.77e-04 nu=0.01 NSraw=0.05496 alpha(W1/W8/all)=0.59/0.39/0.48 | 0.86 it/s
[Iter 24360/50000] Total=0.56686 | NS=0.56111 CO2(scaled)=0.00089 CO2_weight=1.00 guide_w=77.8 Walls=0.00039(x10) g_ns/g_walls=7.44 Windows=0.00083 Doors=0.00009 IC=0.00000 CO2_BC=0.00008 LR=2.77e-04 nu=0.01 NSraw=31.66 alpha(W1/W8/all)=0.59/0.39/0.48 | 0.86 it/s
[Iter 24370/50000] Total=0.13743 | NS=0.12611 CO2(scaled)=0.00106 CO2_weight=1.00 guide_w=77.8 Walls=0.00091(x10) g_ns/g_walls=7.44 Windows=0.00104 Doors=0.00007 IC=0.00000 CO2_BC=0.00009 LR=2.77e-04 nu=0.01 NSraw=2.142 alpha(W1/W8/all)=0.59/0.39/0.48 | 0.86 it/s
[Iter 24380/50000] Total=0.04438 | NS=0.03523 CO2(scaled)=0.00087 CO2_weight=1.00 guide_w=77.8 Walls=0.00072(x10) g_ns/g_walls=7.44 Windows=0.00098 Doors=0.00005 IC=0.00000 CO2_BC=0.00009 LR=2.77e-04 nu=0.01 NSraw=0.1342 alpha(W1/W8/all)=0.59/0.39/0.48 | 0.86 it/s
[Iter 24390/50000] Total=0.04583 | NS=0.04111 CO2(scaled)=0.00085 CO2_weight=1.00 guide_w=77.8 Walls=0.00028(x10) g_ns/g_walls=7.44 Windows=0.00095 Doors=0.00008 IC=0.00000 CO2_BC=0.00009 LR=2.77e-04 nu=0.01 NSraw=0.0845 alpha(W1/W8/all)=0.59/0.39/0.48 | 0.86 it/s
[Iter 24400/50000] Total=0.15015 | NS=0.14309 CO2(scaled)=0.00075 CO2_weight=1.00 guide_w=11.8 Walls=0.00056(x10) g_ns/g_walls=1.42 Windows=0.00056 Doors=0.00009 IC=0.00000 CO2_BC=0.00007 LR=2.77e-04 nu=0.01 NSraw=3.551 alpha(W1/W8/all)=0.59/0.39/0.48 | 0.86 it/s
[Iter 24410/50000] Total=0.07709 | NS=0.06064 CO2(scaled)=0.00143 CO2_weight=1.00 guide_w=11.8 Walls=0.00131(x10) g_ns/g_walls=1.42 Windows=0.00177 Doors=0.00006 IC=0.00000 CO2_BC=0.00010 LR=2.76e-04 nu=0.01 NSraw=0.1473 alpha(W1/W8/all)=0.59/0.39/0.48 | 0.86 it/s
[Iter 24420/50000] Total=0.07609 | NS=0.06752 CO2(scaled)=0.00116 CO2_weight=1.00 guide_w=11.8 Walls=0.00066(x10) g_ns/g_walls=1.42 Windows=0.00063 Doors=0.00008 IC=0.00000 CO2_BC=0.00009 LR=2.76e-04 nu=0.01 NSraw=0.2671 alpha(W1/W8/all)=0.59/0.39/0.48 | 0.86 it/s
[Iter 24430/50000] Total=0.38547 | NS=0.36950 CO2(scaled)=0.00092 CO2_weight=1.00 guide_w=11.8 Walls=0.00142(x10) g_ns/g_walls=1.42 Windows=0.00065 Doors=0.00009 IC=0.00000 CO2_BC=0.00009 LR=2.76e-04 nu=0.01 NSraw=27.12 alpha(W1/W8/all)=0.59/0.39/0.48 | 0.86 it/s
[Iter 24440/50000] Total=0.05555 | NS=0.04605 CO2(scaled)=0.00132 CO2_weight=1.00 guide_w=11.8 Walls=0.00074(x10) g_ns/g_walls=1.42 Windows=0.00058 Doors=0.00009 IC=0.00000 CO2_BC=0.00008 LR=2.76e-04 nu=0.01 NSraw=0.118 alpha(W1/W8/all)=0.59/0.39/0.48 | 0.86 it/s
[Iter 24450/50000] Total=0.10016 | NS=0.08578 CO2(scaled)=0.00099 CO2_weight=1.00 guide_w=11.8 Walls=0.00125(x10) g_ns/g_walls=1.42 Windows=0.00067 Doors=0.00013 IC=0.00000 CO2_BC=0.00010 LR=2.76e-04 nu=0.01 NSraw=0.4115 alpha(W1/W8/all)=0.59/0.39/0.48 | 0.86 it/s
[Iter 24460/50000] Total=0.22041 | NS=0.21311 CO2(scaled)=0.00087 CO2_weight=1.00 guide_w=11.8 Walls=0.00057(x10) g_ns/g_walls=1.42 Windows=0.00057 Doors=0.00009 IC=0.00000 CO2_BC=0.00008 LR=2.76e-04 nu=0.01 NSraw=7.556 alpha(W1/W8/all)=0.59/0.39/0.48 | 0.86 it/s
[Iter 24470/50000] Total=0.07796 | NS=0.06698 CO2(scaled)=0.00102 CO2_weight=1.00 guide_w=11.8 Walls=0.00087(x10) g_ns/g_walls=1.42 Windows=0.00114 Doors=0.00010 IC=0.00000 CO2_BC=0.00007 LR=2.76e-04 nu=0.01 NSraw=0.1966 alpha(W1/W8/all)=0.59/0.39/0.48 | 0.86 it/s
[Iter 24480/50000] Total=0.08471 | NS=0.07212 CO2(scaled)=0.00084 CO2_weight=1.00 guide_w=11.8 Walls=0.00105(x10) g_ns/g_walls=1.42 Windows=0.00112 Doors=0.00007 IC=0.00000 CO2_BC=0.00011 LR=2.75e-04 nu=0.01 NSraw=0.3454 alpha(W1/W8/all)=0.59/0.39/0.48 | 0.86 it/s
[Iter 24490/50000] Total=0.29872 | NS=0.27375 CO2(scaled)=0.00125 CO2_weight=1.00 guide_w=11.8 Walls=0.00211(x10) g_ns/g_walls=1.42 Windows=0.00246 Doors=0.00008 IC=0.00000 CO2_BC=0.00009 LR=2.75e-04 nu=0.01 NSraw=6.541 alpha(W1/W8/all)=0.59/0.39/0.48 | 0.86 it/s
[Iter 24500/50000] Total=0.03943 | NS=0.01872 CO2(scaled)=0.00104 CO2_weight=1.00 guide_w=1.02 Walls=0.00170(x10) g_ns/g_walls=0.0585 Windows=0.00256 Doors=0.00009 IC=0.00000 CO2_BC=0.00007 LR=2.75e-04 nu=0.01 NSraw=0.02602 alpha(W1/W8/all)=0.59/0.39/0.48 | 0.86 it/s
[Iter 24510/50000] Total=0.06421 | NS=0.05825 CO2(scaled)=0.00125 CO2_weight=1.00 guide_w=1.02 Walls=0.00039(x10) g_ns/g_walls=0.0585 Windows=0.00067 Doors=0.00008 IC=0.00000 CO2_BC=0.00008 LR=2.75e-04 nu=0.01 NSraw=0.2351 alpha(W1/W8/all)=0.59/0.39/0.48 | 0.86 it/s
[Iter 24520/50000] Total=0.05104 | NS=0.04153 CO2(scaled)=0.00152 CO2_weight=1.00 guide_w=1.02 Walls=0.00066(x10) g_ns/g_walls=0.0585 Windows=0.00116 Doors=0.00011 IC=0.00000 CO2_BC=0.00008 LR=2.75e-04 nu=0.01 NSraw=0.1205 alpha(W1/W8/all)=0.59/0.39/0.48 | 0.86 it/s
[Iter 24530/50000] Total=0.09518 | NS=0.08884 CO2(scaled)=0.00077 CO2_weight=1.00 guide_w=1.02 Walls=0.00046(x10) g_ns/g_walls=0.0585 Windows=0.00076 Doors=0.00012 IC=0.00000 CO2_BC=0.00008 LR=2.75e-04 nu=0.01 NSraw=0.4339 alpha(W1/W8/all)=0.59/0.39/0.48 | 0.86 it/s
[Iter 24540/50000] Total=0.15200 | NS=0.14371 CO2(scaled)=0.00084 CO2_weight=1.00 guide_w=1.02 Walls=0.00068(x10) g_ns/g_walls=0.0585 Windows=0.00053 Doors=0.00006 IC=0.00000 CO2_BC=0.00010 LR=2.75e-04 nu=0.01 NSraw=1.466 alpha(W1/W8/all)=0.59/0.39/0.48 | 0.86 it/s
[Iter 24550/50000] Total=0.05804 | NS=0.05333 CO2(scaled)=0.00100 CO2_weight=1.00 guide_w=1.02 Walls=0.00030(x10) g_ns/g_walls=0.0585 Windows=0.00056 Doors=0.00010 IC=0.00000 CO2_BC=0.00008 LR=2.74e-04 nu=0.01 NSraw=0.2533 alpha(W1/W8/all)=0.59/0.39/0.48 | 0.86 it/s
[Iter 24560/50000] Total=0.03866 | NS=0.03382 CO2(scaled)=0.00085 CO2_weight=1.00 guide_w=1.02 Walls=0.00033(x10) g_ns/g_walls=0.0585 Windows=0.00050 Doors=0.00009 IC=0.00000 CO2_BC=0.00007 LR=2.74e-04 nu=0.01 NSraw=0.093 alpha(W1/W8/all)=0.59/0.39/0.48 | 0.86 it/s
[Iter 24570/50000] Total=0.23223 | NS=0.22464 CO2(scaled)=0.00101 CO2_weight=1.00 guide_w=1.02 Walls=0.00059(x10) g_ns/g_walls=0.0585 Windows=0.00054 Doors=0.00010 IC=0.00000 CO2_BC=0.00008 LR=2.74e-04 nu=0.01 NSraw=6.761 alpha(W1/W8/all)=0.59/0.39/0.48 | 0.86 it/s
[Iter 24580/50000] Total=0.24885 | NS=0.24156 CO2(scaled)=0.00110 CO2_weight=1.00 guide_w=1.02 Walls=0.00053(x10) g_ns/g_walls=0.0585 Windows=0.00075 Doors=0.00006 IC=0.00000 CO2_BC=0.00007 LR=2.74e-04 nu=0.01 NSraw=8.654 alpha(W1/W8/all)=0.59/0.39/0.48 | 0.86 it/s
[Iter 24590/50000] Total=0.02630 | NS=0.01881 CO2(scaled)=0.00139 CO2_weight=1.00 guide_w=1.02 Walls=0.00052(x10) g_ns/g_walls=0.0585 Windows=0.00075 Doors=0.00006 IC=0.00000 CO2_BC=0.00009 LR=2.74e-04 nu=0.01 NSraw=0.02619 alpha(W1/W8/all)=0.59/0.39/0.48 | 0.86 it/s
[Iter 24600/50000] Total=0.06023 | NS=0.05065 CO2(scaled)=0.00124 CO2_weight=1.00 guide_w=1.01 Walls=0.00075(x10) g_ns/g_walls=0.208 Windows=0.00073 Doors=0.00009 IC=0.00000 CO2_BC=0.00007 LR=2.74e-04 nu=0.01 NSraw=0.1676 alpha(W1/W8/all)=0.59/0.39/0.48 | 0.86 it/s
[Iter 24610/50000] Total=0.07850 | NS=0.06929 CO2(scaled)=0.00166 CO2_weight=1.00 guide_w=1.01 Walls=0.00064(x10) g_ns/g_walls=0.208 Windows=0.00094 Doors=0.00008 IC=0.00000 CO2_BC=0.00009 LR=2.73e-04 nu=0.01 NSraw=0.2667 alpha(W1/W8/all)=0.59/0.39/0.48 | 0.86 it/s
[Iter 24620/50000] Total=0.17738 | NS=0.14955 CO2(scaled)=0.00172 CO2_weight=1.00 guide_w=1.01 Walls=0.00246(x10) g_ns/g_walls=0.208 Windows=0.00135 Doors=0.00009 IC=0.00000 CO2_BC=0.00008 LR=2.73e-04 nu=0.01 NSraw=1.164 alpha(W1/W8/all)=0.59/0.39/0.48 | 0.86 it/s
[Iter 24630/50000] Total=0.05060 | NS=0.03840 CO2(scaled)=0.00142 CO2_weight=1.00 guide_w=1.01 Walls=0.00095(x10) g_ns/g_walls=0.208 Windows=0.00110 Doors=0.00007 IC=0.00000 CO2_BC=0.00010 LR=2.73e-04 nu=0.01 NSraw=0.0799 alpha(W1/W8/all)=0.59/0.39/0.48 | 0.86 it/s
[Iter 24640/50000] Total=0.16841 | NS=0.16125 CO2(scaled)=0.00101 CO2_weight=1.00 guide_w=1.01 Walls=0.00053(x10) g_ns/g_walls=0.208 Windows=0.00069 Doors=0.00007 IC=0.00000 CO2_BC=0.00008 LR=2.73e-04 nu=0.01 NSraw=2.781 alpha(W1/W8/all)=0.59/0.39/0.48 | 0.86 it/s
[Iter 24650/50000] Total=0.05318 | NS=0.04488 CO2(scaled)=0.00160 CO2_weight=1.00 guide_w=1.01 Walls=0.00057(x10) g_ns/g_walls=0.208 Windows=0.00086 Doors=0.00006 IC=0.00000 CO2_BC=0.00009 LR=2.73e-04 nu=0.01 NSraw=0.2492 alpha(W1/W8/all)=0.59/0.39/0.48 | 0.86 it/s
[Iter 24660/50000] Total=0.25779 | NS=0.25224 CO2(scaled)=0.00107 CO2_weight=1.00 guide_w=1.01 Walls=0.00037(x10) g_ns/g_walls=0.208 Windows=0.00066 Doors=0.00006 IC=0.00000 CO2_BC=0.00010 LR=2.73e-04 nu=0.01 NSraw=5.088 alpha(W1/W8/all)=0.59/0.39/0.48 | 0.86 it/s
[Iter 24670/50000] Total=0.07647 | NS=0.06655 CO2(scaled)=0.00098 CO2_weight=1.00 guide_w=1.01 Walls=0.00081(x10) g_ns/g_walls=0.208 Windows=0.00064 Doors=0.00009 IC=0.00000 CO2_BC=0.00010 LR=2.73e-04 nu=0.01 NSraw=0.2469 alpha(W1/W8/all)=0.59/0.39/0.48 | 0.86 it/s
[Iter 24680/50000] Total=0.10265 | NS=0.09434 CO2(scaled)=0.00097 CO2_weight=1.00 guide_w=1.01 Walls=0.00058(x10) g_ns/g_walls=0.208 Windows=0.00135 Doors=0.00006 IC=0.00000 CO2_BC=0.00009 LR=2.72e-04 nu=0.01 NSraw=0.4788 alpha(W1/W8/all)=0.59/0.39/0.48 | 0.86 it/s
[Iter 24690/50000] Total=0.05881 | NS=0.05201 CO2(scaled)=0.00115 CO2_weight=1.00 guide_w=1.01 Walls=0.00046(x10) g_ns/g_walls=0.208 Windows=0.00094 Doors=0.00006 IC=0.00000 CO2_BC=0.00007 LR=2.72e-04 nu=0.01 NSraw=0.1373 alpha(W1/W8/all)=0.59/0.39/0.48 | 0.86 it/s
[Iter 24700/50000] Total=0.03882 | NS=0.02900 CO2(scaled)=0.00090 CO2_weight=1.00 guide_w=13.7 Walls=0.00078(x10) g_ns/g_walls=1.46 Windows=0.00090 Doors=0.00011 IC=0.00000 CO2_BC=0.00011 LR=2.72e-04 nu=0.01 NSraw=0.1099 alpha(W1/W8/all)=0.59/0.39/0.48 | 0.86 it/s
[Iter 24710/50000] Total=0.07838 | NS=0.06750 CO2(scaled)=0.00088 CO2_weight=1.00 guide_w=13.7 Walls=0.00087(x10) g_ns/g_walls=1.46 Windows=0.00111 Doors=0.00012 IC=0.00000 CO2_BC=0.00008 LR=2.72e-04 nu=0.01 NSraw=0.2567 alpha(W1/W8/all)=0.59/0.39/0.48 | 0.86 it/s
[Iter 24720/50000] Total=0.05524 | NS=0.04865 CO2(scaled)=0.00093 CO2_weight=1.00 guide_w=13.7 Walls=0.00047(x10) g_ns/g_walls=1.46 Windows=0.00082 Doors=0.00007 IC=0.00000 CO2_BC=0.00007 LR=2.72e-04 nu=0.01 NSraw=0.1293 alpha(W1/W8/all)=0.59/0.39/0.48 | 0.86 it/s
[Iter 24730/50000] Total=0.05069 | NS=0.04422 CO2(scaled)=0.00101 CO2_weight=1.00 guide_w=13.7 Walls=0.00043(x10) g_ns/g_walls=1.46 Windows=0.00096 Doors=0.00010 IC=0.00000 CO2_BC=0.00008 LR=2.72e-04 nu=0.01 NSraw=0.1505 alpha(W1/W8/all)=0.59/0.39/0.48 | 0.86 it/s
[Iter 24740/50000] Total=0.05023 | NS=0.03331 CO2(scaled)=0.00073 CO2_weight=1.00 guide_w=13.7 Walls=0.00147(x10) g_ns/g_walls=1.46 Windows=0.00138 Doors=0.00006 IC=0.00000 CO2_BC=0.00008 LR=2.72e-04 nu=0.01 NSraw=0.06686 alpha(W1/W8/all)=0.59/0.39/0.48 | 0.86 it/s
[Iter 24750/50000] Total=0.04024 | NS=0.02493 CO2(scaled)=0.00122 CO2_weight=1.00 guide_w=13.7 Walls=0.00124(x10) g_ns/g_walls=1.46 Windows=0.00151 Doors=0.00009 IC=0.00000 CO2_BC=0.00007 LR=2.71e-04 nu=0.01 NSraw=0.05324 alpha(W1/W8/all)=0.59/0.39/0.48 | 0.86 it/s
[Iter 24760/50000] Total=0.05995 | NS=0.05052 CO2(scaled)=0.00107 CO2_weight=1.00 guide_w=13.7 Walls=0.00075(x10) g_ns/g_walls=1.46 Windows=0.00068 Doors=0.00009 IC=0.00000 CO2_BC=0.00007 LR=2.71e-04 nu=0.01 NSraw=0.2135 alpha(W1/W8/all)=0.59/0.39/0.48 | 0.86 it/s
[Iter 24770/50000] Total=0.07360 | NS=0.06890 CO2(scaled)=0.00075 CO2_weight=1.00 guide_w=13.7 Walls=0.00031(x10) g_ns/g_walls=1.46 Windows=0.00066 Doors=0.00010 IC=0.00000 CO2_BC=0.00009 LR=2.71e-04 nu=0.01 NSraw=0.2389 alpha(W1/W8/all)=0.59/0.39/0.48 | 0.86 it/s
[Iter 24780/50000] Total=0.04174 | NS=0.03184 CO2(scaled)=0.00102 CO2_weight=1.00 guide_w=13.7 Walls=0.00080(x10) g_ns/g_walls=1.46 Windows=0.00075 Doors=0.00009 IC=0.00000 CO2_BC=0.00007 LR=2.71e-04 nu=0.01 NSraw=0.06289 alpha(W1/W8/all)=0.59/0.39/0.48 | 0.86 it/s
[Iter 24790/50000] Total=0.03888 | NS=0.02919 CO2(scaled)=0.00203 CO2_weight=1.00 guide_w=13.7 Walls=0.00065(x10) g_ns/g_walls=1.46 Windows=0.00093 Doors=0.00009 IC=0.00000 CO2_BC=0.00011 LR=2.71e-04 nu=0.01 NSraw=0.06683 alpha(W1/W8/all)=0.59/0.39/0.48 | 0.86 it/s
[Iter 24800/50000] Total=0.03934 | NS=0.02937 CO2(scaled)=0.00191 CO2_weight=1.00 guide_w=0.47 Walls=0.00069(x10) g_ns/g_walls=0.134 Windows=0.00104 Doors=0.00009 IC=0.00000 CO2_BC=0.00008 LR=2.71e-04 nu=0.01 NSraw=0.05459 alpha(W1/W8/all)=0.59/0.39/0.48 | 0.86 it/s
[Iter 24810/50000] Total=0.23164 | NS=0.22482 CO2(scaled)=0.00121 CO2_weight=1.00 guide_w=0.47 Walls=0.00046(x10) g_ns/g_walls=0.134 Windows=0.00085 Doors=0.00008 IC=0.00000 CO2_BC=0.00010 LR=2.71e-04 nu=0.01 NSraw=4.168 alpha(W1/W8/all)=0.59/0.39/0.48 | 0.86 it/s
[Iter 24820/50000] Total=0.03599 | NS=0.02280 CO2(scaled)=0.00099 CO2_weight=1.00 guide_w=0.47 Walls=0.00110(x10) g_ns/g_walls=0.134 Windows=0.00100 Doors=0.00008 IC=0.00000 CO2_BC=0.00009 LR=2.70e-04 nu=0.01 NSraw=0.03082 alpha(W1/W8/all)=0.59/0.39/0.48 | 0.86 it/s
[Iter 24830/50000] Total=0.14693 | NS=0.12829 CO2(scaled)=0.00115 CO2_weight=1.00 guide_w=0.47 Walls=0.00154(x10) g_ns/g_walls=0.134 Windows=0.00192 Doors=0.00006 IC=0.00000 CO2_BC=0.00009 LR=2.70e-04 nu=0.01 NSraw=0.9347 alpha(W1/W8/all)=0.59/0.39/0.48 | 0.86 it/s
[Iter 24840/50000] Total=0.04211 | NS=0.02660 CO2(scaled)=0.00091 CO2_weight=1.00 guide_w=0.47 Walls=0.00130(x10) g_ns/g_walls=0.134 Windows=0.00150 Doors=0.00006 IC=0.00000 CO2_BC=0.00007 LR=2.70e-04 nu=0.01 NSraw=0.07234 alpha(W1/W8/all)=0.59/0.39/0.48 | 0.86 it/s
[Iter 24850/50000] Total=0.07437 | NS=0.06649 CO2(scaled)=0.00144 CO2_weight=1.00 guide_w=0.47 Walls=0.00054(x10) g_ns/g_walls=0.134 Windows=0.00093 Doors=0.00004 IC=0.00000 CO2_BC=0.00011 LR=2.70e-04 nu=0.01 NSraw=0.3301 alpha(W1/W8/all)=0.59/0.39/0.48 | 0.86 it/s
[Iter 24860/50000] Total=0.07907 | NS=0.06969 CO2(scaled)=0.00091 CO2_weight=1.00 guide_w=0.47 Walls=0.00076(x10) g_ns/g_walls=0.134 Windows=0.00069 Doors=0.00007 IC=0.00000 CO2_BC=0.00009 LR=2.70e-04 nu=0.01 NSraw=0.2671 alpha(W1/W8/all)=0.59/0.39/0.48 | 0.86 it/s
[Iter 24870/50000] Total=0.65629 | NS=0.65247 CO2(scaled)=0.00075 CO2_weight=1.00 guide_w=0.47 Walls=0.00024(x10) g_ns/g_walls=0.134 Windows=0.00053 Doors=0.00005 IC=0.00000 CO2_BC=0.00008 LR=2.70e-04 nu=0.01 NSraw=71.34 alpha(W1/W8/all)=0.59/0.39/0.48 | 0.86 it/s
[Iter 24880/50000] Total=0.05258 | NS=0.04043 CO2(scaled)=0.00119 CO2_weight=1.00 guide_w=0.47 Walls=0.00096(x10) g_ns/g_walls=0.134 Windows=0.00117 Doors=0.00006 IC=0.00000 CO2_BC=0.00008 LR=2.70e-04 nu=0.01 NSraw=0.1268 alpha(W1/W8/all)=0.59/0.39/0.48 | 0.86 it/s
[Iter 24890/50000] Total=0.09403 | NS=0.08558 CO2(scaled)=0.00094 CO2_weight=1.00 guide_w=0.47 Walls=0.00066(x10) g_ns/g_walls=0.134 Windows=0.00068 Doors=0.00009 IC=0.00000 CO2_BC=0.00011 LR=2.69e-04 nu=0.01 NSraw=0.5608 alpha(W1/W8/all)=0.59/0.39/0.48 | 0.86 it/s
[Iter 24900/50000] Total=0.02977 | NS=0.01654 CO2(scaled)=0.00076 CO2_weight=1.00 guide_w=2.07 Walls=0.00118(x10) g_ns/g_walls=0.083 Windows=0.00057 Doors=0.00005 IC=0.00000 CO2_BC=0.00008 LR=2.69e-04 nu=0.01 NSraw=0.02808 alpha(W1/W8/all)=0.59/0.39/0.48 | 0.86 it/s
[Iter 24910/50000] Total=0.04995 | NS=0.03465 CO2(scaled)=0.00074 CO2_weight=1.00 guide_w=2.07 Walls=0.00128(x10) g_ns/g_walls=0.083 Windows=0.00163 Doors=0.00006 IC=0.00000 CO2_BC=0.00007 LR=2.69e-04 nu=0.01 NSraw=0.07265 alpha(W1/W8/all)=0.59/0.39/0.48 | 0.86 it/s
[Iter 24920/50000] Total=0.03195 | NS=0.02423 CO2(scaled)=0.00092 CO2_weight=1.00 guide_w=2.07 Walls=0.00060(x10) g_ns/g_walls=0.083 Windows=0.00063 Doors=0.00008 IC=0.00000 CO2_BC=0.00008 LR=2.69e-04 nu=0.01 NSraw=0.04963 alpha(W1/W8/all)=0.59/0.39/0.48 | 0.86 it/s
[Iter 24930/50000] Total=0.05561 | NS=0.04243 CO2(scaled)=0.00132 CO2_weight=1.00 guide_w=2.07 Walls=0.00105(x10) g_ns/g_walls=0.083 Windows=0.00123 Doors=0.00008 IC=0.00000 CO2_BC=0.00008 LR=2.69e-04 nu=0.01 NSraw=0.2278 alpha(W1/W8/all)=0.59/0.39/0.48 | 0.86 it/s
[Iter 24940/50000] Total=0.45558 | NS=0.43650 CO2(scaled)=0.00114 CO2_weight=1.00 guide_w=2.07 Walls=0.00170(x10) g_ns/g_walls=0.083 Windows=0.00078 Doors=0.00009 IC=0.00000 CO2_BC=0.00008 LR=2.69e-04 nu=0.01 NSraw=21.93 alpha(W1/W8/all)=0.59/0.39/0.48 | 0.86 it/s
[Iter 24950/50000] Total=0.17981 | NS=0.17348 CO2(scaled)=0.00102 CO2_weight=1.00 guide_w=2.07 Walls=0.00044(x10) g_ns/g_walls=0.083 Windows=0.00074 Doors=0.00010 IC=0.00000 CO2_BC=0.00007 LR=2.69e-04 nu=0.01 NSraw=3.445 alpha(W1/W8/all)=0.59/0.39/0.48 | 0.86 it/s
[Iter 24960/50000] Total=0.05256 | NS=0.04762 CO2(scaled)=0.00097 CO2_weight=1.00 guide_w=2.07 Walls=0.00032(x10) g_ns/g_walls=0.083 Windows=0.00057 Doors=0.00008 IC=0.00000 CO2_BC=0.00009 LR=2.69e-04 nu=0.01 NSraw=0.115 alpha(W1/W8/all)=0.59/0.39/0.48 | 0.86 it/s
[Iter 24970/50000] Total=0.03742 | NS=0.02623 CO2(scaled)=0.00081 CO2_weight=1.00 guide_w=2.07 Walls=0.00092(x10) g_ns/g_walls=0.083 Windows=0.00101 Doors=0.00007 IC=0.00000 CO2_BC=0.00008 LR=2.68e-04 nu=0.01 NSraw=0.04055 alpha(W1/W8/all)=0.59/0.39/0.48 | 0.86 it/s
[Iter 24980/50000] Total=0.07851 | NS=0.07211 CO2(scaled)=0.00114 CO2_weight=1.00 guide_w=2.07 Walls=0.00044(x10) g_ns/g_walls=0.083 Windows=0.00063 Doors=0.00011 IC=0.00000 CO2_BC=0.00009 LR=2.68e-04 nu=0.01 NSraw=0.2882 alpha(W1/W8/all)=0.59/0.39/0.48 | 0.86 it/s
[Iter 24990/50000] Total=0.17756 | NS=0.16515 CO2(scaled)=0.00122 CO2_weight=1.00 guide_w=2.07 Walls=0.00100(x10) g_ns/g_walls=0.083 Windows=0.00094 Doors=0.00008 IC=0.00000 CO2_BC=0.00010 LR=2.68e-04 nu=0.01 NSraw=2.361 alpha(W1/W8/all)=0.59/0.39/0.48 | 0.86 it/s
[Iter 25000/50000] Total=0.04651 | NS=0.03867 CO2(scaled)=0.00166 CO2_weight=1.00 guide_w=2.18 Walls=0.00053(x10) g_ns/g_walls=0.566 Windows=0.00066 Doors=0.00013 IC=0.00000 CO2_BC=0.00009 LR=2.68e-04 nu=0.01 NSraw=0.08887 alpha(W1/W8/all)=0.59/0.39/0.48 | 0.86 it/s
  -> saved checkpoint: /home/iai-labor/BuildingControlCFD/experiments/gnot/checkpoints/v24_fixedalpha_r50k/gnot_v24_fixedalpha_r50k_iter25000.pth
[Iter 25010/50000] Total=0.11378 | NS=0.10626 CO2(scaled)=0.00113 CO2_weight=1.00 guide_w=2.18 Walls=0.00053(x10) g_ns/g_walls=0.566 Windows=0.00086 Doors=0.00011 IC=0.00000 CO2_BC=0.00011 LR=2.68e-04 nu=0.01 NSraw=0.4673 alpha(W1/W8/all)=0.59/0.39/0.48 | 0.86 it/s
[Iter 25020/50000] Total=0.04126 | NS=0.02430 CO2(scaled)=0.00151 CO2_weight=1.00 guide_w=2.18 Walls=0.00132(x10) g_ns/g_walls=0.566 Windows=0.00205 Doors=0.00013 IC=0.00000 CO2_BC=0.00010 LR=2.68e-04 nu=0.01 NSraw=0.04304 alpha(W1/W8/all)=0.59/0.39/0.48 | 0.86 it/s
[Iter 25030/50000] Total=0.02698 | NS=0.02210 CO2(scaled)=0.00148 CO2_weight=1.00 guide_w=2.18 Walls=0.00025(x10) g_ns/g_walls=0.566 Windows=0.00062 Doors=0.00010 IC=0.00000 CO2_BC=0.00015 LR=2.68e-04 nu=0.01 NSraw=0.06608 alpha(W1/W8/all)=0.59/0.39/0.48 | 0.86 it/s
[Iter 25040/50000] Total=0.05573 | NS=0.04842 CO2(scaled)=0.00176 CO2_weight=1.00 guide_w=2.18 Walls=0.00047(x10) g_ns/g_walls=0.566 Windows=0.00064 Doors=0.00009 IC=0.00000 CO2_BC=0.00015 LR=2.67e-04 nu=0.01 NSraw=0.1522 alpha(W1/W8/all)=0.59/0.39/0.48 | 0.86 it/s
[Iter 25050/50000] Total=0.07212 | NS=0.06504 CO2(scaled)=0.00108 CO2_weight=1.00 guide_w=2.18 Walls=0.00050(x10) g_ns/g_walls=0.566 Windows=0.00082 Doors=0.00011 IC=0.00000 CO2_BC=0.00010 LR=2.67e-04 nu=0.01 NSraw=0.1832 alpha(W1/W8/all)=0.59/0.39/0.48 | 0.86 it/s
[Iter 25060/50000] Total=0.15338 | NS=0.14957 CO2(scaled)=0.00106 CO2_weight=1.00 guide_w=2.18 Walls=0.00021(x10) g_ns/g_walls=0.566 Windows=0.00040 Doors=0.00012 IC=0.00000 CO2_BC=0.00010 LR=2.67e-04 nu=0.01 NSraw=2.526 alpha(W1/W8/all)=0.59/0.39/0.48 | 0.86 it/s
[Iter 25070/50000] Total=0.03937 | NS=0.03196 CO2(scaled)=0.00147 CO2_weight=1.00 guide_w=2.18 Walls=0.00049(x10) g_ns/g_walls=0.566 Windows=0.00079 Doors=0.00010 IC=0.00000 CO2_BC=0.00015 LR=2.67e-04 nu=0.01 NSraw=0.1013 alpha(W1/W8/all)=0.59/0.39/0.48 | 0.86 it/s
[Iter 25080/50000] Total=0.07390 | NS=0.06976 CO2(scaled)=0.00079 CO2_weight=1.00 guide_w=2.18 Walls=0.00027(x10) g_ns/g_walls=0.566 Windows=0.00048 Doors=0.00009 IC=0.00000 CO2_BC=0.00010 LR=2.67e-04 nu=0.01 NSraw=0.3165 alpha(W1/W8/all)=0.59/0.39/0.48 | 0.86 it/s
[Iter 25090/50000] Total=0.07351 | NS=0.06630 CO2(scaled)=0.00142 CO2_weight=1.00 guide_w=2.18 Walls=0.00049(x10) g_ns/g_walls=0.566 Windows=0.00067 Doors=0.00011 IC=0.00000 CO2_BC=0.00008 LR=2.67e-04 nu=0.01 NSraw=0.3723 alpha(W1/W8/all)=0.59/0.39/0.48 | 0.86 it/s
[Iter 25100/50000] Total=0.05426 | NS=0.04688 CO2(scaled)=0.00116 CO2_weight=1.00 guide_w=3.15 Walls=0.00055(x10) g_ns/g_walls=0.736 Windows=0.00056 Doors=0.00010 IC=0.00000 CO2_BC=0.00007 LR=2.67e-04 nu=0.01 NSraw=0.109 alpha(W1/W8/all)=0.59/0.39/0.48 | 0.86 it/s
[Iter 25110/50000] Total=0.36151 | NS=0.34518 CO2(scaled)=0.00110 CO2_weight=1.00 guide_w=3.15 Walls=0.00140(x10) g_ns/g_walls=0.736 Windows=0.00106 Doors=0.00009 IC=0.00000 CO2_BC=0.00007 LR=2.66e-04 nu=0.01 NSraw=24.21 alpha(W1/W8/all)=0.59/0.39/0.48 | 0.86 it/s
[Iter 25120/50000] Total=0.03880 | NS=0.02595 CO2(scaled)=0.00138 CO2_weight=1.00 guide_w=3.15 Walls=0.00106(x10) g_ns/g_walls=0.736 Windows=0.00066 Doors=0.00008 IC=0.00000 CO2_BC=0.00010 LR=2.66e-04 nu=0.01 NSraw=0.05216 alpha(W1/W8/all)=0.59/0.39/0.48 | 0.86 it/s
[Iter 25130/50000] Total=0.09439 | NS=0.08486 CO2(scaled)=0.00112 CO2_weight=1.00 guide_w=3.15 Walls=0.00075(x10) g_ns/g_walls=0.736 Windows=0.00069 Doors=0.00008 IC=0.00000 CO2_BC=0.00009 LR=2.66e-04 nu=0.01 NSraw=0.3124 alpha(W1/W8/all)=0.59/0.39/0.48 | 0.86 it/s
[Iter 25140/50000] Total=0.15678 | NS=0.15106 CO2(scaled)=0.00073 CO2_weight=1.00 guide_w=3.15 Walls=0.00042(x10) g_ns/g_walls=0.736 Windows=0.00060 Doors=0.00008 IC=0.00000 CO2_BC=0.00008 LR=2.66e-04 nu=0.01 NSraw=2.226 alpha(W1/W8/all)=0.59/0.39/0.48 | 0.86 it/s
[Iter 25150/50000] Total=0.04958 | NS=0.04141 CO2(scaled)=0.00099 CO2_weight=1.00 guide_w=3.15 Walls=0.00060(x10) g_ns/g_walls=0.736 Windows=0.00104 Doors=0.00008 IC=0.00000 CO2_BC=0.00008 LR=2.66e-04 nu=0.01 NSraw=0.128 alpha(W1/W8/all)=0.59/0.39/0.48 | 0.86 it/s
[Iter 25160/50000] Total=0.04218 | NS=0.03245 CO2(scaled)=0.00105 CO2_weight=1.00 guide_w=3.15 Walls=0.00075(x10) g_ns/g_walls=0.736 Windows=0.00098 Doors=0.00009 IC=0.00000 CO2_BC=0.00009 LR=2.66e-04 nu=0.01 NSraw=0.06974 alpha(W1/W8/all)=0.59/0.39/0.48 | 0.86 it/s
[Iter 25170/50000] Total=0.11758 | NS=0.09272 CO2(scaled)=0.00180 CO2_weight=1.00 guide_w=3.15 Walls=0.00208(x10) g_ns/g_walls=0.736 Windows=0.00209 Doors=0.00010 IC=0.00000 CO2_BC=0.00010 LR=2.66e-04 nu=0.01 NSraw=0.418 alpha(W1/W8/all)=0.59/0.39/0.48 | 0.86 it/s
[Iter 25180/50000] Total=0.15359 | NS=0.13940 CO2(scaled)=0.00122 CO2_weight=1.00 guide_w=3.15 Walls=0.00112(x10) g_ns/g_walls=0.736 Windows=0.00161 Doors=0.00009 IC=0.00000 CO2_BC=0.00009 LR=2.65e-04 nu=0.01 NSraw=4.141 alpha(W1/W8/all)=0.59/0.39/0.48 | 0.86 it/s
[Iter 25190/50000] Total=0.07525 | NS=0.06876 CO2(scaled)=0.00084 CO2_weight=1.00 guide_w=3.15 Walls=0.00046(x10) g_ns/g_walls=0.736 Windows=0.00084 Doors=0.00009 IC=0.00000 CO2_BC=0.00008 LR=2.65e-04 nu=0.01 NSraw=0.3829 alpha(W1/W8/all)=0.59/0.39/0.48 | 0.86 it/s
[Iter 25200/50000] Total=0.11942 | NS=0.10971 CO2(scaled)=0.00113 CO2_weight=1.00 guide_w=3.09 Walls=0.00074(x10) g_ns/g_walls=0.454 Windows=0.00101 Doors=0.00009 IC=0.00000 CO2_BC=0.00007 LR=2.65e-04 nu=0.01 NSraw=1.616 alpha(W1/W8/all)=0.59/0.39/0.48 | 0.86 it/s
[Iter 25210/50000] Total=0.05407 | NS=0.04197 CO2(scaled)=0.00088 CO2_weight=1.00 guide_w=3.09 Walls=0.00099(x10) g_ns/g_walls=0.454 Windows=0.00110 Doors=0.00009 IC=0.00000 CO2_BC=0.00008 LR=2.65e-04 nu=0.01 NSraw=0.1116 alpha(W1/W8/all)=0.59/0.39/0.48 | 0.86 it/s
[Iter 25220/50000] Total=0.05551 | NS=0.03738 CO2(scaled)=0.00109 CO2_weight=1.00 guide_w=3.09 Walls=0.00151(x10) g_ns/g_walls=0.454 Windows=0.00172 Doors=0.00010 IC=0.00000 CO2_BC=0.00008 LR=2.65e-04 nu=0.01 NSraw=0.1264 alpha(W1/W8/all)=0.59/0.39/0.48 | 0.86 it/s
[Iter 25230/50000] Total=0.07390 | NS=0.06894 CO2(scaled)=0.00121 CO2_weight=1.00 guide_w=3.09 Walls=0.00028(x10) g_ns/g_walls=0.454 Windows=0.00075 Doors=0.00011 IC=0.00000 CO2_BC=0.00008 LR=2.65e-04 nu=0.01 NSraw=0.2582 alpha(W1/W8/all)=0.59/0.39/0.48 | 0.86 it/s
[Iter 25240/50000] Total=0.09879 | NS=0.08539 CO2(scaled)=0.00128 CO2_weight=1.00 guide_w=3.09 Walls=0.00109(x10) g_ns/g_walls=0.454 Windows=0.00106 Doors=0.00010 IC=0.00000 CO2_BC=0.00007 LR=2.65e-04 nu=0.01 NSraw=0.4208 alpha(W1/W8/all)=0.59/0.39/0.48 | 0.86 it/s
[Iter 25250/50000] Total=0.20805 | NS=0.20207 CO2(scaled)=0.00087 CO2_weight=1.00 guide_w=3.09 Walls=0.00043(x10) g_ns/g_walls=0.454 Windows=0.00058 Doors=0.00013 IC=0.00000 CO2_BC=0.00009 LR=2.64e-04 nu=0.01 NSraw=3.862 alpha(W1/W8/all)=0.59/0.39/0.48 | 0.86 it/s
[Iter 25260/50000] Total=0.04026 | NS=0.03631 CO2(scaled)=0.00081 CO2_weight=1.00 guide_w=3.09 Walls=0.00023(x10) g_ns/g_walls=0.454 Windows=0.00058 Doors=0.00011 IC=0.00000 CO2_BC=0.00010 LR=2.64e-04 nu=0.01 NSraw=0.1 alpha(W1/W8/all)=0.59/0.39/0.48 | 0.86 it/s
[Iter 25270/50000] Total=0.07002 | NS=0.06385 CO2(scaled)=0.00097 CO2_weight=1.00 guide_w=3.09 Walls=0.00042(x10) g_ns/g_walls=0.454 Windows=0.00077 Doors=0.00013 IC=0.00000 CO2_BC=0.00009 LR=2.64e-04 nu=0.01 NSraw=0.1482 alpha(W1/W8/all)=0.59/0.39/0.48 | 0.86 it/s
[Iter 25280/50000] Total=0.10100 | NS=0.08830 CO2(scaled)=0.00164 CO2_weight=1.00 guide_w=3.09 Walls=0.00092(x10) g_ns/g_walls=0.454 Windows=0.00173 Doors=0.00010 IC=0.00000 CO2_BC=0.00007 LR=2.64e-04 nu=0.01 NSraw=0.3367 alpha(W1/W8/all)=0.59/0.39/0.48 | 0.86 it/s
[Iter 25290/50000] Total=0.16258 | NS=0.15317 CO2(scaled)=0.00127 CO2_weight=1.00 guide_w=3.09 Walls=0.00067(x10) g_ns/g_walls=0.454 Windows=0.00128 Doors=0.00006 IC=0.00000 CO2_BC=0.00010 LR=2.64e-04 nu=0.01 NSraw=3.137 alpha(W1/W8/all)=0.59/0.39/0.48 | 0.86 it/s
[Iter 25300/50000] Total=0.15108 | NS=0.14000 CO2(scaled)=0.00096 CO2_weight=1.00 guide_w=105 Walls=0.00087(x10) g_ns/g_walls=10.9 Windows=0.00120 Doors=0.00009 IC=0.00000 CO2_BC=0.00009 LR=2.64e-04 nu=0.01 NSraw=1.974 alpha(W1/W8/all)=0.59/0.39/0.48 | 0.86 it/s
[Iter 25310/50000] Total=0.08243 | NS=0.05462 CO2(scaled)=0.00089 CO2_weight=1.00 guide_w=105 Walls=0.00242(x10) g_ns/g_walls=10.9 Windows=0.00255 Doors=0.00007 IC=0.00000 CO2_BC=0.00007 LR=2.64e-04 nu=0.01 NSraw=0.1499 alpha(W1/W8/all)=0.59/0.39/0.48 | 0.86 it/s
[Iter 25320/50000] Total=0.12225 | NS=0.10199 CO2(scaled)=0.00091 CO2_weight=1.00 guide_w=105 Walls=0.00168(x10) g_ns/g_walls=10.9 Windows=0.00240 Doors=0.00005 IC=0.00000 CO2_BC=0.00007 LR=2.63e-04 nu=0.01 NSraw=0.4235 alpha(W1/W8/all)=0.59/0.39/0.48 | 0.86 it/s
[Iter 25330/50000] Total=0.04909 | NS=0.03943 CO2(scaled)=0.00093 CO2_weight=1.00 guide_w=105 Walls=0.00078(x10) g_ns/g_walls=10.9 Windows=0.00083 Doors=0.00008 IC=0.00000 CO2_BC=0.00007 LR=2.63e-04 nu=0.01 NSraw=0.241 alpha(W1/W8/all)=0.59/0.39/0.48 | 0.86 it/s
[Iter 25340/50000] Total=0.07687 | NS=0.05904 CO2(scaled)=0.00103 CO2_weight=1.00 guide_w=105 Walls=0.00160(x10) g_ns/g_walls=10.9 Windows=0.00063 Doors=0.00010 IC=0.00000 CO2_BC=0.00007 LR=2.63e-04 nu=0.01 NSraw=0.2053 alpha(W1/W8/all)=0.59/0.39/0.48 | 0.86 it/s
[Iter 25350/50000] Total=0.09356 | NS=0.03591 CO2(scaled)=0.00131 CO2_weight=1.00 guide_w=105 Walls=0.00512(x10) g_ns/g_walls=10.9 Windows=0.00492 Doors=0.00009 IC=0.00000 CO2_BC=0.00010 LR=2.63e-04 nu=0.01 NSraw=0.1752 alpha(W1/W8/all)=0.59/0.39/0.48 | 0.86 it/s
[Iter 25360/50000] Total=0.06782 | NS=0.04845 CO2(scaled)=0.00099 CO2_weight=1.00 guide_w=105 Walls=0.00159(x10) g_ns/g_walls=10.9 Windows=0.00230 Doors=0.00008 IC=0.00000 CO2_BC=0.00010 LR=2.63e-04 nu=0.01 NSraw=0.184 alpha(W1/W8/all)=0.59/0.39/0.48 | 0.86 it/s
[Iter 25370/50000] Total=0.19244 | NS=0.18368 CO2(scaled)=0.00075 CO2_weight=1.00 guide_w=105 Walls=0.00069(x10) g_ns/g_walls=10.9 Windows=0.00097 Doors=0.00006 IC=0.00000 CO2_BC=0.00009 LR=2.63e-04 nu=0.01 NSraw=2.038 alpha(W1/W8/all)=0.59/0.39/0.48 | 0.86 it/s
[Iter 25380/50000] Total=0.02896 | NS=0.02082 CO2(scaled)=0.00094 CO2_weight=1.00 guide_w=105 Walls=0.00060(x10) g_ns/g_walls=10.9 Windows=0.00099 Doors=0.00010 IC=0.00000 CO2_BC=0.00008 LR=2.63e-04 nu=0.01 NSraw=0.03458 alpha(W1/W8/all)=0.59/0.39/0.48 | 0.86 it/s
[Iter 25390/50000] Total=0.04950 | NS=0.04024 CO2(scaled)=0.00100 CO2_weight=1.00 guide_w=105 Walls=0.00074(x10) g_ns/g_walls=10.9 Windows=0.00073 Doors=0.00010 IC=0.00000 CO2_BC=0.00008 LR=2.62e-04 nu=0.01 NSraw=0.09302 alpha(W1/W8/all)=0.59/0.39/0.48 | 0.86 it/s
[Iter 25400/50000] Total=0.04688 | NS=0.03744 CO2(scaled)=0.00164 CO2_weight=1.00 guide_w=4.17 Walls=0.00068(x10) g_ns/g_walls=0.486 Windows=0.00075 Doors=0.00010 IC=0.00000 CO2_BC=0.00010 LR=2.62e-04 nu=0.01 NSraw=0.1354 alpha(W1/W8/all)=0.59/0.39/0.48 | 0.86 it/s
[Iter 25410/50000] Total=0.04584 | NS=0.01387 CO2(scaled)=0.00109 CO2_weight=1.00 guide_w=4.17 Walls=0.00275(x10) g_ns/g_walls=0.486 Windows=0.00321 Doors=0.00008 IC=0.00000 CO2_BC=0.00009 LR=2.62e-04 nu=0.01 NSraw=0.01667 alpha(W1/W8/all)=0.59/0.39/0.48 | 0.86 it/s
[Iter 25420/50000] Total=0.08225 | NS=0.06677 CO2(scaled)=0.00089 CO2_weight=1.00 guide_w=4.17 Walls=0.00125(x10) g_ns/g_walls=0.486 Windows=0.00186 Doors=0.00010 IC=0.00000 CO2_BC=0.00009 LR=2.62e-04 nu=0.01 NSraw=0.2481 alpha(W1/W8/all)=0.59/0.39/0.48 | 0.86 it/s
[Iter 25430/50000] Total=0.04788 | NS=0.04115 CO2(scaled)=0.00092 CO2_weight=1.00 guide_w=4.17 Walls=0.00048(x10) g_ns/g_walls=0.486 Windows=0.00086 Doors=0.00009 IC=0.00000 CO2_BC=0.00008 LR=2.62e-04 nu=0.01 NSraw=0.09865 alpha(W1/W8/all)=0.59/0.39/0.48 | 0.86 it/s
[Iter 25440/50000] Total=0.03717 | NS=0.02920 CO2(scaled)=0.00078 CO2_weight=1.00 guide_w=4.17 Walls=0.00063(x10) g_ns/g_walls=0.486 Windows=0.00069 Doors=0.00008 IC=0.00000 CO2_BC=0.00012 LR=2.62e-04 nu=0.01 NSraw=0.06338 alpha(W1/W8/all)=0.59/0.39/0.48 | 0.86 it/s
[Iter 25450/50000] Total=0.05639 | NS=0.04488 CO2(scaled)=0.00149 CO2_weight=1.00 guide_w=4.17 Walls=0.00090(x10) g_ns/g_walls=0.486 Windows=0.00079 Doors=0.00009 IC=0.00000 CO2_BC=0.00009 LR=2.62e-04 nu=0.01 NSraw=0.1343 alpha(W1/W8/all)=0.59/0.39/0.48 | 0.86 it/s
[Iter 25460/50000] Total=0.10536 | NS=0.08804 CO2(scaled)=0.00186 CO2_weight=1.00 guide_w=4.17 Walls=0.00137(x10) g_ns/g_walls=0.486 Windows=0.00159 Doors=0.00013 IC=0.00000 CO2_BC=0.00010 LR=2.62e-04 nu=0.01 NSraw=0.2656 alpha(W1/W8/all)=0.59/0.39/0.48 | 0.86 it/s
[Iter 25470/50000] Total=0.05077 | NS=0.04001 CO2(scaled)=0.00092 CO2_weight=1.00 guide_w=4.17 Walls=0.00088(x10) g_ns/g_walls=0.486 Windows=0.00086 Doors=0.00012 IC=0.00000 CO2_BC=0.00010 LR=2.61e-04 nu=0.01 NSraw=0.1149 alpha(W1/W8/all)=0.59/0.39/0.48 | 0.86 it/s
[Iter 25480/50000] Total=0.16928 | NS=0.16275 CO2(scaled)=0.00110 CO2_weight=1.00 guide_w=4.17 Walls=0.00045(x10) g_ns/g_walls=0.486 Windows=0.00069 Doors=0.00018 IC=0.00000 CO2_BC=0.00010 LR=2.61e-04 nu=0.01 NSraw=3.637 alpha(W1/W8/all)=0.59/0.39/0.48 | 0.86 it/s
[Iter 25490/50000] Total=0.16269 | NS=0.15788 CO2(scaled)=0.00111 CO2_weight=1.00 guide_w=4.17 Walls=0.00031(x10) g_ns/g_walls=0.486 Windows=0.00044 Doors=0.00012 IC=0.00000 CO2_BC=0.00007 LR=2.61e-04 nu=0.01 NSraw=4.26 alpha(W1/W8/all)=0.59/0.39/0.48 | 0.86 it/s
[Iter 25500/50000] Total=0.05840 | NS=0.05256 CO2(scaled)=0.00091 CO2_weight=1.00 guide_w=0.808 Walls=0.00042(x10) g_ns/g_walls=0.296 Windows=0.00055 Doors=0.00011 IC=0.00000 CO2_BC=0.00007 LR=2.61e-04 nu=0.01 NSraw=0.1937 alpha(W1/W8/all)=0.59/0.39/0.48 | 0.86 it/s
[Iter 25510/50000] Total=0.03140 | NS=0.02692 CO2(scaled)=0.00088 CO2_weight=1.00 guide_w=0.808 Walls=0.00027(x10) g_ns/g_walls=0.296 Windows=0.00078 Doors=0.00009 IC=0.00000 CO2_BC=0.00008 LR=2.61e-04 nu=0.01 NSraw=0.04466 alpha(W1/W8/all)=0.59/0.39/0.48 | 0.86 it/s
[Iter 25520/50000] Total=0.03902 | NS=0.02615 CO2(scaled)=0.00079 CO2_weight=1.00 guide_w=0.808 Walls=0.00107(x10) g_ns/g_walls=0.296 Windows=0.00121 Doors=0.00009 IC=0.00000 CO2_BC=0.00010 LR=2.61e-04 nu=0.01 NSraw=0.04027 alpha(W1/W8/all)=0.59/0.39/0.48 | 0.86 it/s
[Iter 25530/50000] Total=0.06429 | NS=0.05903 CO2(scaled)=0.00097 CO2_weight=1.00 guide_w=0.808 Walls=0.00036(x10) g_ns/g_walls=0.296 Windows=0.00052 Doors=0.00009 IC=0.00000 CO2_BC=0.00007 LR=2.61e-04 nu=0.01 NSraw=0.2391 alpha(W1/W8/all)=0.59/0.39/0.48 | 0.86 it/s
[Iter 25540/50000] Total=0.09018 | NS=0.06893 CO2(scaled)=0.00135 CO2_weight=1.00 guide_w=0.808 Walls=0.00190(x10) g_ns/g_walls=0.296 Windows=0.00069 Doors=0.00013 IC=0.00000 CO2_BC=0.00007 LR=2.60e-04 nu=0.01 NSraw=0.237 alpha(W1/W8/all)=0.59/0.39/0.48 | 0.86 it/s
[Iter 25550/50000] Total=0.05365 | NS=0.04925 CO2(scaled)=0.00066 CO2_weight=1.00 guide_w=0.808 Walls=0.00030(x10) g_ns/g_walls=0.296 Windows=0.00058 Doors=0.00008 IC=0.00000 CO2_BC=0.00009 LR=2.60e-04 nu=0.01 NSraw=0.1109 alpha(W1/W8/all)=0.59/0.39/0.48 | 0.86 it/s
[Iter 25560/50000] Total=0.07483 | NS=0.05948 CO2(scaled)=0.00118 CO2_weight=1.00 guide_w=0.808 Walls=0.00130(x10) g_ns/g_walls=0.296 Windows=0.00103 Doors=0.00009 IC=0.00000 CO2_BC=0.00008 LR=2.60e-04 nu=0.01 NSraw=0.3743 alpha(W1/W8/all)=0.59/0.39/0.48 | 0.86 it/s
[Iter 25570/50000] Total=0.14304 | NS=0.12757 CO2(scaled)=0.00091 CO2_weight=1.00 guide_w=0.808 Walls=0.00127(x10) g_ns/g_walls=0.296 Windows=0.00169 Doors=0.00009 IC=0.00000 CO2_BC=0.00008 LR=2.60e-04 nu=0.01 NSraw=2.254 alpha(W1/W8/all)=0.59/0.39/0.48 | 0.86 it/s
[Iter 25580/50000] Total=0.06891 | NS=0.06297 CO2(scaled)=0.00093 CO2_weight=1.00 guide_w=0.808 Walls=0.00042(x10) g_ns/g_walls=0.296 Windows=0.00058 Doors=0.00012 IC=0.00000 CO2_BC=0.00007 LR=2.60e-04 nu=0.01 NSraw=0.2106 alpha(W1/W8/all)=0.59/0.39/0.48 | 0.86 it/s
[Iter 25590/50000] Total=0.05842 | NS=0.05330 CO2(scaled)=0.00094 CO2_weight=1.00 guide_w=0.808 Walls=0.00033(x10) g_ns/g_walls=0.296 Windows=0.00065 Doors=0.00013 IC=0.00000 CO2_BC=0.00006 LR=2.60e-04 nu=0.01 NSraw=0.16 alpha(W1/W8/all)=0.59/0.39/0.48 | 0.86 it/s
[Iter 25600/50000] Total=0.26201 | NS=0.25521 CO2(scaled)=0.00094 CO2_weight=1.00 guide_w=6.11 Walls=0.00050(x10) g_ns/g_walls=0.976 Windows=0.00071 Doors=0.00010 IC=0.00000 CO2_BC=0.00008 LR=2.60e-04 nu=0.01 NSraw=9.355 alpha(W1/W8/all)=0.59/0.39/0.48 | 0.86 it/s
[Iter 25610/50000] Total=0.04954 | NS=0.04302 CO2(scaled)=0.00100 CO2_weight=1.00 guide_w=6.11 Walls=0.00045(x10) g_ns/g_walls=0.976 Windows=0.00086 Doors=0.00011 IC=0.00000 CO2_BC=0.00009 LR=2.59e-04 nu=0.01 NSraw=0.1166 alpha(W1/W8/all)=0.59/0.39/0.48 | 0.86 it/s
[Iter 25620/50000] Total=0.04406 | NS=0.03131 CO2(scaled)=0.00067 CO2_weight=1.00 guide_w=6.11 Walls=0.00108(x10) g_ns/g_walls=0.976 Windows=0.00112 Doors=0.00008 IC=0.00000 CO2_BC=0.00008 LR=2.59e-04 nu=0.01 NSraw=0.04499 alpha(W1/W8/all)=0.59/0.39/0.48 | 0.86 it/s
[Iter 25630/50000] Total=0.16445 | NS=0.16041 CO2(scaled)=0.00113 CO2_weight=1.00 guide_w=6.11 Walls=0.00022(x10) g_ns/g_walls=0.976 Windows=0.00054 Doors=0.00008 IC=0.00000 CO2_BC=0.00008 LR=2.59e-04 nu=0.01 NSraw=2.521 alpha(W1/W8/all)=0.59/0.39/0.48 | 0.86 it/s
[Iter 25640/50000] Total=0.17004 | NS=0.16365 CO2(scaled)=0.00141 CO2_weight=1.00 guide_w=6.11 Walls=0.00041(x10) g_ns/g_walls=0.976 Windows=0.00075 Doors=0.00007 IC=0.00000 CO2_BC=0.00009 LR=2.59e-04 nu=0.01 NSraw=2.621 alpha(W1/W8/all)=0.59/0.39/0.48 | 0.86 it/s
[Iter 25650/50000] Total=0.18551 | NS=0.18060 CO2(scaled)=0.00073 CO2_weight=1.00 guide_w=6.11 Walls=0.00035(x10) g_ns/g_walls=0.976 Windows=0.00054 Doors=0.00009 IC=0.00000 CO2_BC=0.00009 LR=2.59e-04 nu=0.01 NSraw=4.544 alpha(W1/W8/all)=0.59/0.39/0.48 | 0.86 it/s
[Iter 25660/50000] Total=0.06567 | NS=0.06071 CO2(scaled)=0.00078 CO2_weight=1.00 guide_w=6.11 Walls=0.00035(x10) g_ns/g_walls=0.976 Windows=0.00053 Doors=0.00007 IC=0.00000 CO2_BC=0.00008 LR=2.59e-04 nu=0.01 NSraw=0.1661 alpha(W1/W8/all)=0.59/0.39/0.48 | 0.86 it/s
[Iter 25670/50000] Total=0.05376 | NS=0.04679 CO2(scaled)=0.00094 CO2_weight=1.00 guide_w=6.11 Walls=0.00048(x10) g_ns/g_walls=0.976 Windows=0.00104 Doors=0.00013 IC=0.00000 CO2_BC=0.00006 LR=2.59e-04 nu=0.01 NSraw=0.1326 alpha(W1/W8/all)=0.59/0.39/0.48 | 0.86 it/s
[Iter 25680/50000] Total=0.18133 | NS=0.17719 CO2(scaled)=0.00071 CO2_weight=1.00 guide_w=6.11 Walls=0.00027(x10) g_ns/g_walls=0.976 Windows=0.00055 Doors=0.00011 IC=0.00000 CO2_BC=0.00008 LR=2.59e-04 nu=0.01 NSraw=4.437 alpha(W1/W8/all)=0.59/0.39/0.48 | 0.86 it/s
[Iter 25690/50000] Total=0.06770 | NS=0.06132 CO2(scaled)=0.00136 CO2_weight=1.00 guide_w=6.11 Walls=0.00042(x10) g_ns/g_walls=0.976 Windows=0.00066 Doors=0.00010 IC=0.00000 CO2_BC=0.00009 LR=2.58e-04 nu=0.01 NSraw=0.2836 alpha(W1/W8/all)=0.59/0.39/0.48 | 0.86 it/s
[Iter 25700/50000] Total=0.05108 | NS=0.04271 CO2(scaled)=0.00121 CO2_weight=1.00 guide_w=0.841 Walls=0.00060(x10) g_ns/g_walls=0.164 Windows=0.00094 Doors=0.00013 IC=0.00000 CO2_BC=0.00007 LR=2.58e-04 nu=0.01 NSraw=0.1156 alpha(W1/W8/all)=0.59/0.39/0.48 | 0.86 it/s
[Iter 25710/50000] Total=0.08741 | NS=0.07534 CO2(scaled)=0.00082 CO2_weight=1.00 guide_w=0.841 Walls=0.00105(x10) g_ns/g_walls=0.164 Windows=0.00057 Doors=0.00009 IC=0.00000 CO2_BC=0.00005 LR=2.58e-04 nu=0.01 NSraw=0.4142 alpha(W1/W8/all)=0.59/0.39/0.48 | 0.86 it/s
[Iter 25720/50000] Total=0.06393 | NS=0.05833 CO2(scaled)=0.00092 CO2_weight=1.00 guide_w=0.841 Walls=0.00038(x10) g_ns/g_walls=0.164 Windows=0.00074 Doors=0.00007 IC=0.00000 CO2_BC=0.00005 LR=2.58e-04 nu=0.01 NSraw=0.2723 alpha(W1/W8/all)=0.59/0.39/0.48 | 0.86 it/s
[Iter 25730/50000] Total=0.01990 | NS=0.01069 CO2(scaled)=0.00090 CO2_weight=1.00 guide_w=0.841 Walls=0.00074(x10) g_ns/g_walls=0.164 Windows=0.00078 Doors=0.00007 IC=0.00000 CO2_BC=0.00007 LR=2.58e-04 nu=0.01 NSraw=0.01195 alpha(W1/W8/all)=0.59/0.39/0.48 | 0.86 it/s
[Iter 25740/50000] Total=0.06052 | NS=0.05386 CO2(scaled)=0.00087 CO2_weight=1.00 guide_w=0.841 Walls=0.00049(x10) g_ns/g_walls=0.164 Windows=0.00080 Doors=0.00006 IC=0.00000 CO2_BC=0.00007 LR=2.58e-04 nu=0.01 NSraw=0.1562 alpha(W1/W8/all)=0.59/0.39/0.48 | 0.86 it/s
[Iter 25750/50000] Total=0.17489 | NS=0.17089 CO2(scaled)=0.00099 CO2_weight=1.00 guide_w=0.841 Walls=0.00024(x10) g_ns/g_walls=0.164 Windows=0.00053 Doors=0.00005 IC=0.00000 CO2_BC=0.00008 LR=2.58e-04 nu=0.01 NSraw=5.885 alpha(W1/W8/all)=0.59/0.39/0.48 | 0.86 it/s
[Iter 25760/50000] Total=0.08574 | NS=0.08122 CO2(scaled)=0.00075 CO2_weight=1.00 guide_w=0.841 Walls=0.00031(x10) g_ns/g_walls=0.164 Windows=0.00059 Doors=0.00007 IC=0.00000 CO2_BC=0.00006 LR=2.57e-04 nu=0.01 NSraw=0.8802 alpha(W1/W8/all)=0.59/0.39/0.48 | 0.86 it/s
[Iter 25770/50000] Total=0.05984 | NS=0.05354 CO2(scaled)=0.00077 CO2_weight=1.00 guide_w=0.841 Walls=0.00046(x10) g_ns/g_walls=0.164 Windows=0.00076 Doors=0.00006 IC=0.00000 CO2_BC=0.00008 LR=2.57e-04 nu=0.01 NSraw=0.1204 alpha(W1/W8/all)=0.59/0.39/0.48 | 0.86 it/s
[Iter 25780/50000] Total=0.07783 | NS=0.07062 CO2(scaled)=0.00153 CO2_weight=1.00 guide_w=0.841 Walls=0.00045(x10) g_ns/g_walls=0.164 Windows=0.00101 Doors=0.00008 IC=0.00000 CO2_BC=0.00009 LR=2.57e-04 nu=0.01 NSraw=0.3624 alpha(W1/W8/all)=0.59/0.39/0.48 | 0.86 it/s
[Iter 25790/50000] Total=0.08007 | NS=0.06561 CO2(scaled)=0.00380 CO2_weight=1.00 guide_w=0.841 Walls=0.00094(x10) g_ns/g_walls=0.164 Windows=0.00107 Doors=0.00007 IC=0.00000 CO2_BC=0.00008 LR=2.57e-04 nu=0.01 NSraw=0.2167 alpha(W1/W8/all)=0.59/0.39/0.48 | 0.86 it/s
[Iter 25800/50000] Total=0.26600 | NS=0.25375 CO2(scaled)=0.00150 CO2_weight=1.00 guide_w=35.4 Walls=0.00093(x10) g_ns/g_walls=5.25 Windows=0.00128 Doors=0.00008 IC=0.00000 CO2_BC=0.00008 LR=2.57e-04 nu=0.01 NSraw=7.426 alpha(W1/W8/all)=0.59/0.39/0.48 | 0.86 it/s
[Iter 25810/50000] Total=0.05307 | NS=0.03988 CO2(scaled)=0.00135 CO2_weight=1.00 guide_w=35.4 Walls=0.00103(x10) g_ns/g_walls=5.25 Windows=0.00143 Doors=0.00007 IC=0.00000 CO2_BC=0.00008 LR=2.57e-04 nu=0.01 NSraw=0.1105 alpha(W1/W8/all)=0.59/0.39/0.48 | 0.86 it/s
[Iter 25820/50000] Total=0.06872 | NS=0.06134 CO2(scaled)=0.00072 CO2_weight=1.00 guide_w=35.4 Walls=0.00057(x10) g_ns/g_walls=5.25 Windows=0.00071 Doors=0.00007 IC=0.00000 CO2_BC=0.00015 LR=2.57e-04 nu=0.01 NSraw=0.4247 alpha(W1/W8/all)=0.59/0.39/0.48 | 0.86 it/s
[Iter 25830/50000] Total=0.12420 | NS=0.10516 CO2(scaled)=0.00073 CO2_weight=1.00 guide_w=35.4 Walls=0.00168(x10) g_ns/g_walls=5.25 Windows=0.00134 Doors=0.00008 IC=0.00000 CO2_BC=0.00008 LR=2.56e-04 nu=0.01 NSraw=1.279 alpha(W1/W8/all)=0.59/0.39/0.48 | 0.86 it/s
[Iter 25840/50000] Total=0.06524 | NS=0.05233 CO2(scaled)=0.00076 CO2_weight=1.00 guide_w=35.4 Walls=0.00105(x10) g_ns/g_walls=5.25 Windows=0.00152 Doors=0.00007 IC=0.00000 CO2_BC=0.00010 LR=2.56e-04 nu=0.01 NSraw=0.2348 alpha(W1/W8/all)=0.59/0.39/0.48 | 0.86 it/s
[Iter 25850/50000] Total=0.04844 | NS=0.04178 CO2(scaled)=0.00093 CO2_weight=1.00 guide_w=35.4 Walls=0.00049(x10) g_ns/g_walls=5.25 Windows=0.00064 Doors=0.00009 IC=0.00000 CO2_BC=0.00007 LR=2.56e-04 nu=0.01 NSraw=0.09104 alpha(W1/W8/all)=0.59/0.39/0.48 | 0.86 it/s
[Iter 25860/50000] Total=0.07502 | NS=0.06826 CO2(scaled)=0.00066 CO2_weight=1.00 guide_w=35.4 Walls=0.00052(x10) g_ns/g_walls=5.25 Windows=0.00077 Doors=0.00007 IC=0.00000 CO2_BC=0.00009 LR=2.56e-04 nu=0.01 NSraw=0.2577 alpha(W1/W8/all)=0.59/0.39/0.48 | 0.86 it/s
[Iter 25870/50000] Total=0.05744 | NS=0.04373 CO2(scaled)=0.00091 CO2_weight=1.00 guide_w=35.4 Walls=0.00112(x10) g_ns/g_walls=5.25 Windows=0.00148 Doors=0.00007 IC=0.00000 CO2_BC=0.00010 LR=2.56e-04 nu=0.01 NSraw=0.1274 alpha(W1/W8/all)=0.59/0.39/0.48 | 0.86 it/s
[Iter 25880/50000] Total=0.07307 | NS=0.06870 CO2(scaled)=0.00085 CO2_weight=1.00 guide_w=35.4 Walls=0.00027(x10) g_ns/g_walls=5.25 Windows=0.00067 Doors=0.00010 IC=0.00000 CO2_BC=0.00007 LR=2.56e-04 nu=0.01 NSraw=0.2129 alpha(W1/W8/all)=0.59/0.39/0.48 | 0.86 it/s
[Iter 25890/50000] Total=0.04864 | NS=0.04382 CO2(scaled)=0.00081 CO2_weight=1.00 guide_w=35.4 Walls=0.00034(x10) g_ns/g_walls=5.25 Windows=0.00047 Doors=0.00006 IC=0.00000 CO2_BC=0.00008 LR=2.56e-04 nu=0.01 NSraw=0.1263 alpha(W1/W8/all)=0.59/0.39/0.48 | 0.86 it/s
[Iter 25900/50000] Total=0.08399 | NS=0.07822 CO2(scaled)=0.00079 CO2_weight=1.00 guide_w=11.5 Walls=0.00043(x10) g_ns/g_walls=7.48 Windows=0.00053 Doors=0.00005 IC=0.00000 CO2_BC=0.00008 LR=2.56e-04 nu=0.01 NSraw=0.4157 alpha(W1/W8/all)=0.59/0.39/0.48 | 0.86 it/s
[Iter 25910/50000] Total=0.13544 | NS=0.12572 CO2(scaled)=0.00080 CO2_weight=1.00 guide_w=11.5 Walls=0.00078(x10) g_ns/g_walls=7.48 Windows=0.00101 Doors=0.00007 IC=0.00000 CO2_BC=0.00007 LR=2.55e-04 nu=0.01 NSraw=1.101 alpha(W1/W8/all)=0.59/0.39/0.48 | 0.86 it/s
[Iter 25920/50000] Total=0.03341 | NS=0.02744 CO2(scaled)=0.00087 CO2_weight=1.00 guide_w=11.5 Walls=0.00041(x10) g_ns/g_walls=7.48 Windows=0.00086 Doors=0.00005 IC=0.00000 CO2_BC=0.00008 LR=2.55e-04 nu=0.01 NSraw=0.04045 alpha(W1/W8/all)=0.59/0.39/0.48 | 0.86 it/s
[Iter 25930/50000] Total=0.04042 | NS=0.03386 CO2(scaled)=0.00065 CO2_weight=1.00 guide_w=11.5 Walls=0.00051(x10) g_ns/g_walls=7.48 Windows=0.00062 Doors=0.00006 IC=0.00000 CO2_BC=0.00008 LR=2.55e-04 nu=0.01 NSraw=0.08437 alpha(W1/W8/all)=0.59/0.39/0.48 | 0.86 it/s
[Iter 25940/50000] Total=0.06045 | NS=0.05533 CO2(scaled)=0.00078 CO2_weight=1.00 guide_w=11.5 Walls=0.00035(x10) g_ns/g_walls=7.48 Windows=0.00070 Doors=0.00007 IC=0.00000 CO2_BC=0.00009 LR=2.55e-04 nu=0.01 NSraw=0.1485 alpha(W1/W8/all)=0.59/0.39/0.48 | 0.86 it/s
[Iter 25950/50000] Total=0.14899 | NS=0.14423 CO2(scaled)=0.00085 CO2_weight=1.00 guide_w=11.5 Walls=0.00032(x10) g_ns/g_walls=7.48 Windows=0.00060 Doors=0.00008 IC=0.00000 CO2_BC=0.00008 LR=2.55e-04 nu=0.01 NSraw=2.288 alpha(W1/W8/all)=0.59/0.39/0.48 | 0.86 it/s
[Iter 25960/50000] Total=0.10682 | NS=0.10057 CO2(scaled)=0.00073 CO2_weight=1.00 guide_w=11.5 Walls=0.00048(x10) g_ns/g_walls=7.48 Windows=0.00057 Doors=0.00008 IC=0.00000 CO2_BC=0.00008 LR=2.55e-04 nu=0.01 NSraw=0.5066 alpha(W1/W8/all)=0.59/0.39/0.48 | 0.86 it/s
[Iter 25970/50000] Total=0.37178 | NS=0.36260 CO2(scaled)=0.00104 CO2_weight=1.00 guide_w=11.5 Walls=0.00072(x10) g_ns/g_walls=7.48 Windows=0.00085 Doors=0.00006 IC=0.00000 CO2_BC=0.00007 LR=2.55e-04 nu=0.01 NSraw=12.88 alpha(W1/W8/all)=0.59/0.39/0.48 | 0.86 it/s
[Iter 25980/50000] Total=0.09451 | NS=0.08412 CO2(scaled)=0.00123 CO2_weight=1.00 guide_w=11.5 Walls=0.00086(x10) g_ns/g_walls=7.48 Windows=0.00040 Doors=0.00005 IC=0.00000 CO2_BC=0.00008 LR=2.54e-04 nu=0.01 NSraw=0.3329 alpha(W1/W8/all)=0.59/0.39/0.48 | 0.86 it/s
[Iter 25990/50000] Total=0.03868 | NS=0.03279 CO2(scaled)=0.00077 CO2_weight=1.00 guide_w=11.5 Walls=0.00044(x10) g_ns/g_walls=7.48 Windows=0.00061 Doors=0.00009 IC=0.00000 CO2_BC=0.00006 LR=2.54e-04 nu=0.01 NSraw=0.05808 alpha(W1/W8/all)=0.59/0.39/0.48 | 0.86 it/s
[Iter 26000/50000] Total=0.05048 | NS=0.04466 CO2(scaled)=0.00078 CO2_weight=1.00 guide_w=16.4 Walls=0.00043(x10) g_ns/g_walls=2.77 Windows=0.00058 Doors=0.00011 IC=0.00000 CO2_BC=0.00009 LR=2.54e-04 nu=0.01 NSraw=0.1956 alpha(W1/W8/all)=0.59/0.39/0.48 | 0.86 it/s
  -> saved checkpoint: /home/iai-labor/BuildingControlCFD/experiments/gnot/checkpoints/v24_fixedalpha_r50k/gnot_v24_fixedalpha_r50k_iter26000.pth
[Iter 26010/50000] Total=0.09650 | NS=0.07581 CO2(scaled)=0.00091 CO2_weight=1.00 guide_w=16.4 Walls=0.00176(x10) g_ns/g_walls=2.77 Windows=0.00199 Doors=0.00008 IC=0.00000 CO2_BC=0.00007 LR=2.54e-04 nu=0.01 NSraw=0.3264 alpha(W1/W8/all)=0.59/0.39/0.48 | 0.86 it/s
[Iter 26020/50000] Total=0.02601 | NS=0.01358 CO2(scaled)=0.00077 CO2_weight=1.00 guide_w=16.4 Walls=0.00104(x10) g_ns/g_walls=2.77 Windows=0.00112 Doors=0.00008 IC=0.00000 CO2_BC=0.00009 LR=2.54e-04 nu=0.01 NSraw=0.01655 alpha(W1/W8/all)=0.59/0.39/0.48 | 0.86 it/s
[Iter 26030/50000] Total=0.06550 | NS=0.06094 CO2(scaled)=0.00091 CO2_weight=1.00 guide_w=16.4 Walls=0.00028(x10) g_ns/g_walls=2.77 Windows=0.00068 Doors=0.00008 IC=0.00000 CO2_BC=0.00008 LR=2.54e-04 nu=0.01 NSraw=0.2191 alpha(W1/W8/all)=0.59/0.39/0.48 | 0.86 it/s
[Iter 26040/50000] Total=0.02377 | NS=0.01680 CO2(scaled)=0.00077 CO2_weight=1.00 guide_w=16.4 Walls=0.00054(x10) g_ns/g_walls=2.77 Windows=0.00066 Doors=0.00007 IC=0.00000 CO2_BC=0.00009 LR=2.54e-04 nu=0.01 NSraw=0.02613 alpha(W1/W8/all)=0.59/0.39/0.48 | 0.86 it/s
[Iter 26050/50000] Total=0.03877 | NS=0.03321 CO2(scaled)=0.00099 CO2_weight=1.00 guide_w=16.4 Walls=0.00038(x10) g_ns/g_walls=2.77 Windows=0.00055 Doors=0.00012 IC=0.00000 CO2_BC=0.00008 LR=2.54e-04 nu=0.01 NSraw=0.06437 alpha(W1/W8/all)=0.59/0.39/0.48 | 0.86 it/s
[Iter 26060/50000] Total=0.08038 | NS=0.06566 CO2(scaled)=0.00140 CO2_weight=1.00 guide_w=16.4 Walls=0.00117(x10) g_ns/g_walls=2.77 Windows=0.00140 Doors=0.00010 IC=0.00000 CO2_BC=0.00007 LR=2.53e-04 nu=0.01 NSraw=0.231 alpha(W1/W8/all)=0.59/0.39/0.48 | 0.86 it/s
[Iter 26070/50000] Total=0.03942 | NS=0.02943 CO2(scaled)=0.00160 CO2_weight=1.00 guide_w=16.4 Walls=0.00075(x10) g_ns/g_walls=2.77 Windows=0.00076 Doors=0.00008 IC=0.00000 CO2_BC=0.00009 LR=2.53e-04 nu=0.01 NSraw=0.06259 alpha(W1/W8/all)=0.59/0.39/0.48 | 0.86 it/s
[Iter 26080/50000] Total=0.03727 | NS=0.02943 CO2(scaled)=0.00111 CO2_weight=1.00 guide_w=16.4 Walls=0.00060(x10) g_ns/g_walls=2.77 Windows=0.00056 Doors=0.00011 IC=0.00000 CO2_BC=0.00007 LR=2.53e-04 nu=0.01 NSraw=0.05467 alpha(W1/W8/all)=0.59/0.39/0.48 | 0.86 it/s
[Iter 26090/50000] Total=0.08967 | NS=0.08298 CO2(scaled)=0.00067 CO2_weight=1.00 guide_w=16.4 Walls=0.00051(x10) g_ns/g_walls=2.77 Windows=0.00070 Doors=0.00012 IC=0.00000 CO2_BC=0.00008 LR=2.53e-04 nu=0.01 NSraw=0.3552 alpha(W1/W8/all)=0.59/0.39/0.48 | 0.86 it/s
[Iter 26100/50000] Total=0.05158 | NS=0.04320 CO2(scaled)=0.00120 CO2_weight=1.00 guide_w=1.12 Walls=0.00062(x10) g_ns/g_walls=0.195 Windows=0.00079 Doors=0.00010 IC=0.00000 CO2_BC=0.00007 LR=2.53e-04 nu=0.01 NSraw=0.1355 alpha(W1/W8/all)=0.59/0.39/0.48 | 0.86 it/s
[Iter 26110/50000] Total=0.06025 | NS=0.05407 CO2(scaled)=0.00096 CO2_weight=1.00 guide_w=1.12 Walls=0.00043(x10) g_ns/g_walls=0.195 Windows=0.00071 Doors=0.00011 IC=0.00000 CO2_BC=0.00007 LR=2.53e-04 nu=0.01 NSraw=0.1767 alpha(W1/W8/all)=0.59/0.39/0.48 | 0.86 it/s
[Iter 26120/50000] Total=0.19720 | NS=0.18425 CO2(scaled)=0.00168 CO2_weight=1.00 guide_w=1.12 Walls=0.00103(x10) g_ns/g_walls=0.195 Windows=0.00082 Doors=0.00008 IC=0.00000 CO2_BC=0.00010 LR=2.53e-04 nu=0.01 NSraw=3.207 alpha(W1/W8/all)=0.59/0.39/0.48 | 0.86 it/s
[Iter 26130/50000] Total=0.15381 | NS=0.14561 CO2(scaled)=0.00072 CO2_weight=1.00 guide_w=1.12 Walls=0.00062(x10) g_ns/g_walls=0.195 Windows=0.00108 Doors=0.00011 IC=0.00000 CO2_BC=0.00009 LR=2.52e-04 nu=0.01 NSraw=2.763 alpha(W1/W8/all)=0.59/0.39/0.48 | 0.86 it/s
[Iter 26140/50000] Total=0.08940 | NS=0.08369 CO2(scaled)=0.00077 CO2_weight=1.00 guide_w=1.12 Walls=0.00039(x10) g_ns/g_walls=0.195 Windows=0.00082 Doors=0.00011 IC=0.00000 CO2_BC=0.00008 LR=2.52e-04 nu=0.01 NSraw=0.5387 alpha(W1/W8/all)=0.59/0.39/0.48 | 0.86 it/s
[Iter 26150/50000] Total=0.04883 | NS=0.04247 CO2(scaled)=0.00085 CO2_weight=1.00 guide_w=1.12 Walls=0.00048(x10) g_ns/g_walls=0.195 Windows=0.00051 Doors=0.00011 IC=0.00000 CO2_BC=0.00008 LR=2.52e-04 nu=0.01 NSraw=0.1394 alpha(W1/W8/all)=0.59/0.39/0.48 | 0.86 it/s
[Iter 26160/50000] Total=0.43640 | NS=0.43151 CO2(scaled)=0.00077 CO2_weight=1.00 guide_w=1.12 Walls=0.00033(x10) g_ns/g_walls=0.195 Windows=0.00062 Doors=0.00008 IC=0.00000 CO2_BC=0.00009 LR=2.52e-04 nu=0.01 NSraw=25.85 alpha(W1/W8/all)=0.59/0.39/0.48 | 0.86 it/s
[Iter 26170/50000] Total=0.07852 | NS=0.06889 CO2(scaled)=0.00075 CO2_weight=1.00 guide_w=1.12 Walls=0.00076(x10) g_ns/g_walls=0.195 Windows=0.00108 Doors=0.00008 IC=0.00000 CO2_BC=0.00009 LR=2.52e-04 nu=0.01 NSraw=0.3085 alpha(W1/W8/all)=0.59/0.39/0.48 | 0.86 it/s
[Iter 26180/50000] Total=0.07657 | NS=0.07027 CO2(scaled)=0.00085 CO2_weight=1.00 guide_w=1.12 Walls=0.00046(x10) g_ns/g_walls=0.195 Windows=0.00065 Doors=0.00009 IC=0.00000 CO2_BC=0.00007 LR=2.52e-04 nu=0.01 NSraw=0.2273 alpha(W1/W8/all)=0.59/0.39/0.48 | 0.86 it/s
[Iter 26190/50000] Total=0.03750 | NS=0.02910 CO2(scaled)=0.00124 CO2_weight=1.00 guide_w=1.12 Walls=0.00063(x10) g_ns/g_walls=0.195 Windows=0.00066 Doors=0.00015 IC=0.00000 CO2_BC=0.00008 LR=2.52e-04 nu=0.01 NSraw=0.06279 alpha(W1/W8/all)=0.59/0.39/0.48 | 0.86 it/s
[Iter 26200/50000] Total=0.02235 | NS=0.01690 CO2(scaled)=0.00096 CO2_weight=1.00 guide_w=0.583 Walls=0.00034(x10) g_ns/g_walls=0.136 Windows=0.00089 Doors=0.00012 IC=0.00000 CO2_BC=0.00007 LR=2.52e-04 nu=0.01 NSraw=0.02476 alpha(W1/W8/all)=0.59/0.39/0.48 | 0.86 it/s
[Iter 26210/50000] Total=0.06468 | NS=0.05957 CO2(scaled)=0.00114 CO2_weight=1.00 guide_w=0.583 Walls=0.00031(x10) g_ns/g_walls=0.136 Windows=0.00067 Doors=0.00009 IC=0.00000 CO2_BC=0.00007 LR=2.51e-04 nu=0.01 NSraw=0.1763 alpha(W1/W8/all)=0.59/0.39/0.48 | 0.86 it/s
[Iter 26220/50000] Total=0.07881 | NS=0.07254 CO2(scaled)=0.00118 CO2_weight=1.00 guide_w=0.583 Walls=0.00034(x10) g_ns/g_walls=0.136 Windows=0.00149 Doors=0.00010 IC=0.00000 CO2_BC=0.00008 LR=2.51e-04 nu=0.01 NSraw=0.302 alpha(W1/W8/all)=0.59/0.39/0.48 | 0.86 it/s
[Iter 26230/50000] Total=0.04492 | NS=0.03849 CO2(scaled)=0.00084 CO2_weight=1.00 guide_w=0.583 Walls=0.00044(x10) g_ns/g_walls=0.136 Windows=0.00101 Doors=0.00012 IC=0.00000 CO2_BC=0.00008 LR=2.51e-04 nu=0.01 NSraw=0.1123 alpha(W1/W8/all)=0.59/0.39/0.48 | 0.86 it/s
[Iter 26240/50000] Total=0.08983 | NS=0.08582 CO2(scaled)=0.00071 CO2_weight=1.00 guide_w=0.583 Walls=0.00026(x10) g_ns/g_walls=0.136 Windows=0.00050 Doors=0.00013 IC=0.00000 CO2_BC=0.00007 LR=2.51e-04 nu=0.01 NSraw=0.3267 alpha(W1/W8/all)=0.59/0.39/0.48 | 0.86 it/s
[Iter 26250/50000] Total=0.10191 | NS=0.09772 CO2(scaled)=0.00092 CO2_weight=1.00 guide_w=0.583 Walls=0.00024(x10) g_ns/g_walls=0.136 Windows=0.00062 Doors=0.00013 IC=0.00000 CO2_BC=0.00008 LR=2.51e-04 nu=0.01 NSraw=0.3473 alpha(W1/W8/all)=0.59/0.39/0.48 | 0.86 it/s
[Iter 26260/50000] Total=0.06509 | NS=0.05727 CO2(scaled)=0.00078 CO2_weight=1.00 guide_w=0.583 Walls=0.00059(x10) g_ns/g_walls=0.136 Windows=0.00090 Doors=0.00011 IC=0.00000 CO2_BC=0.00008 LR=2.51e-04 nu=0.01 NSraw=0.1876 alpha(W1/W8/all)=0.59/0.39/0.48 | 0.86 it/s
[Iter 26270/50000] Total=0.03058 | NS=0.02455 CO2(scaled)=0.00082 CO2_weight=1.00 guide_w=0.583 Walls=0.00043(x10) g_ns/g_walls=0.136 Windows=0.00069 Doors=0.00013 IC=0.00000 CO2_BC=0.00010 LR=2.51e-04 nu=0.01 NSraw=0.05626 alpha(W1/W8/all)=0.59/0.39/0.48 | 0.86 it/s
[Iter 26280/50000] Total=0.06463 | NS=0.06015 CO2(scaled)=0.00084 CO2_weight=1.00 guide_w=0.583 Walls=0.00028(x10) g_ns/g_walls=0.136 Windows=0.00064 Doors=0.00011 IC=0.00000 CO2_BC=0.00008 LR=2.50e-04 nu=0.01 NSraw=0.1905 alpha(W1/W8/all)=0.59/0.39/0.48 | 0.86 it/s
[Iter 26290/50000] Total=0.06390 | NS=0.05854 CO2(scaled)=0.00097 CO2_weight=1.00 guide_w=0.583 Walls=0.00036(x10) g_ns/g_walls=0.136 Windows=0.00061 Doors=0.00009 IC=0.00000 CO2_BC=0.00008 LR=2.50e-04 nu=0.01 NSraw=0.1451 alpha(W1/W8/all)=0.59/0.39/0.48 | 0.86 it/s
[Iter 26300/50000] Total=0.15404 | NS=0.13975 CO2(scaled)=0.00106 CO2_weight=1.00 guide_w=2.65 Walls=0.00120(x10) g_ns/g_walls=0.497 Windows=0.00109 Doors=0.00008 IC=0.00000 CO2_BC=0.00006 LR=2.50e-04 nu=0.01 NSraw=1.934 alpha(W1/W8/all)=0.59/0.39/0.48 | 0.86 it/s
[Iter 26310/50000] Total=0.51589 | NS=0.51109 CO2(scaled)=0.00069 CO2_weight=1.00 guide_w=2.65 Walls=0.00034(x10) g_ns/g_walls=0.497 Windows=0.00056 Doors=0.00009 IC=0.00000 CO2_BC=0.00007 LR=2.50e-04 nu=0.01 NSraw=60.61 alpha(W1/W8/all)=0.59/0.39/0.48 | 0.86 it/s
[Iter 26320/50000] Total=0.04361 | NS=0.03765 CO2(scaled)=0.00078 CO2_weight=1.00 guide_w=2.65 Walls=0.00042(x10) g_ns/g_walls=0.497 Windows=0.00084 Doors=0.00009 IC=0.00000 CO2_BC=0.00010 LR=2.50e-04 nu=0.01 NSraw=0.1052 alpha(W1/W8/all)=0.59/0.39/0.48 | 0.86 it/s
[Iter 26330/50000] Total=0.05762 | NS=0.05035 CO2(scaled)=0.00075 CO2_weight=1.00 guide_w=2.65 Walls=0.00050(x10) g_ns/g_walls=0.497 Windows=0.00137 Doors=0.00009 IC=0.00000 CO2_BC=0.00006 LR=2.50e-04 nu=0.01 NSraw=0.2561 alpha(W1/W8/all)=0.59/0.39/0.48 | 0.86 it/s
[Iter 26340/50000] Total=0.07696 | NS=0.07114 CO2(scaled)=0.00073 CO2_weight=1.00 guide_w=2.65 Walls=0.00038(x10) g_ns/g_walls=0.497 Windows=0.00106 Doors=0.00009 IC=0.00000 CO2_BC=0.00010 LR=2.50e-04 nu=0.01 NSraw=0.2464 alpha(W1/W8/all)=0.59/0.39/0.48 | 0.86 it/s
[Iter 26350/50000] Total=0.06500 | NS=0.05825 CO2(scaled)=0.00174 CO2_weight=1.00 guide_w=2.65 Walls=0.00039(x10) g_ns/g_walls=0.497 Windows=0.00092 Doors=0.00012 IC=0.00000 CO2_BC=0.00006 LR=2.50e-04 nu=0.01 NSraw=0.258 alpha(W1/W8/all)=0.59/0.39/0.48 | 0.86 it/s
[Iter 26360/50000] Total=0.15672 | NS=0.14906 CO2(scaled)=0.00133 CO2_weight=1.00 guide_w=2.65 Walls=0.00051(x10) g_ns/g_walls=0.497 Windows=0.00099 Doors=0.00007 IC=0.00000 CO2_BC=0.00016 LR=2.49e-04 nu=0.01 NSraw=2.353 alpha(W1/W8/all)=0.59/0.39/0.48 | 0.86 it/s
[Iter 26370/50000] Total=0.16504 | NS=0.15687 CO2(scaled)=0.00134 CO2_weight=1.00 guide_w=2.65 Walls=0.00057(x10) g_ns/g_walls=0.497 Windows=0.00096 Doors=0.00009 IC=0.00000 CO2_BC=0.00013 LR=2.49e-04 nu=0.01 NSraw=2.926 alpha(W1/W8/all)=0.59/0.39/0.48 | 0.86 it/s
[Iter 26380/50000] Total=0.04638 | NS=0.03076 CO2(scaled)=0.00325 CO2_weight=1.00 guide_w=2.65 Walls=0.00111(x10) g_ns/g_walls=0.497 Windows=0.00109 Doors=0.00007 IC=0.00000 CO2_BC=0.00009 LR=2.49e-04 nu=0.01 NSraw=0.05484 alpha(W1/W8/all)=0.59/0.39/0.48 | 0.86 it/s
[Iter 26390/50000] Total=0.07236 | NS=0.05049 CO2(scaled)=0.00130 CO2_weight=1.00 guide_w=2.65 Walls=0.00197(x10) g_ns/g_walls=0.497 Windows=0.00079 Doors=0.00005 IC=0.00000 CO2_BC=0.00009 LR=2.49e-04 nu=0.01 NSraw=0.253 alpha(W1/W8/all)=0.59/0.39/0.48 | 0.86 it/s
[Iter 26400/50000] Total=0.08972 | NS=0.08047 CO2(scaled)=0.00096 CO2_weight=1.00 guide_w=14.5 Walls=0.00072(x10) g_ns/g_walls=2 Windows=0.00094 Doors=0.00008 IC=0.00000 CO2_BC=0.00006 LR=2.49e-04 nu=0.01 NSraw=0.4167 alpha(W1/W8/all)=0.59/0.39/0.48 | 0.86 it/s
[Iter 26410/50000] Total=0.07381 | NS=0.06604 CO2(scaled)=0.00125 CO2_weight=1.00 guide_w=14.5 Walls=0.00056(x10) g_ns/g_walls=2 Windows=0.00075 Doors=0.00009 IC=0.00000 CO2_BC=0.00009 LR=2.49e-04 nu=0.01 NSraw=0.6878 alpha(W1/W8/all)=0.59/0.39/0.48 | 0.86 it/s
[Iter 26420/50000] Total=0.06190 | NS=0.05206 CO2(scaled)=0.00074 CO2_weight=1.00 guide_w=14.5 Walls=0.00079(x10) g_ns/g_walls=2 Windows=0.00100 Doors=0.00008 IC=0.00000 CO2_BC=0.00010 LR=2.49e-04 nu=0.01 NSraw=0.3323 alpha(W1/W8/all)=0.59/0.39/0.48 | 0.86 it/s
[Iter 26430/50000] Total=0.05278 | NS=0.04493 CO2(scaled)=0.00092 CO2_weight=1.00 guide_w=14.5 Walls=0.00059(x10) g_ns/g_walls=2 Windows=0.00086 Doors=0.00009 IC=0.00000 CO2_BC=0.00008 LR=2.48e-04 nu=0.01 NSraw=0.1653 alpha(W1/W8/all)=0.59/0.39/0.48 | 0.86 it/s
[Iter 26440/50000] Total=0.08434 | NS=0.07535 CO2(scaled)=0.00244 CO2_weight=1.00 guide_w=14.5 Walls=0.00055(x10) g_ns/g_walls=2 Windows=0.00080 Doors=0.00013 IC=0.00000 CO2_BC=0.00008 LR=2.48e-04 nu=0.01 NSraw=0.3498 alpha(W1/W8/all)=0.59/0.39/0.48 | 0.86 it/s
[Iter 26450/50000] Total=0.13011 | NS=0.12508 CO2(scaled)=0.00091 CO2_weight=1.00 guide_w=14.5 Walls=0.00034(x10) g_ns/g_walls=2 Windows=0.00057 Doors=0.00010 IC=0.00000 CO2_BC=0.00007 LR=2.48e-04 nu=0.01 NSraw=1.349 alpha(W1/W8/all)=0.59/0.39/0.48 | 0.86 it/s
[Iter 26460/50000] Total=0.08051 | NS=0.07120 CO2(scaled)=0.00127 CO2_weight=1.00 guide_w=14.5 Walls=0.00066(x10) g_ns/g_walls=2 Windows=0.00129 Doors=0.00008 IC=0.00000 CO2_BC=0.00007 LR=2.48e-04 nu=0.01 NSraw=0.1999 alpha(W1/W8/all)=0.59/0.39/0.48 | 0.86 it/s
[Iter 26470/50000] Total=0.11186 | NS=0.10720 CO2(scaled)=0.00082 CO2_weight=1.00 guide_w=14.5 Walls=0.00032(x10) g_ns/g_walls=2 Windows=0.00054 Doors=0.00008 IC=0.00000 CO2_BC=0.00007 LR=2.48e-04 nu=0.01 NSraw=1.81 alpha(W1/W8/all)=0.59/0.39/0.48 | 0.86 it/s
[Iter 26480/50000] Total=0.08346 | NS=0.07527 CO2(scaled)=0.00179 CO2_weight=1.00 guide_w=14.5 Walls=0.00055(x10) g_ns/g_walls=2 Windows=0.00071 Doors=0.00007 IC=0.00000 CO2_BC=0.00009 LR=2.48e-04 nu=0.01 NSraw=0.3415 alpha(W1/W8/all)=0.59/0.39/0.48 | 0.86 it/s
[Iter 26490/50000] Total=0.06453 | NS=0.05365 CO2(scaled)=0.00118 CO2_weight=1.00 guide_w=14.5 Walls=0.00089(x10) g_ns/g_walls=2 Windows=0.00070 Doors=0.00006 IC=0.00000 CO2_BC=0.00009 LR=2.48e-04 nu=0.01 NSraw=0.1426 alpha(W1/W8/all)=0.59/0.39/0.48 | 0.86 it/s
[Iter 26500/50000] Total=0.05643 | NS=0.05138 CO2(scaled)=0.00124 CO2_weight=1.00 guide_w=9.7 Walls=0.00030(x10) g_ns/g_walls=2.31 Windows=0.00069 Doors=0.00005 IC=0.00000 CO2_BC=0.00008 LR=2.48e-04 nu=0.01 NSraw=0.1081 alpha(W1/W8/all)=0.59/0.39/0.48 | 0.86 it/s
[Iter 26510/50000] Total=0.22275 | NS=0.21178 CO2(scaled)=0.00110 CO2_weight=1.00 guide_w=9.7 Walls=0.00085(x10) g_ns/g_walls=2.31 Windows=0.00123 Doors=0.00007 IC=0.00000 CO2_BC=0.00009 LR=2.47e-04 nu=0.01 NSraw=8.779 alpha(W1/W8/all)=0.59/0.39/0.48 | 0.86 it/s
[Iter 26520/50000] Total=0.05852 | NS=0.04571 CO2(scaled)=0.00084 CO2_weight=1.00 guide_w=9.7 Walls=0.00105(x10) g_ns/g_walls=2.31 Windows=0.00130 Doors=0.00006 IC=0.00000 CO2_BC=0.00013 LR=2.47e-04 nu=0.01 NSraw=0.1079 alpha(W1/W8/all)=0.59/0.39/0.48 | 0.86 it/s
[Iter 26530/50000] Total=0.16264 | NS=0.15389 CO2(scaled)=0.00093 CO2_weight=1.00 guide_w=9.7 Walls=0.00069(x10) g_ns/g_walls=2.31 Windows=0.00076 Doors=0.00014 IC=0.00000 CO2_BC=0.00007 LR=2.47e-04 nu=0.01 NSraw=0.8092 alpha(W1/W8/all)=0.59/0.39/0.48 | 0.86 it/s
[Iter 26540/50000] Total=0.15441 | NS=0.14903 CO2(scaled)=0.00108 CO2_weight=1.00 guide_w=9.7 Walls=0.00035(x10) g_ns/g_walls=2.31 Windows=0.00065 Doors=0.00012 IC=0.00000 CO2_BC=0.00009 LR=2.47e-04 nu=0.01 NSraw=3.962 alpha(W1/W8/all)=0.59/0.39/0.48 | 0.86 it/s
[Iter 26550/50000] Total=0.05227 | NS=0.03714 CO2(scaled)=0.00083 CO2_weight=1.00 guide_w=9.7 Walls=0.00128(x10) g_ns/g_walls=2.31 Windows=0.00128 Doors=0.00009 IC=0.00000 CO2_BC=0.00010 LR=2.47e-04 nu=0.01 NSraw=0.06631 alpha(W1/W8/all)=0.59/0.39/0.48 | 0.86 it/s
[Iter 26560/50000] Total=0.05426 | NS=0.04724 CO2(scaled)=0.00162 CO2_weight=1.00 guide_w=9.7 Walls=0.00045(x10) g_ns/g_walls=2.31 Windows=0.00075 Doors=0.00010 IC=0.00000 CO2_BC=0.00007 LR=2.47e-04 nu=0.01 NSraw=0.122 alpha(W1/W8/all)=0.59/0.39/0.48 | 0.86 it/s
[Iter 26570/50000] Total=0.03016 | NS=0.02208 CO2(scaled)=0.00095 CO2_weight=1.00 guide_w=9.7 Walls=0.00060(x10) g_ns/g_walls=2.31 Windows=0.00096 Doors=0.00009 IC=0.00000 CO2_BC=0.00008 LR=2.47e-04 nu=0.01 NSraw=0.03035 alpha(W1/W8/all)=0.59/0.39/0.48 | 0.86 it/s
[Iter 26580/50000] Total=0.08167 | NS=0.07557 CO2(scaled)=0.00075 CO2_weight=1.00 guide_w=9.7 Walls=0.00042(x10) g_ns/g_walls=2.31 Windows=0.00095 Doors=0.00010 IC=0.00000 CO2_BC=0.00013 LR=2.47e-04 nu=0.01 NSraw=0.3398 alpha(W1/W8/all)=0.59/0.39/0.48 | 0.86 it/s
[Iter 26590/50000] Total=0.03796 | NS=0.03122 CO2(scaled)=0.00078 CO2_weight=1.00 guide_w=9.7 Walls=0.00050(x10) g_ns/g_walls=2.31 Windows=0.00072 Doors=0.00008 IC=0.00000 CO2_BC=0.00011 LR=2.46e-04 nu=0.01 NSraw=0.0659 alpha(W1/W8/all)=0.59/0.39/0.48 | 0.86 it/s
[Iter 26600/50000] Total=0.04299 | NS=0.02519 CO2(scaled)=0.00087 CO2_weight=1.00 guide_w=1.28 Walls=0.00154(x10) g_ns/g_walls=0.128 Windows=0.00133 Doors=0.00008 IC=0.00000 CO2_BC=0.00010 LR=2.46e-04 nu=0.01 NSraw=0.03407 alpha(W1/W8/all)=0.59/0.39/0.48 | 0.86 it/s
[Iter 26610/50000] Total=0.13279 | NS=0.12574 CO2(scaled)=0.00066 CO2_weight=1.00 guide_w=1.28 Walls=0.00055(x10) g_ns/g_walls=0.128 Windows=0.00071 Doors=0.00011 IC=0.00000 CO2_BC=0.00008 LR=2.46e-04 nu=0.01 NSraw=0.7239 alpha(W1/W8/all)=0.59/0.39/0.48 | 0.86 it/s
[Iter 26620/50000] Total=0.03237 | NS=0.01586 CO2(scaled)=0.00116 CO2_weight=1.00 guide_w=1.28 Walls=0.00137(x10) g_ns/g_walls=0.128 Windows=0.00146 Doors=0.00013 IC=0.00000 CO2_BC=0.00009 LR=2.46e-04 nu=0.01 NSraw=0.02285 alpha(W1/W8/all)=0.59/0.39/0.48 | 0.86 it/s
[Iter 26630/50000] Total=0.04537 | NS=0.03928 CO2(scaled)=0.00083 CO2_weight=1.00 guide_w=1.28 Walls=0.00044(x10) g_ns/g_walls=0.128 Windows=0.00073 Doors=0.00008 IC=0.00000 CO2_BC=0.00007 LR=2.46e-04 nu=0.01 NSraw=0.1054 alpha(W1/W8/all)=0.59/0.39/0.48 | 0.86 it/s
[Iter 26640/50000] Total=0.06604 | NS=0.05571 CO2(scaled)=0.00084 CO2_weight=1.00 guide_w=1.28 Walls=0.00083(x10) g_ns/g_walls=0.128 Windows=0.00103 Doors=0.00009 IC=0.00000 CO2_BC=0.00007 LR=2.46e-04 nu=0.01 NSraw=0.2436 alpha(W1/W8/all)=0.59/0.39/0.48 | 0.86 it/s
[Iter 26650/50000] Total=0.17438 | NS=0.16786 CO2(scaled)=0.00107 CO2_weight=1.00 guide_w=1.28 Walls=0.00047(x10) g_ns/g_walls=0.128 Windows=0.00058 Doors=0.00010 IC=0.00000 CO2_BC=0.00008 LR=2.46e-04 nu=0.01 NSraw=2.737 alpha(W1/W8/all)=0.59/0.39/0.48 | 0.86 it/s
[Iter 26660/50000] Total=0.04495 | NS=0.03374 CO2(scaled)=0.00107 CO2_weight=1.00 guide_w=1.28 Walls=0.00092(x10) g_ns/g_walls=0.128 Windows=0.00077 Doors=0.00012 IC=0.00000 CO2_BC=0.00009 LR=2.46e-04 nu=0.01 NSraw=0.06079 alpha(W1/W8/all)=0.59/0.39/0.48 | 0.86 it/s
[Iter 26670/50000] Total=0.09879 | NS=0.09247 CO2(scaled)=0.00118 CO2_weight=1.00 guide_w=1.28 Walls=0.00041(x10) g_ns/g_walls=0.128 Windows=0.00090 Doors=0.00011 IC=0.00000 CO2_BC=0.00007 LR=2.45e-04 nu=0.01 NSraw=0.345 alpha(W1/W8/all)=0.59/0.39/0.48 | 0.86 it/s
[Iter 26680/50000] Total=0.04265 | NS=0.03239 CO2(scaled)=0.00087 CO2_weight=1.00 guide_w=1.28 Walls=0.00081(x10) g_ns/g_walls=0.128 Windows=0.00114 Doors=0.00009 IC=0.00000 CO2_BC=0.00008 LR=2.45e-04 nu=0.01 NSraw=0.04861 alpha(W1/W8/all)=0.59/0.39/0.48 | 0.86 it/s
[Iter 26690/50000] Total=0.14229 | NS=0.13689 CO2(scaled)=0.00074 CO2_weight=1.00 guide_w=1.28 Walls=0.00039(x10) g_ns/g_walls=0.128 Windows=0.00057 Doors=0.00011 IC=0.00000 CO2_BC=0.00008 LR=2.45e-04 nu=0.01 NSraw=1.623 alpha(W1/W8/all)=0.59/0.39/0.48 | 0.86 it/s
[Iter 26700/50000] Total=0.07315 | NS=0.06729 CO2(scaled)=0.00074 CO2_weight=1.00 guide_w=19.6 Walls=0.00042(x10) g_ns/g_walls=0.966 Windows=0.00076 Doors=0.00010 IC=0.00000 CO2_BC=0.00008 LR=2.45e-04 nu=0.01 NSraw=0.2852 alpha(W1/W8/all)=0.59/0.39/0.48 | 0.86 it/s
[Iter 26710/50000] Total=0.06568 | NS=0.05890 CO2(scaled)=0.00114 CO2_weight=1.00 guide_w=19.6 Walls=0.00049(x10) g_ns/g_walls=0.966 Windows=0.00050 Doors=0.00013 IC=0.00000 CO2_BC=0.00007 LR=2.45e-04 nu=0.01 NSraw=0.1896 alpha(W1/W8/all)=0.59/0.39/0.48 | 0.86 it/s
[Iter 26720/50000] Total=0.05982 | NS=0.04964 CO2(scaled)=0.00101 CO2_weight=1.00 guide_w=19.6 Walls=0.00081(x10) g_ns/g_walls=0.966 Windows=0.00092 Doors=0.00013 IC=0.00000 CO2_BC=0.00006 LR=2.45e-04 nu=0.01 NSraw=0.1325 alpha(W1/W8/all)=0.59/0.39/0.48 | 0.86 it/s
[Iter 26730/50000] Total=0.10076 | NS=0.08985 CO2(scaled)=0.00069 CO2_weight=1.00 guide_w=19.6 Walls=0.00088(x10) g_ns/g_walls=0.966 Windows=0.00114 Doors=0.00015 IC=0.00000 CO2_BC=0.00008 LR=2.45e-04 nu=0.01 NSraw=0.5326 alpha(W1/W8/all)=0.59/0.39/0.48 | 0.86 it/s
[Iter 26740/50000] Total=0.09539 | NS=0.08348 CO2(scaled)=0.00125 CO2_weight=1.00 guide_w=19.6 Walls=0.00094(x10) g_ns/g_walls=0.966 Windows=0.00109 Doors=0.00009 IC=0.00000 CO2_BC=0.00006 LR=2.44e-04 nu=0.01 NSraw=0.2793 alpha(W1/W8/all)=0.59/0.39/0.48 | 0.86 it/s
[Iter 26750/50000] Total=0.05867 | NS=0.05177 CO2(scaled)=0.00069 CO2_weight=1.00 guide_w=19.6 Walls=0.00053(x10) g_ns/g_walls=0.966 Windows=0.00077 Doors=0.00011 IC=0.00000 CO2_BC=0.00005 LR=2.44e-04 nu=0.01 NSraw=0.2066 alpha(W1/W8/all)=0.59/0.39/0.48 | 0.86 it/s
[Iter 26760/50000] Total=0.21577 | NS=0.21068 CO2(scaled)=0.00084 CO2_weight=1.00 guide_w=19.6 Walls=0.00036(x10) g_ns/g_walls=0.966 Windows=0.00047 Doors=0.00011 IC=0.00000 CO2_BC=0.00007 LR=2.44e-04 nu=0.01 NSraw=5.16 alpha(W1/W8/all)=0.59/0.39/0.48 | 0.86 it/s
[Iter 26770/50000] Total=0.03515 | NS=0.02362 CO2(scaled)=0.00099 CO2_weight=1.00 guide_w=19.6 Walls=0.00093(x10) g_ns/g_walls=0.966 Windows=0.00101 Doors=0.00011 IC=0.00000 CO2_BC=0.00007 LR=2.44e-04 nu=0.01 NSraw=0.0569 alpha(W1/W8/all)=0.59/0.39/0.48 | 0.86 it/s
[Iter 26780/50000] Total=0.04630 | NS=0.04036 CO2(scaled)=0.00071 CO2_weight=1.00 guide_w=19.6 Walls=0.00044(x10) g_ns/g_walls=0.966 Windows=0.00067 Doors=0.00008 IC=0.00000 CO2_BC=0.00008 LR=2.44e-04 nu=0.01 NSraw=0.2001 alpha(W1/W8/all)=0.59/0.39/0.48 | 0.86 it/s
[Iter 26790/50000] Total=0.03886 | NS=0.03418 CO2(scaled)=0.00066 CO2_weight=1.00 guide_w=19.6 Walls=0.00032(x10) g_ns/g_walls=0.966 Windows=0.00063 Doors=0.00014 IC=0.00000 CO2_BC=0.00005 LR=2.44e-04 nu=0.01 NSraw=0.09873 alpha(W1/W8/all)=0.59/0.39/0.48 | 0.86 it/s
[Iter 26800/50000] Total=0.08295 | NS=0.07809 CO2(scaled)=0.00067 CO2_weight=1.00 guide_w=5.13 Walls=0.00032(x10) g_ns/g_walls=0.869 Windows=0.00081 Doors=0.00009 IC=0.00000 CO2_BC=0.00007 LR=2.44e-04 nu=0.01 NSraw=0.5462 alpha(W1/W8/all)=0.59/0.39/0.48 | 0.86 it/s
[Iter 26810/50000] Total=0.50861 | NS=0.50313 CO2(scaled)=0.00087 CO2_weight=1.00 guide_w=5.13 Walls=0.00039(x10) g_ns/g_walls=0.869 Windows=0.00054 Doors=0.00007 IC=0.00000 CO2_BC=0.00008 LR=2.44e-04 nu=0.01 NSraw=41.62 alpha(W1/W8/all)=0.59/0.39/0.48 | 0.86 it/s
[Iter 26820/50000] Total=0.05058 | NS=0.04232 CO2(scaled)=0.00074 CO2_weight=1.00 guide_w=5.13 Walls=0.00068(x10) g_ns/g_walls=0.869 Windows=0.00053 Doors=0.00009 IC=0.00000 CO2_BC=0.00007 LR=2.43e-04 nu=0.01 NSraw=0.09924 alpha(W1/W8/all)=0.59/0.39/0.48 | 0.86 it/s
[Iter 26830/50000] Total=0.08022 | NS=0.07585 CO2(scaled)=0.00066 CO2_weight=1.00 guide_w=5.13 Walls=0.00030(x10) g_ns/g_walls=0.869 Windows=0.00054 Doors=0.00014 IC=0.00000 CO2_BC=0.00007 LR=2.43e-04 nu=0.01 NSraw=0.3766 alpha(W1/W8/all)=0.59/0.39/0.48 | 0.86 it/s
[Iter 26840/50000] Total=0.04130 | NS=0.03416 CO2(scaled)=0.00065 CO2_weight=1.00 guide_w=5.13 Walls=0.00055(x10) g_ns/g_walls=0.869 Windows=0.00085 Doors=0.00010 IC=0.00000 CO2_BC=0.00007 LR=2.43e-04 nu=0.01 NSraw=0.07631 alpha(W1/W8/all)=0.59/0.39/0.48 | 0.86 it/s
[Iter 26850/50000] Total=0.28174 | NS=0.27498 CO2(scaled)=0.00089 CO2_weight=1.00 guide_w=5.13 Walls=0.00051(x10) g_ns/g_walls=0.869 Windows=0.00064 Doors=0.00008 IC=0.00000 CO2_BC=0.00006 LR=2.43e-04 nu=0.01 NSraw=12.77 alpha(W1/W8/all)=0.59/0.39/0.48 | 0.86 it/s
[Iter 26860/50000] Total=0.04023 | NS=0.03384 CO2(scaled)=0.00072 CO2_weight=1.00 guide_w=5.13 Walls=0.00047(x10) g_ns/g_walls=0.869 Windows=0.00077 Doors=0.00016 IC=0.00000 CO2_BC=0.00007 LR=2.43e-04 nu=0.01 NSraw=0.06326 alpha(W1/W8/all)=0.59/0.39/0.48 | 0.86 it/s
[Iter 26870/50000] Total=0.03816 | NS=0.03404 CO2(scaled)=0.00071 CO2_weight=1.00 guide_w=5.13 Walls=0.00027(x10) g_ns/g_walls=0.869 Windows=0.00051 Doors=0.00013 IC=0.00000 CO2_BC=0.00008 LR=2.43e-04 nu=0.01 NSraw=0.1165 alpha(W1/W8/all)=0.59/0.39/0.48 | 0.86 it/s
[Iter 26880/50000] Total=0.08601 | NS=0.07636 CO2(scaled)=0.00089 CO2_weight=1.00 guide_w=5.13 Walls=0.00075(x10) g_ns/g_walls=0.869 Windows=0.00105 Doors=0.00011 IC=0.00000 CO2_BC=0.00007 LR=2.43e-04 nu=0.01 NSraw=0.3042 alpha(W1/W8/all)=0.59/0.39/0.48 | 0.86 it/s
[Iter 26890/50000] Total=0.04030 | NS=0.03049 CO2(scaled)=0.00074 CO2_weight=1.00 guide_w=5.13 Walls=0.00078(x10) g_ns/g_walls=0.869 Windows=0.00101 Doors=0.00016 IC=0.00000 CO2_BC=0.00008 LR=2.43e-04 nu=0.01 NSraw=0.08432 alpha(W1/W8/all)=0.59/0.39/0.48 | 0.86 it/s
[Iter 26900/50000] Total=0.03315 | NS=0.01340 CO2(scaled)=0.00177 CO2_weight=1.00 guide_w=0.524 Walls=0.00165(x10) g_ns/g_walls=0.111 Windows=0.00128 Doors=0.00008 IC=0.00000 CO2_BC=0.00008 LR=2.42e-04 nu=0.01 NSraw=0.01679 alpha(W1/W8/all)=0.59/0.39/0.48 | 0.86 it/s
[Iter 26910/50000] Total=0.04936 | NS=0.04332 CO2(scaled)=0.00075 CO2_weight=1.00 guide_w=0.524 Walls=0.00043(x10) g_ns/g_walls=0.111 Windows=0.00079 Doors=0.00012 IC=0.00000 CO2_BC=0.00010 LR=2.42e-04 nu=0.01 NSraw=0.09606 alpha(W1/W8/all)=0.59/0.39/0.48 | 0.86 it/s
[Iter 26920/50000] Total=0.07369 | NS=0.06988 CO2(scaled)=0.00081 CO2_weight=1.00 guide_w=0.524 Walls=0.00024(x10) g_ns/g_walls=0.111 Windows=0.00047 Doors=0.00007 IC=0.00000 CO2_BC=0.00008 LR=2.42e-04 nu=0.01 NSraw=0.3022 alpha(W1/W8/all)=0.59/0.39/0.48 | 0.86 it/s
[Iter 26930/50000] Total=0.06828 | NS=0.06431 CO2(scaled)=0.00064 CO2_weight=1.00 guide_w=0.524 Walls=0.00025(x10) g_ns/g_walls=0.111 Windows=0.00061 Doors=0.00011 IC=0.00000 CO2_BC=0.00008 LR=2.42e-04 nu=0.01 NSraw=0.257 alpha(W1/W8/all)=0.59/0.39/0.48 | 0.86 it/s
[Iter 26940/50000] Total=0.06396 | NS=0.05870 CO2(scaled)=0.00078 CO2_weight=1.00 guide_w=0.524 Walls=0.00037(x10) g_ns/g_walls=0.111 Windows=0.00058 Doors=0.00015 IC=0.00000 CO2_BC=0.00007 LR=2.42e-04 nu=0.01 NSraw=0.1902 alpha(W1/W8/all)=0.59/0.39/0.48 | 0.86 it/s
[Iter 26950/50000] Total=0.10782 | NS=0.10004 CO2(scaled)=0.00104 CO2_weight=1.00 guide_w=0.524 Walls=0.00060(x10) g_ns/g_walls=0.111 Windows=0.00057 Doors=0.00011 IC=0.00000 CO2_BC=0.00007 LR=2.42e-04 nu=0.01 NSraw=0.3644 alpha(W1/W8/all)=0.59/0.39/0.48 | 0.86 it/s
[Iter 26960/50000] Total=0.06944 | NS=0.06526 CO2(scaled)=0.00061 CO2_weight=1.00 guide_w=0.524 Walls=0.00027(x10) g_ns/g_walls=0.111 Windows=0.00068 Doors=0.00011 IC=0.00000 CO2_BC=0.00006 LR=2.42e-04 nu=0.01 NSraw=0.2467 alpha(W1/W8/all)=0.59/0.39/0.48 | 0.86 it/s
[Iter 26970/50000] Total=0.17223 | NS=0.16257 CO2(scaled)=0.00091 CO2_weight=1.00 guide_w=0.524 Walls=0.00079(x10) g_ns/g_walls=0.111 Windows=0.00064 Doors=0.00017 IC=0.00000 CO2_BC=0.00008 LR=2.42e-04 nu=0.01 NSraw=1.112 alpha(W1/W8/all)=0.59/0.39/0.48 | 0.86 it/s
[Iter 26980/50000] Total=0.07174 | NS=0.06646 CO2(scaled)=0.00089 CO2_weight=1.00 guide_w=0.524 Walls=0.00037(x10) g_ns/g_walls=0.111 Windows=0.00051 Doors=0.00012 IC=0.00000 CO2_BC=0.00008 LR=2.41e-04 nu=0.01 NSraw=0.1818 alpha(W1/W8/all)=0.59/0.39/0.48 | 0.86 it/s
[Iter 26990/50000] Total=0.13977 | NS=0.12928 CO2(scaled)=0.00083 CO2_weight=1.00 guide_w=0.524 Walls=0.00082(x10) g_ns/g_walls=0.111 Windows=0.00129 Doors=0.00014 IC=0.00000 CO2_BC=0.00007 LR=2.41e-04 nu=0.01 NSraw=1.202 alpha(W1/W8/all)=0.59/0.39/0.48 | 0.86 it/s
[Iter 27000/50000] Total=0.03483 | NS=0.02901 CO2(scaled)=0.00060 CO2_weight=1.00 guide_w=2.15 Walls=0.00043(x10) g_ns/g_walls=0.154 Windows=0.00071 Doors=0.00009 IC=0.00000 CO2_BC=0.00007 LR=2.41e-04 nu=0.01 NSraw=0.07331 alpha(W1/W8/all)=0.59/0.39/0.48 | 0.86 it/s
  -> saved checkpoint: /home/iai-labor/BuildingControlCFD/experiments/gnot/checkpoints/v24_fixedalpha_r50k/gnot_v24_fixedalpha_r50k_iter27000.pth
[Iter 27010/50000] Total=0.03515 | NS=0.02960 CO2(scaled)=0.00056 CO2_weight=1.00 guide_w=2.15 Walls=0.00041(x10) g_ns/g_walls=0.154 Windows=0.00072 Doors=0.00010 IC=0.00000 CO2_BC=0.00007 LR=2.41e-04 nu=0.01 NSraw=0.05248 alpha(W1/W8/all)=0.59/0.39/0.48 | 0.86 it/s
[Iter 27020/50000] Total=0.05495 | NS=0.05035 CO2(scaled)=0.00067 CO2_weight=1.00 guide_w=2.15 Walls=0.00032(x10) g_ns/g_walls=0.154 Windows=0.00053 Doors=0.00009 IC=0.00000 CO2_BC=0.00007 LR=2.41e-04 nu=0.01 NSraw=0.105 alpha(W1/W8/all)=0.59/0.39/0.48 | 0.86 it/s
[Iter 27030/50000] Total=0.06576 | NS=0.06163 CO2(scaled)=0.00083 CO2_weight=1.00 guide_w=2.15 Walls=0.00025(x10) g_ns/g_walls=0.154 Windows=0.00052 Doors=0.00015 IC=0.00000 CO2_BC=0.00008 LR=2.41e-04 nu=0.01 NSraw=0.2625 alpha(W1/W8/all)=0.59/0.39/0.48 | 0.86 it/s
[Iter 27040/50000] Total=0.07172 | NS=0.06603 CO2(scaled)=0.00091 CO2_weight=1.00 guide_w=2.15 Walls=0.00040(x10) g_ns/g_walls=0.154 Windows=0.00060 Doors=0.00013 IC=0.00000 CO2_BC=0.00007 LR=2.41e-04 nu=0.01 NSraw=0.218 alpha(W1/W8/all)=0.59/0.39/0.48 | 0.86 it/s
[Iter 27050/50000] Total=0.06862 | NS=0.06350 CO2(scaled)=0.00079 CO2_weight=1.00 guide_w=2.15 Walls=0.00036(x10) g_ns/g_walls=0.154 Windows=0.00060 Doors=0.00007 IC=0.00000 CO2_BC=0.00007 LR=2.41e-04 nu=0.01 NSraw=0.234 alpha(W1/W8/all)=0.59/0.39/0.48 | 0.86 it/s
[Iter 27060/50000] Total=0.16752 | NS=0.16080 CO2(scaled)=0.00075 CO2_weight=1.00 guide_w=2.15 Walls=0.00053(x10) g_ns/g_walls=0.154 Windows=0.00056 Doors=0.00008 IC=0.00000 CO2_BC=0.00007 LR=2.40e-04 nu=0.01 NSraw=4.637 alpha(W1/W8/all)=0.59/0.39/0.48 | 0.86 it/s
[Iter 27070/50000] Total=0.26697 | NS=0.24446 CO2(scaled)=0.00081 CO2_weight=1.00 guide_w=2.15 Walls=0.00191(x10) g_ns/g_walls=0.154 Windows=0.00238 Doors=0.00011 IC=0.00000 CO2_BC=0.00007 LR=2.40e-04 nu=0.01 NSraw=8.656 alpha(W1/W8/all)=0.59/0.39/0.48 | 0.86 it/s
[Iter 27080/50000] Total=0.07842 | NS=0.06980 CO2(scaled)=0.00056 CO2_weight=1.00 guide_w=2.15 Walls=0.00069(x10) g_ns/g_walls=0.154 Windows=0.00094 Doors=0.00008 IC=0.00000 CO2_BC=0.00009 LR=2.40e-04 nu=0.01 NSraw=0.3687 alpha(W1/W8/all)=0.59/0.39/0.48 | 0.86 it/s
[Iter 27090/50000] Total=0.06686 | NS=0.05906 CO2(scaled)=0.00122 CO2_weight=1.00 guide_w=2.15 Walls=0.00056(x10) g_ns/g_walls=0.154 Windows=0.00084 Doors=0.00010 IC=0.00000 CO2_BC=0.00007 LR=2.40e-04 nu=0.01 NSraw=0.2145 alpha(W1/W8/all)=0.59/0.39/0.48 | 0.86 it/s
[Iter 27100/50000] Total=0.12611 | NS=0.11621 CO2(scaled)=0.00094 CO2_weight=1.00 guide_w=11.7 Walls=0.00080(x10) g_ns/g_walls=1.58 Windows=0.00079 Doors=0.00015 IC=0.00000 CO2_BC=0.00007 LR=2.40e-04 nu=0.01 NSraw=0.7672 alpha(W1/W8/all)=0.59/0.39/0.48 | 0.86 it/s
[Iter 27110/50000] Total=0.05904 | NS=0.04992 CO2(scaled)=0.00072 CO2_weight=1.00 guide_w=11.7 Walls=0.00071(x10) g_ns/g_walls=1.58 Windows=0.00108 Doors=0.00010 IC=0.00000 CO2_BC=0.00007 LR=2.40e-04 nu=0.01 NSraw=0.1278 alpha(W1/W8/all)=0.59/0.39/0.48 | 0.86 it/s
[Iter 27120/50000] Total=0.07274 | NS=0.06839 CO2(scaled)=0.00082 CO2_weight=1.00 guide_w=11.7 Walls=0.00028(x10) g_ns/g_walls=1.58 Windows=0.00059 Doors=0.00009 IC=0.00000 CO2_BC=0.00007 LR=2.40e-04 nu=0.01 NSraw=0.2988 alpha(W1/W8/all)=0.59/0.39/0.48 | 0.86 it/s
[Iter 27130/50000] Total=0.03009 | NS=0.02508 CO2(scaled)=0.00083 CO2_weight=1.00 guide_w=11.7 Walls=0.00034(x10) g_ns/g_walls=1.58 Windows=0.00059 Doors=0.00013 IC=0.00000 CO2_BC=0.00007 LR=2.39e-04 nu=0.01 NSraw=0.04663 alpha(W1/W8/all)=0.59/0.39/0.48 | 0.86 it/s
[Iter 27140/50000] Total=0.05296 | NS=0.04827 CO2(scaled)=0.00075 CO2_weight=1.00 guide_w=11.7 Walls=0.00034(x10) g_ns/g_walls=1.58 Windows=0.00041 Doors=0.00010 IC=0.00000 CO2_BC=0.00007 LR=2.39e-04 nu=0.01 NSraw=0.1282 alpha(W1/W8/all)=0.59/0.39/0.48 | 0.86 it/s
[Iter 27150/50000] Total=0.07911 | NS=0.05804 CO2(scaled)=0.00077 CO2_weight=1.00 guide_w=11.7 Walls=0.00178(x10) g_ns/g_walls=1.58 Windows=0.00231 Doors=0.00007 IC=0.00000 CO2_BC=0.00009 LR=2.39e-04 nu=0.01 NSraw=0.2798 alpha(W1/W8/all)=0.59/0.39/0.48 | 0.86 it/s
[Iter 27160/50000] Total=0.02890 | NS=0.02563 CO2(scaled)=0.00056 CO2_weight=1.00 guide_w=11.7 Walls=0.00020(x10) g_ns/g_walls=1.58 Windows=0.00055 Doors=0.00009 IC=0.00000 CO2_BC=0.00008 LR=2.39e-04 nu=0.01 NSraw=0.04507 alpha(W1/W8/all)=0.59/0.39/0.48 | 0.86 it/s
[Iter 27170/50000] Total=0.03322 | NS=0.02582 CO2(scaled)=0.00069 CO2_weight=1.00 guide_w=11.7 Walls=0.00059(x10) g_ns/g_walls=1.58 Windows=0.00068 Doors=0.00009 IC=0.00000 CO2_BC=0.00008 LR=2.39e-04 nu=0.01 NSraw=0.04547 alpha(W1/W8/all)=0.59/0.39/0.48 | 0.86 it/s
[Iter 27180/50000] Total=0.18420 | NS=0.17727 CO2(scaled)=0.00114 CO2_weight=1.00 guide_w=11.7 Walls=0.00048(x10) g_ns/g_walls=1.58 Windows=0.00087 Doors=0.00006 IC=0.00000 CO2_BC=0.00008 LR=2.39e-04 nu=0.01 NSraw=5.657 alpha(W1/W8/all)=0.59/0.39/0.48 | 0.86 it/s
[Iter 27190/50000] Total=0.07237 | NS=0.05863 CO2(scaled)=0.00118 CO2_weight=1.00 guide_w=11.7 Walls=0.00110(x10) g_ns/g_walls=1.58 Windows=0.00137 Doors=0.00007 IC=0.00000 CO2_BC=0.00009 LR=2.39e-04 nu=0.01 NSraw=0.2235 alpha(W1/W8/all)=0.59/0.39/0.48 | 0.86 it/s
[Iter 27200/50000] Total=0.04748 | NS=0.03241 CO2(scaled)=0.00102 CO2_weight=1.00 guide_w=0.672 Walls=0.00122(x10) g_ns/g_walls=0.0601 Windows=0.00166 Doors=0.00006 IC=0.00000 CO2_BC=0.00008 LR=2.39e-04 nu=0.01 NSraw=0.06019 alpha(W1/W8/all)=0.59/0.39/0.48 | 0.86 it/s
[Iter 27210/50000] Total=0.08476 | NS=0.07522 CO2(scaled)=0.00073 CO2_weight=1.00 guide_w=0.672 Walls=0.00076(x10) g_ns/g_walls=0.0601 Windows=0.00104 Doors=0.00008 IC=0.00000 CO2_BC=0.00008 LR=2.38e-04 nu=0.01 NSraw=0.3481 alpha(W1/W8/all)=0.59/0.39/0.48 | 0.86 it/s
[Iter 27220/50000] Total=0.14993 | NS=0.14462 CO2(scaled)=0.00081 CO2_weight=1.00 guide_w=0.672 Walls=0.00037(x10) g_ns/g_walls=0.0601 Windows=0.00070 Doors=0.00006 IC=0.00000 CO2_BC=0.00008 LR=2.38e-04 nu=0.01 NSraw=2.222 alpha(W1/W8/all)=0.59/0.39/0.48 | 0.86 it/s
[Iter 27230/50000] Total=0.04440 | NS=0.03984 CO2(scaled)=0.00066 CO2_weight=1.00 guide_w=0.672 Walls=0.00031(x10) g_ns/g_walls=0.0601 Windows=0.00068 Doors=0.00008 IC=0.00000 CO2_BC=0.00007 LR=2.38e-04 nu=0.01 NSraw=0.119 alpha(W1/W8/all)=0.59/0.39/0.48 | 0.86 it/s
[Iter 27240/50000] Total=0.16797 | NS=0.15981 CO2(scaled)=0.00102 CO2_weight=1.00 guide_w=0.672 Walls=0.00060(x10) g_ns/g_walls=0.0601 Windows=0.00107 Doors=0.00004 IC=0.00000 CO2_BC=0.00007 LR=2.38e-04 nu=0.01 NSraw=3.88 alpha(W1/W8/all)=0.59/0.39/0.48 | 0.86 it/s
[Iter 27250/50000] Total=0.29998 | NS=0.28557 CO2(scaled)=0.00099 CO2_weight=1.00 guide_w=0.672 Walls=0.00119(x10) g_ns/g_walls=0.0601 Windows=0.00135 Doors=0.00007 IC=0.00000 CO2_BC=0.00007 LR=2.38e-04 nu=0.01 NSraw=12.14 alpha(W1/W8/all)=0.59/0.39/0.48 | 0.86 it/s
[Iter 27260/50000] Total=0.11226 | NS=0.10286 CO2(scaled)=0.00102 CO2_weight=1.00 guide_w=0.672 Walls=0.00069(x10) g_ns/g_walls=0.0601 Windows=0.00137 Doors=0.00007 IC=0.00000 CO2_BC=0.00006 LR=2.38e-04 nu=0.01 NSraw=0.4257 alpha(W1/W8/all)=0.59/0.39/0.48 | 0.86 it/s
[Iter 27270/50000] Total=0.04213 | NS=0.03771 CO2(scaled)=0.00076 CO2_weight=1.00 guide_w=0.672 Walls=0.00028(x10) g_ns/g_walls=0.0601 Windows=0.00073 Doors=0.00008 IC=0.00000 CO2_BC=0.00008 LR=2.38e-04 nu=0.01 NSraw=0.1006 alpha(W1/W8/all)=0.59/0.39/0.48 | 0.86 it/s
[Iter 27280/50000] Total=0.16776 | NS=0.16269 CO2(scaled)=0.00079 CO2_weight=1.00 guide_w=0.672 Walls=0.00034(x10) g_ns/g_walls=0.0601 Windows=0.00077 Doors=0.00008 IC=0.00000 CO2_BC=0.00008 LR=2.38e-04 nu=0.01 NSraw=3.456 alpha(W1/W8/all)=0.59/0.39/0.48 | 0.86 it/s
[Iter 27290/50000] Total=0.07565 | NS=0.06501 CO2(scaled)=0.00073 CO2_weight=1.00 guide_w=0.672 Walls=0.00088(x10) g_ns/g_walls=0.0601 Windows=0.00091 Doors=0.00016 IC=0.00000 CO2_BC=0.00007 LR=2.37e-04 nu=0.01 NSraw=0.2334 alpha(W1/W8/all)=0.59/0.39/0.48 | 0.86 it/s
[Iter 27300/50000] Total=0.06111 | NS=0.04882 CO2(scaled)=0.00082 CO2_weight=1.00 guide_w=6.38 Walls=0.00100(x10) g_ns/g_walls=0.597 Windows=0.00124 Doors=0.00010 IC=0.00000 CO2_BC=0.00008 LR=2.37e-04 nu=0.01 NSraw=0.2053 alpha(W1/W8/all)=0.59/0.39/0.48 | 0.86 it/s
[Iter 27310/50000] Total=0.13676 | NS=0.11878 CO2(scaled)=0.00089 CO2_weight=1.00 guide_w=6.38 Walls=0.00154(x10) g_ns/g_walls=0.597 Windows=0.00153 Doors=0.00010 IC=0.00000 CO2_BC=0.00008 LR=2.37e-04 nu=0.01 NSraw=1.991 alpha(W1/W8/all)=0.59/0.39/0.48 | 0.86 it/s
[Iter 27320/50000] Total=0.10675 | NS=0.09632 CO2(scaled)=0.00086 CO2_weight=1.00 guide_w=6.38 Walls=0.00081(x10) g_ns/g_walls=0.597 Windows=0.00137 Doors=0.00009 IC=0.00000 CO2_BC=0.00006 LR=2.37e-04 nu=0.01 NSraw=0.6932 alpha(W1/W8/all)=0.59/0.39/0.48 | 0.86 it/s
[Iter 27330/50000] Total=0.22301 | NS=0.21419 CO2(scaled)=0.00135 CO2_weight=1.00 guide_w=6.38 Walls=0.00066(x10) g_ns/g_walls=0.597 Windows=0.00070 Doors=0.00010 IC=0.00000 CO2_BC=0.00008 LR=2.37e-04 nu=0.01 NSraw=3.778 alpha(W1/W8/all)=0.59/0.39/0.48 | 0.86 it/s
[Iter 27340/50000] Total=0.07975 | NS=0.06077 CO2(scaled)=0.00125 CO2_weight=1.00 guide_w=6.38 Walls=0.00162(x10) g_ns/g_walls=0.597 Windows=0.00129 Doors=0.00011 IC=0.00000 CO2_BC=0.00009 LR=2.37e-04 nu=0.01 NSraw=0.7124 alpha(W1/W8/all)=0.59/0.39/0.48 | 0.86 it/s
[Iter 27350/50000] Total=0.18680 | NS=0.17726 CO2(scaled)=0.00106 CO2_weight=1.00 guide_w=6.38 Walls=0.00070(x10) g_ns/g_walls=0.597 Windows=0.00137 Doors=0.00008 IC=0.00000 CO2_BC=0.00008 LR=2.37e-04 nu=0.01 NSraw=1.907 alpha(W1/W8/all)=0.59/0.39/0.48 | 0.86 it/s
[Iter 27360/50000] Total=0.03290 | NS=0.02474 CO2(scaled)=0.00098 CO2_weight=1.00 guide_w=6.38 Walls=0.00063(x10) g_ns/g_walls=0.597 Windows=0.00072 Doors=0.00009 IC=0.00000 CO2_BC=0.00007 LR=2.37e-04 nu=0.01 NSraw=0.04916 alpha(W1/W8/all)=0.59/0.39/0.48 | 0.86 it/s
[Iter 27370/50000] Total=0.09239 | NS=0.08697 CO2(scaled)=0.00091 CO2_weight=1.00 guide_w=6.38 Walls=0.00037(x10) g_ns/g_walls=0.597 Windows=0.00071 Doors=0.00007 IC=0.00000 CO2_BC=0.00006 LR=2.36e-04 nu=0.01 NSraw=0.3176 alpha(W1/W8/all)=0.59/0.39/0.48 | 0.86 it/s
[Iter 27380/50000] Total=0.19336 | NS=0.18859 CO2(scaled)=0.00080 CO2_weight=1.00 guide_w=6.38 Walls=0.00032(x10) g_ns/g_walls=0.597 Windows=0.00062 Doors=0.00008 IC=0.00000 CO2_BC=0.00006 LR=2.36e-04 nu=0.01 NSraw=5.025 alpha(W1/W8/all)=0.59/0.39/0.48 | 0.86 it/s
[Iter 27390/50000] Total=0.05912 | NS=0.05342 CO2(scaled)=0.00074 CO2_weight=1.00 guide_w=6.38 Walls=0.00043(x10) g_ns/g_walls=0.597 Windows=0.00051 Doors=0.00010 IC=0.00000 CO2_BC=0.00007 LR=2.36e-04 nu=0.01 NSraw=0.2964 alpha(W1/W8/all)=0.59/0.39/0.48 | 0.86 it/s
[Iter 27400/50000] Total=0.05231 | NS=0.04403 CO2(scaled)=0.00133 CO2_weight=1.00 guide_w=1.87 Walls=0.00059(x10) g_ns/g_walls=0.542 Windows=0.00091 Doors=0.00007 IC=0.00000 CO2_BC=0.00007 LR=2.36e-04 nu=0.01 NSraw=0.08601 alpha(W1/W8/all)=0.59/0.39/0.48 | 0.86 it/s
[Iter 27410/50000] Total=0.05802 | NS=0.05042 CO2(scaled)=0.00145 CO2_weight=1.00 guide_w=1.87 Walls=0.00053(x10) g_ns/g_walls=0.542 Windows=0.00067 Doors=0.00008 IC=0.00000 CO2_BC=0.00008 LR=2.36e-04 nu=0.01 NSraw=0.1811 alpha(W1/W8/all)=0.59/0.39/0.48 | 0.86 it/s
[Iter 27420/50000] Total=0.05226 | NS=0.04244 CO2(scaled)=0.00109 CO2_weight=1.00 guide_w=1.87 Walls=0.00074(x10) g_ns/g_walls=0.542 Windows=0.00114 Doors=0.00009 IC=0.00000 CO2_BC=0.00007 LR=2.36e-04 nu=0.01 NSraw=0.09544 alpha(W1/W8/all)=0.59/0.39/0.48 | 0.86 it/s
[Iter 27430/50000] Total=0.09523 | NS=0.09123 CO2(scaled)=0.00129 CO2_weight=1.00 guide_w=1.87 Walls=0.00021(x10) g_ns/g_walls=0.542 Windows=0.00049 Doors=0.00010 IC=0.00000 CO2_BC=0.00007 LR=2.36e-04 nu=0.01 NSraw=0.4334 alpha(W1/W8/all)=0.59/0.39/0.48 | 0.86 it/s
[Iter 27440/50000] Total=0.09072 | NS=0.08537 CO2(scaled)=0.00072 CO2_weight=1.00 guide_w=1.87 Walls=0.00039(x10) g_ns/g_walls=0.542 Windows=0.00059 Doors=0.00009 IC=0.00000 CO2_BC=0.00009 LR=2.36e-04 nu=0.01 NSraw=0.3264 alpha(W1/W8/all)=0.59/0.39/0.48 | 0.86 it/s
[Iter 27450/50000] Total=0.07201 | NS=0.05900 CO2(scaled)=0.00157 CO2_weight=1.00 guide_w=1.87 Walls=0.00100(x10) g_ns/g_walls=0.542 Windows=0.00127 Doors=0.00008 IC=0.00000 CO2_BC=0.00007 LR=2.35e-04 nu=0.01 NSraw=0.2701 alpha(W1/W8/all)=0.59/0.39/0.48 | 0.86 it/s
[Iter 27460/50000] Total=0.04785 | NS=0.04443 CO2(scaled)=0.00081 CO2_weight=1.00 guide_w=1.87 Walls=0.00020(x10) g_ns/g_walls=0.542 Windows=0.00045 Doors=0.00008 IC=0.00000 CO2_BC=0.00009 LR=2.35e-04 nu=0.01 NSraw=0.1343 alpha(W1/W8/all)=0.59/0.39/0.48 | 0.86 it/s
[Iter 27470/50000] Total=0.11995 | NS=0.11108 CO2(scaled)=0.00118 CO2_weight=1.00 guide_w=1.87 Walls=0.00066(x10) g_ns/g_walls=0.542 Windows=0.00093 Doors=0.00008 IC=0.00000 CO2_BC=0.00008 LR=2.35e-04 nu=0.01 NSraw=1.103 alpha(W1/W8/all)=0.59/0.39/0.48 | 0.86 it/s
[Iter 27480/50000] Total=0.05530 | NS=0.05077 CO2(scaled)=0.00095 CO2_weight=1.00 guide_w=1.87 Walls=0.00029(x10) g_ns/g_walls=0.542 Windows=0.00048 Doors=0.00008 IC=0.00000 CO2_BC=0.00009 LR=2.35e-04 nu=0.01 NSraw=0.1407 alpha(W1/W8/all)=0.59/0.39/0.48 | 0.86 it/s
[Iter 27490/50000] Total=0.10415 | NS=0.09000 CO2(scaled)=0.00152 CO2_weight=1.00 guide_w=1.87 Walls=0.00110(x10) g_ns/g_walls=0.542 Windows=0.00137 Doors=0.00011 IC=0.00000 CO2_BC=0.00013 LR=2.35e-04 nu=0.01 NSraw=0.3121 alpha(W1/W8/all)=0.59/0.39/0.48 | 0.86 it/s
[Iter 27500/50000] Total=0.08606 | NS=0.08072 CO2(scaled)=0.00111 CO2_weight=1.00 guide_w=48.1 Walls=0.00033(x10) g_ns/g_walls=9.22 Windows=0.00071 Doors=0.00013 IC=0.00000 CO2_BC=0.00009 LR=2.35e-04 nu=0.01 NSraw=0.3546 alpha(W1/W8/all)=0.59/0.39/0.48 | 0.86 it/s
[Iter 27510/50000] Total=0.06165 | NS=0.05612 CO2(scaled)=0.00091 CO2_weight=1.00 guide_w=48.1 Walls=0.00037(x10) g_ns/g_walls=9.22 Windows=0.00067 Doors=0.00010 IC=0.00000 CO2_BC=0.00010 LR=2.35e-04 nu=0.01 NSraw=0.1508 alpha(W1/W8/all)=0.59/0.39/0.48 | 0.86 it/s
[Iter 27520/50000] Total=0.07914 | NS=0.06995 CO2(scaled)=0.00081 CO2_weight=1.00 guide_w=48.1 Walls=0.00073(x10) g_ns/g_walls=9.22 Windows=0.00086 Doors=0.00012 IC=0.00000 CO2_BC=0.00007 LR=2.35e-04 nu=0.01 NSraw=0.4582 alpha(W1/W8/all)=0.59/0.39/0.48 | 0.86 it/s
[Iter 27530/50000] Total=0.08832 | NS=0.07259 CO2(scaled)=0.00086 CO2_weight=1.00 guide_w=48.1 Walls=0.00134(x10) g_ns/g_walls=9.22 Windows=0.00136 Doors=0.00009 IC=0.00000 CO2_BC=0.00007 LR=2.35e-04 nu=0.01 NSraw=0.2306 alpha(W1/W8/all)=0.59/0.39/0.48 | 0.86 it/s
[Iter 27540/50000] Total=0.05888 | NS=0.05300 CO2(scaled)=0.00066 CO2_weight=1.00 guide_w=48.1 Walls=0.00041(x10) g_ns/g_walls=9.22 Windows=0.00091 Doors=0.00009 IC=0.00000 CO2_BC=0.00007 LR=2.34e-04 nu=0.01 NSraw=0.1791 alpha(W1/W8/all)=0.59/0.39/0.48 | 0.86 it/s
[Iter 27550/50000] Total=0.04676 | NS=0.03816 CO2(scaled)=0.00068 CO2_weight=1.00 guide_w=48.1 Walls=0.00067(x10) g_ns/g_walls=9.22 Windows=0.00107 Doors=0.00007 IC=0.00000 CO2_BC=0.00008 LR=2.34e-04 nu=0.01 NSraw=0.07947 alpha(W1/W8/all)=0.59/0.39/0.48 | 0.86 it/s
[Iter 27560/50000] Total=0.14900 | NS=0.14312 CO2(scaled)=0.00061 CO2_weight=1.00 guide_w=48.1 Walls=0.00043(x10) g_ns/g_walls=9.22 Windows=0.00082 Doors=0.00006 IC=0.00000 CO2_BC=0.00007 LR=2.34e-04 nu=0.01 NSraw=3.816 alpha(W1/W8/all)=0.59/0.39/0.48 | 0.86 it/s
[Iter 27570/50000] Total=0.19446 | NS=0.18964 CO2(scaled)=0.00086 CO2_weight=1.00 guide_w=48.1 Walls=0.00033(x10) g_ns/g_walls=9.22 Windows=0.00050 Doors=0.00011 IC=0.00000 CO2_BC=0.00006 LR=2.34e-04 nu=0.01 NSraw=4.115 alpha(W1/W8/all)=0.59/0.39/0.48 | 0.86 it/s
[Iter 27580/50000] Total=0.16187 | NS=0.15470 CO2(scaled)=0.00120 CO2_weight=1.00 guide_w=48.1 Walls=0.00050(x10) g_ns/g_walls=9.22 Windows=0.00082 Doors=0.00011 IC=0.00000 CO2_BC=0.00005 LR=2.34e-04 nu=0.01 NSraw=2.838 alpha(W1/W8/all)=0.59/0.39/0.48 | 0.86 it/s
[Iter 27590/50000] Total=0.27662 | NS=0.26631 CO2(scaled)=0.00084 CO2_weight=1.00 guide_w=48.1 Walls=0.00086(x10) g_ns/g_walls=9.22 Windows=0.00069 Doors=0.00010 IC=0.00000 CO2_BC=0.00006 LR=2.34e-04 nu=0.01 NSraw=6.031 alpha(W1/W8/all)=0.59/0.39/0.48 | 0.86 it/s
[Iter 27600/50000] Total=0.09961 | NS=0.09023 CO2(scaled)=0.00154 CO2_weight=1.00 guide_w=4.31 Walls=0.00069(x10) g_ns/g_walls=1.03 Windows=0.00077 Doors=0.00009 IC=0.00000 CO2_BC=0.00006 LR=2.34e-04 nu=0.01 NSraw=0.4708 alpha(W1/W8/all)=0.59/0.39/0.48 | 0.86 it/s
[Iter 27610/50000] Total=0.07165 | NS=0.06796 CO2(scaled)=0.00091 CO2_weight=1.00 guide_w=4.31 Walls=0.00021(x10) g_ns/g_walls=1.03 Windows=0.00052 Doors=0.00008 IC=0.00000 CO2_BC=0.00008 LR=2.34e-04 nu=0.01 NSraw=0.278 alpha(W1/W8/all)=0.59/0.39/0.48 | 0.86 it/s
[Iter 27620/50000] Total=0.13369 | NS=0.12682 CO2(scaled)=0.00093 CO2_weight=1.00 guide_w=4.31 Walls=0.00050(x10) g_ns/g_walls=1.03 Windows=0.00080 Doors=0.00007 IC=0.00000 CO2_BC=0.00008 LR=2.33e-04 nu=0.01 NSraw=1.12 alpha(W1/W8/all)=0.59/0.39/0.48 | 0.86 it/s
[Iter 27630/50000] Total=0.04720 | NS=0.03764 CO2(scaled)=0.00083 CO2_weight=1.00 guide_w=4.31 Walls=0.00076(x10) g_ns/g_walls=1.03 Windows=0.00095 Doors=0.00009 IC=0.00000 CO2_BC=0.00007 LR=2.33e-04 nu=0.01 NSraw=0.0948 alpha(W1/W8/all)=0.59/0.39/0.48 | 0.86 it/s
[Iter 27640/50000] Total=0.19086 | NS=0.18465 CO2(scaled)=0.00083 CO2_weight=1.00 guide_w=4.31 Walls=0.00046(x10) g_ns/g_walls=1.03 Windows=0.00059 Doors=0.00012 IC=0.00000 CO2_BC=0.00006 LR=2.33e-04 nu=0.01 NSraw=5.165 alpha(W1/W8/all)=0.59/0.39/0.48 | 0.86 it/s
[Iter 27650/50000] Total=0.15403 | NS=0.14724 CO2(scaled)=0.00088 CO2_weight=1.00 guide_w=4.31 Walls=0.00050(x10) g_ns/g_walls=1.03 Windows=0.00072 Doors=0.00013 IC=0.00000 CO2_BC=0.00007 LR=2.33e-04 nu=0.01 NSraw=3.222 alpha(W1/W8/all)=0.59/0.39/0.48 | 0.86 it/s
[Iter 27660/50000] Total=0.02364 | NS=0.01931 CO2(scaled)=0.00083 CO2_weight=1.00 guide_w=4.31 Walls=0.00028(x10) g_ns/g_walls=1.03 Windows=0.00048 Doors=0.00011 IC=0.00000 CO2_BC=0.00007 LR=2.33e-04 nu=0.01 NSraw=0.03657 alpha(W1/W8/all)=0.59/0.39/0.48 | 0.86 it/s
[Iter 27670/50000] Total=0.03090 | NS=0.02256 CO2(scaled)=0.00069 CO2_weight=1.00 guide_w=4.31 Walls=0.00067(x10) g_ns/g_walls=1.03 Windows=0.00082 Doors=0.00009 IC=0.00000 CO2_BC=0.00007 LR=2.33e-04 nu=0.01 NSraw=0.04044 alpha(W1/W8/all)=0.59/0.39/0.48 | 0.86 it/s
[Iter 27680/50000] Total=0.03840 | NS=0.03260 CO2(scaled)=0.00095 CO2_weight=1.00 guide_w=4.31 Walls=0.00040(x10) g_ns/g_walls=1.03 Windows=0.00065 Doors=0.00010 IC=0.00000 CO2_BC=0.00007 LR=2.33e-04 nu=0.01 NSraw=0.09784 alpha(W1/W8/all)=0.59/0.39/0.48 | 0.86 it/s
[Iter 27690/50000] Total=0.16417 | NS=0.15476 CO2(scaled)=0.00083 CO2_weight=1.00 guide_w=4.31 Walls=0.00076(x10) g_ns/g_walls=1.03 Windows=0.00079 Doors=0.00008 IC=0.00000 CO2_BC=0.00007 LR=2.33e-04 nu=0.01 NSraw=3.889 alpha(W1/W8/all)=0.59/0.39/0.48 | 0.86 it/s
[Iter 27700/50000] Total=0.07049 | NS=0.06470 CO2(scaled)=0.00069 CO2_weight=1.00 guide_w=5.32 Walls=0.00042(x10) g_ns/g_walls=0.834 Windows=0.00077 Doors=0.00009 IC=0.00000 CO2_BC=0.00007 LR=2.32e-04 nu=0.01 NSraw=0.2851 alpha(W1/W8/all)=0.59/0.39/0.48 | 0.86 it/s
[Iter 27710/50000] Total=0.04229 | NS=0.03674 CO2(scaled)=0.00075 CO2_weight=1.00 guide_w=5.32 Walls=0.00041(x10) g_ns/g_walls=0.834 Windows=0.00055 Doors=0.00009 IC=0.00000 CO2_BC=0.00008 LR=2.32e-04 nu=0.01 NSraw=0.08261 alpha(W1/W8/all)=0.59/0.39/0.48 | 0.86 it/s
[Iter 27720/50000] Total=0.07049 | NS=0.06074 CO2(scaled)=0.00070 CO2_weight=1.00 guide_w=5.32 Walls=0.00082(x10) g_ns/g_walls=0.834 Windows=0.00072 Doors=0.00007 IC=0.00000 CO2_BC=0.00007 LR=2.32e-04 nu=0.01 NSraw=0.2396 alpha(W1/W8/all)=0.59/0.39/0.48 | 0.86 it/s
[Iter 27730/50000] Total=0.56216 | NS=0.55614 CO2(scaled)=0.00063 CO2_weight=1.00 guide_w=5.32 Walls=0.00043(x10) g_ns/g_walls=0.834 Windows=0.00094 Doors=0.00007 IC=0.00000 CO2_BC=0.00008 LR=2.32e-04 nu=0.01 NSraw=47.73 alpha(W1/W8/all)=0.59/0.39/0.48 | 0.86 it/s
[Iter 27740/50000] Total=0.08542 | NS=0.07563 CO2(scaled)=0.00112 CO2_weight=1.00 guide_w=5.32 Walls=0.00075(x10) g_ns/g_walls=0.834 Windows=0.00106 Doors=0.00009 IC=0.00000 CO2_BC=0.00007 LR=2.32e-04 nu=0.01 NSraw=0.3273 alpha(W1/W8/all)=0.59/0.39/0.48 | 0.86 it/s
[Iter 27750/50000] Total=0.06827 | NS=0.06189 CO2(scaled)=0.00142 CO2_weight=1.00 guide_w=5.32 Walls=0.00038(x10) g_ns/g_walls=0.834 Windows=0.00097 Doors=0.00009 IC=0.00000 CO2_BC=0.00008 LR=2.32e-04 nu=0.01 NSraw=0.2413 alpha(W1/W8/all)=0.59/0.39/0.48 | 0.86 it/s
[Iter 27760/50000] Total=0.03716 | NS=0.03275 CO2(scaled)=0.00068 CO2_weight=1.00 guide_w=5.32 Walls=0.00030(x10) g_ns/g_walls=0.834 Windows=0.00060 Doors=0.00009 IC=0.00000 CO2_BC=0.00008 LR=2.32e-04 nu=0.01 NSraw=0.07265 alpha(W1/W8/all)=0.59/0.39/0.48 | 0.86 it/s
[Iter 27770/50000] Total=0.03534 | NS=0.02937 CO2(scaled)=0.00094 CO2_weight=1.00 guide_w=5.32 Walls=0.00040(x10) g_ns/g_walls=0.834 Windows=0.00086 Doors=0.00009 IC=0.00000 CO2_BC=0.00006 LR=2.32e-04 nu=0.01 NSraw=0.05887 alpha(W1/W8/all)=0.59/0.39/0.48 | 0.86 it/s
[Iter 27780/50000] Total=0.09115 | NS=0.08701 CO2(scaled)=0.00081 CO2_weight=1.00 guide_w=5.32 Walls=0.00025(x10) g_ns/g_walls=0.834 Windows=0.00066 Doors=0.00011 IC=0.00000 CO2_BC=0.00005 LR=2.31e-04 nu=0.01 NSraw=0.3601 alpha(W1/W8/all)=0.59/0.39/0.48 | 0.86 it/s
[Iter 27790/50000] Total=0.04021 | NS=0.03425 CO2(scaled)=0.00087 CO2_weight=1.00 guide_w=5.32 Walls=0.00042(x10) g_ns/g_walls=0.834 Windows=0.00078 Doors=0.00008 IC=0.00000 CO2_BC=0.00005 LR=2.31e-04 nu=0.01 NSraw=0.07575 alpha(W1/W8/all)=0.59/0.39/0.48 | 0.86 it/s
[Iter 27800/50000] Total=0.01828 | NS=0.01272 CO2(scaled)=0.00083 CO2_weight=1.00 guide_w=2.32 Walls=0.00039(x10) g_ns/g_walls=0.312 Windows=0.00068 Doors=0.00011 IC=0.00000 CO2_BC=0.00008 LR=2.31e-04 nu=0.01 NSraw=0.01939 alpha(W1/W8/all)=0.59/0.39/0.48 | 0.86 it/s
[Iter 27810/50000] Total=0.32441 | NS=0.31922 CO2(scaled)=0.00081 CO2_weight=1.00 guide_w=2.32 Walls=0.00035(x10) g_ns/g_walls=0.312 Windows=0.00071 Doors=0.00013 IC=0.00000 CO2_BC=0.00008 LR=2.31e-04 nu=0.01 NSraw=13.4 alpha(W1/W8/all)=0.59/0.39/0.48 | 0.86 it/s
[Iter 27820/50000] Total=0.15120 | NS=0.14488 CO2(scaled)=0.00129 CO2_weight=1.00 guide_w=2.32 Walls=0.00042(x10) g_ns/g_walls=0.312 Windows=0.00068 Doors=0.00010 IC=0.00000 CO2_BC=0.00007 LR=2.31e-04 nu=0.01 NSraw=2.23 alpha(W1/W8/all)=0.59/0.39/0.48 | 0.86 it/s
[Iter 27830/50000] Total=0.23259 | NS=0.22596 CO2(scaled)=0.00140 CO2_weight=1.00 guide_w=2.32 Walls=0.00044(x10) g_ns/g_walls=0.312 Windows=0.00073 Doors=0.00006 IC=0.00000 CO2_BC=0.00006 LR=2.31e-04 nu=0.01 NSraw=7.084 alpha(W1/W8/all)=0.59/0.39/0.48 | 0.86 it/s
[Iter 27840/50000] Total=0.03894 | NS=0.03524 CO2(scaled)=0.00091 CO2_weight=1.00 guide_w=2.32 Walls=0.00022(x10) g_ns/g_walls=0.312 Windows=0.00049 Doors=0.00006 IC=0.00000 CO2_BC=0.00007 LR=2.31e-04 nu=0.01 NSraw=0.07248 alpha(W1/W8/all)=0.59/0.39/0.48 | 0.86 it/s
[Iter 27850/50000] Total=0.09594 | NS=0.08392 CO2(scaled)=0.00123 CO2_weight=1.00 guide_w=2.32 Walls=0.00102(x10) g_ns/g_walls=0.312 Windows=0.00045 Doors=0.00009 IC=0.00000 CO2_BC=0.00009 LR=2.31e-04 nu=0.01 NSraw=0.3322 alpha(W1/W8/all)=0.59/0.39/0.48 | 0.86 it/s
[Iter 27860/50000] Total=0.03332 | NS=0.02277 CO2(scaled)=0.00077 CO2_weight=1.00 guide_w=2.32 Walls=0.00092(x10) g_ns/g_walls=0.312 Windows=0.00048 Doors=0.00007 IC=0.00000 CO2_BC=0.00007 LR=2.30e-04 nu=0.01 NSraw=0.04859 alpha(W1/W8/all)=0.59/0.39/0.48 | 0.86 it/s
[Iter 27870/50000] Total=0.05443 | NS=0.04635 CO2(scaled)=0.00070 CO2_weight=1.00 guide_w=2.32 Walls=0.00066(x10) g_ns/g_walls=0.312 Windows=0.00069 Doors=0.00007 IC=0.00000 CO2_BC=0.00007 LR=2.30e-04 nu=0.01 NSraw=0.1109 alpha(W1/W8/all)=0.59/0.39/0.48 | 0.86 it/s
[Iter 27880/50000] Total=0.30973 | NS=0.30131 CO2(scaled)=0.00096 CO2_weight=1.00 guide_w=2.32 Walls=0.00067(x10) g_ns/g_walls=0.312 Windows=0.00059 Doors=0.00011 IC=0.00000 CO2_BC=0.00008 LR=2.30e-04 nu=0.01 NSraw=13.67 alpha(W1/W8/all)=0.59/0.39/0.48 | 0.86 it/s
[Iter 27890/50000] Total=0.03901 | NS=0.03308 CO2(scaled)=0.00092 CO2_weight=1.00 guide_w=2.32 Walls=0.00039(x10) g_ns/g_walls=0.312 Windows=0.00088 Doors=0.00016 IC=0.00000 CO2_BC=0.00007 LR=2.30e-04 nu=0.01 NSraw=0.08963 alpha(W1/W8/all)=0.59/0.39/0.48 | 0.86 it/s
[Iter 27900/50000] Total=0.41843 | NS=0.41115 CO2(scaled)=0.00120 CO2_weight=1.00 guide_w=125 Walls=0.00052(x10) g_ns/g_walls=27.8 Windows=0.00069 Doors=0.00010 IC=0.00000 CO2_BC=0.00007 LR=2.30e-04 nu=0.01 NSraw=32.87 alpha(W1/W8/all)=0.59/0.39/0.48 | 0.86 it/s
[Iter 27910/50000] Total=0.04676 | NS=0.03574 CO2(scaled)=0.00121 CO2_weight=1.00 guide_w=125 Walls=0.00086(x10) g_ns/g_walls=27.8 Windows=0.00106 Doors=0.00011 IC=0.00000 CO2_BC=0.00006 LR=2.30e-04 nu=0.01 NSraw=0.06863 alpha(W1/W8/all)=0.59/0.39/0.48 | 0.86 it/s
[Iter 27920/50000] Total=0.06324 | NS=0.05228 CO2(scaled)=0.00080 CO2_weight=1.00 guide_w=125 Walls=0.00089(x10) g_ns/g_walls=27.8 Windows=0.00112 Doors=0.00007 IC=0.00000 CO2_BC=0.00007 LR=2.30e-04 nu=0.01 NSraw=0.2682 alpha(W1/W8/all)=0.59/0.39/0.48 | 0.86 it/s
[Iter 27930/50000] Total=0.04444 | NS=0.03933 CO2(scaled)=0.00097 CO2_weight=1.00 guide_w=125 Walls=0.00035(x10) g_ns/g_walls=27.8 Windows=0.00042 Doors=0.00014 IC=0.00000 CO2_BC=0.00009 LR=2.30e-04 nu=0.01 NSraw=0.1136 alpha(W1/W8/all)=0.59/0.39/0.48 | 0.86 it/s
[Iter 27940/50000] Total=0.03939 | NS=0.03319 CO2(scaled)=0.00072 CO2_weight=1.00 guide_w=125 Walls=0.00046(x10) g_ns/g_walls=27.8 Windows=0.00068 Doors=0.00008 IC=0.00000 CO2_BC=0.00009 LR=2.29e-04 nu=0.01 NSraw=0.1675 alpha(W1/W8/all)=0.59/0.39/0.48 | 0.86 it/s
[Iter 27950/50000] Total=0.23127 | NS=0.22398 CO2(scaled)=0.00147 CO2_weight=1.00 guide_w=125 Walls=0.00049(x10) g_ns/g_walls=27.8 Windows=0.00071 Doors=0.00009 IC=0.00000 CO2_BC=0.00007 LR=2.29e-04 nu=0.01 NSraw=2.086 alpha(W1/W8/all)=0.59/0.39/0.48 | 0.86 it/s
[Iter 27960/50000] Total=0.07055 | NS=0.06190 CO2(scaled)=0.00103 CO2_weight=1.00 guide_w=125 Walls=0.00066(x10) g_ns/g_walls=27.8 Windows=0.00083 Doors=0.00010 IC=0.00000 CO2_BC=0.00008 LR=2.29e-04 nu=0.01 NSraw=0.243 alpha(W1/W8/all)=0.59/0.39/0.48 | 0.86 it/s
[Iter 27970/50000] Total=0.04749 | NS=0.04305 CO2(scaled)=0.00084 CO2_weight=1.00 guide_w=125 Walls=0.00030(x10) g_ns/g_walls=27.8 Windows=0.00041 Doors=0.00012 IC=0.00000 CO2_BC=0.00009 LR=2.29e-04 nu=0.01 NSraw=0.135 alpha(W1/W8/all)=0.59/0.39/0.48 | 0.86 it/s
[Iter 27980/50000] Total=0.13909 | NS=0.13368 CO2(scaled)=0.00091 CO2_weight=1.00 guide_w=125 Walls=0.00038(x10) g_ns/g_walls=27.8 Windows=0.00057 Doors=0.00009 IC=0.00000 CO2_BC=0.00007 LR=2.29e-04 nu=0.01 NSraw=1.679 alpha(W1/W8/all)=0.59/0.39/0.48 | 0.86 it/s
[Iter 27990/50000] Total=0.03352 | NS=0.02627 CO2(scaled)=0.00068 CO2_weight=1.00 guide_w=125 Walls=0.00058(x10) g_ns/g_walls=27.8 Windows=0.00064 Doors=0.00009 IC=0.00000 CO2_BC=0.00008 LR=2.29e-04 nu=0.01 NSraw=0.07793 alpha(W1/W8/all)=0.59/0.39/0.48 | 0.86 it/s
[Iter 28000/50000] Total=0.03135 | NS=0.02406 CO2(scaled)=0.00071 CO2_weight=1.00 guide_w=3.12 Walls=0.00058(x10) g_ns/g_walls=0.134 Windows=0.00070 Doors=0.00007 IC=0.00000 CO2_BC=0.00005 LR=2.29e-04 nu=0.01 NSraw=0.03729 alpha(W1/W8/all)=0.59/0.39/0.48 | 0.86 it/s
  -> saved checkpoint: /home/iai-labor/BuildingControlCFD/experiments/gnot/checkpoints/v24_fixedalpha_r50k/gnot_v24_fixedalpha_r50k_iter28000.pth
[Iter 28010/50000] Total=0.10434 | NS=0.08674 CO2(scaled)=0.00064 CO2_weight=1.00 guide_w=3.12 Walls=0.00151(x10) g_ns/g_walls=0.134 Windows=0.00171 Doors=0.00010 IC=0.00000 CO2_BC=0.00006 LR=2.29e-04 nu=0.01 NSraw=0.4361 alpha(W1/W8/all)=0.59/0.39/0.48 | 0.86 it/s
[Iter 28020/50000] Total=0.18275 | NS=0.17624 CO2(scaled)=0.00069 CO2_weight=1.00 guide_w=3.12 Walls=0.00050(x10) g_ns/g_walls=0.134 Windows=0.00063 Doors=0.00012 IC=0.00000 CO2_BC=0.00006 LR=2.29e-04 nu=0.01 NSraw=1.789 alpha(W1/W8/all)=0.59/0.39/0.48 | 0.86 it/s
[Iter 28030/50000] Total=0.09577 | NS=0.09154 CO2(scaled)=0.00073 CO2_weight=1.00 guide_w=3.12 Walls=0.00028(x10) g_ns/g_walls=0.134 Windows=0.00057 Doors=0.00009 IC=0.00000 CO2_BC=0.00006 LR=2.28e-04 nu=0.01 NSraw=0.8239 alpha(W1/W8/all)=0.59/0.39/0.48 | 0.86 it/s
[Iter 28040/50000] Total=0.06115 | NS=0.05673 CO2(scaled)=0.00070 CO2_weight=1.00 guide_w=3.12 Walls=0.00030(x10) g_ns/g_walls=0.134 Windows=0.00058 Doors=0.00008 IC=0.00000 CO2_BC=0.00008 LR=2.28e-04 nu=0.01 NSraw=0.2433 alpha(W1/W8/all)=0.59/0.39/0.48 | 0.86 it/s
[Iter 28050/50000] Total=0.05423 | NS=0.05077 CO2(scaled)=0.00073 CO2_weight=1.00 guide_w=3.12 Walls=0.00021(x10) g_ns/g_walls=0.134 Windows=0.00054 Doors=0.00005 IC=0.00000 CO2_BC=0.00006 LR=2.28e-04 nu=0.01 NSraw=0.1637 alpha(W1/W8/all)=0.59/0.39/0.48 | 0.86 it/s
[Iter 28060/50000] Total=0.08561 | NS=0.08216 CO2(scaled)=0.00082 CO2_weight=1.00 guide_w=3.12 Walls=0.00020(x10) g_ns/g_walls=0.134 Windows=0.00042 Doors=0.00014 IC=0.00000 CO2_BC=0.00007 LR=2.28e-04 nu=0.01 NSraw=0.4947 alpha(W1/W8/all)=0.59/0.39/0.48 | 0.86 it/s
[Iter 28070/50000] Total=0.02363 | NS=0.01384 CO2(scaled)=0.00074 CO2_weight=1.00 guide_w=3.12 Walls=0.00079(x10) g_ns/g_walls=0.134 Windows=0.00090 Doors=0.00013 IC=0.00000 CO2_BC=0.00008 LR=2.28e-04 nu=0.01 NSraw=0.018 alpha(W1/W8/all)=0.59/0.39/0.48 | 0.86 it/s
[Iter 28080/50000] Total=0.04010 | NS=0.03377 CO2(scaled)=0.00066 CO2_weight=1.00 guide_w=3.12 Walls=0.00047(x10) g_ns/g_walls=0.134 Windows=0.00082 Doors=0.00012 IC=0.00000 CO2_BC=0.00007 LR=2.28e-04 nu=0.01 NSraw=0.09873 alpha(W1/W8/all)=0.59/0.39/0.48 | 0.86 it/s
[Iter 28090/50000] Total=0.13987 | NS=0.13509 CO2(scaled)=0.00081 CO2_weight=1.00 guide_w=3.12 Walls=0.00032(x10) g_ns/g_walls=0.134 Windows=0.00059 Doors=0.00010 IC=0.00000 CO2_BC=0.00007 LR=2.28e-04 nu=0.01 NSraw=2.722 alpha(W1/W8/all)=0.59/0.39/0.48 | 0.86 it/s
[Iter 28100/50000] Total=0.06796 | NS=0.06022 CO2(scaled)=0.00138 CO2_weight=1.00 guide_w=17.1 Walls=0.00053(x10) g_ns/g_walls=3.25 Windows=0.00075 Doors=0.00027 IC=0.00000 CO2_BC=0.00009 LR=2.28e-04 nu=0.01 NSraw=0.2082 alpha(W1/W8/all)=0.59/0.39/0.48 | 0.86 it/s
[Iter 28110/50000] Total=0.04565 | NS=0.03926 CO2(scaled)=0.00068 CO2_weight=1.00 guide_w=17.1 Walls=0.00049(x10) g_ns/g_walls=3.25 Windows=0.00065 Doors=0.00012 IC=0.00000 CO2_BC=0.00008 LR=2.27e-04 nu=0.01 NSraw=0.08791 alpha(W1/W8/all)=0.59/0.39/0.48 | 0.86 it/s
[Iter 28120/50000] Total=0.36626 | NS=0.36039 CO2(scaled)=0.00059 CO2_weight=1.00 guide_w=17.1 Walls=0.00047(x10) g_ns/g_walls=3.25 Windows=0.00042 Doors=0.00008 IC=0.00000 CO2_BC=0.00008 LR=2.27e-04 nu=0.01 NSraw=26.29 alpha(W1/W8/all)=0.59/0.39/0.48 | 0.86 it/s
[Iter 28130/50000] Total=0.08963 | NS=0.08288 CO2(scaled)=0.00082 CO2_weight=1.00 guide_w=17.1 Walls=0.00048(x10) g_ns/g_walls=3.25 Windows=0.00096 Doors=0.00010 IC=0.00000 CO2_BC=0.00008 LR=2.27e-04 nu=0.01 NSraw=0.4574 alpha(W1/W8/all)=0.59/0.39/0.48 | 0.86 it/s
[Iter 28140/50000] Total=0.04530 | NS=0.03843 CO2(scaled)=0.00064 CO2_weight=1.00 guide_w=17.1 Walls=0.00050(x10) g_ns/g_walls=3.25 Windows=0.00060 Doors=0.00021 IC=0.00000 CO2_BC=0.00044 LR=2.27e-04 nu=0.01 NSraw=0.08584 alpha(W1/W8/all)=0.59/0.39/0.48 | 0.86 it/s
[Iter 28150/50000] Total=0.17261 | NS=0.16015 CO2(scaled)=0.00087 CO2_weight=1.00 guide_w=17.1 Walls=0.00103(x10) g_ns/g_walls=3.25 Windows=0.00116 Doors=0.00006 IC=0.00000 CO2_BC=0.00007 LR=2.27e-04 nu=0.01 NSraw=3.493 alpha(W1/W8/all)=0.59/0.39/0.48 | 0.86 it/s
[Iter 28160/50000] Total=0.15252 | NS=0.14092 CO2(scaled)=0.00077 CO2_weight=1.00 guide_w=17.1 Walls=0.00094(x10) g_ns/g_walls=3.25 Windows=0.00120 Doors=0.00018 IC=0.00000 CO2_BC=0.00009 LR=2.27e-04 nu=0.01 NSraw=3.205 alpha(W1/W8/all)=0.59/0.39/0.48 | 0.86 it/s
[Iter 28170/50000] Total=0.02986 | NS=0.02125 CO2(scaled)=0.00075 CO2_weight=1.00 guide_w=17.1 Walls=0.00067(x10) g_ns/g_walls=3.25 Windows=0.00100 Doors=0.00009 IC=0.00000 CO2_BC=0.00008 LR=2.27e-04 nu=0.01 NSraw=0.04789 alpha(W1/W8/all)=0.59/0.39/0.48 | 0.86 it/s
[Iter 28180/50000] Total=0.08688 | NS=0.08238 CO2(scaled)=0.00066 CO2_weight=1.00 guide_w=17.1 Walls=0.00031(x10) g_ns/g_walls=3.25 Windows=0.00059 Doors=0.00013 IC=0.00000 CO2_BC=0.00006 LR=2.27e-04 nu=0.01 NSraw=0.3256 alpha(W1/W8/all)=0.59/0.39/0.48 | 0.86 it/s
[Iter 28190/50000] Total=0.04294 | NS=0.03776 CO2(scaled)=0.00074 CO2_weight=1.00 guide_w=17.1 Walls=0.00037(x10) g_ns/g_walls=3.25 Windows=0.00059 Doors=0.00007 IC=0.00000 CO2_BC=0.00008 LR=2.26e-04 nu=0.01 NSraw=0.08629 alpha(W1/W8/all)=0.59/0.39/0.48 | 0.86 it/s
[Iter 28200/50000] Total=0.08293 | NS=0.07751 CO2(scaled)=0.00071 CO2_weight=1.00 guide_w=7.44 Walls=0.00040(x10) g_ns/g_walls=1.07 Windows=0.00052 Doors=0.00009 IC=0.00000 CO2_BC=0.00008 LR=2.26e-04 nu=0.01 NSraw=0.3186 alpha(W1/W8/all)=0.59/0.39/0.48 | 0.86 it/s
[Iter 28210/50000] Total=0.05929 | NS=0.05467 CO2(scaled)=0.00111 CO2_weight=1.00 guide_w=7.44 Walls=0.00028(x10) g_ns/g_walls=1.07 Windows=0.00055 Doors=0.00009 IC=0.00000 CO2_BC=0.00007 LR=2.26e-04 nu=0.01 NSraw=0.151 alpha(W1/W8/all)=0.59/0.39/0.48 | 0.86 it/s
[Iter 28220/50000] Total=0.01437 | NS=0.01122 CO2(scaled)=0.00081 CO2_weight=1.00 guide_w=7.44 Walls=0.00018(x10) g_ns/g_walls=1.07 Windows=0.00043 Doors=0.00008 IC=0.00000 CO2_BC=0.00006 LR=2.26e-04 nu=0.01 NSraw=0.01372 alpha(W1/W8/all)=0.59/0.39/0.48 | 0.86 it/s
[Iter 28230/50000] Total=0.05225 | NS=0.04788 CO2(scaled)=0.00084 CO2_weight=1.00 guide_w=7.44 Walls=0.00029(x10) g_ns/g_walls=1.07 Windows=0.00049 Doors=0.00008 IC=0.00000 CO2_BC=0.00007 LR=2.26e-04 nu=0.01 NSraw=0.1674 alpha(W1/W8/all)=0.59/0.39/0.48 | 0.86 it/s
[Iter 28240/50000] Total=0.03865 | NS=0.03121 CO2(scaled)=0.00079 CO2_weight=1.00 guide_w=7.44 Walls=0.00057(x10) g_ns/g_walls=1.07 Windows=0.00076 Doors=0.00008 IC=0.00000 CO2_BC=0.00008 LR=2.26e-04 nu=0.01 NSraw=0.1142 alpha(W1/W8/all)=0.59/0.39/0.48 | 0.86 it/s
[Iter 28250/50000] Total=0.09205 | NS=0.08739 CO2(scaled)=0.00079 CO2_weight=1.00 guide_w=7.44 Walls=0.00032(x10) g_ns/g_walls=1.07 Windows=0.00053 Doors=0.00010 IC=0.00000 CO2_BC=0.00006 LR=2.26e-04 nu=0.01 NSraw=0.4065 alpha(W1/W8/all)=0.59/0.39/0.48 | 0.86 it/s
[Iter 28260/50000] Total=0.20876 | NS=0.20287 CO2(scaled)=0.00070 CO2_weight=1.00 guide_w=7.44 Walls=0.00040(x10) g_ns/g_walls=1.07 Windows=0.00101 Doors=0.00011 IC=0.00000 CO2_BC=0.00008 LR=2.26e-04 nu=0.01 NSraw=6.174 alpha(W1/W8/all)=0.59/0.39/0.48 | 0.86 it/s
[Iter 28270/50000] Total=0.07255 | NS=0.06871 CO2(scaled)=0.00085 CO2_weight=1.00 guide_w=7.44 Walls=0.00023(x10) g_ns/g_walls=1.07 Windows=0.00053 Doors=0.00008 IC=0.00000 CO2_BC=0.00007 LR=2.26e-04 nu=0.01 NSraw=0.2617 alpha(W1/W8/all)=0.59/0.39/0.48 | 0.86 it/s
[Iter 28280/50000] Total=0.06195 | NS=0.05321 CO2(scaled)=0.00061 CO2_weight=1.00 guide_w=7.44 Walls=0.00074(x10) g_ns/g_walls=1.07 Windows=0.00060 Doors=0.00010 IC=0.00000 CO2_BC=0.00006 LR=2.25e-04 nu=0.01 NSraw=0.2673 alpha(W1/W8/all)=0.59/0.39/0.48 | 0.86 it/s
[Iter 28290/50000] Total=0.07649 | NS=0.07206 CO2(scaled)=0.00098 CO2_weight=1.00 guide_w=7.44 Walls=0.00026(x10) g_ns/g_walls=1.07 Windows=0.00070 Doors=0.00007 IC=0.00000 CO2_BC=0.00007 LR=2.25e-04 nu=0.01 NSraw=0.2287 alpha(W1/W8/all)=0.59/0.39/0.48 | 0.86 it/s
[Iter 28300/50000] Total=0.04226 | NS=0.03669 CO2(scaled)=0.00064 CO2_weight=1.00 guide_w=3.45 Walls=0.00042(x10) g_ns/g_walls=0.283 Windows=0.00055 Doors=0.00009 IC=0.00000 CO2_BC=0.00009 LR=2.25e-04 nu=0.01 NSraw=0.09488 alpha(W1/W8/all)=0.59/0.39/0.48 | 0.86 it/s
[Iter 28310/50000] Total=0.05103 | NS=0.04776 CO2(scaled)=0.00064 CO2_weight=1.00 guide_w=3.45 Walls=0.00019(x10) g_ns/g_walls=0.283 Windows=0.00057 Doors=0.00007 IC=0.00000 CO2_BC=0.00007 LR=2.25e-04 nu=0.01 NSraw=0.1286 alpha(W1/W8/all)=0.59/0.39/0.48 | 0.86 it/s
[Iter 28320/50000] Total=0.06937 | NS=0.06559 CO2(scaled)=0.00083 CO2_weight=1.00 guide_w=3.45 Walls=0.00022(x10) g_ns/g_walls=0.283 Windows=0.00056 Doors=0.00012 IC=0.00000 CO2_BC=0.00007 LR=2.25e-04 nu=0.01 NSraw=0.3612 alpha(W1/W8/all)=0.59/0.39/0.48 | 0.86 it/s
[Iter 28330/50000] Total=0.04496 | NS=0.03890 CO2(scaled)=0.00083 CO2_weight=1.00 guide_w=3.45 Walls=0.00045(x10) g_ns/g_walls=0.283 Windows=0.00059 Doors=0.00007 IC=0.00000 CO2_BC=0.00007 LR=2.25e-04 nu=0.01 NSraw=0.1018 alpha(W1/W8/all)=0.59/0.39/0.48 | 0.86 it/s
[Iter 28340/50000] Total=0.01848 | NS=0.01463 CO2(scaled)=0.00102 CO2_weight=1.00 guide_w=3.45 Walls=0.00021(x10) g_ns/g_walls=0.283 Windows=0.00051 Doors=0.00011 IC=0.00000 CO2_BC=0.00011 LR=2.25e-04 nu=0.01 NSraw=0.02192 alpha(W1/W8/all)=0.59/0.39/0.48 | 0.86 it/s
[Iter 28350/50000] Total=0.05070 | NS=0.04348 CO2(scaled)=0.00098 CO2_weight=1.00 guide_w=3.45 Walls=0.00052(x10) g_ns/g_walls=0.283 Windows=0.00085 Doors=0.00015 IC=0.00000 CO2_BC=0.00007 LR=2.25e-04 nu=0.01 NSraw=0.1112 alpha(W1/W8/all)=0.59/0.39/0.48 | 0.86 it/s
[Iter 28360/50000] Total=0.05478 | NS=0.05030 CO2(scaled)=0.00082 CO2_weight=1.00 guide_w=3.45 Walls=0.00030(x10) g_ns/g_walls=0.283 Windows=0.00047 Doors=0.00010 IC=0.00000 CO2_BC=0.00012 LR=2.24e-04 nu=0.01 NSraw=0.1225 alpha(W1/W8/all)=0.59/0.39/0.48 | 0.86 it/s
[Iter 28370/50000] Total=0.03014 | NS=0.02409 CO2(scaled)=0.00094 CO2_weight=1.00 guide_w=3.45 Walls=0.00042(x10) g_ns/g_walls=0.283 Windows=0.00066 Doors=0.00011 IC=0.00000 CO2_BC=0.00009 LR=2.24e-04 nu=0.01 NSraw=0.03772 alpha(W1/W8/all)=0.59/0.39/0.48 | 0.86 it/s
[Iter 28380/50000] Total=0.08387 | NS=0.07332 CO2(scaled)=0.00077 CO2_weight=1.00 guide_w=3.45 Walls=0.00087(x10) g_ns/g_walls=0.283 Windows=0.00093 Doors=0.00008 IC=0.00000 CO2_BC=0.00006 LR=2.24e-04 nu=0.01 NSraw=0.3849 alpha(W1/W8/all)=0.59/0.39/0.48 | 0.86 it/s
[Iter 28390/50000] Total=0.03735 | NS=0.03344 CO2(scaled)=0.00082 CO2_weight=1.00 guide_w=3.45 Walls=0.00024(x10) g_ns/g_walls=0.283 Windows=0.00057 Doors=0.00009 IC=0.00000 CO2_BC=0.00007 LR=2.24e-04 nu=0.01 NSraw=0.08005 alpha(W1/W8/all)=0.59/0.39/0.48 | 0.86 it/s
[Iter 28400/50000] Total=0.25766 | NS=0.25428 CO2(scaled)=0.00073 CO2_weight=1.00 guide_w=102 Walls=0.00020(x10) g_ns/g_walls=18.9 Windows=0.00050 Doors=0.00009 IC=0.00000 CO2_BC=0.00008 LR=2.24e-04 nu=0.01 NSraw=4.752 alpha(W1/W8/all)=0.59/0.39/0.48 | 0.86 it/s
[Iter 28410/50000] Total=0.02599 | NS=0.01617 CO2(scaled)=0.00071 CO2_weight=1.00 guide_w=102 Walls=0.00080(x10) g_ns/g_walls=18.9 Windows=0.00093 Doors=0.00010 IC=0.00000 CO2_BC=0.00006 LR=2.24e-04 nu=0.01 NSraw=0.02159 alpha(W1/W8/all)=0.59/0.39/0.48 | 0.86 it/s
[Iter 28420/50000] Total=0.08639 | NS=0.08148 CO2(scaled)=0.00082 CO2_weight=1.00 guide_w=102 Walls=0.00033(x10) g_ns/g_walls=18.9 Windows=0.00062 Doors=0.00011 IC=0.00000 CO2_BC=0.00006 LR=2.24e-04 nu=0.01 NSraw=0.3754 alpha(W1/W8/all)=0.59/0.39/0.48 | 0.86 it/s
[Iter 28430/50000] Total=0.17932 | NS=0.17226 CO2(scaled)=0.00101 CO2_weight=1.00 guide_w=102 Walls=0.00052(x10) g_ns/g_walls=18.9 Windows=0.00064 Doors=0.00011 IC=0.00000 CO2_BC=0.00006 LR=2.24e-04 nu=0.01 NSraw=2.045 alpha(W1/W8/all)=0.59/0.39/0.48 | 0.86 it/s
[Iter 28440/50000] Total=0.18167 | NS=0.17421 CO2(scaled)=0.00150 CO2_weight=1.00 guide_w=102 Walls=0.00052(x10) g_ns/g_walls=18.9 Windows=0.00065 Doors=0.00008 IC=0.00000 CO2_BC=0.00005 LR=2.24e-04 nu=0.01 NSraw=3.932 alpha(W1/W8/all)=0.59/0.39/0.48 | 0.86 it/s
[Iter 28450/50000] Total=0.08662 | NS=0.08218 CO2(scaled)=0.00093 CO2_weight=1.00 guide_w=102 Walls=0.00028(x10) g_ns/g_walls=18.9 Windows=0.00058 Doors=0.00008 IC=0.00000 CO2_BC=0.00005 LR=2.23e-04 nu=0.01 NSraw=0.3437 alpha(W1/W8/all)=0.59/0.39/0.48 | 0.86 it/s
[Iter 28460/50000] Total=0.05686 | NS=0.05259 CO2(scaled)=0.00081 CO2_weight=1.00 guide_w=102 Walls=0.00028(x10) g_ns/g_walls=18.9 Windows=0.00052 Doors=0.00010 IC=0.00000 CO2_BC=0.00007 LR=2.23e-04 nu=0.01 NSraw=0.3123 alpha(W1/W8/all)=0.59/0.39/0.48 | 0.86 it/s
[Iter 28470/50000] Total=0.06772 | NS=0.06061 CO2(scaled)=0.00073 CO2_weight=1.00 guide_w=102 Walls=0.00054(x10) g_ns/g_walls=18.9 Windows=0.00083 Doors=0.00012 IC=0.00000 CO2_BC=0.00007 LR=2.23e-04 nu=0.01 NSraw=0.2418 alpha(W1/W8/all)=0.59/0.39/0.48 | 0.86 it/s
[Iter 28480/50000] Total=0.10278 | NS=0.08663 CO2(scaled)=0.00080 CO2_weight=1.00 guide_w=102 Walls=0.00134(x10) g_ns/g_walls=18.9 Windows=0.00180 Doors=0.00014 IC=0.00000 CO2_BC=0.00007 LR=2.23e-04 nu=0.01 NSraw=1.221 alpha(W1/W8/all)=0.59/0.39/0.48 | 0.86 it/s
[Iter 28490/50000] Total=0.28451 | NS=0.27072 CO2(scaled)=0.00077 CO2_weight=1.00 guide_w=102 Walls=0.00116(x10) g_ns/g_walls=18.9 Windows=0.00120 Doors=0.00011 IC=0.00000 CO2_BC=0.00007 LR=2.23e-04 nu=0.01 NSraw=9.247 alpha(W1/W8/all)=0.59/0.39/0.48 | 0.86 it/s
[Iter 28500/50000] Total=0.37687 | NS=0.36116 CO2(scaled)=0.00166 CO2_weight=1.00 guide_w=58 Walls=0.00124(x10) g_ns/g_walls=8.88 Windows=0.00155 Doors=0.00008 IC=0.00000 CO2_BC=0.00007 LR=2.23e-04 nu=0.01 NSraw=21.58 alpha(W1/W8/all)=0.59/0.39/0.48 | 0.86 it/s
[Iter 28510/50000] Total=0.02658 | NS=0.01666 CO2(scaled)=0.00109 CO2_weight=1.00 guide_w=58 Walls=0.00077(x10) g_ns/g_walls=8.88 Windows=0.00099 Doors=0.00007 IC=0.00000 CO2_BC=0.00006 LR=2.23e-04 nu=0.01 NSraw=0.01991 alpha(W1/W8/all)=0.59/0.39/0.48 | 0.86 it/s
[Iter 28520/50000] Total=0.04761 | NS=0.04028 CO2(scaled)=0.00068 CO2_weight=1.00 guide_w=58 Walls=0.00053(x10) g_ns/g_walls=8.88 Windows=0.00116 Doors=0.00010 IC=0.00000 CO2_BC=0.00007 LR=2.23e-04 nu=0.01 NSraw=0.1018 alpha(W1/W8/all)=0.59/0.39/0.48 | 0.86 it/s
[Iter 28530/50000] Total=0.43261 | NS=0.41980 CO2(scaled)=0.00117 CO2_weight=1.00 guide_w=58 Walls=0.00100(x10) g_ns/g_walls=8.88 Windows=0.00141 Doors=0.00013 IC=0.00000 CO2_BC=0.00008 LR=2.22e-04 nu=0.01 NSraw=32.3 alpha(W1/W8/all)=0.59/0.39/0.48 | 0.86 it/s
[Iter 28540/50000] Total=0.20662 | NS=0.19013 CO2(scaled)=0.00106 CO2_weight=1.00 guide_w=58 Walls=0.00136(x10) g_ns/g_walls=8.88 Windows=0.00164 Doors=0.00008 IC=0.00000 CO2_BC=0.00010 LR=2.22e-04 nu=0.01 NSraw=7.329 alpha(W1/W8/all)=0.59/0.39/0.48 | 0.86 it/s
[Iter 28550/50000] Total=0.06574 | NS=0.05254 CO2(scaled)=0.00080 CO2_weight=1.00 guide_w=58 Walls=0.00109(x10) g_ns/g_walls=8.88 Windows=0.00132 Doors=0.00012 IC=0.00000 CO2_BC=0.00008 LR=2.22e-04 nu=0.01 NSraw=0.1389 alpha(W1/W8/all)=0.59/0.39/0.48 | 0.86 it/s
[Iter 28560/50000] Total=0.18572 | NS=0.17065 CO2(scaled)=0.00108 CO2_weight=1.00 guide_w=58 Walls=0.00128(x10) g_ns/g_walls=8.88 Windows=0.00105 Doors=0.00011 IC=0.00000 CO2_BC=0.00007 LR=2.22e-04 nu=0.01 NSraw=3.446 alpha(W1/W8/all)=0.59/0.39/0.48 | 0.86 it/s
[Iter 28570/50000] Total=0.08704 | NS=0.07407 CO2(scaled)=0.00196 CO2_weight=1.00 guide_w=58 Walls=0.00097(x10) g_ns/g_walls=8.88 Windows=0.00118 Doors=0.00011 IC=0.00000 CO2_BC=0.00007 LR=2.22e-04 nu=0.01 NSraw=0.4304 alpha(W1/W8/all)=0.59/0.39/0.48 | 0.86 it/s
[Iter 28580/50000] Total=0.06919 | NS=0.06230 CO2(scaled)=0.00118 CO2_weight=1.00 guide_w=58 Walls=0.00049(x10) g_ns/g_walls=8.88 Windows=0.00065 Doors=0.00013 IC=0.00000 CO2_BC=0.00008 LR=2.22e-04 nu=0.01 NSraw=0.2731 alpha(W1/W8/all)=0.59/0.39/0.48 | 0.86 it/s
[Iter 28590/50000] Total=0.02539 | NS=0.01866 CO2(scaled)=0.00060 CO2_weight=1.00 guide_w=58 Walls=0.00054(x10) g_ns/g_walls=8.88 Windows=0.00053 Doors=0.00017 IC=0.00000 CO2_BC=0.00006 LR=2.22e-04 nu=0.01 NSraw=0.02944 alpha(W1/W8/all)=0.59/0.39/0.48 | 0.86 it/s
[Iter 28600/50000] Total=0.25284 | NS=0.24150 CO2(scaled)=0.00087 CO2_weight=1.00 guide_w=82.1 Walls=0.00098(x10) g_ns/g_walls=17.8 Windows=0.00054 Doors=0.00009 IC=0.00000 CO2_BC=0.00007 LR=2.22e-04 nu=0.01 NSraw=6.411 alpha(W1/W8/all)=0.59/0.39/0.48 | 0.86 it/s
[Iter 28610/50000] Total=0.07404 | NS=0.06875 CO2(scaled)=0.00069 CO2_weight=1.00 guide_w=82.1 Walls=0.00039(x10) g_ns/g_walls=17.8 Windows=0.00055 Doors=0.00011 IC=0.00000 CO2_BC=0.00007 LR=2.22e-04 nu=0.01 NSraw=0.3018 alpha(W1/W8/all)=0.59/0.39/0.48 | 0.86 it/s
[Iter 28620/50000] Total=0.07135 | NS=0.06571 CO2(scaled)=0.00087 CO2_weight=1.00 guide_w=82.1 Walls=0.00039(x10) g_ns/g_walls=17.8 Windows=0.00073 Doors=0.00011 IC=0.00000 CO2_BC=0.00006 LR=2.21e-04 nu=0.01 NSraw=0.4362 alpha(W1/W8/all)=0.59/0.39/0.48 | 0.86 it/s
[Iter 28630/50000] Total=0.07406 | NS=0.06962 CO2(scaled)=0.00067 CO2_weight=1.00 guide_w=82.1 Walls=0.00031(x10) g_ns/g_walls=17.8 Windows=0.00044 Doors=0.00015 IC=0.00000 CO2_BC=0.00006 LR=2.21e-04 nu=0.01 NSraw=0.2578 alpha(W1/W8/all)=0.59/0.39/0.48 | 0.86 it/s
[Iter 28640/50000] Total=0.09796 | NS=0.09235 CO2(scaled)=0.00063 CO2_weight=1.00 guide_w=82.1 Walls=0.00042(x10) g_ns/g_walls=17.8 Windows=0.00062 Doors=0.00009 IC=0.00000 CO2_BC=0.00007 LR=2.21e-04 nu=0.01 NSraw=0.9146 alpha(W1/W8/all)=0.59/0.39/0.48 | 0.86 it/s
[Iter 28650/50000] Total=0.06806 | NS=0.05975 CO2(scaled)=0.00094 CO2_weight=1.00 guide_w=82.1 Walls=0.00066(x10) g_ns/g_walls=17.8 Windows=0.00059 Doors=0.00008 IC=0.00000 CO2_BC=0.00006 LR=2.21e-04 nu=0.01 NSraw=0.182 alpha(W1/W8/all)=0.59/0.39/0.48 | 0.86 it/s
[Iter 28660/50000] Total=0.06467 | NS=0.06023 CO2(scaled)=0.00075 CO2_weight=1.00 guide_w=82.1 Walls=0.00030(x10) g_ns/g_walls=17.8 Windows=0.00049 Doors=0.00016 IC=0.00000 CO2_BC=0.00006 LR=2.21e-04 nu=0.01 NSraw=0.1851 alpha(W1/W8/all)=0.59/0.39/0.48 | 0.86 it/s
[Iter 28670/50000] Total=0.04150 | NS=0.03604 CO2(scaled)=0.00077 CO2_weight=1.00 guide_w=82.1 Walls=0.00037(x10) g_ns/g_walls=17.8 Windows=0.00080 Doors=0.00009 IC=0.00000 CO2_BC=0.00007 LR=2.21e-04 nu=0.01 NSraw=0.1405 alpha(W1/W8/all)=0.59/0.39/0.48 | 0.86 it/s
[Iter 28680/50000] Total=0.10018 | NS=0.08907 CO2(scaled)=0.00080 CO2_weight=1.00 guide_w=82.1 Walls=0.00092(x10) g_ns/g_walls=17.8 Windows=0.00092 Doors=0.00010 IC=0.00000 CO2_BC=0.00007 LR=2.21e-04 nu=0.01 NSraw=0.4581 alpha(W1/W8/all)=0.59/0.39/0.48 | 0.86 it/s
[Iter 28690/50000] Total=0.04771 | NS=0.03651 CO2(scaled)=0.00182 CO2_weight=1.00 guide_w=82.1 Walls=0.00084(x10) g_ns/g_walls=17.8 Windows=0.00086 Doors=0.00010 IC=0.00000 CO2_BC=0.00005 LR=2.21e-04 nu=0.01 NSraw=0.0942 alpha(W1/W8/all)=0.59/0.39/0.48 | 0.86 it/s
[Iter 28700/50000] Total=0.09795 | NS=0.08984 CO2(scaled)=0.00082 CO2_weight=1.00 guide_w=68.1 Walls=0.00063(x10) g_ns/g_walls=8.1 Windows=0.00085 Doors=0.00010 IC=0.00000 CO2_BC=0.00006 LR=2.20e-04 nu=0.01 NSraw=0.3843 alpha(W1/W8/all)=0.59/0.39/0.48 | 0.86 it/s
[Iter 28710/50000] Total=0.05672 | NS=0.05154 CO2(scaled)=0.00108 CO2_weight=1.00 guide_w=68.1 Walls=0.00033(x10) g_ns/g_walls=8.1 Windows=0.00069 Doors=0.00007 IC=0.00000 CO2_BC=0.00008 LR=2.20e-04 nu=0.01 NSraw=0.1635 alpha(W1/W8/all)=0.59/0.39/0.48 | 0.86 it/s
[Iter 28720/50000] Total=0.04465 | NS=0.04026 CO2(scaled)=0.00073 CO2_weight=1.00 guide_w=68.1 Walls=0.00029(x10) g_ns/g_walls=8.1 Windows=0.00061 Doors=0.00009 IC=0.00000 CO2_BC=0.00007 LR=2.20e-04 nu=0.01 NSraw=0.09385 alpha(W1/W8/all)=0.59/0.39/0.48 | 0.86 it/s
[Iter 28730/50000] Total=0.08309 | NS=0.06427 CO2(scaled)=0.00147 CO2_weight=1.00 guide_w=68.1 Walls=0.00151(x10) g_ns/g_walls=8.1 Windows=0.00206 Doors=0.00011 IC=0.00000 CO2_BC=0.00006 LR=2.20e-04 nu=0.01 NSraw=0.2279 alpha(W1/W8/all)=0.59/0.39/0.48 | 0.86 it/s
[Iter 28740/50000] Total=0.06761 | NS=0.06276 CO2(scaled)=0.00073 CO2_weight=1.00 guide_w=68.1 Walls=0.00032(x10) g_ns/g_walls=8.1 Windows=0.00078 Doors=0.00010 IC=0.00000 CO2_BC=0.00006 LR=2.20e-04 nu=0.01 NSraw=0.2736 alpha(W1/W8/all)=0.59/0.39/0.48 | 0.86 it/s
[Iter 28750/50000] Total=0.05426 | NS=0.04568 CO2(scaled)=0.00087 CO2_weight=1.00 guide_w=68.1 Walls=0.00070(x10) g_ns/g_walls=8.1 Windows=0.00058 Doors=0.00008 IC=0.00000 CO2_BC=0.00007 LR=2.20e-04 nu=0.01 NSraw=0.1576 alpha(W1/W8/all)=0.59/0.39/0.48 | 0.86 it/s
[Iter 28760/50000] Total=0.10189 | NS=0.09592 CO2(scaled)=0.00087 CO2_weight=1.00 guide_w=68.1 Walls=0.00041(x10) g_ns/g_walls=8.1 Windows=0.00086 Doors=0.00012 IC=0.00000 CO2_BC=0.00006 LR=2.20e-04 nu=0.01 NSraw=0.9858 alpha(W1/W8/all)=0.59/0.39/0.48 | 0.86 it/s
[Iter 28770/50000] Total=0.05614 | NS=0.05195 CO2(scaled)=0.00093 CO2_weight=1.00 guide_w=68.1 Walls=0.00025(x10) g_ns/g_walls=8.1 Windows=0.00057 Doors=0.00012 IC=0.00000 CO2_BC=0.00007 LR=2.20e-04 nu=0.01 NSraw=0.1539 alpha(W1/W8/all)=0.59/0.39/0.48 | 0.86 it/s
[Iter 28780/50000] Total=0.03613 | NS=0.02942 CO2(scaled)=0.00132 CO2_weight=1.00 guide_w=68.1 Walls=0.00044(x10) g_ns/g_walls=8.1 Windows=0.00081 Doors=0.00015 IC=0.00000 CO2_BC=0.00006 LR=2.20e-04 nu=0.01 NSraw=0.06772 alpha(W1/W8/all)=0.59/0.39/0.48 | 0.86 it/s
[Iter 28790/50000] Total=0.50314 | NS=0.49630 CO2(scaled)=0.00079 CO2_weight=1.00 guide_w=68.1 Walls=0.00052(x10) g_ns/g_walls=8.1 Windows=0.00065 Doors=0.00015 IC=0.00000 CO2_BC=0.00006 LR=2.19e-04 nu=0.01 NSraw=43.33 alpha(W1/W8/all)=0.59/0.39/0.48 | 0.86 it/s
[Iter 28800/50000] Total=0.05246 | NS=0.04768 CO2(scaled)=0.00098 CO2_weight=1.00 guide_w=8.63 Walls=0.00031(x10) g_ns/g_walls=2.01 Windows=0.00053 Doors=0.00013 IC=0.00000 CO2_BC=0.00007 LR=2.19e-04 nu=0.01 NSraw=0.1044 alpha(W1/W8/all)=0.59/0.39/0.48 | 0.86 it/s
[Iter 28810/50000] Total=0.05087 | NS=0.04434 CO2(scaled)=0.00083 CO2_weight=1.00 guide_w=8.63 Walls=0.00047(x10) g_ns/g_walls=2.01 Windows=0.00073 Doors=0.00017 IC=0.00000 CO2_BC=0.00006 LR=2.19e-04 nu=0.01 NSraw=0.2375 alpha(W1/W8/all)=0.59/0.39/0.48 | 0.86 it/s
[Iter 28820/50000] Total=0.04444 | NS=0.03718 CO2(scaled)=0.00059 CO2_weight=1.00 guide_w=8.63 Walls=0.00055(x10) g_ns/g_walls=2.01 Windows=0.00091 Doors=0.00016 IC=0.00000 CO2_BC=0.00008 LR=2.19e-04 nu=0.01 NSraw=0.1375 alpha(W1/W8/all)=0.59/0.39/0.48 | 0.86 it/s
[Iter 28830/50000] Total=0.07096 | NS=0.06630 CO2(scaled)=0.00078 CO2_weight=1.00 guide_w=8.63 Walls=0.00032(x10) g_ns/g_walls=2.01 Windows=0.00053 Doors=0.00012 IC=0.00000 CO2_BC=0.00006 LR=2.19e-04 nu=0.01 NSraw=0.2232 alpha(W1/W8/all)=0.59/0.39/0.48 | 0.86 it/s
[Iter 28840/50000] Total=0.04936 | NS=0.04447 CO2(scaled)=0.00104 CO2_weight=1.00 guide_w=8.63 Walls=0.00030(x10) g_ns/g_walls=2.01 Windows=0.00062 Doors=0.00012 IC=0.00000 CO2_BC=0.00008 LR=2.19e-04 nu=0.01 NSraw=0.1396 alpha(W1/W8/all)=0.59/0.39/0.48 | 0.86 it/s
[Iter 28850/50000] Total=0.04255 | NS=0.03852 CO2(scaled)=0.00072 CO2_weight=1.00 guide_w=8.63 Walls=0.00024(x10) g_ns/g_walls=2.01 Windows=0.00076 Doors=0.00009 IC=0.00000 CO2_BC=0.00006 LR=2.19e-04 nu=0.01 NSraw=0.0861 alpha(W1/W8/all)=0.59/0.39/0.48 | 0.86 it/s
[Iter 28860/50000] Total=0.11166 | NS=0.10375 CO2(scaled)=0.00073 CO2_weight=1.00 guide_w=8.63 Walls=0.00061(x10) g_ns/g_walls=2.01 Windows=0.00095 Doors=0.00012 IC=0.00000 CO2_BC=0.00006 LR=2.19e-04 nu=0.01 NSraw=0.5516 alpha(W1/W8/all)=0.59/0.39/0.48 | 0.86 it/s
[Iter 28870/50000] Total=0.01913 | NS=0.01494 CO2(scaled)=0.00069 CO2_weight=1.00 guide_w=8.63 Walls=0.00027(x10) g_ns/g_walls=2.01 Windows=0.00070 Doors=0.00007 IC=0.00000 CO2_BC=0.00008 LR=2.19e-04 nu=0.01 NSraw=0.02071 alpha(W1/W8/all)=0.59/0.39/0.48 | 0.86 it/s
[Iter 28880/50000] Total=0.08932 | NS=0.08437 CO2(scaled)=0.00108 CO2_weight=1.00 guide_w=8.63 Walls=0.00027(x10) g_ns/g_walls=2.01 Windows=0.00097 Doors=0.00009 IC=0.00000 CO2_BC=0.00007 LR=2.18e-04 nu=0.01 NSraw=0.3166 alpha(W1/W8/all)=0.59/0.39/0.48 | 0.86 it/s
[Iter 28890/50000] Total=0.05071 | NS=0.04517 CO2(scaled)=0.00149 CO2_weight=1.00 guide_w=8.63 Walls=0.00031(x10) g_ns/g_walls=2.01 Windows=0.00076 Doors=0.00011 IC=0.00000 CO2_BC=0.00007 LR=2.18e-04 nu=0.01 NSraw=0.1204 alpha(W1/W8/all)=0.59/0.39/0.48 | 0.86 it/s
[Iter 28900/50000] Total=0.03010 | NS=0.01877 CO2(scaled)=0.00089 CO2_weight=1.00 guide_w=0.718 Walls=0.00092(x10) g_ns/g_walls=0.0797 Windows=0.00111 Doors=0.00011 IC=0.00000 CO2_BC=0.00007 LR=2.18e-04 nu=0.01 NSraw=0.02776 alpha(W1/W8/all)=0.59/0.39/0.48 | 0.86 it/s
[Iter 28910/50000] Total=0.10732 | NS=0.10070 CO2(scaled)=0.00062 CO2_weight=1.00 guide_w=0.718 Walls=0.00050(x10) g_ns/g_walls=0.0797 Windows=0.00087 Doors=0.00010 IC=0.00000 CO2_BC=0.00006 LR=2.18e-04 nu=0.01 NSraw=0.5258 alpha(W1/W8/all)=0.59/0.39/0.48 | 0.86 it/s
[Iter 28920/50000] Total=0.02862 | NS=0.02365 CO2(scaled)=0.00084 CO2_weight=1.00 guide_w=0.718 Walls=0.00034(x10) g_ns/g_walls=0.0797 Windows=0.00053 Doors=0.00011 IC=0.00000 CO2_BC=0.00010 LR=2.18e-04 nu=0.01 NSraw=0.06797 alpha(W1/W8/all)=0.59/0.39/0.48 | 0.86 it/s
[Iter 28930/50000] Total=0.03377 | NS=0.02891 CO2(scaled)=0.00075 CO2_weight=1.00 guide_w=0.718 Walls=0.00033(x10) g_ns/g_walls=0.0797 Windows=0.00057 Doors=0.00010 IC=0.00000 CO2_BC=0.00008 LR=2.18e-04 nu=0.01 NSraw=0.06301 alpha(W1/W8/all)=0.59/0.39/0.48 | 0.86 it/s
[Iter 28940/50000] Total=0.19211 | NS=0.17940 CO2(scaled)=0.00096 CO2_weight=1.00 guide_w=0.718 Walls=0.00102(x10) g_ns/g_walls=0.0797 Windows=0.00132 Doors=0.00016 IC=0.00000 CO2_BC=0.00008 LR=2.18e-04 nu=0.01 NSraw=1.893 alpha(W1/W8/all)=0.59/0.39/0.48 | 0.86 it/s
[Iter 28950/50000] Total=0.06106 | NS=0.05819 CO2(scaled)=0.00065 CO2_weight=1.00 guide_w=0.718 Walls=0.00015(x10) g_ns/g_walls=0.0797 Windows=0.00052 Doors=0.00010 IC=0.00000 CO2_BC=0.00007 LR=2.18e-04 nu=0.01 NSraw=0.2141 alpha(W1/W8/all)=0.59/0.39/0.48 | 0.86 it/s
[Iter 28960/50000] Total=0.07185 | NS=0.06630 CO2(scaled)=0.00082 CO2_weight=1.00 guide_w=0.718 Walls=0.00039(x10) g_ns/g_walls=0.0797 Windows=0.00065 Doors=0.00009 IC=0.00000 CO2_BC=0.00008 LR=2.17e-04 nu=0.01 NSraw=0.2237 alpha(W1/W8/all)=0.59/0.39/0.48 | 0.86 it/s
[Iter 28970/50000] Total=0.04018 | NS=0.03608 CO2(scaled)=0.00083 CO2_weight=1.00 guide_w=0.718 Walls=0.00026(x10) g_ns/g_walls=0.0797 Windows=0.00052 Doors=0.00008 IC=0.00000 CO2_BC=0.00007 LR=2.17e-04 nu=0.01 NSraw=0.09205 alpha(W1/W8/all)=0.59/0.39/0.48 | 0.86 it/s
[Iter 28980/50000] Total=0.11199 | NS=0.10317 CO2(scaled)=0.00095 CO2_weight=1.00 guide_w=0.718 Walls=0.00069(x10) g_ns/g_walls=0.0797 Windows=0.00076 Doors=0.00014 IC=0.00000 CO2_BC=0.00007 LR=2.17e-04 nu=0.01 NSraw=0.458 alpha(W1/W8/all)=0.59/0.39/0.48 | 0.86 it/s
[Iter 28990/50000] Total=0.03856 | NS=0.03295 CO2(scaled)=0.00074 CO2_weight=1.00 guide_w=0.718 Walls=0.00041(x10) g_ns/g_walls=0.0797 Windows=0.00063 Doors=0.00010 IC=0.00000 CO2_BC=0.00007 LR=2.17e-04 nu=0.01 NSraw=0.07053 alpha(W1/W8/all)=0.59/0.39/0.48 | 0.86 it/s
[Iter 29000/50000] Total=0.07838 | NS=0.07047 CO2(scaled)=0.00144 CO2_weight=1.00 guide_w=9.36 Walls=0.00051(x10) g_ns/g_walls=3.03 Windows=0.00116 Doors=0.00009 IC=0.00000 CO2_BC=0.00008 LR=2.17e-04 nu=0.01 NSraw=0.3396 alpha(W1/W8/all)=0.59/0.39/0.48 | 0.86 it/s
  -> saved checkpoint: /home/iai-labor/BuildingControlCFD/experiments/gnot/checkpoints/v24_fixedalpha_r50k/gnot_v24_fixedalpha_r50k_iter29000.pth
[Iter 29010/50000] Total=0.06226 | NS=0.05471 CO2(scaled)=0.00153 CO2_weight=1.00 guide_w=9.36 Walls=0.00050(x10) g_ns/g_walls=3.03 Windows=0.00084 Doors=0.00011 IC=0.00000 CO2_BC=0.00007 LR=2.17e-04 nu=0.01 NSraw=0.1239 alpha(W1/W8/all)=0.59/0.39/0.48 | 0.86 it/s
[Iter 29020/50000] Total=0.32077 | NS=0.30896 CO2(scaled)=0.00080 CO2_weight=1.00 guide_w=9.36 Walls=0.00102(x10) g_ns/g_walls=3.03 Windows=0.00063 Doors=0.00008 IC=0.00000 CO2_BC=0.00009 LR=2.17e-04 nu=0.01 NSraw=17.23 alpha(W1/W8/all)=0.59/0.39/0.48 | 0.86 it/s
[Iter 29030/50000] Total=0.05476 | NS=0.05012 CO2(scaled)=0.00097 CO2_weight=1.00 guide_w=9.36 Walls=0.00029(x10) g_ns/g_walls=3.03 Windows=0.00055 Doors=0.00011 IC=0.00000 CO2_BC=0.00010 LR=2.17e-04 nu=0.01 NSraw=0.1827 alpha(W1/W8/all)=0.59/0.39/0.48 | 0.86 it/s
[Iter 29040/50000] Total=0.04766 | NS=0.04146 CO2(scaled)=0.00143 CO2_weight=1.00 guide_w=9.36 Walls=0.00039(x10) g_ns/g_walls=3.03 Windows=0.00063 Doors=0.00012 IC=0.00000 CO2_BC=0.00011 LR=2.17e-04 nu=0.01 NSraw=0.09514 alpha(W1/W8/all)=0.59/0.39/0.48 | 0.86 it/s
[Iter 29050/50000] Total=0.05820 | NS=0.04743 CO2(scaled)=0.00075 CO2_weight=1.00 guide_w=9.36 Walls=0.00090(x10) g_ns/g_walls=3.03 Windows=0.00078 Doors=0.00015 IC=0.00000 CO2_BC=0.00008 LR=2.16e-04 nu=0.01 NSraw=0.1879 alpha(W1/W8/all)=0.59/0.39/0.48 | 0.86 it/s
[Iter 29060/50000] Total=0.20530 | NS=0.20026 CO2(scaled)=0.00066 CO2_weight=1.00 guide_w=9.36 Walls=0.00038(x10) g_ns/g_walls=3.03 Windows=0.00046 Doors=0.00007 IC=0.00000 CO2_BC=0.00009 LR=2.16e-04 nu=0.01 NSraw=7.716 alpha(W1/W8/all)=0.59/0.39/0.48 | 0.86 it/s
[Iter 29070/50000] Total=0.03413 | NS=0.02774 CO2(scaled)=0.00112 CO2_weight=1.00 guide_w=9.36 Walls=0.00047(x10) g_ns/g_walls=3.03 Windows=0.00038 Doors=0.00008 IC=0.00000 CO2_BC=0.00006 LR=2.16e-04 nu=0.01 NSraw=0.07996 alpha(W1/W8/all)=0.59/0.39/0.48 | 0.86 it/s
[Iter 29080/50000] Total=0.05329 | NS=0.04560 CO2(scaled)=0.00067 CO2_weight=1.00 guide_w=9.36 Walls=0.00062(x10) g_ns/g_walls=3.03 Windows=0.00066 Doors=0.00010 IC=0.00000 CO2_BC=0.00006 LR=2.16e-04 nu=0.01 NSraw=0.1101 alpha(W1/W8/all)=0.59/0.39/0.48 | 0.86 it/s
[Iter 29090/50000] Total=0.22261 | NS=0.21252 CO2(scaled)=0.00136 CO2_weight=1.00 guide_w=9.36 Walls=0.00078(x10) g_ns/g_walls=3.03 Windows=0.00077 Doors=0.00009 IC=0.00000 CO2_BC=0.00007 LR=2.16e-04 nu=0.01 NSraw=6.524 alpha(W1/W8/all)=0.59/0.39/0.48 | 0.86 it/s
[Iter 29100/50000] Total=0.07216 | NS=0.06041 CO2(scaled)=0.00107 CO2_weight=1.00 guide_w=1.47 Walls=0.00098(x10) g_ns/g_walls=0.301 Windows=0.00072 Doors=0.00007 IC=0.00000 CO2_BC=0.00007 LR=2.16e-04 nu=0.01 NSraw=0.5631 alpha(W1/W8/all)=0.59/0.39/0.48 | 0.86 it/s
[Iter 29110/50000] Total=0.07191 | NS=0.06764 CO2(scaled)=0.00062 CO2_weight=1.00 guide_w=1.47 Walls=0.00030(x10) g_ns/g_walls=0.301 Windows=0.00054 Doors=0.00008 IC=0.00000 CO2_BC=0.00006 LR=2.16e-04 nu=0.01 NSraw=0.4436 alpha(W1/W8/all)=0.59/0.39/0.48 | 0.86 it/s
[Iter 29120/50000] Total=0.15336 | NS=0.14633 CO2(scaled)=0.00077 CO2_weight=1.00 guide_w=1.47 Walls=0.00051(x10) g_ns/g_walls=0.301 Windows=0.00100 Doors=0.00009 IC=0.00000 CO2_BC=0.00006 LR=2.16e-04 nu=0.01 NSraw=3.666 alpha(W1/W8/all)=0.59/0.39/0.48 | 0.86 it/s
[Iter 29130/50000] Total=0.02930 | NS=0.02416 CO2(scaled)=0.00072 CO2_weight=1.00 guide_w=1.47 Walls=0.00035(x10) g_ns/g_walls=0.301 Windows=0.00082 Doors=0.00006 IC=0.00000 CO2_BC=0.00007 LR=2.16e-04 nu=0.01 NSraw=0.03571 alpha(W1/W8/all)=0.59/0.39/0.48 | 0.86 it/s
[Iter 29140/50000] Total=0.06264 | NS=0.05751 CO2(scaled)=0.00080 CO2_weight=1.00 guide_w=1.47 Walls=0.00036(x10) g_ns/g_walls=0.301 Windows=0.00061 Doors=0.00008 IC=0.00000 CO2_BC=0.00007 LR=2.15e-04 nu=0.01 NSraw=0.2284 alpha(W1/W8/all)=0.59/0.39/0.48 | 0.86 it/s
[Iter 29150/50000] Total=0.02653 | NS=0.02124 CO2(scaled)=0.00082 CO2_weight=1.00 guide_w=1.47 Walls=0.00037(x10) g_ns/g_walls=0.301 Windows=0.00064 Doors=0.00010 IC=0.00000 CO2_BC=0.00007 LR=2.15e-04 nu=0.01 NSraw=0.03896 alpha(W1/W8/all)=0.59/0.39/0.48 | 0.86 it/s
[Iter 29160/50000] Total=0.08831 | NS=0.08321 CO2(scaled)=0.00085 CO2_weight=1.00 guide_w=1.47 Walls=0.00035(x10) g_ns/g_walls=0.301 Windows=0.00053 Doors=0.00013 IC=0.00000 CO2_BC=0.00010 LR=2.15e-04 nu=0.01 NSraw=0.3982 alpha(W1/W8/all)=0.59/0.39/0.48 | 0.86 it/s
[Iter 29170/50000] Total=0.05389 | NS=0.04912 CO2(scaled)=0.00074 CO2_weight=1.00 guide_w=1.47 Walls=0.00032(x10) g_ns/g_walls=0.301 Windows=0.00064 Doors=0.00012 IC=0.00000 CO2_BC=0.00008 LR=2.15e-04 nu=0.01 NSraw=0.1685 alpha(W1/W8/all)=0.59/0.39/0.48 | 0.86 it/s
[Iter 29180/50000] Total=0.03445 | NS=0.02860 CO2(scaled)=0.00079 CO2_weight=1.00 guide_w=1.47 Walls=0.00041(x10) g_ns/g_walls=0.301 Windows=0.00084 Doors=0.00009 IC=0.00000 CO2_BC=0.00008 LR=2.15e-04 nu=0.01 NSraw=0.07249 alpha(W1/W8/all)=0.59/0.39/0.48 | 0.86 it/s
[Iter 29190/50000] Total=0.02724 | NS=0.02060 CO2(scaled)=0.00088 CO2_weight=1.00 guide_w=1.47 Walls=0.00049(x10) g_ns/g_walls=0.301 Windows=0.00072 Doors=0.00008 IC=0.00000 CO2_BC=0.00009 LR=2.15e-04 nu=0.01 NSraw=0.0551 alpha(W1/W8/all)=0.59/0.39/0.48 | 0.86 it/s
[Iter 29200/50000] Total=0.04336 | NS=0.03477 CO2(scaled)=0.00094 CO2_weight=1.00 guide_w=0.915 Walls=0.00065(x10) g_ns/g_walls=0.131 Windows=0.00094 Doors=0.00013 IC=0.00000 CO2_BC=0.00008 LR=2.15e-04 nu=0.01 NSraw=0.05726 alpha(W1/W8/all)=0.59/0.39/0.48 | 0.86 it/s
[Iter 29210/50000] Total=0.03040 | NS=0.02187 CO2(scaled)=0.00173 CO2_weight=1.00 guide_w=0.915 Walls=0.00058(x10) g_ns/g_walls=0.131 Windows=0.00078 Doors=0.00014 IC=0.00000 CO2_BC=0.00006 LR=2.15e-04 nu=0.01 NSraw=0.03596 alpha(W1/W8/all)=0.59/0.39/0.48 | 0.86 it/s
[Iter 29220/50000] Total=0.20882 | NS=0.18851 CO2(scaled)=0.00136 CO2_weight=1.00 guide_w=0.915 Walls=0.00178(x10) g_ns/g_walls=0.131 Windows=0.00096 Doors=0.00010 IC=0.00000 CO2_BC=0.00008 LR=2.15e-04 nu=0.01 NSraw=2.946 alpha(W1/W8/all)=0.59/0.39/0.48 | 0.86 it/s
[Iter 29230/50000] Total=0.12404 | NS=0.11274 CO2(scaled)=0.00127 CO2_weight=1.00 guide_w=0.915 Walls=0.00086(x10) g_ns/g_walls=0.131 Windows=0.00122 Doors=0.00009 IC=0.00000 CO2_BC=0.00012 LR=2.14e-04 nu=0.01 NSraw=0.8691 alpha(W1/W8/all)=0.59/0.39/0.48 | 0.86 it/s
[Iter 29240/50000] Total=0.18242 | NS=0.17453 CO2(scaled)=0.00087 CO2_weight=1.00 guide_w=0.915 Walls=0.00061(x10) g_ns/g_walls=0.131 Windows=0.00072 Doors=0.00007 IC=0.00000 CO2_BC=0.00010 LR=2.14e-04 nu=0.01 NSraw=4.863 alpha(W1/W8/all)=0.59/0.39/0.48 | 0.86 it/s
[Iter 29250/50000] Total=0.06590 | NS=0.05496 CO2(scaled)=0.00138 CO2_weight=1.00 guide_w=0.915 Walls=0.00086(x10) g_ns/g_walls=0.131 Windows=0.00079 Doors=0.00009 IC=0.00000 CO2_BC=0.00014 LR=2.14e-04 nu=0.01 NSraw=0.1957 alpha(W1/W8/all)=0.59/0.39/0.48 | 0.86 it/s
[Iter 29260/50000] Total=0.10325 | NS=0.09684 CO2(scaled)=0.00065 CO2_weight=1.00 guide_w=0.915 Walls=0.00051(x10) g_ns/g_walls=0.131 Windows=0.00048 Doors=0.00007 IC=0.00000 CO2_BC=0.00008 LR=2.14e-04 nu=0.01 NSraw=0.4225 alpha(W1/W8/all)=0.59/0.39/0.48 | 0.86 it/s
[Iter 29270/50000] Total=0.03648 | NS=0.03006 CO2(scaled)=0.00064 CO2_weight=1.00 guide_w=0.915 Walls=0.00049(x10) g_ns/g_walls=0.131 Windows=0.00070 Doors=0.00012 IC=0.00000 CO2_BC=0.00008 LR=2.14e-04 nu=0.01 NSraw=0.0868 alpha(W1/W8/all)=0.59/0.39/0.48 | 0.86 it/s
[Iter 29280/50000] Total=0.03948 | NS=0.03241 CO2(scaled)=0.00089 CO2_weight=1.00 guide_w=0.915 Walls=0.00053(x10) g_ns/g_walls=0.131 Windows=0.00072 Doors=0.00012 IC=0.00000 CO2_BC=0.00008 LR=2.14e-04 nu=0.01 NSraw=0.06411 alpha(W1/W8/all)=0.59/0.39/0.48 | 0.86 it/s
[Iter 29290/50000] Total=0.03044 | NS=0.02445 CO2(scaled)=0.00086 CO2_weight=1.00 guide_w=0.915 Walls=0.00042(x10) g_ns/g_walls=0.131 Windows=0.00077 Doors=0.00014 IC=0.00000 CO2_BC=0.00007 LR=2.14e-04 nu=0.01 NSraw=0.04459 alpha(W1/W8/all)=0.59/0.39/0.48 | 0.86 it/s
[Iter 29300/50000] Total=0.03221 | NS=0.02688 CO2(scaled)=0.00063 CO2_weight=1.00 guide_w=12.8 Walls=0.00041(x10) g_ns/g_walls=1.59 Windows=0.00048 Doors=0.00009 IC=0.00000 CO2_BC=0.00006 LR=2.14e-04 nu=0.01 NSraw=0.07 alpha(W1/W8/all)=0.59/0.39/0.48 | 0.86 it/s
[Iter 29310/50000] Total=0.07125 | NS=0.06501 CO2(scaled)=0.00061 CO2_weight=1.00 guide_w=12.8 Walls=0.00046(x10) g_ns/g_walls=1.59 Windows=0.00087 Doors=0.00009 IC=0.00000 CO2_BC=0.00006 LR=2.14e-04 nu=0.01 NSraw=0.5857 alpha(W1/W8/all)=0.59/0.39/0.48 | 0.86 it/s
[Iter 29320/50000] Total=0.04762 | NS=0.04270 CO2(scaled)=0.00089 CO2_weight=1.00 guide_w=12.8 Walls=0.00032(x10) g_ns/g_walls=1.59 Windows=0.00065 Doors=0.00010 IC=0.00000 CO2_BC=0.00006 LR=2.13e-04 nu=0.01 NSraw=0.1009 alpha(W1/W8/all)=0.59/0.39/0.48 | 0.86 it/s
[Iter 29330/50000] Total=0.07433 | NS=0.06776 CO2(scaled)=0.00065 CO2_weight=1.00 guide_w=12.8 Walls=0.00052(x10) g_ns/g_walls=1.59 Windows=0.00055 Doors=0.00012 IC=0.00000 CO2_BC=0.00005 LR=2.13e-04 nu=0.01 NSraw=0.3601 alpha(W1/W8/all)=0.59/0.39/0.48 | 0.86 it/s
[Iter 29340/50000] Total=0.06938 | NS=0.06223 CO2(scaled)=0.00101 CO2_weight=1.00 guide_w=12.8 Walls=0.00052(x10) g_ns/g_walls=1.59 Windows=0.00074 Doors=0.00011 IC=0.00000 CO2_BC=0.00008 LR=2.13e-04 nu=0.01 NSraw=0.2244 alpha(W1/W8/all)=0.59/0.39/0.48 | 0.86 it/s
[Iter 29350/50000] Total=0.10355 | NS=0.10013 CO2(scaled)=0.00073 CO2_weight=1.00 guide_w=12.8 Walls=0.00020(x10) g_ns/g_walls=1.59 Windows=0.00057 Doors=0.00008 IC=0.00000 CO2_BC=0.00006 LR=2.13e-04 nu=0.01 NSraw=0.7794 alpha(W1/W8/all)=0.59/0.39/0.48 | 0.86 it/s
[Iter 29360/50000] Total=0.17575 | NS=0.16904 CO2(scaled)=0.00077 CO2_weight=1.00 guide_w=12.8 Walls=0.00053(x10) g_ns/g_walls=1.59 Windows=0.00053 Doors=0.00006 IC=0.00000 CO2_BC=0.00006 LR=2.13e-04 nu=0.01 NSraw=4.015 alpha(W1/W8/all)=0.59/0.39/0.48 | 0.86 it/s
[Iter 29370/50000] Total=0.43101 | NS=0.42329 CO2(scaled)=0.00087 CO2_weight=1.00 guide_w=12.8 Walls=0.00062(x10) g_ns/g_walls=1.59 Windows=0.00045 Doors=0.00014 IC=0.00000 CO2_BC=0.00006 LR=2.13e-04 nu=0.01 NSraw=30.47 alpha(W1/W8/all)=0.59/0.39/0.48 | 0.86 it/s
[Iter 29380/50000] Total=0.04615 | NS=0.04009 CO2(scaled)=0.00104 CO2_weight=1.00 guide_w=12.8 Walls=0.00040(x10) g_ns/g_walls=1.59 Windows=0.00088 Doors=0.00010 IC=0.00000 CO2_BC=0.00007 LR=2.13e-04 nu=0.01 NSraw=0.2056 alpha(W1/W8/all)=0.59/0.39/0.48 | 0.86 it/s
[Iter 29390/50000] Total=0.07308 | NS=0.05705 CO2(scaled)=0.00185 CO2_weight=1.00 guide_w=12.8 Walls=0.00126(x10) g_ns/g_walls=1.59 Windows=0.00137 Doors=0.00011 IC=0.00000 CO2_BC=0.00006 LR=2.13e-04 nu=0.01 NSraw=0.2066 alpha(W1/W8/all)=0.59/0.39/0.48 | 0.86 it/s
[Iter 29400/50000] Total=0.02998 | NS=0.02330 CO2(scaled)=0.00112 CO2_weight=1.00 guide_w=1.33 Walls=0.00049(x10) g_ns/g_walls=0.313 Windows=0.00054 Doors=0.00008 IC=0.00000 CO2_BC=0.00005 LR=2.13e-04 nu=0.01 NSraw=0.04322 alpha(W1/W8/all)=0.59/0.39/0.48 | 0.86 it/s
[Iter 29410/50000] Total=0.03810 | NS=0.03344 CO2(scaled)=0.00073 CO2_weight=1.00 guide_w=1.33 Walls=0.00032(x10) g_ns/g_walls=0.313 Windows=0.00063 Doors=0.00008 IC=0.00000 CO2_BC=0.00007 LR=2.12e-04 nu=0.01 NSraw=0.05692 alpha(W1/W8/all)=0.59/0.39/0.48 | 0.86 it/s
[Iter 29420/50000] Total=0.03695 | NS=0.02829 CO2(scaled)=0.00066 CO2_weight=1.00 guide_w=1.33 Walls=0.00073(x10) g_ns/g_walls=0.313 Windows=0.00057 Doors=0.00005 IC=0.00000 CO2_BC=0.00006 LR=2.12e-04 nu=0.01 NSraw=0.07935 alpha(W1/W8/all)=0.59/0.39/0.48 | 0.86 it/s
[Iter 29430/50000] Total=0.46716 | NS=0.46148 CO2(scaled)=0.00103 CO2_weight=1.00 guide_w=1.33 Walls=0.00041(x10) g_ns/g_walls=0.313 Windows=0.00039 Doors=0.00009 IC=0.00000 CO2_BC=0.00006 LR=2.12e-04 nu=0.01 NSraw=29.97 alpha(W1/W8/all)=0.59/0.39/0.48 | 0.86 it/s
[Iter 29440/50000] Total=0.16913 | NS=0.16148 CO2(scaled)=0.00075 CO2_weight=1.00 guide_w=1.33 Walls=0.00061(x10) g_ns/g_walls=0.313 Windows=0.00064 Doors=0.00010 IC=0.00000 CO2_BC=0.00008 LR=2.12e-04 nu=0.01 NSraw=3 alpha(W1/W8/all)=0.59/0.39/0.48 | 0.86 it/s
[Iter 29450/50000] Total=0.07189 | NS=0.06698 CO2(scaled)=0.00067 CO2_weight=1.00 guide_w=1.33 Walls=0.00033(x10) g_ns/g_walls=0.313 Windows=0.00080 Doors=0.00007 IC=0.00000 CO2_BC=0.00007 LR=2.12e-04 nu=0.01 NSraw=0.2928 alpha(W1/W8/all)=0.59/0.39/0.48 | 0.86 it/s
[Iter 29460/50000] Total=0.11340 | NS=0.10788 CO2(scaled)=0.00101 CO2_weight=1.00 guide_w=1.33 Walls=0.00035(x10) g_ns/g_walls=0.313 Windows=0.00090 Doors=0.00007 IC=0.00000 CO2_BC=0.00009 LR=2.12e-04 nu=0.01 NSraw=1.383 alpha(W1/W8/all)=0.59/0.39/0.48 | 0.86 it/s
[Iter 29470/50000] Total=0.05431 | NS=0.04812 CO2(scaled)=0.00119 CO2_weight=1.00 guide_w=1.33 Walls=0.00041(x10) g_ns/g_walls=0.313 Windows=0.00066 Doors=0.00011 IC=0.00000 CO2_BC=0.00008 LR=2.12e-04 nu=0.01 NSraw=0.2358 alpha(W1/W8/all)=0.59/0.39/0.48 | 0.86 it/s
[Iter 29480/50000] Total=0.15764 | NS=0.15317 CO2(scaled)=0.00089 CO2_weight=1.00 guide_w=1.33 Walls=0.00027(x10) g_ns/g_walls=0.313 Windows=0.00068 Doors=0.00012 IC=0.00000 CO2_BC=0.00006 LR=2.12e-04 nu=0.01 NSraw=2.73 alpha(W1/W8/all)=0.59/0.39/0.48 | 0.86 it/s
[Iter 29490/50000] Total=0.07446 | NS=0.06274 CO2(scaled)=0.00179 CO2_weight=1.00 guide_w=1.33 Walls=0.00082(x10) g_ns/g_walls=0.313 Windows=0.00152 Doors=0.00013 IC=0.00000 CO2_BC=0.00006 LR=2.11e-04 nu=0.01 NSraw=0.2367 alpha(W1/W8/all)=0.59/0.39/0.48 | 0.86 it/s
[Iter 29500/50000] Total=0.06465 | NS=0.05377 CO2(scaled)=0.00114 CO2_weight=1.00 guide_w=1.52 Walls=0.00083(x10) g_ns/g_walls=0.23 Windows=0.00128 Doors=0.00007 IC=0.00000 CO2_BC=0.00006 LR=2.11e-04 nu=0.01 NSraw=0.1103 alpha(W1/W8/all)=0.59/0.39/0.48 | 0.86 it/s
[Iter 29510/50000] Total=0.07023 | NS=0.05753 CO2(scaled)=0.00117 CO2_weight=1.00 guide_w=1.52 Walls=0.00102(x10) g_ns/g_walls=0.23 Windows=0.00118 Doors=0.00008 IC=0.00000 CO2_BC=0.00009 LR=2.11e-04 nu=0.01 NSraw=0.2167 alpha(W1/W8/all)=0.59/0.39/0.48 | 0.86 it/s
[Iter 29520/50000] Total=0.09387 | NS=0.08892 CO2(scaled)=0.00087 CO2_weight=1.00 guide_w=1.52 Walls=0.00034(x10) g_ns/g_walls=0.23 Windows=0.00053 Doors=0.00010 IC=0.00000 CO2_BC=0.00008 LR=2.11e-04 nu=0.01 NSraw=0.4695 alpha(W1/W8/all)=0.59/0.39/0.48 | 0.86 it/s
[Iter 29530/50000] Total=0.54569 | NS=0.54064 CO2(scaled)=0.00078 CO2_weight=1.00 guide_w=1.52 Walls=0.00034(x10) g_ns/g_walls=0.23 Windows=0.00065 Doors=0.00011 IC=0.00000 CO2_BC=0.00008 LR=2.11e-04 nu=0.01 NSraw=47.94 alpha(W1/W8/all)=0.59/0.39/0.48 | 0.86 it/s
[Iter 29540/50000] Total=0.07198 | NS=0.05703 CO2(scaled)=0.00084 CO2_weight=1.00 guide_w=1.52 Walls=0.00131(x10) g_ns/g_walls=0.23 Windows=0.00078 Doors=0.00012 IC=0.00000 CO2_BC=0.00007 LR=2.11e-04 nu=0.01 NSraw=0.319 alpha(W1/W8/all)=0.59/0.39/0.48 | 0.86 it/s
[Iter 29550/50000] Total=0.23673 | NS=0.22870 CO2(scaled)=0.00092 CO2_weight=1.00 guide_w=1.52 Walls=0.00059(x10) g_ns/g_walls=0.23 Windows=0.00105 Doors=0.00009 IC=0.00000 CO2_BC=0.00007 LR=2.11e-04 nu=0.01 NSraw=8.377 alpha(W1/W8/all)=0.59/0.39/0.48 | 0.86 it/s
[Iter 29560/50000] Total=0.04024 | NS=0.03272 CO2(scaled)=0.00129 CO2_weight=1.00 guide_w=1.52 Walls=0.00048(x10) g_ns/g_walls=0.23 Windows=0.00122 Doors=0.00013 IC=0.00000 CO2_BC=0.00007 LR=2.11e-04 nu=0.01 NSraw=0.055 alpha(W1/W8/all)=0.59/0.39/0.48 | 0.86 it/s
[Iter 29570/50000] Total=0.04949 | NS=0.04210 CO2(scaled)=0.00082 CO2_weight=1.00 guide_w=1.52 Walls=0.00049(x10) g_ns/g_walls=0.23 Windows=0.00146 Doors=0.00011 IC=0.00000 CO2_BC=0.00006 LR=2.11e-04 nu=0.01 NSraw=0.0918 alpha(W1/W8/all)=0.59/0.39/0.48 | 0.86 it/s
[Iter 29580/50000] Total=0.07993 | NS=0.07269 CO2(scaled)=0.00082 CO2_weight=1.00 guide_w=1.52 Walls=0.00057(x10) g_ns/g_walls=0.23 Windows=0.00060 Doors=0.00011 IC=0.00000 CO2_BC=0.00005 LR=2.10e-04 nu=0.01 NSraw=0.2211 alpha(W1/W8/all)=0.59/0.39/0.48 | 0.86 it/s
[Iter 29590/50000] Total=0.03642 | NS=0.02863 CO2(scaled)=0.00087 CO2_weight=1.00 guide_w=1.52 Walls=0.00061(x10) g_ns/g_walls=0.23 Windows=0.00063 Doors=0.00009 IC=0.00000 CO2_BC=0.00005 LR=2.10e-04 nu=0.01 NSraw=0.05999 alpha(W1/W8/all)=0.59/0.39/0.48 | 0.86 it/s
[Iter 29600/50000] Total=0.04149 | NS=0.03140 CO2(scaled)=0.00062 CO2_weight=1.00 guide_w=2.1 Walls=0.00087(x10) g_ns/g_walls=0.367 Windows=0.00065 Doors=0.00008 IC=0.00000 CO2_BC=0.00006 LR=2.10e-04 nu=0.01 NSraw=0.0876 alpha(W1/W8/all)=0.59/0.39/0.48 | 0.86 it/s
[Iter 29610/50000] Total=0.04032 | NS=0.03590 CO2(scaled)=0.00074 CO2_weight=1.00 guide_w=2.1 Walls=0.00027(x10) g_ns/g_walls=0.367 Windows=0.00076 Doors=0.00012 IC=0.00000 CO2_BC=0.00007 LR=2.10e-04 nu=0.01 NSraw=0.129 alpha(W1/W8/all)=0.59/0.39/0.48 | 0.86 it/s
[Iter 29620/50000] Total=0.05616 | NS=0.05031 CO2(scaled)=0.00100 CO2_weight=1.00 guide_w=2.1 Walls=0.00042(x10) g_ns/g_walls=0.367 Windows=0.00046 Doors=0.00010 IC=0.00000 CO2_BC=0.00006 LR=2.10e-04 nu=0.01 NSraw=0.2081 alpha(W1/W8/all)=0.59/0.39/0.48 | 0.86 it/s
[Iter 29630/50000] Total=0.20249 | NS=0.19215 CO2(scaled)=0.00130 CO2_weight=1.00 guide_w=2.1 Walls=0.00075(x10) g_ns/g_walls=0.367 Windows=0.00141 Doors=0.00008 IC=0.00000 CO2_BC=0.00007 LR=2.10e-04 nu=0.01 NSraw=2.196 alpha(W1/W8/all)=0.59/0.39/0.48 | 0.86 it/s
[Iter 29640/50000] Total=0.11011 | NS=0.10525 CO2(scaled)=0.00086 CO2_weight=1.00 guide_w=2.1 Walls=0.00032(x10) g_ns/g_walls=0.367 Windows=0.00063 Doors=0.00011 IC=0.00000 CO2_BC=0.00006 LR=2.10e-04 nu=0.01 NSraw=1.182 alpha(W1/W8/all)=0.59/0.39/0.48 | 0.86 it/s
[Iter 29650/50000] Total=0.03998 | NS=0.03364 CO2(scaled)=0.00056 CO2_weight=1.00 guide_w=2.1 Walls=0.00050(x10) g_ns/g_walls=0.367 Windows=0.00060 Doors=0.00010 IC=0.00000 CO2_BC=0.00005 LR=2.10e-04 nu=0.01 NSraw=0.06709 alpha(W1/W8/all)=0.59/0.39/0.48 | 0.86 it/s
[Iter 29660/50000] Total=0.18322 | NS=0.17464 CO2(scaled)=0.00111 CO2_weight=1.00 guide_w=2.1 Walls=0.00063(x10) g_ns/g_walls=0.367 Windows=0.00108 Doors=0.00006 IC=0.00000 CO2_BC=0.00007 LR=2.10e-04 nu=0.01 NSraw=4.509 alpha(W1/W8/all)=0.59/0.39/0.48 | 0.86 it/s
[Iter 29670/50000] Total=0.09978 | NS=0.09369 CO2(scaled)=0.00090 CO2_weight=1.00 guide_w=2.1 Walls=0.00044(x10) g_ns/g_walls=0.367 Windows=0.00067 Doors=0.00008 IC=0.00000 CO2_BC=0.00007 LR=2.10e-04 nu=0.01 NSraw=0.4917 alpha(W1/W8/all)=0.59/0.39/0.48 | 0.86 it/s
[Iter 29680/50000] Total=0.04879 | NS=0.03775 CO2(scaled)=0.00055 CO2_weight=1.00 guide_w=2.1 Walls=0.00094(x10) g_ns/g_walls=0.367 Windows=0.00094 Doors=0.00009 IC=0.00000 CO2_BC=0.00007 LR=2.09e-04 nu=0.01 NSraw=0.1119 alpha(W1/W8/all)=0.59/0.39/0.48 | 0.86 it/s
[Iter 29690/50000] Total=0.06610 | NS=0.05937 CO2(scaled)=0.00060 CO2_weight=1.00 guide_w=2.1 Walls=0.00056(x10) g_ns/g_walls=0.367 Windows=0.00045 Doors=0.00006 IC=0.00000 CO2_BC=0.00007 LR=2.09e-04 nu=0.01 NSraw=0.1829 alpha(W1/W8/all)=0.59/0.39/0.48 | 0.86 it/s
[Iter 29700/50000] Total=0.09438 | NS=0.07558 CO2(scaled)=0.00060 CO2_weight=1.00 guide_w=90.3 Walls=0.00174(x10) g_ns/g_walls=6.07 Windows=0.00059 Doors=0.00010 IC=0.00000 CO2_BC=0.00007 LR=2.09e-04 nu=0.01 NSraw=0.5457 alpha(W1/W8/all)=0.59/0.39/0.48 | 0.86 it/s
[Iter 29710/50000] Total=0.08166 | NS=0.07423 CO2(scaled)=0.00091 CO2_weight=1.00 guide_w=90.3 Walls=0.00056(x10) g_ns/g_walls=6.07 Windows=0.00079 Doors=0.00009 IC=0.00000 CO2_BC=0.00006 LR=2.09e-04 nu=0.01 NSraw=0.3852 alpha(W1/W8/all)=0.59/0.39/0.48 | 0.86 it/s
[Iter 29720/50000] Total=0.05663 | NS=0.05005 CO2(scaled)=0.00111 CO2_weight=1.00 guide_w=90.3 Walls=0.00047(x10) g_ns/g_walls=6.07 Windows=0.00062 Doors=0.00007 IC=0.00000 CO2_BC=0.00006 LR=2.09e-04 nu=0.01 NSraw=0.173 alpha(W1/W8/all)=0.59/0.39/0.48 | 0.86 it/s
[Iter 29730/50000] Total=0.03234 | NS=0.01487 CO2(scaled)=0.00079 CO2_weight=1.00 guide_w=90.3 Walls=0.00159(x10) g_ns/g_walls=6.07 Windows=0.00061 Doors=0.00010 IC=0.00000 CO2_BC=0.00006 LR=2.09e-04 nu=0.01 NSraw=0.01918 alpha(W1/W8/all)=0.59/0.39/0.48 | 0.86 it/s
[Iter 29740/50000] Total=0.03448 | NS=0.02945 CO2(scaled)=0.00077 CO2_weight=1.00 guide_w=90.3 Walls=0.00036(x10) g_ns/g_walls=6.07 Windows=0.00048 Doors=0.00015 IC=0.00000 CO2_BC=0.00007 LR=2.09e-04 nu=0.01 NSraw=0.0592 alpha(W1/W8/all)=0.59/0.39/0.48 | 0.86 it/s
[Iter 29750/50000] Total=0.15095 | NS=0.14119 CO2(scaled)=0.00059 CO2_weight=1.00 guide_w=90.3 Walls=0.00085(x10) g_ns/g_walls=6.07 Windows=0.00049 Doors=0.00010 IC=0.00000 CO2_BC=0.00006 LR=2.09e-04 nu=0.01 NSraw=2.213 alpha(W1/W8/all)=0.59/0.39/0.48 | 0.86 it/s
[Iter 29760/50000] Total=0.19510 | NS=0.18218 CO2(scaled)=0.00078 CO2_weight=1.00 guide_w=90.3 Walls=0.00113(x10) g_ns/g_walls=6.07 Windows=0.00065 Doors=0.00009 IC=0.00000 CO2_BC=0.00006 LR=2.09e-04 nu=0.01 NSraw=3.243 alpha(W1/W8/all)=0.59/0.39/0.48 | 0.86 it/s
[Iter 29770/50000] Total=0.04865 | NS=0.04408 CO2(scaled)=0.00083 CO2_weight=1.00 guide_w=90.3 Walls=0.00027(x10) g_ns/g_walls=6.07 Windows=0.00091 Doors=0.00008 IC=0.00000 CO2_BC=0.00006 LR=2.08e-04 nu=0.01 NSraw=0.1105 alpha(W1/W8/all)=0.59/0.39/0.48 | 0.86 it/s
[Iter 29780/50000] Total=0.02896 | NS=0.02250 CO2(scaled)=0.00071 CO2_weight=1.00 guide_w=90.3 Walls=0.00045(x10) g_ns/g_walls=6.07 Windows=0.00110 Doors=0.00010 IC=0.00000 CO2_BC=0.00008 LR=2.08e-04 nu=0.01 NSraw=0.04106 alpha(W1/W8/all)=0.59/0.39/0.48 | 0.86 it/s
[Iter 29790/50000] Total=0.07219 | NS=0.06243 CO2(scaled)=0.00080 CO2_weight=1.00 guide_w=90.3 Walls=0.00079(x10) g_ns/g_walls=6.07 Windows=0.00094 Doors=0.00007 IC=0.00000 CO2_BC=0.00009 LR=2.08e-04 nu=0.01 NSraw=0.2582 alpha(W1/W8/all)=0.59/0.39/0.48 | 0.86 it/s
[Iter 29800/50000] Total=0.45509 | NS=0.44915 CO2(scaled)=0.00077 CO2_weight=1.00 guide_w=102 Walls=0.00044(x10) g_ns/g_walls=18.2 Windows=0.00058 Doors=0.00009 IC=0.00000 CO2_BC=0.00008 LR=2.08e-04 nu=0.01 NSraw=38.96 alpha(W1/W8/all)=0.59/0.39/0.48 | 0.86 it/s
[Iter 29810/50000] Total=0.70819 | NS=0.70044 CO2(scaled)=0.00067 CO2_weight=1.00 guide_w=102 Walls=0.00058(x10) g_ns/g_walls=18.2 Windows=0.00108 Doors=0.00009 IC=0.00000 CO2_BC=0.00007 LR=2.08e-04 nu=0.01 NSraw=104.6 alpha(W1/W8/all)=0.59/0.39/0.48 | 0.86 it/s
[Iter 29820/50000] Total=0.05268 | NS=0.04503 CO2(scaled)=0.00120 CO2_weight=1.00 guide_w=102 Walls=0.00054(x10) g_ns/g_walls=18.2 Windows=0.00092 Doors=0.00007 IC=0.00000 CO2_BC=0.00007 LR=2.08e-04 nu=0.01 NSraw=0.19 alpha(W1/W8/all)=0.59/0.39/0.48 | 0.86 it/s
[Iter 29830/50000] Total=0.01325 | NS=0.00992 CO2(scaled)=0.00058 CO2_weight=1.00 guide_w=102 Walls=0.00019(x10) g_ns/g_walls=18.2 Windows=0.00064 Doors=0.00012 IC=0.00000 CO2_BC=0.00007 LR=2.08e-04 nu=0.01 NSraw=0.01121 alpha(W1/W8/all)=0.59/0.39/0.48 | 0.86 it/s
[Iter 29840/50000] Total=0.09123 | NS=0.07683 CO2(scaled)=0.00310 CO2_weight=1.00 guide_w=102 Walls=0.00100(x10) g_ns/g_walls=18.2 Windows=0.00115 Doors=0.00011 IC=0.00000 CO2_BC=0.00005 LR=2.08e-04 nu=0.01 NSraw=0.2909 alpha(W1/W8/all)=0.59/0.39/0.48 | 0.86 it/s
[Iter 29850/50000] Total=0.08935 | NS=0.07937 CO2(scaled)=0.00219 CO2_weight=1.00 guide_w=102 Walls=0.00066(x10) g_ns/g_walls=18.2 Windows=0.00106 Doors=0.00008 IC=0.00000 CO2_BC=0.00008 LR=2.08e-04 nu=0.01 NSraw=0.5492 alpha(W1/W8/all)=0.59/0.39/0.48 | 0.86 it/s
[Iter 29860/50000] Total=0.05027 | NS=0.04554 CO2(scaled)=0.00068 CO2_weight=1.00 guide_w=102 Walls=0.00030(x10) g_ns/g_walls=18.2 Windows=0.00084 Doors=0.00011 IC=0.00000 CO2_BC=0.00010 LR=2.07e-04 nu=0.01 NSraw=0.1016 alpha(W1/W8/all)=0.59/0.39/0.48 | 0.86 it/s
[Iter 29870/50000] Total=0.04394 | NS=0.03551 CO2(scaled)=0.00062 CO2_weight=1.00 guide_w=102 Walls=0.00063(x10) g_ns/g_walls=18.2 Windows=0.00130 Doors=0.00011 IC=0.00000 CO2_BC=0.00008 LR=2.07e-04 nu=0.01 NSraw=0.09172 alpha(W1/W8/all)=0.59/0.39/0.48 | 0.86 it/s
[Iter 29880/50000] Total=0.23029 | NS=0.22540 CO2(scaled)=0.00070 CO2_weight=1.00 guide_w=102 Walls=0.00034(x10) g_ns/g_walls=18.2 Windows=0.00065 Doors=0.00010 IC=0.00000 CO2_BC=0.00006 LR=2.07e-04 nu=0.01 NSraw=5.907 alpha(W1/W8/all)=0.59/0.39/0.48 | 0.86 it/s
[Iter 29890/50000] Total=0.07121 | NS=0.06529 CO2(scaled)=0.00101 CO2_weight=1.00 guide_w=102 Walls=0.00040(x10) g_ns/g_walls=18.2 Windows=0.00069 Doors=0.00012 IC=0.00000 CO2_BC=0.00007 LR=2.07e-04 nu=0.01 NSraw=0.248 alpha(W1/W8/all)=0.59/0.39/0.48 | 0.86 it/s
[Iter 29900/50000] Total=0.13738 | NS=0.12776 CO2(scaled)=0.00075 CO2_weight=1.00 guide_w=104 Walls=0.00073(x10) g_ns/g_walls=11 Windows=0.00144 Doors=0.00010 IC=0.00000 CO2_BC=0.00007 LR=2.07e-04 nu=0.01 NSraw=2.578 alpha(W1/W8/all)=0.59/0.39/0.48 | 0.86 it/s
[Iter 29910/50000] Total=0.04472 | NS=0.03268 CO2(scaled)=0.00071 CO2_weight=1.00 guide_w=104 Walls=0.00103(x10) g_ns/g_walls=11 Windows=0.00088 Doors=0.00011 IC=0.00000 CO2_BC=0.00007 LR=2.07e-04 nu=0.01 NSraw=0.05979 alpha(W1/W8/all)=0.59/0.39/0.48 | 0.86 it/s
[Iter 29920/50000] Total=0.07601 | NS=0.07103 CO2(scaled)=0.00091 CO2_weight=1.00 guide_w=104 Walls=0.00033(x10) g_ns/g_walls=11 Windows=0.00060 Doors=0.00009 IC=0.00000 CO2_BC=0.00006 LR=2.07e-04 nu=0.01 NSraw=0.3227 alpha(W1/W8/all)=0.59/0.39/0.48 | 0.86 it/s
[Iter 29930/50000] Total=0.04422 | NS=0.03509 CO2(scaled)=0.00107 CO2_weight=1.00 guide_w=104 Walls=0.00065(x10) g_ns/g_walls=11 Windows=0.00132 Doors=0.00012 IC=0.00000 CO2_BC=0.00009 LR=2.07e-04 nu=0.01 NSraw=0.07211 alpha(W1/W8/all)=0.59/0.39/0.48 | 0.86 it/s
[Iter 29940/50000] Total=0.15304 | NS=0.14873 CO2(scaled)=0.00088 CO2_weight=1.00 guide_w=104 Walls=0.00026(x10) g_ns/g_walls=11 Windows=0.00063 Doors=0.00008 IC=0.00000 CO2_BC=0.00007 LR=2.07e-04 nu=0.01 NSraw=3.471 alpha(W1/W8/all)=0.59/0.39/0.48 | 0.86 it/s
[Iter 29950/50000] Total=0.29552 | NS=0.27483 CO2(scaled)=0.00090 CO2_weight=1.00 guide_w=104 Walls=0.00177(x10) g_ns/g_walls=11 Windows=0.00196 Doors=0.00006 IC=0.00000 CO2_BC=0.00007 LR=2.06e-04 nu=0.01 NSraw=13.38 alpha(W1/W8/all)=0.59/0.39/0.48 | 0.86 it/s
[Iter 29960/50000] Total=0.06579 | NS=0.05545 CO2(scaled)=0.00081 CO2_weight=1.00 guide_w=104 Walls=0.00082(x10) g_ns/g_walls=11 Windows=0.00121 Doors=0.00007 IC=0.00000 CO2_BC=0.00007 LR=2.06e-04 nu=0.01 NSraw=0.2114 alpha(W1/W8/all)=0.59/0.39/0.48 | 0.86 it/s
[Iter 29970/50000] Total=0.05351 | NS=0.04147 CO2(scaled)=0.00111 CO2_weight=1.00 guide_w=104 Walls=0.00096(x10) g_ns/g_walls=11 Windows=0.00120 Doors=0.00010 IC=0.00000 CO2_BC=0.00006 LR=2.06e-04 nu=0.01 NSraw=0.08412 alpha(W1/W8/all)=0.59/0.39/0.48 | 0.86 it/s
[Iter 29980/50000] Total=0.06234 | NS=0.05716 CO2(scaled)=0.00081 CO2_weight=1.00 guide_w=104 Walls=0.00035(x10) g_ns/g_walls=11 Windows=0.00067 Doors=0.00011 IC=0.00000 CO2_BC=0.00007 LR=2.06e-04 nu=0.01 NSraw=0.2289 alpha(W1/W8/all)=0.59/0.39/0.48 | 0.86 it/s
[Iter 29990/50000] Total=0.03801 | NS=0.03303 CO2(scaled)=0.00081 CO2_weight=1.00 guide_w=104 Walls=0.00034(x10) g_ns/g_walls=11 Windows=0.00057 Doors=0.00011 IC=0.00000 CO2_BC=0.00008 LR=2.06e-04 nu=0.01 NSraw=0.1312 alpha(W1/W8/all)=0.59/0.39/0.48 | 0.86 it/s
[Iter 30000/50000] Total=0.17277 | NS=0.16791 CO2(scaled)=0.00069 CO2_weight=1.00 guide_w=17.6 Walls=0.00033(x10) g_ns/g_walls=2.64 Windows=0.00071 Doors=0.00011 IC=0.00000 CO2_BC=0.00009 LR=2.06e-04 nu=0.01 NSraw=2.729 alpha(W1/W8/all)=0.59/0.39/0.48 | 0.86 it/s
  -> saved checkpoint: /home/iai-labor/BuildingControlCFD/experiments/gnot/checkpoints/v24_fixedalpha_r50k/gnot_v24_fixedalpha_r50k_iter30000.pth
[Iter 30010/50000] Total=0.05377 | NS=0.05032 CO2(scaled)=0.00078 CO2_weight=1.00 guide_w=17.6 Walls=0.00018(x10) g_ns/g_walls=2.64 Windows=0.00075 Doors=0.00007 IC=0.00000 CO2_BC=0.00006 LR=2.06e-04 nu=0.01 NSraw=0.217 alpha(W1/W8/all)=0.59/0.39/0.48 | 0.86 it/s
[Iter 30020/50000] Total=0.05543 | NS=0.05062 CO2(scaled)=0.00076 CO2_weight=1.00 guide_w=17.6 Walls=0.00030(x10) g_ns/g_walls=2.64 Windows=0.00090 Doors=0.00011 IC=0.00000 CO2_BC=0.00007 LR=2.06e-04 nu=0.01 NSraw=0.2114 alpha(W1/W8/all)=0.59/0.39/0.48 | 0.86 it/s
[Iter 30030/50000] Total=0.04562 | NS=0.04198 CO2(scaled)=0.00068 CO2_weight=1.00 guide_w=17.6 Walls=0.00020(x10) g_ns/g_walls=2.64 Windows=0.00074 Doors=0.00014 IC=0.00000 CO2_BC=0.00007 LR=2.06e-04 nu=0.01 NSraw=0.153 alpha(W1/W8/all)=0.59/0.39/0.48 | 0.86 it/s
[Iter 30040/50000] Total=0.06860 | NS=0.06084 CO2(scaled)=0.00061 CO2_weight=1.00 guide_w=17.6 Walls=0.00065(x10) g_ns/g_walls=2.64 Windows=0.00048 Doors=0.00008 IC=0.00000 CO2_BC=0.00006 LR=2.05e-04 nu=0.01 NSraw=0.2034 alpha(W1/W8/all)=0.59/0.39/0.48 | 0.86 it/s
[Iter 30050/50000] Total=0.04439 | NS=0.03911 CO2(scaled)=0.00122 CO2_weight=1.00 guide_w=17.6 Walls=0.00033(x10) g_ns/g_walls=2.64 Windows=0.00055 Doors=0.00011 IC=0.00000 CO2_BC=0.00007 LR=2.05e-04 nu=0.01 NSraw=0.1383 alpha(W1/W8/all)=0.59/0.39/0.48 | 0.86 it/s
[Iter 30060/50000] Total=0.06800 | NS=0.06107 CO2(scaled)=0.00150 CO2_weight=1.00 guide_w=17.6 Walls=0.00045(x10) g_ns/g_walls=2.64 Windows=0.00072 Doors=0.00013 IC=0.00000 CO2_BC=0.00008 LR=2.05e-04 nu=0.01 NSraw=0.3113 alpha(W1/W8/all)=0.59/0.39/0.48 | 0.86 it/s
[Iter 30070/50000] Total=0.18660 | NS=0.18160 CO2(scaled)=0.00085 CO2_weight=1.00 guide_w=17.6 Walls=0.00032(x10) g_ns/g_walls=2.64 Windows=0.00081 Doors=0.00012 IC=0.00000 CO2_BC=0.00007 LR=2.05e-04 nu=0.01 NSraw=5.391 alpha(W1/W8/all)=0.59/0.39/0.48 | 0.86 it/s
[Iter 30080/50000] Total=0.10050 | NS=0.09283 CO2(scaled)=0.00092 CO2_weight=1.00 guide_w=17.6 Walls=0.00060(x10) g_ns/g_walls=2.64 Windows=0.00056 Doors=0.00012 IC=0.00000 CO2_BC=0.00008 LR=2.05e-04 nu=0.01 NSraw=0.6007 alpha(W1/W8/all)=0.59/0.39/0.48 | 0.86 it/s
[Iter 30090/50000] Total=0.13359 | NS=0.12596 CO2(scaled)=0.00096 CO2_weight=1.00 guide_w=17.6 Walls=0.00057(x10) g_ns/g_walls=2.64 Windows=0.00080 Doors=0.00011 IC=0.00000 CO2_BC=0.00008 LR=2.05e-04 nu=0.01 NSraw=0.7291 alpha(W1/W8/all)=0.59/0.39/0.48 | 0.86 it/s
[Iter 30100/50000] Total=0.03133 | NS=0.02544 CO2(scaled)=0.00091 CO2_weight=1.00 guide_w=0.741 Walls=0.00041(x10) g_ns/g_walls=0.197 Windows=0.00069 Doors=0.00010 IC=0.00000 CO2_BC=0.00008 LR=2.05e-04 nu=0.01 NSraw=0.04247 alpha(W1/W8/all)=0.59/0.39/0.48 | 0.86 it/s
[Iter 30110/50000] Total=0.05296 | NS=0.04462 CO2(scaled)=0.00305 CO2_weight=1.00 guide_w=0.741 Walls=0.00047(x10) g_ns/g_walls=0.197 Windows=0.00043 Doors=0.00011 IC=0.00000 CO2_BC=0.00007 LR=2.05e-04 nu=0.01 NSraw=0.1066 alpha(W1/W8/all)=0.59/0.39/0.48 | 0.86 it/s
[Iter 30120/50000] Total=0.13585 | NS=0.12588 CO2(scaled)=0.00126 CO2_weight=1.00 guide_w=0.741 Walls=0.00073(x10) g_ns/g_walls=0.197 Windows=0.00115 Doors=0.00010 IC=0.00000 CO2_BC=0.00012 LR=2.05e-04 nu=0.01 NSraw=0.8823 alpha(W1/W8/all)=0.59/0.39/0.48 | 0.86 it/s
[Iter 30130/50000] Total=0.09049 | NS=0.08086 CO2(scaled)=0.00083 CO2_weight=1.00 guide_w=0.741 Walls=0.00075(x10) g_ns/g_walls=0.197 Windows=0.00103 Doors=0.00015 IC=0.00000 CO2_BC=0.00008 LR=2.04e-04 nu=0.01 NSraw=1.076 alpha(W1/W8/all)=0.59/0.39/0.48 | 0.86 it/s
[Iter 30140/50000] Total=0.08395 | NS=0.07770 CO2(scaled)=0.00091 CO2_weight=1.00 guide_w=0.741 Walls=0.00044(x10) g_ns/g_walls=0.197 Windows=0.00075 Doors=0.00007 IC=0.00000 CO2_BC=0.00008 LR=2.04e-04 nu=0.01 NSraw=0.36 alpha(W1/W8/all)=0.59/0.39/0.48 | 0.86 it/s
[Iter 30150/50000] Total=0.08357 | NS=0.07923 CO2(scaled)=0.00073 CO2_weight=1.00 guide_w=0.741 Walls=0.00028(x10) g_ns/g_walls=0.197 Windows=0.00053 Doors=0.00016 IC=0.00000 CO2_BC=0.00008 LR=2.04e-04 nu=0.01 NSraw=0.5482 alpha(W1/W8/all)=0.59/0.39/0.48 | 0.86 it/s
[Iter 30160/50000] Total=0.05525 | NS=0.03843 CO2(scaled)=0.00095 CO2_weight=1.00 guide_w=0.741 Walls=0.00146(x10) g_ns/g_walls=0.197 Windows=0.00106 Doors=0.00012 IC=0.00000 CO2_BC=0.00006 LR=2.04e-04 nu=0.01 NSraw=0.09351 alpha(W1/W8/all)=0.59/0.39/0.48 | 0.86 it/s
[Iter 30170/50000] Total=0.05827 | NS=0.05181 CO2(scaled)=0.00081 CO2_weight=1.00 guide_w=0.741 Walls=0.00046(x10) g_ns/g_walls=0.197 Windows=0.00093 Doors=0.00011 IC=0.00000 CO2_BC=0.00006 LR=2.04e-04 nu=0.01 NSraw=0.1861 alpha(W1/W8/all)=0.59/0.39/0.48 | 0.86 it/s
[Iter 30180/50000] Total=0.74906 | NS=0.74598 CO2(scaled)=0.00077 CO2_weight=1.00 guide_w=0.741 Walls=0.00016(x10) g_ns/g_walls=0.197 Windows=0.00050 Doors=0.00010 IC=0.00000 CO2_BC=0.00006 LR=2.04e-04 nu=0.01 NSraw=112 alpha(W1/W8/all)=0.59/0.39/0.48 | 0.86 it/s
[Iter 30190/50000] Total=0.02966 | NS=0.02561 CO2(scaled)=0.00064 CO2_weight=1.00 guide_w=0.741 Walls=0.00027(x10) g_ns/g_walls=0.197 Windows=0.00050 Doors=0.00010 IC=0.00000 CO2_BC=0.00008 LR=2.04e-04 nu=0.01 NSraw=0.05038 alpha(W1/W8/all)=0.59/0.39/0.48 | 0.86 it/s
[Iter 30200/50000] Total=0.27891 | NS=0.27369 CO2(scaled)=0.00062 CO2_weight=1.00 guide_w=214 Walls=0.00036(x10) g_ns/g_walls=15.8 Windows=0.00083 Doors=0.00008 IC=0.00000 CO2_BC=0.00007 LR=2.04e-04 nu=0.01 NSraw=6.786 alpha(W1/W8/all)=0.59/0.39/0.48 | 0.86 it/s
[Iter 30210/50000] Total=0.04796 | NS=0.04259 CO2(scaled)=0.00081 CO2_weight=1.00 guide_w=214 Walls=0.00036(x10) g_ns/g_walls=15.8 Windows=0.00075 Doors=0.00010 IC=0.00000 CO2_BC=0.00006 LR=2.04e-04 nu=0.01 NSraw=0.1125 alpha(W1/W8/all)=0.59/0.39/0.48 | 0.86 it/s
[Iter 30220/50000] Total=0.04079 | NS=0.03668 CO2(scaled)=0.00064 CO2_weight=1.00 guide_w=214 Walls=0.00027(x10) g_ns/g_walls=15.8 Windows=0.00056 Doors=0.00011 IC=0.00000 CO2_BC=0.00006 LR=2.04e-04 nu=0.01 NSraw=0.105 alpha(W1/W8/all)=0.59/0.39/0.48 | 0.86 it/s
[Iter 30230/50000] Total=0.05709 | NS=0.04742 CO2(scaled)=0.00080 CO2_weight=1.00 guide_w=214 Walls=0.00080(x10) g_ns/g_walls=15.8 Windows=0.00068 Doors=0.00009 IC=0.00000 CO2_BC=0.00006 LR=2.03e-04 nu=0.01 NSraw=0.1557 alpha(W1/W8/all)=0.59/0.39/0.48 | 0.86 it/s
[Iter 30240/50000] Total=0.04819 | NS=0.03757 CO2(scaled)=0.00062 CO2_weight=1.00 guide_w=214 Walls=0.00091(x10) g_ns/g_walls=15.8 Windows=0.00068 Doors=0.00014 IC=0.00000 CO2_BC=0.00008 LR=2.03e-04 nu=0.01 NSraw=0.1175 alpha(W1/W8/all)=0.59/0.39/0.48 | 0.86 it/s
[Iter 30250/50000] Total=0.11905 | NS=0.11312 CO2(scaled)=0.00056 CO2_weight=1.00 guide_w=214 Walls=0.00045(x10) g_ns/g_walls=15.8 Windows=0.00063 Doors=0.00012 IC=0.00000 CO2_BC=0.00007 LR=2.03e-04 nu=0.01 NSraw=1.204 alpha(W1/W8/all)=0.59/0.39/0.48 | 0.86 it/s
[Iter 30260/50000] Total=0.13139 | NS=0.12516 CO2(scaled)=0.00066 CO2_weight=1.00 guide_w=214 Walls=0.00048(x10) g_ns/g_walls=15.8 Windows=0.00064 Doors=0.00010 IC=0.00000 CO2_BC=0.00006 LR=2.03e-04 nu=0.01 NSraw=3.089 alpha(W1/W8/all)=0.59/0.39/0.48 | 0.86 it/s
[Iter 30270/50000] Total=0.02938 | NS=0.02133 CO2(scaled)=0.00082 CO2_weight=1.00 guide_w=214 Walls=0.00062(x10) g_ns/g_walls=15.8 Windows=0.00084 Doors=0.00007 IC=0.00000 CO2_BC=0.00007 LR=2.03e-04 nu=0.01 NSraw=0.03857 alpha(W1/W8/all)=0.59/0.39/0.48 | 0.86 it/s
[Iter 30280/50000] Total=0.06530 | NS=0.05531 CO2(scaled)=0.00126 CO2_weight=1.00 guide_w=214 Walls=0.00075(x10) g_ns/g_walls=15.8 Windows=0.00106 Doors=0.00012 IC=0.00000 CO2_BC=0.00008 LR=2.03e-04 nu=0.01 NSraw=0.2219 alpha(W1/W8/all)=0.59/0.39/0.48 | 0.86 it/s
[Iter 30290/50000] Total=0.09045 | NS=0.08245 CO2(scaled)=0.00069 CO2_weight=1.00 guide_w=214 Walls=0.00064(x10) g_ns/g_walls=15.8 Windows=0.00073 Doors=0.00015 IC=0.00000 CO2_BC=0.00006 LR=2.03e-04 nu=0.01 NSraw=0.434 alpha(W1/W8/all)=0.59/0.39/0.48 | 0.86 it/s
[Iter 30300/50000] Total=0.06453 | NS=0.06042 CO2(scaled)=0.00082 CO2_weight=1.00 guide_w=1.64 Walls=0.00025(x10) g_ns/g_walls=0.408 Windows=0.00058 Doors=0.00015 IC=0.00000 CO2_BC=0.00007 LR=2.03e-04 nu=0.01 NSraw=0.1796 alpha(W1/W8/all)=0.59/0.39/0.48 | 0.86 it/s
[Iter 30310/50000] Total=0.07755 | NS=0.06592 CO2(scaled)=0.00091 CO2_weight=1.00 guide_w=1.64 Walls=0.00093(x10) g_ns/g_walls=0.408 Windows=0.00120 Doors=0.00016 IC=0.00000 CO2_BC=0.00006 LR=2.03e-04 nu=0.01 NSraw=0.234 alpha(W1/W8/all)=0.59/0.39/0.48 | 0.86 it/s
[Iter 30320/50000] Total=0.05841 | NS=0.05028 CO2(scaled)=0.00070 CO2_weight=1.00 guide_w=1.64 Walls=0.00062(x10) g_ns/g_walls=0.408 Windows=0.00105 Doors=0.00010 IC=0.00000 CO2_BC=0.00008 LR=2.02e-04 nu=0.01 NSraw=0.219 alpha(W1/W8/all)=0.59/0.39/0.48 | 0.86 it/s
[Iter 30330/50000] Total=0.16161 | NS=0.15759 CO2(scaled)=0.00098 CO2_weight=1.00 guide_w=1.64 Walls=0.00023(x10) g_ns/g_walls=0.408 Windows=0.00057 Doors=0.00011 IC=0.00000 CO2_BC=0.00007 LR=2.02e-04 nu=0.01 NSraw=2.085 alpha(W1/W8/all)=0.59/0.39/0.48 | 0.86 it/s
[Iter 30340/50000] Total=0.07128 | NS=0.06478 CO2(scaled)=0.00108 CO2_weight=1.00 guide_w=1.64 Walls=0.00045(x10) g_ns/g_walls=0.408 Windows=0.00073 Doors=0.00009 IC=0.00000 CO2_BC=0.00007 LR=2.02e-04 nu=0.01 NSraw=0.5926 alpha(W1/W8/all)=0.59/0.39/0.48 | 0.86 it/s
[Iter 30350/50000] Total=0.18445 | NS=0.17799 CO2(scaled)=0.00092 CO2_weight=1.00 guide_w=1.64 Walls=0.00048(x10) g_ns/g_walls=0.408 Windows=0.00054 Doors=0.00010 IC=0.00000 CO2_BC=0.00007 LR=2.02e-04 nu=0.01 NSraw=5.393 alpha(W1/W8/all)=0.59/0.39/0.48 | 0.86 it/s
[Iter 30360/50000] Total=0.03134 | NS=0.02714 CO2(scaled)=0.00098 CO2_weight=1.00 guide_w=1.64 Walls=0.00022(x10) g_ns/g_walls=0.408 Windows=0.00086 Doors=0.00012 IC=0.00000 CO2_BC=0.00009 LR=2.02e-04 nu=0.01 NSraw=0.07259 alpha(W1/W8/all)=0.59/0.39/0.48 | 0.86 it/s
[Iter 30370/50000] Total=0.02525 | NS=0.02172 CO2(scaled)=0.00064 CO2_weight=1.00 guide_w=1.64 Walls=0.00022(x10) g_ns/g_walls=0.408 Windows=0.00047 Doors=0.00011 IC=0.00000 CO2_BC=0.00007 LR=2.02e-04 nu=0.01 NSraw=0.03507 alpha(W1/W8/all)=0.59/0.39/0.48 | 0.86 it/s
[Iter 30380/50000] Total=0.04361 | NS=0.03709 CO2(scaled)=0.00086 CO2_weight=1.00 guide_w=1.64 Walls=0.00050(x10) g_ns/g_walls=0.408 Windows=0.00051 Doors=0.00013 IC=0.00000 CO2_BC=0.00007 LR=2.02e-04 nu=0.01 NSraw=0.08863 alpha(W1/W8/all)=0.59/0.39/0.48 | 0.86 it/s
[Iter 30390/50000] Total=0.05304 | NS=0.04560 CO2(scaled)=0.00108 CO2_weight=1.00 guide_w=1.64 Walls=0.00049(x10) g_ns/g_walls=0.408 Windows=0.00126 Doors=0.00009 IC=0.00000 CO2_BC=0.00008 LR=2.02e-04 nu=0.01 NSraw=0.1479 alpha(W1/W8/all)=0.59/0.39/0.48 | 0.86 it/s
[Iter 30400/50000] Total=0.03466 | NS=0.02961 CO2(scaled)=0.00053 CO2_weight=1.00 guide_w=11.9 Walls=0.00036(x10) g_ns/g_walls=1.28 Windows=0.00076 Doors=0.00010 IC=0.00000 CO2_BC=0.00007 LR=2.02e-04 nu=0.01 NSraw=0.06016 alpha(W1/W8/all)=0.59/0.39/0.48 | 0.86 it/s
[Iter 30410/50000] Total=0.18384 | NS=0.17531 CO2(scaled)=0.00090 CO2_weight=1.00 guide_w=11.9 Walls=0.00067(x10) g_ns/g_walls=1.28 Windows=0.00069 Doors=0.00014 IC=0.00000 CO2_BC=0.00007 LR=2.01e-04 nu=0.01 NSraw=3.649 alpha(W1/W8/all)=0.59/0.39/0.48 | 0.86 it/s
[Iter 30420/50000] Total=0.11296 | NS=0.10453 CO2(scaled)=0.00171 CO2_weight=1.00 guide_w=11.9 Walls=0.00056(x10) g_ns/g_walls=1.28 Windows=0.00091 Doors=0.00010 IC=0.00000 CO2_BC=0.00007 LR=2.01e-04 nu=0.01 NSraw=1.485 alpha(W1/W8/all)=0.59/0.39/0.48 | 0.86 it/s
[Iter 30430/50000] Total=1.06159 | NS=1.05732 CO2(scaled)=0.00095 CO2_weight=1.00 guide_w=11.9 Walls=0.00027(x10) g_ns/g_walls=1.28 Windows=0.00046 Doors=0.00011 IC=0.00000 CO2_BC=0.00006 LR=2.01e-04 nu=0.01 NSraw=266.2 alpha(W1/W8/all)=0.59/0.39/0.48 | 0.86 it/s
[Iter 30440/50000] Total=0.12755 | NS=0.11480 CO2(scaled)=0.00100 CO2_weight=1.00 guide_w=11.9 Walls=0.00102(x10) g_ns/g_walls=1.28 Windows=0.00137 Doors=0.00011 IC=0.00000 CO2_BC=0.00006 LR=2.01e-04 nu=0.01 NSraw=1.693 alpha(W1/W8/all)=0.59/0.39/0.48 | 0.86 it/s
[Iter 30450/50000] Total=0.08065 | NS=0.07600 CO2(scaled)=0.00076 CO2_weight=1.00 guide_w=11.9 Walls=0.00032(x10) g_ns/g_walls=1.28 Windows=0.00045 Doors=0.00011 IC=0.00000 CO2_BC=0.00008 LR=2.01e-04 nu=0.01 NSraw=0.2883 alpha(W1/W8/all)=0.59/0.39/0.48 | 0.86 it/s
[Iter 30460/50000] Total=0.04980 | NS=0.04433 CO2(scaled)=0.00094 CO2_weight=1.00 guide_w=11.9 Walls=0.00035(x10) g_ns/g_walls=1.28 Windows=0.00088 Doors=0.00011 IC=0.00000 CO2_BC=0.00008 LR=2.01e-04 nu=0.01 NSraw=0.1333 alpha(W1/W8/all)=0.59/0.39/0.48 | 0.86 it/s
[Iter 30470/50000] Total=0.22909 | NS=0.22239 CO2(scaled)=0.00094 CO2_weight=1.00 guide_w=11.9 Walls=0.00045(x10) g_ns/g_walls=1.28 Windows=0.00108 Doors=0.00011 IC=0.00000 CO2_BC=0.00008 LR=2.01e-04 nu=0.01 NSraw=5.635 alpha(W1/W8/all)=0.59/0.39/0.48 | 0.86 it/s
[Iter 30480/50000] Total=0.08762 | NS=0.07939 CO2(scaled)=0.00109 CO2_weight=1.00 guide_w=11.9 Walls=0.00060(x10) g_ns/g_walls=1.28 Windows=0.00092 Doors=0.00012 IC=0.00000 CO2_BC=0.00006 LR=2.01e-04 nu=0.01 NSraw=0.5464 alpha(W1/W8/all)=0.59/0.39/0.48 | 0.86 it/s
[Iter 30490/50000] Total=0.07781 | NS=0.07247 CO2(scaled)=0.00074 CO2_weight=1.00 guide_w=11.9 Walls=0.00037(x10) g_ns/g_walls=1.28 Windows=0.00078 Doors=0.00009 IC=0.00000 CO2_BC=0.00007 LR=2.01e-04 nu=0.01 NSraw=0.2712 alpha(W1/W8/all)=0.59/0.39/0.48 | 0.86 it/s
[Iter 30500/50000] Total=0.04556 | NS=0.04084 CO2(scaled)=0.00103 CO2_weight=1.00 guide_w=2.53 Walls=0.00029(x10) g_ns/g_walls=0.773 Windows=0.00059 Doors=0.00009 IC=0.00000 CO2_BC=0.00008 LR=2.01e-04 nu=0.01 NSraw=0.09846 alpha(W1/W8/all)=0.59/0.39/0.48 | 0.86 it/s
[Iter 30510/50000] Total=0.06611 | NS=0.05454 CO2(scaled)=0.00065 CO2_weight=1.00 guide_w=2.53 Walls=0.00103(x10) g_ns/g_walls=0.773 Windows=0.00044 Doors=0.00015 IC=0.00000 CO2_BC=0.00007 LR=2.00e-04 nu=0.01 NSraw=0.1959 alpha(W1/W8/all)=0.59/0.39/0.48 | 0.86 it/s
[Iter 30520/50000] Total=0.06488 | NS=0.05347 CO2(scaled)=0.00084 CO2_weight=1.00 guide_w=2.53 Walls=0.00096(x10) g_ns/g_walls=0.773 Windows=0.00073 Doors=0.00013 IC=0.00000 CO2_BC=0.00007 LR=2.00e-04 nu=0.01 NSraw=0.26 alpha(W1/W8/all)=0.59/0.39/0.48 | 0.86 it/s
[Iter 30530/50000] Total=0.11677 | NS=0.11037 CO2(scaled)=0.00064 CO2_weight=1.00 guide_w=2.53 Walls=0.00047(x10) g_ns/g_walls=0.773 Windows=0.00084 Doors=0.00013 IC=0.00000 CO2_BC=0.00006 LR=2.00e-04 nu=0.01 NSraw=1.005 alpha(W1/W8/all)=0.59/0.39/0.48 | 0.86 it/s
[Iter 30540/50000] Total=0.07791 | NS=0.07224 CO2(scaled)=0.00063 CO2_weight=1.00 guide_w=2.53 Walls=0.00041(x10) g_ns/g_walls=0.773 Windows=0.00080 Doors=0.00011 IC=0.00000 CO2_BC=0.00006 LR=2.00e-04 nu=0.01 NSraw=0.2435 alpha(W1/W8/all)=0.59/0.39/0.48 | 0.86 it/s
[Iter 30550/50000] Total=0.07595 | NS=0.06681 CO2(scaled)=0.00077 CO2_weight=1.00 guide_w=2.53 Walls=0.00075(x10) g_ns/g_walls=0.773 Windows=0.00078 Doors=0.00007 IC=0.00000 CO2_BC=0.00006 LR=2.00e-04 nu=0.01 NSraw=0.7459 alpha(W1/W8/all)=0.59/0.39/0.48 | 0.86 it/s
[Iter 30560/50000] Total=0.04296 | NS=0.03713 CO2(scaled)=0.00079 CO2_weight=1.00 guide_w=2.53 Walls=0.00040(x10) g_ns/g_walls=0.773 Windows=0.00091 Doors=0.00009 IC=0.00000 CO2_BC=0.00005 LR=2.00e-04 nu=0.01 NSraw=0.1261 alpha(W1/W8/all)=0.59/0.39/0.48 | 0.86 it/s
[Iter 30570/50000] Total=0.06126 | NS=0.05706 CO2(scaled)=0.00074 CO2_weight=1.00 guide_w=2.53 Walls=0.00027(x10) g_ns/g_walls=0.773 Windows=0.00065 Doors=0.00007 IC=0.00000 CO2_BC=0.00005 LR=2.00e-04 nu=0.01 NSraw=0.3317 alpha(W1/W8/all)=0.59/0.39/0.48 | 0.86 it/s
[Iter 30580/50000] Total=0.06587 | NS=0.05827 CO2(scaled)=0.00074 CO2_weight=1.00 guide_w=2.53 Walls=0.00061(x10) g_ns/g_walls=0.773 Windows=0.00058 Doors=0.00008 IC=0.00000 CO2_BC=0.00006 LR=2.00e-04 nu=0.01 NSraw=0.2231 alpha(W1/W8/all)=0.59/0.39/0.48 | 0.86 it/s
[Iter 30590/50000] Total=0.02203 | NS=0.01719 CO2(scaled)=0.00071 CO2_weight=1.00 guide_w=2.53 Walls=0.00033(x10) g_ns/g_walls=0.773 Windows=0.00063 Doors=0.00010 IC=0.00000 CO2_BC=0.00007 LR=2.00e-04 nu=0.01 NSraw=0.02687 alpha(W1/W8/all)=0.59/0.39/0.48 | 0.86 it/s
[Iter 30600/50000] Total=0.06115 | NS=0.05706 CO2(scaled)=0.00094 CO2_weight=1.00 guide_w=1.34 Walls=0.00025(x10) g_ns/g_walls=0.488 Windows=0.00049 Doors=0.00009 IC=0.00000 CO2_BC=0.00005 LR=1.99e-04 nu=0.01 NSraw=0.2194 alpha(W1/W8/all)=0.59/0.39/0.48 | 0.86 it/s
[Iter 30610/50000] Total=0.07232 | NS=0.06449 CO2(scaled)=0.00114 CO2_weight=1.00 guide_w=1.34 Walls=0.00057(x10) g_ns/g_walls=0.488 Windows=0.00089 Doors=0.00007 IC=0.00000 CO2_BC=0.00006 LR=1.99e-04 nu=0.01 NSraw=0.1791 alpha(W1/W8/all)=0.59/0.39/0.48 | 0.86 it/s
[Iter 30620/50000] Total=0.04250 | NS=0.03425 CO2(scaled)=0.00081 CO2_weight=1.00 guide_w=1.34 Walls=0.00064(x10) g_ns/g_walls=0.488 Windows=0.00090 Doors=0.00012 IC=0.00000 CO2_BC=0.00006 LR=1.99e-04 nu=0.01 NSraw=0.08568 alpha(W1/W8/all)=0.59/0.39/0.48 | 0.86 it/s
[Iter 30630/50000] Total=0.80691 | NS=0.79848 CO2(scaled)=0.00093 CO2_weight=1.00 guide_w=1.34 Walls=0.00063(x10) g_ns/g_walls=0.488 Windows=0.00106 Doors=0.00013 IC=0.00000 CO2_BC=0.00005 LR=1.99e-04 nu=0.01 NSraw=59.41 alpha(W1/W8/all)=0.59/0.39/0.48 | 0.86 it/s
[Iter 30640/50000] Total=0.10278 | NS=0.09323 CO2(scaled)=0.00131 CO2_weight=1.00 guide_w=1.34 Walls=0.00068(x10) g_ns/g_walls=0.488 Windows=0.00122 Doors=0.00012 IC=0.00000 CO2_BC=0.00006 LR=1.99e-04 nu=0.01 NSraw=0.4899 alpha(W1/W8/all)=0.59/0.39/0.48 | 0.86 it/s
[Iter 30650/50000] Total=0.08288 | NS=0.07458 CO2(scaled)=0.00131 CO2_weight=1.00 guide_w=1.34 Walls=0.00058(x10) g_ns/g_walls=0.488 Windows=0.00099 Doors=0.00013 IC=0.00000 CO2_BC=0.00005 LR=1.99e-04 nu=0.01 NSraw=0.327 alpha(W1/W8/all)=0.59/0.39/0.48 | 0.86 it/s
[Iter 30660/50000] Total=0.02627 | NS=0.01891 CO2(scaled)=0.00107 CO2_weight=1.00 guide_w=1.34 Walls=0.00054(x10) g_ns/g_walls=0.488 Windows=0.00066 Doors=0.00014 IC=0.00000 CO2_BC=0.00007 LR=1.99e-04 nu=0.01 NSraw=0.02636 alpha(W1/W8/all)=0.59/0.39/0.48 | 0.86 it/s
[Iter 30670/50000] Total=0.14574 | NS=0.13812 CO2(scaled)=0.00108 CO2_weight=1.00 guide_w=1.34 Walls=0.00057(x10) g_ns/g_walls=0.488 Windows=0.00074 Doors=0.00009 IC=0.00000 CO2_BC=0.00005 LR=1.99e-04 nu=0.01 NSraw=3.043 alpha(W1/W8/all)=0.59/0.39/0.48 | 0.86 it/s
[Iter 30680/50000] Total=0.09635 | NS=0.09086 CO2(scaled)=0.00072 CO2_weight=1.00 guide_w=1.34 Walls=0.00039(x10) g_ns/g_walls=0.488 Windows=0.00067 Doors=0.00011 IC=0.00000 CO2_BC=0.00007 LR=1.99e-04 nu=0.01 NSraw=0.8365 alpha(W1/W8/all)=0.59/0.39/0.48 | 0.86 it/s
[Iter 30690/50000] Total=0.18186 | NS=0.17551 CO2(scaled)=0.00079 CO2_weight=1.00 guide_w=1.34 Walls=0.00048(x10) g_ns/g_walls=0.488 Windows=0.00059 Doors=0.00012 IC=0.00000 CO2_BC=0.00007 LR=1.99e-04 nu=0.01 NSraw=5.928 alpha(W1/W8/all)=0.59/0.39/0.48 | 0.86 it/s
[Iter 30700/50000] Total=0.04660 | NS=0.04195 CO2(scaled)=0.00064 CO2_weight=1.00 guide_w=6.54 Walls=0.00033(x10) g_ns/g_walls=0.636 Windows=0.00060 Doors=0.00008 IC=0.00000 CO2_BC=0.00005 LR=1.98e-04 nu=0.01 NSraw=0.174 alpha(W1/W8/all)=0.59/0.39/0.48 | 0.86 it/s
[Iter 30710/50000] Total=0.12506 | NS=0.12090 CO2(scaled)=0.00079 CO2_weight=1.00 guide_w=6.54 Walls=0.00026(x10) g_ns/g_walls=0.636 Windows=0.00063 Doors=0.00011 IC=0.00000 CO2_BC=0.00007 LR=1.98e-04 nu=0.01 NSraw=2.099 alpha(W1/W8/all)=0.59/0.39/0.48 | 0.86 it/s
[Iter 30720/50000] Total=0.04643 | NS=0.04299 CO2(scaled)=0.00064 CO2_weight=1.00 guide_w=6.54 Walls=0.00018(x10) g_ns/g_walls=0.636 Windows=0.00083 Doors=0.00013 IC=0.00000 CO2_BC=0.00005 LR=1.98e-04 nu=0.01 NSraw=0.1005 alpha(W1/W8/all)=0.59/0.39/0.48 | 0.86 it/s
[Iter 30730/50000] Total=0.06010 | NS=0.05498 CO2(scaled)=0.00075 CO2_weight=1.00 guide_w=6.54 Walls=0.00034(x10) g_ns/g_walls=0.636 Windows=0.00079 Doors=0.00010 IC=0.00000 CO2_BC=0.00007 LR=1.98e-04 nu=0.01 NSraw=0.1916 alpha(W1/W8/all)=0.59/0.39/0.48 | 0.86 it/s
[Iter 30740/50000] Total=0.09296 | NS=0.08318 CO2(scaled)=0.00065 CO2_weight=1.00 guide_w=6.54 Walls=0.00080(x10) g_ns/g_walls=0.636 Windows=0.00092 Doors=0.00012 IC=0.00000 CO2_BC=0.00006 LR=1.98e-04 nu=0.01 NSraw=0.3756 alpha(W1/W8/all)=0.59/0.39/0.48 | 0.86 it/s
[Iter 30750/50000] Total=0.02154 | NS=0.01292 CO2(scaled)=0.00066 CO2_weight=1.00 guide_w=6.54 Walls=0.00071(x10) g_ns/g_walls=0.636 Windows=0.00068 Doors=0.00008 IC=0.00000 CO2_BC=0.00006 LR=1.98e-04 nu=0.01 NSraw=0.01747 alpha(W1/W8/all)=0.59/0.39/0.48 | 0.86 it/s
[Iter 30760/50000] Total=0.19485 | NS=0.18645 CO2(scaled)=0.00111 CO2_weight=1.00 guide_w=6.54 Walls=0.00062(x10) g_ns/g_walls=0.636 Windows=0.00092 Doors=0.00010 IC=0.00000 CO2_BC=0.00006 LR=1.98e-04 nu=0.01 NSraw=6.108 alpha(W1/W8/all)=0.59/0.39/0.48 | 0.86 it/s
[Iter 30770/50000] Total=0.07549 | NS=0.06762 CO2(scaled)=0.00073 CO2_weight=1.00 guide_w=6.54 Walls=0.00062(x10) g_ns/g_walls=0.636 Windows=0.00073 Doors=0.00011 IC=0.00000 CO2_BC=0.00007 LR=1.98e-04 nu=0.01 NSraw=0.2436 alpha(W1/W8/all)=0.59/0.39/0.48 | 0.86 it/s
[Iter 30780/50000] Total=0.26067 | NS=0.24608 CO2(scaled)=0.00163 CO2_weight=1.00 guide_w=6.54 Walls=0.00113(x10) g_ns/g_walls=0.636 Windows=0.00150 Doors=0.00012 IC=0.00000 CO2_BC=0.00006 LR=1.98e-04 nu=0.01 NSraw=8.264 alpha(W1/W8/all)=0.59/0.39/0.48 | 0.86 it/s
[Iter 30790/50000] Total=0.05840 | NS=0.05047 CO2(scaled)=0.00166 CO2_weight=1.00 guide_w=6.54 Walls=0.00053(x10) g_ns/g_walls=0.636 Windows=0.00074 Doors=0.00012 IC=0.00000 CO2_BC=0.00007 LR=1.97e-04 nu=0.01 NSraw=0.1832 alpha(W1/W8/all)=0.59/0.39/0.48 | 0.86 it/s
[Iter 30800/50000] Total=0.06866 | NS=0.06132 CO2(scaled)=0.00071 CO2_weight=1.00 guide_w=2.94 Walls=0.00055(x10) g_ns/g_walls=0.237 Windows=0.00094 Doors=0.00008 IC=0.00000 CO2_BC=0.00010 LR=1.97e-04 nu=0.01 NSraw=0.2326 alpha(W1/W8/all)=0.59/0.39/0.48 | 0.86 it/s
[Iter 30810/50000] Total=0.27122 | NS=0.25434 CO2(scaled)=0.00070 CO2_weight=1.00 guide_w=2.94 Walls=0.00150(x10) g_ns/g_walls=0.237 Windows=0.00106 Doors=0.00009 IC=0.00000 CO2_BC=0.00006 LR=1.97e-04 nu=0.01 NSraw=11.34 alpha(W1/W8/all)=0.59/0.39/0.48 | 0.86 it/s
[Iter 30820/50000] Total=0.08063 | NS=0.07656 CO2(scaled)=0.00074 CO2_weight=1.00 guide_w=2.94 Walls=0.00024(x10) g_ns/g_walls=0.237 Windows=0.00077 Doors=0.00011 IC=0.00000 CO2_BC=0.00007 LR=1.97e-04 nu=0.01 NSraw=0.2976 alpha(W1/W8/all)=0.59/0.39/0.48 | 0.86 it/s
[Iter 30830/50000] Total=0.05578 | NS=0.05011 CO2(scaled)=0.00095 CO2_weight=1.00 guide_w=2.94 Walls=0.00036(x10) g_ns/g_walls=0.237 Windows=0.00090 Doors=0.00014 IC=0.00000 CO2_BC=0.00008 LR=1.97e-04 nu=0.01 NSraw=0.1769 alpha(W1/W8/all)=0.59/0.39/0.48 | 0.86 it/s
[Iter 30840/50000] Total=0.07843 | NS=0.06834 CO2(scaled)=0.00082 CO2_weight=1.00 guide_w=2.94 Walls=0.00081(x10) g_ns/g_walls=0.237 Windows=0.00091 Doors=0.00017 IC=0.00000 CO2_BC=0.00006 LR=1.97e-04 nu=0.01 NSraw=0.3882 alpha(W1/W8/all)=0.59/0.39/0.48 | 0.86 it/s
[Iter 30850/50000] Total=0.03210 | NS=0.02815 CO2(scaled)=0.00116 CO2_weight=1.00 guide_w=2.94 Walls=0.00019(x10) g_ns/g_walls=0.237 Windows=0.00066 Doors=0.00013 IC=0.00000 CO2_BC=0.00007 LR=1.97e-04 nu=0.01 NSraw=0.1028 alpha(W1/W8/all)=0.59/0.39/0.48 | 0.86 it/s
[Iter 30860/50000] Total=0.08484 | NS=0.08065 CO2(scaled)=0.00060 CO2_weight=1.00 guide_w=2.94 Walls=0.00029(x10) g_ns/g_walls=0.237 Windows=0.00057 Doors=0.00010 IC=0.00000 CO2_BC=0.00006 LR=1.97e-04 nu=0.01 NSraw=0.8592 alpha(W1/W8/all)=0.59/0.39/0.48 | 0.86 it/s
[Iter 30870/50000] Total=0.53698 | NS=0.53381 CO2(scaled)=0.00060 CO2_weight=1.00 guide_w=2.94 Walls=0.00019(x10) g_ns/g_walls=0.237 Windows=0.00050 Doors=0.00008 IC=0.00000 CO2_BC=0.00006 LR=1.97e-04 nu=0.01 NSraw=44 alpha(W1/W8/all)=0.59/0.39/0.48 | 0.86 it/s
[Iter 30880/50000] Total=0.06264 | NS=0.05742 CO2(scaled)=0.00091 CO2_weight=1.00 guide_w=2.94 Walls=0.00034(x10) g_ns/g_walls=0.237 Windows=0.00069 Doors=0.00014 IC=0.00000 CO2_BC=0.00006 LR=1.97e-04 nu=0.01 NSraw=0.2377 alpha(W1/W8/all)=0.59/0.39/0.48 | 0.86 it/s
[Iter 30890/50000] Total=0.17645 | NS=0.17291 CO2(scaled)=0.00074 CO2_weight=1.00 guide_w=2.94 Walls=0.00022(x10) g_ns/g_walls=0.237 Windows=0.00046 Doors=0.00009 IC=0.00000 CO2_BC=0.00006 LR=1.96e-04 nu=0.01 NSraw=3.476 alpha(W1/W8/all)=0.59/0.39/0.48 | 0.86 it/s
[Iter 30900/50000] Total=0.02530 | NS=0.02044 CO2(scaled)=0.00086 CO2_weight=1.00 guide_w=1.39 Walls=0.00031(x10) g_ns/g_walls=0.247 Windows=0.00066 Doors=0.00012 IC=0.00000 CO2_BC=0.00008 LR=1.96e-04 nu=0.01 NSraw=0.03335 alpha(W1/W8/all)=0.59/0.39/0.48 | 0.86 it/s
[Iter 30910/50000] Total=0.09386 | NS=0.07998 CO2(scaled)=0.00171 CO2_weight=1.00 guide_w=1.39 Walls=0.00107(x10) g_ns/g_walls=0.247 Windows=0.00125 Doors=0.00011 IC=0.00000 CO2_BC=0.00006 LR=1.96e-04 nu=0.01 NSraw=0.7779 alpha(W1/W8/all)=0.59/0.39/0.48 | 0.86 it/s
[Iter 30920/50000] Total=0.09908 | NS=0.08695 CO2(scaled)=0.00088 CO2_weight=1.00 guide_w=1.39 Walls=0.00101(x10) g_ns/g_walls=0.247 Windows=0.00093 Doors=0.00010 IC=0.00000 CO2_BC=0.00008 LR=1.96e-04 nu=0.01 NSraw=0.3841 alpha(W1/W8/all)=0.59/0.39/0.48 | 0.86 it/s
[Iter 30930/50000] Total=0.03373 | NS=0.02834 CO2(scaled)=0.00088 CO2_weight=1.00 guide_w=1.39 Walls=0.00039(x10) g_ns/g_walls=0.247 Windows=0.00044 Doors=0.00010 IC=0.00000 CO2_BC=0.00006 LR=1.96e-04 nu=0.01 NSraw=0.05535 alpha(W1/W8/all)=0.59/0.39/0.48 | 0.86 it/s
[Iter 30940/50000] Total=0.15973 | NS=0.15416 CO2(scaled)=0.00063 CO2_weight=1.00 guide_w=1.39 Walls=0.00039(x10) g_ns/g_walls=0.247 Windows=0.00082 Doors=0.00013 IC=0.00000 CO2_BC=0.00005 LR=1.96e-04 nu=0.01 NSraw=3.872 alpha(W1/W8/all)=0.59/0.39/0.48 | 0.86 it/s
[Iter 30950/50000] Total=0.03379 | NS=0.02989 CO2(scaled)=0.00069 CO2_weight=1.00 guide_w=1.39 Walls=0.00022(x10) g_ns/g_walls=0.247 Windows=0.00084 Doors=0.00009 IC=0.00000 CO2_BC=0.00009 LR=1.96e-04 nu=0.01 NSraw=0.06624 alpha(W1/W8/all)=0.59/0.39/0.48 | 0.86 it/s
[Iter 30960/50000] Total=0.12575 | NS=0.12226 CO2(scaled)=0.00081 CO2_weight=1.00 guide_w=1.39 Walls=0.00019(x10) g_ns/g_walls=0.247 Windows=0.00060 Doors=0.00012 IC=0.00000 CO2_BC=0.00007 LR=1.96e-04 nu=0.01 NSraw=0.8113 alpha(W1/W8/all)=0.59/0.39/0.48 | 0.86 it/s
[Iter 30970/50000] Total=0.05038 | NS=0.04493 CO2(scaled)=0.00107 CO2_weight=1.00 guide_w=1.39 Walls=0.00033(x10) g_ns/g_walls=0.247 Windows=0.00090 Doors=0.00014 IC=0.00000 CO2_BC=0.00006 LR=1.96e-04 nu=0.01 NSraw=0.116 alpha(W1/W8/all)=0.59/0.39/0.48 | 0.86 it/s
[Iter 30980/50000] Total=0.15571 | NS=0.15030 CO2(scaled)=0.00080 CO2_weight=1.00 guide_w=1.39 Walls=0.00035(x10) g_ns/g_walls=0.247 Windows=0.00095 Doors=0.00010 IC=0.00000 CO2_BC=0.00005 LR=1.96e-04 nu=0.01 NSraw=3.861 alpha(W1/W8/all)=0.59/0.39/0.48 | 0.86 it/s
[Iter 30990/50000] Total=0.06397 | NS=0.05849 CO2(scaled)=0.00082 CO2_weight=1.00 guide_w=1.39 Walls=0.00039(x10) g_ns/g_walls=0.247 Windows=0.00064 Doors=0.00008 IC=0.00000 CO2_BC=0.00007 LR=1.95e-04 nu=0.01 NSraw=0.1843 alpha(W1/W8/all)=0.59/0.39/0.48 | 0.86 it/s
[Iter 31000/50000] Total=0.06702 | NS=0.06304 CO2(scaled)=0.00077 CO2_weight=1.00 guide_w=10.9 Walls=0.00022(x10) g_ns/g_walls=3.74 Windows=0.00079 Doors=0.00014 IC=0.00000 CO2_BC=0.00007 LR=1.95e-04 nu=0.01 NSraw=0.2795 alpha(W1/W8/all)=0.59/0.39/0.48 | 0.86 it/s
  -> saved checkpoint: /home/iai-labor/BuildingControlCFD/experiments/gnot/checkpoints/v24_fixedalpha_r50k/gnot_v24_fixedalpha_r50k_iter31000.pth
[Iter 31010/50000] Total=0.04735 | NS=0.04330 CO2(scaled)=0.00082 CO2_weight=1.00 guide_w=10.9 Walls=0.00024(x10) g_ns/g_walls=3.74 Windows=0.00071 Doors=0.00009 IC=0.00000 CO2_BC=0.00006 LR=1.95e-04 nu=0.01 NSraw=0.09807 alpha(W1/W8/all)=0.59/0.39/0.48 | 0.86 it/s
[Iter 31020/50000] Total=0.05722 | NS=0.05200 CO2(scaled)=0.00084 CO2_weight=1.00 guide_w=10.9 Walls=0.00034(x10) g_ns/g_walls=3.74 Windows=0.00079 Doors=0.00013 IC=0.00000 CO2_BC=0.00008 LR=1.95e-04 nu=0.01 NSraw=0.1673 alpha(W1/W8/all)=0.59/0.39/0.48 | 0.86 it/s
[Iter 31030/50000] Total=0.02165 | NS=0.01523 CO2(scaled)=0.00069 CO2_weight=1.00 guide_w=10.9 Walls=0.00049(x10) g_ns/g_walls=3.74 Windows=0.00067 Doors=0.00010 IC=0.00000 CO2_BC=0.00006 LR=1.95e-04 nu=0.01 NSraw=0.02171 alpha(W1/W8/all)=0.59/0.39/0.48 | 0.86 it/s
[Iter 31040/50000] Total=0.04732 | NS=0.04339 CO2(scaled)=0.00073 CO2_weight=1.00 guide_w=10.9 Walls=0.00025(x10) g_ns/g_walls=3.74 Windows=0.00052 Doors=0.00009 IC=0.00000 CO2_BC=0.00006 LR=1.95e-04 nu=0.01 NSraw=0.1645 alpha(W1/W8/all)=0.59/0.39/0.48 | 0.86 it/s
[Iter 31050/50000] Total=0.06713 | NS=0.06027 CO2(scaled)=0.00106 CO2_weight=1.00 guide_w=10.9 Walls=0.00047(x10) g_ns/g_walls=3.74 Windows=0.00090 Doors=0.00011 IC=0.00000 CO2_BC=0.00008 LR=1.95e-04 nu=0.01 NSraw=0.167 alpha(W1/W8/all)=0.59/0.39/0.48 | 0.86 it/s
[Iter 31060/50000] Total=0.09370 | NS=0.08962 CO2(scaled)=0.00093 CO2_weight=1.00 guide_w=10.9 Walls=0.00024(x10) g_ns/g_walls=3.74 Windows=0.00055 Doors=0.00012 IC=0.00000 CO2_BC=0.00007 LR=1.95e-04 nu=0.01 NSraw=0.4132 alpha(W1/W8/all)=0.59/0.39/0.48 | 0.86 it/s
[Iter 31070/50000] Total=0.07685 | NS=0.06735 CO2(scaled)=0.00091 CO2_weight=1.00 guide_w=10.9 Walls=0.00073(x10) g_ns/g_walls=3.74 Windows=0.00111 Doors=0.00008 IC=0.00000 CO2_BC=0.00007 LR=1.95e-04 nu=0.01 NSraw=0.2676 alpha(W1/W8/all)=0.59/0.39/0.48 | 0.86 it/s
[Iter 31080/50000] Total=0.08857 | NS=0.08510 CO2(scaled)=0.00057 CO2_weight=1.00 guide_w=10.9 Walls=0.00021(x10) g_ns/g_walls=3.74 Windows=0.00058 Doors=0.00011 IC=0.00000 CO2_BC=0.00008 LR=1.95e-04 nu=0.01 NSraw=0.5647 alpha(W1/W8/all)=0.59/0.39/0.48 | 0.86 it/s
[Iter 31090/50000] Total=0.08948 | NS=0.08519 CO2(scaled)=0.00058 CO2_weight=1.00 guide_w=10.9 Walls=0.00029(x10) g_ns/g_walls=3.74 Windows=0.00060 Doors=0.00011 IC=0.00000 CO2_BC=0.00006 LR=1.94e-04 nu=0.01 NSraw=0.3753 alpha(W1/W8/all)=0.59/0.39/0.48 | 0.86 it/s
[Iter 31100/50000] Total=0.04777 | NS=0.03954 CO2(scaled)=0.00060 CO2_weight=1.00 guide_w=8 Walls=0.00062(x10) g_ns/g_walls=0.418 Windows=0.00122 Doors=0.00018 IC=0.00000 CO2_BC=0.00007 LR=1.94e-04 nu=0.01 NSraw=0.09577 alpha(W1/W8/all)=0.59/0.39/0.48 | 0.86 it/s
[Iter 31110/50000] Total=0.11883 | NS=0.11327 CO2(scaled)=0.00075 CO2_weight=1.00 guide_w=8 Walls=0.00038(x10) g_ns/g_walls=0.418 Windows=0.00078 Doors=0.00017 IC=0.00000 CO2_BC=0.00006 LR=1.94e-04 nu=0.01 NSraw=1.933 alpha(W1/W8/all)=0.59/0.39/0.48 | 0.86 it/s
[Iter 31120/50000] Total=0.21211 | NS=0.20633 CO2(scaled)=0.00101 CO2_weight=1.00 guide_w=8 Walls=0.00040(x10) g_ns/g_walls=0.418 Windows=0.00061 Doors=0.00010 IC=0.00000 CO2_BC=0.00006 LR=1.94e-04 nu=0.01 NSraw=4.14 alpha(W1/W8/all)=0.59/0.39/0.48 | 0.86 it/s
[Iter 31130/50000] Total=0.11165 | NS=0.10651 CO2(scaled)=0.00048 CO2_weight=1.00 guide_w=8 Walls=0.00040(x10) g_ns/g_walls=0.418 Windows=0.00053 Doors=0.00012 IC=0.00000 CO2_BC=0.00006 LR=1.94e-04 nu=0.01 NSraw=1.014 alpha(W1/W8/all)=0.59/0.39/0.48 | 0.86 it/s
[Iter 31140/50000] Total=0.06754 | NS=0.05890 CO2(scaled)=0.00142 CO2_weight=1.00 guide_w=8 Walls=0.00064(x10) g_ns/g_walls=0.418 Windows=0.00066 Doors=0.00009 IC=0.00000 CO2_BC=0.00007 LR=1.94e-04 nu=0.01 NSraw=0.1806 alpha(W1/W8/all)=0.59/0.39/0.48 | 0.86 it/s
[Iter 31150/50000] Total=0.06206 | NS=0.05621 CO2(scaled)=0.00090 CO2_weight=1.00 guide_w=8 Walls=0.00042(x10) g_ns/g_walls=0.418 Windows=0.00058 Doors=0.00009 IC=0.00000 CO2_BC=0.00009 LR=1.94e-04 nu=0.01 NSraw=0.1585 alpha(W1/W8/all)=0.59/0.39/0.48 | 0.86 it/s
[Iter 31160/50000] Total=0.05803 | NS=0.04797 CO2(scaled)=0.00223 CO2_weight=1.00 guide_w=8 Walls=0.00067(x10) g_ns/g_walls=0.418 Windows=0.00091 Doors=0.00010 IC=0.00000 CO2_BC=0.00008 LR=1.94e-04 nu=0.01 NSraw=0.2147 alpha(W1/W8/all)=0.59/0.39/0.48 | 0.86 it/s
[Iter 31170/50000] Total=0.04527 | NS=0.03460 CO2(scaled)=0.00157 CO2_weight=1.00 guide_w=8 Walls=0.00076(x10) g_ns/g_walls=0.418 Windows=0.00136 Doors=0.00008 IC=0.00000 CO2_BC=0.00009 LR=1.94e-04 nu=0.01 NSraw=0.07464 alpha(W1/W8/all)=0.59/0.39/0.48 | 0.86 it/s
[Iter 31180/50000] Total=0.03669 | NS=0.02511 CO2(scaled)=0.00074 CO2_weight=1.00 guide_w=8 Walls=0.00098(x10) g_ns/g_walls=0.418 Windows=0.00088 Doors=0.00012 IC=0.00000 CO2_BC=0.00009 LR=1.93e-04 nu=0.01 NSraw=0.0396 alpha(W1/W8/all)=0.59/0.39/0.48 | 0.86 it/s
[Iter 31190/50000] Total=0.04318 | NS=0.03831 CO2(scaled)=0.00069 CO2_weight=1.00 guide_w=8 Walls=0.00034(x10) g_ns/g_walls=0.418 Windows=0.00064 Doors=0.00010 IC=0.00000 CO2_BC=0.00007 LR=1.93e-04 nu=0.01 NSraw=0.1361 alpha(W1/W8/all)=0.59/0.39/0.48 | 0.86 it/s
[Iter 31200/50000] Total=0.10680 | NS=0.10129 CO2(scaled)=0.00058 CO2_weight=1.00 guide_w=11.1 Walls=0.00041(x10) g_ns/g_walls=0.761 Windows=0.00070 Doors=0.00007 IC=0.00000 CO2_BC=0.00007 LR=1.93e-04 nu=0.01 NSraw=0.3895 alpha(W1/W8/all)=0.59/0.39/0.48 | 0.86 it/s
[Iter 31210/50000] Total=0.04846 | NS=0.04303 CO2(scaled)=0.00092 CO2_weight=1.00 guide_w=11.1 Walls=0.00038(x10) g_ns/g_walls=0.761 Windows=0.00061 Doors=0.00007 IC=0.00000 CO2_BC=0.00006 LR=1.93e-04 nu=0.01 NSraw=0.17 alpha(W1/W8/all)=0.59/0.39/0.48 | 0.86 it/s
[Iter 31220/50000] Total=0.06384 | NS=0.05886 CO2(scaled)=0.00092 CO2_weight=1.00 guide_w=11.1 Walls=0.00032(x10) g_ns/g_walls=0.761 Windows=0.00062 Doors=0.00012 IC=0.00000 CO2_BC=0.00007 LR=1.93e-04 nu=0.01 NSraw=0.2381 alpha(W1/W8/all)=0.59/0.39/0.48 | 0.86 it/s
[Iter 31230/50000] Total=0.21439 | NS=0.20626 CO2(scaled)=0.00113 CO2_weight=1.00 guide_w=11.1 Walls=0.00060(x10) g_ns/g_walls=0.761 Windows=0.00082 Doors=0.00010 IC=0.00000 CO2_BC=0.00007 LR=1.93e-04 nu=0.01 NSraw=6.645 alpha(W1/W8/all)=0.59/0.39/0.48 | 0.86 it/s
[Iter 31240/50000] Total=0.04973 | NS=0.04352 CO2(scaled)=0.00077 CO2_weight=1.00 guide_w=11.1 Walls=0.00044(x10) g_ns/g_walls=0.761 Windows=0.00080 Doors=0.00013 IC=0.00000 CO2_BC=0.00012 LR=1.93e-04 nu=0.01 NSraw=0.1132 alpha(W1/W8/all)=0.59/0.39/0.48 | 0.86 it/s
[Iter 31250/50000] Total=0.24162 | NS=0.23741 CO2(scaled)=0.00075 CO2_weight=1.00 guide_w=11.1 Walls=0.00027(x10) g_ns/g_walls=0.761 Windows=0.00056 Doors=0.00011 IC=0.00000 CO2_BC=0.00007 LR=1.93e-04 nu=0.01 NSraw=5.218 alpha(W1/W8/all)=0.59/0.39/0.48 | 0.86 it/s
[Iter 31260/50000] Total=0.12969 | NS=0.12139 CO2(scaled)=0.00188 CO2_weight=1.00 guide_w=11.1 Walls=0.00053(x10) g_ns/g_walls=0.761 Windows=0.00102 Doors=0.00008 IC=0.00000 CO2_BC=0.00006 LR=1.93e-04 nu=0.01 NSraw=1.314 alpha(W1/W8/all)=0.59/0.39/0.48 | 0.86 it/s
[Iter 31270/50000] Total=0.04590 | NS=0.03599 CO2(scaled)=0.00088 CO2_weight=1.00 guide_w=11.1 Walls=0.00080(x10) g_ns/g_walls=0.761 Windows=0.00086 Doors=0.00008 IC=0.00000 CO2_BC=0.00007 LR=1.93e-04 nu=0.01 NSraw=0.104 alpha(W1/W8/all)=0.59/0.39/0.48 | 0.86 it/s
[Iter 31280/50000] Total=0.15370 | NS=0.14908 CO2(scaled)=0.00096 CO2_weight=1.00 guide_w=11.1 Walls=0.00028(x10) g_ns/g_walls=0.761 Windows=0.00073 Doors=0.00008 IC=0.00000 CO2_BC=0.00006 LR=1.92e-04 nu=0.01 NSraw=2.446 alpha(W1/W8/all)=0.59/0.39/0.48 | 0.86 it/s
[Iter 31290/50000] Total=0.03478 | NS=0.03087 CO2(scaled)=0.00055 CO2_weight=1.00 guide_w=11.1 Walls=0.00027(x10) g_ns/g_walls=0.761 Windows=0.00049 Doors=0.00007 IC=0.00000 CO2_BC=0.00009 LR=1.92e-04 nu=0.01 NSraw=0.06729 alpha(W1/W8/all)=0.59/0.39/0.48 | 0.86 it/s
[Iter 31300/50000] Total=0.09183 | NS=0.08604 CO2(scaled)=0.00064 CO2_weight=1.00 guide_w=9.71 Walls=0.00043(x10) g_ns/g_walls=1.67 Windows=0.00068 Doors=0.00011 IC=0.00000 CO2_BC=0.00006 LR=1.92e-04 nu=0.01 NSraw=0.5584 alpha(W1/W8/all)=0.59/0.39/0.48 | 0.86 it/s
[Iter 31310/50000] Total=0.07927 | NS=0.07443 CO2(scaled)=0.00060 CO2_weight=1.00 guide_w=9.71 Walls=0.00034(x10) g_ns/g_walls=1.67 Windows=0.00060 Doors=0.00013 IC=0.00000 CO2_BC=0.00006 LR=1.92e-04 nu=0.01 NSraw=0.3085 alpha(W1/W8/all)=0.59/0.39/0.48 | 0.86 it/s
[Iter 31320/50000] Total=0.06515 | NS=0.05923 CO2(scaled)=0.00081 CO2_weight=1.00 guide_w=9.71 Walls=0.00038(x10) g_ns/g_walls=1.67 Windows=0.00114 Doors=0.00009 IC=0.00000 CO2_BC=0.00007 LR=1.92e-04 nu=0.01 NSraw=0.2422 alpha(W1/W8/all)=0.59/0.39/0.48 | 0.86 it/s
[Iter 31330/50000] Total=0.04046 | NS=0.03647 CO2(scaled)=0.00061 CO2_weight=1.00 guide_w=9.71 Walls=0.00025(x10) g_ns/g_walls=1.67 Windows=0.00071 Doors=0.00010 IC=0.00000 CO2_BC=0.00006 LR=1.92e-04 nu=0.01 NSraw=0.09517 alpha(W1/W8/all)=0.59/0.39/0.48 | 0.86 it/s
[Iter 31340/50000] Total=0.06557 | NS=0.02259 CO2(scaled)=0.00103 CO2_weight=1.00 guide_w=9.71 Walls=0.00411(x10) g_ns/g_walls=1.67 Windows=0.00074 Doors=0.00009 IC=0.00000 CO2_BC=0.00005 LR=1.92e-04 nu=0.01 NSraw=0.03187 alpha(W1/W8/all)=0.59/0.39/0.48 | 0.86 it/s
[Iter 31350/50000] Total=0.23856 | NS=0.22027 CO2(scaled)=0.00074 CO2_weight=1.00 guide_w=9.71 Walls=0.00153(x10) g_ns/g_walls=1.67 Windows=0.00210 Doors=0.00011 IC=0.00000 CO2_BC=0.00006 LR=1.92e-04 nu=0.01 NSraw=9.826 alpha(W1/W8/all)=0.59/0.39/0.48 | 0.86 it/s
[Iter 31360/50000] Total=0.09565 | NS=0.08904 CO2(scaled)=0.00124 CO2_weight=1.00 guide_w=9.71 Walls=0.00044(x10) g_ns/g_walls=1.67 Windows=0.00075 Doors=0.00013 IC=0.00000 CO2_BC=0.00007 LR=1.92e-04 nu=0.01 NSraw=0.5903 alpha(W1/W8/all)=0.59/0.39/0.48 | 0.86 it/s
[Iter 31370/50000] Total=0.06085 | NS=0.05061 CO2(scaled)=0.00107 CO2_weight=1.00 guide_w=9.71 Walls=0.00083(x10) g_ns/g_walls=1.67 Windows=0.00074 Doors=0.00010 IC=0.00000 CO2_BC=0.00007 LR=1.92e-04 nu=0.01 NSraw=0.1999 alpha(W1/W8/all)=0.59/0.39/0.48 | 0.86 it/s
[Iter 31380/50000] Total=0.13882 | NS=0.13365 CO2(scaled)=0.00066 CO2_weight=1.00 guide_w=9.71 Walls=0.00037(x10) g_ns/g_walls=1.67 Windows=0.00059 Doors=0.00013 IC=0.00000 CO2_BC=0.00006 LR=1.91e-04 nu=0.01 NSraw=1.616 alpha(W1/W8/all)=0.59/0.39/0.48 | 0.86 it/s
[Iter 31390/50000] Total=0.07383 | NS=0.06385 CO2(scaled)=0.00058 CO2_weight=1.00 guide_w=9.71 Walls=0.00077(x10) g_ns/g_walls=1.67 Windows=0.00147 Doors=0.00010 IC=0.00000 CO2_BC=0.00007 LR=1.91e-04 nu=0.01 NSraw=0.3445 alpha(W1/W8/all)=0.59/0.39/0.48 | 0.86 it/s
[Iter 31400/50000] Total=0.06129 | NS=0.04821 CO2(scaled)=0.00090 CO2_weight=1.00 guide_w=1.58 Walls=0.00108(x10) g_ns/g_walls=0.147 Windows=0.00125 Doors=0.00009 IC=0.00000 CO2_BC=0.00007 LR=1.91e-04 nu=0.01 NSraw=0.2037 alpha(W1/W8/all)=0.59/0.39/0.48 | 0.86 it/s
[Iter 31410/50000] Total=0.04741 | NS=0.04238 CO2(scaled)=0.00069 CO2_weight=1.00 guide_w=1.58 Walls=0.00035(x10) g_ns/g_walls=0.147 Windows=0.00069 Doors=0.00007 IC=0.00000 CO2_BC=0.00006 LR=1.91e-04 nu=0.01 NSraw=0.1097 alpha(W1/W8/all)=0.59/0.39/0.48 | 0.86 it/s
[Iter 31420/50000] Total=0.03441 | NS=0.03018 CO2(scaled)=0.00058 CO2_weight=1.00 guide_w=1.58 Walls=0.00030(x10) g_ns/g_walls=0.147 Windows=0.00055 Doors=0.00009 IC=0.00000 CO2_BC=0.00006 LR=1.91e-04 nu=0.01 NSraw=0.05501 alpha(W1/W8/all)=0.59/0.39/0.48 | 0.86 it/s
[Iter 31430/50000] Total=0.09728 | NS=0.09270 CO2(scaled)=0.00059 CO2_weight=1.00 guide_w=1.58 Walls=0.00032(x10) g_ns/g_walls=0.147 Windows=0.00058 Doors=0.00010 IC=0.00000 CO2_BC=0.00007 LR=1.91e-04 nu=0.01 NSraw=0.9485 alpha(W1/W8/all)=0.59/0.39/0.48 | 0.86 it/s
[Iter 31440/50000] Total=0.05101 | NS=0.04674 CO2(scaled)=0.00055 CO2_weight=1.00 guide_w=1.58 Walls=0.00026(x10) g_ns/g_walls=0.147 Windows=0.00091 Doors=0.00010 IC=0.00000 CO2_BC=0.00007 LR=1.91e-04 nu=0.01 NSraw=0.1199 alpha(W1/W8/all)=0.59/0.39/0.48 | 0.86 it/s
[Iter 31450/50000] Total=0.02201 | NS=0.01241 CO2(scaled)=0.00073 CO2_weight=1.00 guide_w=1.58 Walls=0.00078(x10) g_ns/g_walls=0.147 Windows=0.00097 Doors=0.00008 IC=0.00000 CO2_BC=0.00006 LR=1.91e-04 nu=0.01 NSraw=0.01848 alpha(W1/W8/all)=0.59/0.39/0.48 | 0.86 it/s
[Iter 31460/50000] Total=0.06710 | NS=0.06329 CO2(scaled)=0.00062 CO2_weight=1.00 guide_w=1.58 Walls=0.00023(x10) g_ns/g_walls=0.147 Windows=0.00078 Doors=0.00007 IC=0.00000 CO2_BC=0.00006 LR=1.91e-04 nu=0.01 NSraw=0.2665 alpha(W1/W8/all)=0.59/0.39/0.48 | 0.86 it/s
[Iter 31470/50000] Total=0.15152 | NS=0.14802 CO2(scaled)=0.00057 CO2_weight=1.00 guide_w=1.58 Walls=0.00021(x10) g_ns/g_walls=0.147 Windows=0.00067 Doors=0.00008 IC=0.00000 CO2_BC=0.00007 LR=1.91e-04 nu=0.01 NSraw=3.066 alpha(W1/W8/all)=0.59/0.39/0.48 | 0.86 it/s
[Iter 31480/50000] Total=0.03068 | NS=0.02542 CO2(scaled)=0.00071 CO2_weight=1.00 guide_w=1.58 Walls=0.00035(x10) g_ns/g_walls=0.147 Windows=0.00090 Doors=0.00009 IC=0.00000 CO2_BC=0.00006 LR=1.90e-04 nu=0.01 NSraw=0.03531 alpha(W1/W8/all)=0.59/0.39/0.48 | 0.86 it/s
[Iter 31490/50000] Total=0.02541 | NS=0.01915 CO2(scaled)=0.00065 CO2_weight=1.00 guide_w=1.58 Walls=0.00048(x10) g_ns/g_walls=0.147 Windows=0.00063 Doors=0.00008 IC=0.00000 CO2_BC=0.00006 LR=1.90e-04 nu=0.01 NSraw=0.03729 alpha(W1/W8/all)=0.59/0.39/0.48 | 0.86 it/s
[Iter 31500/50000] Total=0.03483 | NS=0.02892 CO2(scaled)=0.00059 CO2_weight=1.00 guide_w=19.3 Walls=0.00044(x10) g_ns/g_walls=4.19 Windows=0.00070 Doors=0.00011 IC=0.00000 CO2_BC=0.00008 LR=1.90e-04 nu=0.01 NSraw=0.07372 alpha(W1/W8/all)=0.59/0.39/0.48 | 0.86 it/s
[Iter 31510/50000] Total=0.09103 | NS=0.08719 CO2(scaled)=0.00062 CO2_weight=1.00 guide_w=19.3 Walls=0.00023(x10) g_ns/g_walls=4.19 Windows=0.00075 Doors=0.00010 IC=0.00000 CO2_BC=0.00006 LR=1.90e-04 nu=0.01 NSraw=0.5875 alpha(W1/W8/all)=0.59/0.39/0.48 | 0.86 it/s
[Iter 31520/50000] Total=0.03580 | NS=0.03040 CO2(scaled)=0.00083 CO2_weight=1.00 guide_w=19.3 Walls=0.00035(x10) g_ns/g_walls=4.19 Windows=0.00095 Doors=0.00009 IC=0.00000 CO2_BC=0.00007 LR=1.90e-04 nu=0.01 NSraw=0.07057 alpha(W1/W8/all)=0.59/0.39/0.48 | 0.86 it/s
[Iter 31530/50000] Total=0.09286 | NS=0.08802 CO2(scaled)=0.00055 CO2_weight=1.00 guide_w=19.3 Walls=0.00035(x10) g_ns/g_walls=4.19 Windows=0.00068 Doors=0.00008 IC=0.00000 CO2_BC=0.00007 LR=1.90e-04 nu=0.01 NSraw=0.4724 alpha(W1/W8/all)=0.59/0.39/0.48 | 0.86 it/s
[Iter 31540/50000] Total=0.04289 | NS=0.03658 CO2(scaled)=0.00065 CO2_weight=1.00 guide_w=19.3 Walls=0.00045(x10) g_ns/g_walls=4.19 Windows=0.00101 Doors=0.00011 IC=0.00000 CO2_BC=0.00006 LR=1.90e-04 nu=0.01 NSraw=0.0774 alpha(W1/W8/all)=0.59/0.39/0.48 | 0.86 it/s
[Iter 31550/50000] Total=0.02378 | NS=0.01908 CO2(scaled)=0.00060 CO2_weight=1.00 guide_w=19.3 Walls=0.00032(x10) g_ns/g_walls=4.19 Windows=0.00073 Doors=0.00011 IC=0.00000 CO2_BC=0.00006 LR=1.90e-04 nu=0.01 NSraw=0.02653 alpha(W1/W8/all)=0.59/0.39/0.48 | 0.86 it/s
[Iter 31560/50000] Total=0.08926 | NS=0.08492 CO2(scaled)=0.00067 CO2_weight=1.00 guide_w=19.3 Walls=0.00030(x10) g_ns/g_walls=4.19 Windows=0.00051 Doors=0.00012 IC=0.00000 CO2_BC=0.00008 LR=1.90e-04 nu=0.01 NSraw=0.6698 alpha(W1/W8/all)=0.59/0.39/0.48 | 0.86 it/s
[Iter 31570/50000] Total=0.22457 | NS=0.21582 CO2(scaled)=0.00064 CO2_weight=1.00 guide_w=19.3 Walls=0.00075(x10) g_ns/g_walls=4.19 Windows=0.00043 Doors=0.00013 IC=0.00000 CO2_BC=0.00007 LR=1.90e-04 nu=0.01 NSraw=8.543 alpha(W1/W8/all)=0.59/0.39/0.48 | 0.86 it/s
[Iter 31580/50000] Total=0.05865 | NS=0.05533 CO2(scaled)=0.00060 CO2_weight=1.00 guide_w=19.3 Walls=0.00022(x10) g_ns/g_walls=4.19 Windows=0.00038 Doors=0.00010 IC=0.00000 CO2_BC=0.00006 LR=1.89e-04 nu=0.01 NSraw=0.1866 alpha(W1/W8/all)=0.59/0.39/0.48 | 0.86 it/s
[Iter 31590/50000] Total=0.12189 | NS=0.11774 CO2(scaled)=0.00061 CO2_weight=1.00 guide_w=19.3 Walls=0.00028(x10) g_ns/g_walls=4.19 Windows=0.00058 Doors=0.00011 IC=0.00000 CO2_BC=0.00006 LR=1.89e-04 nu=0.01 NSraw=1.335 alpha(W1/W8/all)=0.59/0.39/0.48 | 0.86 it/s
[Iter 31600/50000] Total=0.03909 | NS=0.03407 CO2(scaled)=0.00143 CO2_weight=1.00 guide_w=1.72 Walls=0.00028(x10) g_ns/g_walls=0.53 Windows=0.00063 Doors=0.00014 IC=0.00000 CO2_BC=0.00007 LR=1.89e-04 nu=0.01 NSraw=0.06907 alpha(W1/W8/all)=0.59/0.39/0.48 | 0.86 it/s
[Iter 31610/50000] Total=0.14499 | NS=0.14191 CO2(scaled)=0.00066 CO2_weight=1.00 guide_w=1.72 Walls=0.00017(x10) g_ns/g_walls=0.53 Windows=0.00060 Doors=0.00008 IC=0.00000 CO2_BC=0.00006 LR=1.89e-04 nu=0.01 NSraw=2.692 alpha(W1/W8/all)=0.59/0.39/0.48 | 0.86 it/s
[Iter 31620/50000] Total=0.03724 | NS=0.03165 CO2(scaled)=0.00057 CO2_weight=1.00 guide_w=1.72 Walls=0.00041(x10) g_ns/g_walls=0.53 Windows=0.00074 Doors=0.00008 IC=0.00000 CO2_BC=0.00007 LR=1.89e-04 nu=0.01 NSraw=0.05933 alpha(W1/W8/all)=0.59/0.39/0.48 | 0.86 it/s
[Iter 31630/50000] Total=0.09604 | NS=0.08846 CO2(scaled)=0.00086 CO2_weight=1.00 guide_w=1.72 Walls=0.00056(x10) g_ns/g_walls=0.53 Windows=0.00091 Doors=0.00009 IC=0.00000 CO2_BC=0.00007 LR=1.89e-04 nu=0.01 NSraw=0.2932 alpha(W1/W8/all)=0.59/0.39/0.48 | 0.86 it/s
[Iter 31640/50000] Total=0.41961 | NS=0.41528 CO2(scaled)=0.00061 CO2_weight=1.00 guide_w=1.72 Walls=0.00029(x10) g_ns/g_walls=0.53 Windows=0.00064 Doors=0.00009 IC=0.00000 CO2_BC=0.00007 LR=1.89e-04 nu=0.01 NSraw=31.69 alpha(W1/W8/all)=0.59/0.39/0.48 | 0.86 it/s
[Iter 31650/50000] Total=0.04668 | NS=0.03980 CO2(scaled)=0.00088 CO2_weight=1.00 guide_w=1.72 Walls=0.00052(x10) g_ns/g_walls=0.53 Windows=0.00062 Doors=0.00012 IC=0.00000 CO2_BC=0.00006 LR=1.89e-04 nu=0.01 NSraw=0.2118 alpha(W1/W8/all)=0.59/0.39/0.48 | 0.86 it/s
[Iter 31660/50000] Total=0.07071 | NS=0.06757 CO2(scaled)=0.00068 CO2_weight=1.00 guide_w=1.72 Walls=0.00017(x10) g_ns/g_walls=0.53 Windows=0.00060 Doors=0.00008 IC=0.00000 CO2_BC=0.00006 LR=1.89e-04 nu=0.01 NSraw=0.2248 alpha(W1/W8/all)=0.59/0.39/0.48 | 0.86 it/s
[Iter 31670/50000] Total=0.03438 | NS=0.02791 CO2(scaled)=0.00086 CO2_weight=1.00 guide_w=1.72 Walls=0.00045(x10) g_ns/g_walls=0.53 Windows=0.00091 Doors=0.00012 IC=0.00000 CO2_BC=0.00007 LR=1.89e-04 nu=0.01 NSraw=0.1011 alpha(W1/W8/all)=0.59/0.39/0.48 | 0.86 it/s
[Iter 31680/50000] Total=0.15479 | NS=0.14983 CO2(scaled)=0.00064 CO2_weight=1.00 guide_w=1.72 Walls=0.00036(x10) g_ns/g_walls=0.53 Windows=0.00052 Doors=0.00014 IC=0.00000 CO2_BC=0.00005 LR=1.88e-04 nu=0.01 NSraw=2.219 alpha(W1/W8/all)=0.59/0.39/0.48 | 0.86 it/s
[Iter 31690/50000] Total=0.04451 | NS=0.03734 CO2(scaled)=0.00109 CO2_weight=1.00 guide_w=1.72 Walls=0.00052(x10) g_ns/g_walls=0.53 Windows=0.00073 Doors=0.00009 IC=0.00000 CO2_BC=0.00008 LR=1.88e-04 nu=0.01 NSraw=0.09825 alpha(W1/W8/all)=0.59/0.39/0.48 | 0.86 it/s
[Iter 31700/50000] Total=0.03457 | NS=0.02586 CO2(scaled)=0.00090 CO2_weight=1.00 guide_w=2.03 Walls=0.00067(x10) g_ns/g_walls=0.301 Windows=0.00091 Doors=0.00012 IC=0.00000 CO2_BC=0.00007 LR=1.88e-04 nu=0.01 NSraw=0.05143 alpha(W1/W8/all)=0.59/0.39/0.48 | 0.86 it/s
[Iter 31710/50000] Total=0.04339 | NS=0.03772 CO2(scaled)=0.00080 CO2_weight=1.00 guide_w=2.03 Walls=0.00039(x10) g_ns/g_walls=0.301 Windows=0.00081 Doors=0.00011 IC=0.00000 CO2_BC=0.00006 LR=1.88e-04 nu=0.01 NSraw=0.1334 alpha(W1/W8/all)=0.59/0.39/0.48 | 0.86 it/s
[Iter 31720/50000] Total=0.04848 | NS=0.04479 CO2(scaled)=0.00084 CO2_weight=1.00 guide_w=2.03 Walls=0.00022(x10) g_ns/g_walls=0.301 Windows=0.00054 Doors=0.00008 IC=0.00000 CO2_BC=0.00007 LR=1.88e-04 nu=0.01 NSraw=0.1809 alpha(W1/W8/all)=0.59/0.39/0.48 | 0.86 it/s
[Iter 31730/50000] Total=0.16687 | NS=0.16187 CO2(scaled)=0.00097 CO2_weight=1.00 guide_w=2.03 Walls=0.00033(x10) g_ns/g_walls=0.301 Windows=0.00059 Doors=0.00011 IC=0.00000 CO2_BC=0.00007 LR=1.88e-04 nu=0.01 NSraw=4.248 alpha(W1/W8/all)=0.59/0.39/0.48 | 0.86 it/s
[Iter 31740/50000] Total=0.06754 | NS=0.05513 CO2(scaled)=0.00078 CO2_weight=1.00 guide_w=2.03 Walls=0.00101(x10) g_ns/g_walls=0.301 Windows=0.00124 Doors=0.00017 IC=0.00000 CO2_BC=0.00007 LR=1.88e-04 nu=0.01 NSraw=0.2594 alpha(W1/W8/all)=0.59/0.39/0.48 | 0.86 it/s
[Iter 31750/50000] Total=0.07480 | NS=0.06681 CO2(scaled)=0.00062 CO2_weight=1.00 guide_w=2.03 Walls=0.00062(x10) g_ns/g_walls=0.301 Windows=0.00092 Doors=0.00015 IC=0.00000 CO2_BC=0.00008 LR=1.88e-04 nu=0.01 NSraw=0.199 alpha(W1/W8/all)=0.59/0.39/0.48 | 0.86 it/s
[Iter 31760/50000] Total=0.06524 | NS=0.05888 CO2(scaled)=0.00077 CO2_weight=1.00 guide_w=2.03 Walls=0.00047(x10) g_ns/g_walls=0.301 Windows=0.00067 Doors=0.00011 IC=0.00000 CO2_BC=0.00006 LR=1.88e-04 nu=0.01 NSraw=0.1833 alpha(W1/W8/all)=0.59/0.39/0.48 | 0.86 it/s
[Iter 31770/50000] Total=0.14375 | NS=0.13797 CO2(scaled)=0.00061 CO2_weight=1.00 guide_w=2.03 Walls=0.00042(x10) g_ns/g_walls=0.301 Windows=0.00081 Doors=0.00011 IC=0.00000 CO2_BC=0.00006 LR=1.88e-04 nu=0.01 NSraw=0.7048 alpha(W1/W8/all)=0.59/0.39/0.48 | 0.86 it/s
[Iter 31780/50000] Total=0.05722 | NS=0.05363 CO2(scaled)=0.00056 CO2_weight=1.00 guide_w=2.03 Walls=0.00024(x10) g_ns/g_walls=0.301 Windows=0.00051 Doors=0.00009 IC=0.00000 CO2_BC=0.00006 LR=1.87e-04 nu=0.01 NSraw=0.1501 alpha(W1/W8/all)=0.59/0.39/0.48 | 0.86 it/s
[Iter 31790/50000] Total=0.03790 | NS=0.03085 CO2(scaled)=0.00052 CO2_weight=1.00 guide_w=2.03 Walls=0.00056(x10) g_ns/g_walls=0.301 Windows=0.00072 Doors=0.00010 IC=0.00000 CO2_BC=0.00006 LR=1.87e-04 nu=0.01 NSraw=0.06347 alpha(W1/W8/all)=0.59/0.39/0.48 | 0.86 it/s
[Iter 31800/50000] Total=0.05112 | NS=0.04297 CO2(scaled)=0.00071 CO2_weight=1.00 guide_w=1.86 Walls=0.00064(x10) g_ns/g_walls=0.194 Windows=0.00093 Doors=0.00010 IC=0.00000 CO2_BC=0.00006 LR=1.87e-04 nu=0.01 NSraw=0.1339 alpha(W1/W8/all)=0.59/0.39/0.48 | 0.86 it/s
[Iter 31810/50000] Total=0.26503 | NS=0.25845 CO2(scaled)=0.00068 CO2_weight=1.00 guide_w=1.86 Walls=0.00049(x10) g_ns/g_walls=0.194 Windows=0.00085 Doors=0.00013 IC=0.00000 CO2_BC=0.00006 LR=1.87e-04 nu=0.01 NSraw=11 alpha(W1/W8/all)=0.59/0.39/0.48 | 0.86 it/s
[Iter 31820/50000] Total=0.10351 | NS=0.09995 CO2(scaled)=0.00057 CO2_weight=1.00 guide_w=1.86 Walls=0.00023(x10) g_ns/g_walls=0.194 Windows=0.00055 Doors=0.00010 IC=0.00000 CO2_BC=0.00007 LR=1.87e-04 nu=0.01 NSraw=0.4718 alpha(W1/W8/all)=0.59/0.39/0.48 | 0.86 it/s
[Iter 31830/50000] Total=0.03843 | NS=0.03412 CO2(scaled)=0.00064 CO2_weight=1.00 guide_w=1.86 Walls=0.00031(x10) g_ns/g_walls=0.194 Windows=0.00044 Doors=0.00009 IC=0.00000 CO2_BC=0.00006 LR=1.87e-04 nu=0.01 NSraw=0.06554 alpha(W1/W8/all)=0.59/0.39/0.48 | 0.86 it/s
[Iter 31840/50000] Total=0.07387 | NS=0.06621 CO2(scaled)=0.00095 CO2_weight=1.00 guide_w=1.86 Walls=0.00060(x10) g_ns/g_walls=0.194 Windows=0.00048 Doors=0.00013 IC=0.00000 CO2_BC=0.00006 LR=1.87e-04 nu=0.01 NSraw=0.2262 alpha(W1/W8/all)=0.59/0.39/0.48 | 0.86 it/s
[Iter 31850/50000] Total=0.03124 | NS=0.02514 CO2(scaled)=0.00079 CO2_weight=1.00 guide_w=1.86 Walls=0.00044(x10) g_ns/g_walls=0.194 Windows=0.00072 Doors=0.00013 IC=0.00000 CO2_BC=0.00007 LR=1.87e-04 nu=0.01 NSraw=0.03565 alpha(W1/W8/all)=0.59/0.39/0.48 | 0.86 it/s
[Iter 31860/50000] Total=0.05338 | NS=0.04986 CO2(scaled)=0.00055 CO2_weight=1.00 guide_w=1.86 Walls=0.00020(x10) g_ns/g_walls=0.194 Windows=0.00083 Doors=0.00010 IC=0.00000 CO2_BC=0.00006 LR=1.87e-04 nu=0.01 NSraw=0.1789 alpha(W1/W8/all)=0.59/0.39/0.48 | 0.86 it/s
[Iter 31870/50000] Total=0.05553 | NS=0.05045 CO2(scaled)=0.00084 CO2_weight=1.00 guide_w=1.86 Walls=0.00033(x10) g_ns/g_walls=0.194 Windows=0.00071 Doors=0.00012 IC=0.00000 CO2_BC=0.00007 LR=1.87e-04 nu=0.01 NSraw=0.1357 alpha(W1/W8/all)=0.59/0.39/0.48 | 0.86 it/s
[Iter 31880/50000] Total=0.12107 | NS=0.11337 CO2(scaled)=0.00162 CO2_weight=1.00 guide_w=1.86 Walls=0.00051(x10) g_ns/g_walls=0.194 Windows=0.00087 Doors=0.00009 IC=0.00000 CO2_BC=0.00006 LR=1.86e-04 nu=0.01 NSraw=1.664 alpha(W1/W8/all)=0.59/0.39/0.48 | 0.86 it/s
[Iter 31890/50000] Total=0.04058 | NS=0.03599 CO2(scaled)=0.00084 CO2_weight=1.00 guide_w=1.86 Walls=0.00030(x10) g_ns/g_walls=0.194 Windows=0.00060 Doors=0.00011 IC=0.00000 CO2_BC=0.00006 LR=1.86e-04 nu=0.01 NSraw=0.09027 alpha(W1/W8/all)=0.59/0.39/0.48 | 0.86 it/s
[Iter 31900/50000] Total=0.04594 | NS=0.04277 CO2(scaled)=0.00063 CO2_weight=1.00 guide_w=5.47 Walls=0.00019(x10) g_ns/g_walls=1.28 Windows=0.00048 Doors=0.00011 IC=0.00000 CO2_BC=0.00006 LR=1.86e-04 nu=0.01 NSraw=0.16 alpha(W1/W8/all)=0.59/0.39/0.48 | 0.86 it/s
[Iter 31910/50000] Total=0.04822 | NS=0.04166 CO2(scaled)=0.00054 CO2_weight=1.00 guide_w=5.47 Walls=0.00052(x10) g_ns/g_walls=1.28 Windows=0.00061 Doors=0.00013 IC=0.00000 CO2_BC=0.00006 LR=1.86e-04 nu=0.01 NSraw=0.1469 alpha(W1/W8/all)=0.59/0.39/0.48 | 0.86 it/s
[Iter 31920/50000] Total=0.04061 | NS=0.03265 CO2(scaled)=0.00192 CO2_weight=1.00 guide_w=5.47 Walls=0.00051(x10) g_ns/g_walls=1.28 Windows=0.00073 Doors=0.00017 IC=0.00000 CO2_BC=0.00008 LR=1.86e-04 nu=0.01 NSraw=0.08756 alpha(W1/W8/all)=0.59/0.39/0.48 | 0.86 it/s
[Iter 31930/50000] Total=0.07856 | NS=0.07175 CO2(scaled)=0.00255 CO2_weight=1.00 guide_w=5.47 Walls=0.00032(x10) g_ns/g_walls=1.28 Windows=0.00079 Doors=0.00018 IC=0.00000 CO2_BC=0.00006 LR=1.86e-04 nu=0.01 NSraw=0.5691 alpha(W1/W8/all)=0.59/0.39/0.48 | 0.86 it/s
[Iter 31940/50000] Total=0.04937 | NS=0.04036 CO2(scaled)=0.00126 CO2_weight=1.00 guide_w=5.47 Walls=0.00070(x10) g_ns/g_walls=1.28 Windows=0.00058 Doors=0.00016 IC=0.00000 CO2_BC=0.00007 LR=1.86e-04 nu=0.01 NSraw=0.1255 alpha(W1/W8/all)=0.59/0.39/0.48 | 0.86 it/s
[Iter 31950/50000] Total=0.07808 | NS=0.07066 CO2(scaled)=0.00098 CO2_weight=1.00 guide_w=5.47 Walls=0.00057(x10) g_ns/g_walls=1.28 Windows=0.00053 Doors=0.00012 IC=0.00000 CO2_BC=0.00008 LR=1.86e-04 nu=0.01 NSraw=0.3874 alpha(W1/W8/all)=0.59/0.39/0.48 | 0.86 it/s
[Iter 31960/50000] Total=0.11764 | NS=0.11281 CO2(scaled)=0.00104 CO2_weight=1.00 guide_w=5.47 Walls=0.00031(x10) g_ns/g_walls=1.28 Windows=0.00053 Doors=0.00011 IC=0.00000 CO2_BC=0.00007 LR=1.86e-04 nu=0.01 NSraw=1.811 alpha(W1/W8/all)=0.59/0.39/0.48 | 0.86 it/s
[Iter 31970/50000] Total=0.72337 | NS=0.71512 CO2(scaled)=0.00121 CO2_weight=1.00 guide_w=5.47 Walls=0.00063(x10) g_ns/g_walls=1.28 Windows=0.00058 Doors=0.00012 IC=0.00000 CO2_BC=0.00006 LR=1.86e-04 nu=0.01 NSraw=103.3 alpha(W1/W8/all)=0.59/0.39/0.48 | 0.86 it/s
[Iter 31980/50000] Total=0.07554 | NS=0.06952 CO2(scaled)=0.00121 CO2_weight=1.00 guide_w=5.47 Walls=0.00039(x10) g_ns/g_walls=1.28 Windows=0.00070 Doors=0.00016 IC=0.00000 CO2_BC=0.00005 LR=1.85e-04 nu=0.01 NSraw=0.2273 alpha(W1/W8/all)=0.59/0.39/0.48 | 0.86 it/s
[Iter 31990/50000] Total=0.33671 | NS=0.33049 CO2(scaled)=0.00094 CO2_weight=1.00 guide_w=5.47 Walls=0.00044(x10) g_ns/g_walls=1.28 Windows=0.00069 Doors=0.00014 IC=0.00000 CO2_BC=0.00005 LR=1.85e-04 nu=0.01 NSraw=11.17 alpha(W1/W8/all)=0.59/0.39/0.48 | 0.86 it/s
[Iter 32000/50000] Total=0.06982 | NS=0.04758 CO2(scaled)=0.00072 CO2_weight=1.00 guide_w=4.02 Walls=0.00204(x10) g_ns/g_walls=0.776 Windows=0.00087 Doors=0.00013 IC=0.00000 CO2_BC=0.00008 LR=1.85e-04 nu=0.01 NSraw=0.1693 alpha(W1/W8/all)=0.59/0.39/0.48 | 0.86 it/s
  -> saved checkpoint: /home/iai-labor/BuildingControlCFD/experiments/gnot/checkpoints/v24_fixedalpha_r50k/gnot_v24_fixedalpha_r50k_iter32000.pth
[Iter 32010/50000] Total=0.03183 | NS=0.02502 CO2(scaled)=0.00076 CO2_weight=1.00 guide_w=4.02 Walls=0.00053(x10) g_ns/g_walls=0.776 Windows=0.00060 Doors=0.00012 IC=0.00000 CO2_BC=0.00007 LR=1.85e-04 nu=0.01 NSraw=0.04659 alpha(W1/W8/all)=0.59/0.39/0.48 | 0.86 it/s
[Iter 32020/50000] Total=0.03304 | NS=0.02576 CO2(scaled)=0.00157 CO2_weight=1.00 guide_w=4.02 Walls=0.00047(x10) g_ns/g_walls=0.776 Windows=0.00082 Doors=0.00009 IC=0.00000 CO2_BC=0.00006 LR=1.85e-04 nu=0.01 NSraw=0.05782 alpha(W1/W8/all)=0.59/0.39/0.48 | 0.86 it/s
[Iter 32030/50000] Total=0.05217 | NS=0.04643 CO2(scaled)=0.00094 CO2_weight=1.00 guide_w=4.02 Walls=0.00039(x10) g_ns/g_walls=0.776 Windows=0.00076 Doors=0.00012 IC=0.00000 CO2_BC=0.00006 LR=1.85e-04 nu=0.01 NSraw=0.09069 alpha(W1/W8/all)=0.59/0.39/0.48 | 0.86 it/s
[Iter 32040/50000] Total=0.20670 | NS=0.19350 CO2(scaled)=0.00096 CO2_weight=1.00 guide_w=4.02 Walls=0.00113(x10) g_ns/g_walls=0.776 Windows=0.00077 Doors=0.00009 IC=0.00000 CO2_BC=0.00005 LR=1.85e-04 nu=0.01 NSraw=6.062 alpha(W1/W8/all)=0.59/0.39/0.48 | 0.86 it/s
[Iter 32050/50000] Total=0.02672 | NS=0.02026 CO2(scaled)=0.00077 CO2_weight=1.00 guide_w=4.02 Walls=0.00045(x10) g_ns/g_walls=0.776 Windows=0.00099 Doors=0.00010 IC=0.00000 CO2_BC=0.00006 LR=1.85e-04 nu=0.01 NSraw=0.04222 alpha(W1/W8/all)=0.59/0.39/0.48 | 0.86 it/s
[Iter 32060/50000] Total=0.06883 | NS=0.06196 CO2(scaled)=0.00095 CO2_weight=1.00 guide_w=4.02 Walls=0.00050(x10) g_ns/g_walls=0.776 Windows=0.00073 Doors=0.00009 IC=0.00000 CO2_BC=0.00009 LR=1.85e-04 nu=0.01 NSraw=0.1644 alpha(W1/W8/all)=0.59/0.39/0.48 | 0.86 it/s
[Iter 32070/50000] Total=0.06284 | NS=0.05726 CO2(scaled)=0.00103 CO2_weight=1.00 guide_w=4.02 Walls=0.00036(x10) g_ns/g_walls=0.776 Windows=0.00078 Doors=0.00012 IC=0.00000 CO2_BC=0.00006 LR=1.85e-04 nu=0.01 NSraw=0.3102 alpha(W1/W8/all)=0.59/0.39/0.48 | 0.86 it/s
[Iter 32080/50000] Total=0.05814 | NS=0.05148 CO2(scaled)=0.00086 CO2_weight=1.00 guide_w=4.02 Walls=0.00046(x10) g_ns/g_walls=0.776 Windows=0.00097 Doors=0.00012 IC=0.00000 CO2_BC=0.00007 LR=1.85e-04 nu=0.01 NSraw=0.1482 alpha(W1/W8/all)=0.59/0.39/0.48 | 0.86 it/s
[Iter 32090/50000] Total=0.04025 | NS=0.03521 CO2(scaled)=0.00071 CO2_weight=1.00 guide_w=4.02 Walls=0.00035(x10) g_ns/g_walls=0.776 Windows=0.00075 Doors=0.00008 IC=0.00000 CO2_BC=0.00006 LR=1.84e-04 nu=0.01 NSraw=0.08853 alpha(W1/W8/all)=0.59/0.39/0.48 | 0.86 it/s
[Iter 32100/50000] Total=0.07365 | NS=0.06660 CO2(scaled)=0.00086 CO2_weight=1.00 guide_w=2.85 Walls=0.00053(x10) g_ns/g_walls=0.609 Windows=0.00075 Doors=0.00011 IC=0.00000 CO2_BC=0.00006 LR=1.84e-04 nu=0.01 NSraw=0.4289 alpha(W1/W8/all)=0.59/0.39/0.48 | 0.86 it/s
[Iter 32110/50000] Total=0.13439 | NS=0.12087 CO2(scaled)=0.00088 CO2_weight=1.00 guide_w=2.85 Walls=0.00118(x10) g_ns/g_walls=0.609 Windows=0.00067 Doors=0.00014 IC=0.00000 CO2_BC=0.00007 LR=1.84e-04 nu=0.01 NSraw=0.965 alpha(W1/W8/all)=0.59/0.39/0.48 | 0.86 it/s
[Iter 32120/50000] Total=0.03757 | NS=0.03199 CO2(scaled)=0.00091 CO2_weight=1.00 guide_w=2.85 Walls=0.00037(x10) g_ns/g_walls=0.609 Windows=0.00077 Doors=0.00013 IC=0.00000 CO2_BC=0.00006 LR=1.84e-04 nu=0.01 NSraw=0.07558 alpha(W1/W8/all)=0.59/0.39/0.48 | 0.86 it/s
[Iter 32130/50000] Total=0.05728 | NS=0.05244 CO2(scaled)=0.00070 CO2_weight=1.00 guide_w=2.85 Walls=0.00033(x10) g_ns/g_walls=0.609 Windows=0.00062 Doors=0.00012 IC=0.00000 CO2_BC=0.00006 LR=1.84e-04 nu=0.01 NSraw=0.1791 alpha(W1/W8/all)=0.59/0.39/0.48 | 0.86 it/s
[Iter 32140/50000] Total=0.07196 | NS=0.06506 CO2(scaled)=0.00091 CO2_weight=1.00 guide_w=2.85 Walls=0.00052(x10) g_ns/g_walls=0.609 Windows=0.00062 Doors=0.00013 IC=0.00000 CO2_BC=0.00006 LR=1.84e-04 nu=0.01 NSraw=0.2319 alpha(W1/W8/all)=0.59/0.39/0.48 | 0.86 it/s
[Iter 32150/50000] Total=0.19136 | NS=0.18451 CO2(scaled)=0.00064 CO2_weight=1.00 guide_w=2.85 Walls=0.00052(x10) g_ns/g_walls=0.609 Windows=0.00086 Doors=0.00009 IC=0.00000 CO2_BC=0.00006 LR=1.84e-04 nu=0.01 NSraw=7.899 alpha(W1/W8/all)=0.59/0.39/0.48 | 0.86 it/s
[Iter 32160/50000] Total=0.05840 | NS=0.05315 CO2(scaled)=0.00061 CO2_weight=1.00 guide_w=2.85 Walls=0.00039(x10) g_ns/g_walls=0.609 Windows=0.00065 Doors=0.00007 IC=0.00000 CO2_BC=0.00006 LR=1.84e-04 nu=0.01 NSraw=0.2194 alpha(W1/W8/all)=0.59/0.39/0.48 | 0.86 it/s
[Iter 32170/50000] Total=0.07941 | NS=0.07005 CO2(scaled)=0.00133 CO2_weight=1.00 guide_w=2.85 Walls=0.00069(x10) g_ns/g_walls=0.609 Windows=0.00099 Doors=0.00009 IC=0.00000 CO2_BC=0.00006 LR=1.84e-04 nu=0.01 NSraw=0.2677 alpha(W1/W8/all)=0.59/0.39/0.48 | 0.86 it/s
[Iter 32180/50000] Total=0.07717 | NS=0.07166 CO2(scaled)=0.00081 CO2_weight=1.00 guide_w=2.85 Walls=0.00040(x10) g_ns/g_walls=0.609 Windows=0.00052 Doors=0.00011 IC=0.00000 CO2_BC=0.00006 LR=1.84e-04 nu=0.01 NSraw=0.2144 alpha(W1/W8/all)=0.59/0.39/0.48 | 0.86 it/s
[Iter 32190/50000] Total=0.09397 | NS=0.08675 CO2(scaled)=0.00066 CO2_weight=1.00 guide_w=2.85 Walls=0.00059(x10) g_ns/g_walls=0.609 Windows=0.00046 Doors=0.00013 IC=0.00000 CO2_BC=0.00008 LR=1.83e-04 nu=0.01 NSraw=0.5605 alpha(W1/W8/all)=0.59/0.39/0.48 | 0.86 it/s
[Iter 32200/50000] Total=0.05290 | NS=0.04854 CO2(scaled)=0.00080 CO2_weight=1.00 guide_w=15.2 Walls=0.00028(x10) g_ns/g_walls=4.59 Windows=0.00062 Doors=0.00013 IC=0.00000 CO2_BC=0.00006 LR=1.83e-04 nu=0.01 NSraw=0.1852 alpha(W1/W8/all)=0.59/0.39/0.48 | 0.86 it/s
[Iter 32210/50000] Total=0.03111 | NS=0.02266 CO2(scaled)=0.00060 CO2_weight=1.00 guide_w=15.2 Walls=0.00069(x10) g_ns/g_walls=4.59 Windows=0.00076 Doors=0.00012 IC=0.00000 CO2_BC=0.00010 LR=1.83e-04 nu=0.01 NSraw=0.04265 alpha(W1/W8/all)=0.59/0.39/0.48 | 0.86 it/s
[Iter 32220/50000] Total=0.02479 | NS=0.01987 CO2(scaled)=0.00063 CO2_weight=1.00 guide_w=15.2 Walls=0.00035(x10) g_ns/g_walls=4.59 Windows=0.00063 Doors=0.00014 IC=0.00000 CO2_BC=0.00007 LR=1.83e-04 nu=0.01 NSraw=0.0295 alpha(W1/W8/all)=0.59/0.39/0.48 | 0.86 it/s
[Iter 32230/50000] Total=0.21371 | NS=0.20509 CO2(scaled)=0.00054 CO2_weight=1.00 guide_w=15.2 Walls=0.00074(x10) g_ns/g_walls=4.59 Windows=0.00052 Doors=0.00014 IC=0.00000 CO2_BC=0.00006 LR=1.83e-04 nu=0.01 NSraw=6.07 alpha(W1/W8/all)=0.59/0.39/0.48 | 0.86 it/s
[Iter 32240/50000] Total=0.07084 | NS=0.06378 CO2(scaled)=0.00052 CO2_weight=1.00 guide_w=15.2 Walls=0.00057(x10) g_ns/g_walls=4.59 Windows=0.00064 Doors=0.00010 IC=0.00000 CO2_BC=0.00006 LR=1.83e-04 nu=0.01 NSraw=0.2984 alpha(W1/W8/all)=0.59/0.39/0.48 | 0.86 it/s
[Iter 32250/50000] Total=0.25213 | NS=0.24562 CO2(scaled)=0.00058 CO2_weight=1.00 guide_w=15.2 Walls=0.00050(x10) g_ns/g_walls=4.59 Windows=0.00073 Doors=0.00008 IC=0.00000 CO2_BC=0.00009 LR=1.83e-04 nu=0.01 NSraw=11.98 alpha(W1/W8/all)=0.59/0.39/0.48 | 0.86 it/s
[Iter 32260/50000] Total=0.09087 | NS=0.08144 CO2(scaled)=0.00082 CO2_weight=1.00 guide_w=15.2 Walls=0.00074(x10) g_ns/g_walls=4.59 Windows=0.00101 Doors=0.00012 IC=0.00000 CO2_BC=0.00006 LR=1.83e-04 nu=0.01 NSraw=0.38 alpha(W1/W8/all)=0.59/0.39/0.48 | 0.86 it/s
[Iter 32270/50000] Total=0.29837 | NS=0.29073 CO2(scaled)=0.00113 CO2_weight=1.00 guide_w=15.2 Walls=0.00057(x10) g_ns/g_walls=4.59 Windows=0.00064 Doors=0.00009 IC=0.00000 CO2_BC=0.00006 LR=1.83e-04 nu=0.01 NSraw=17.64 alpha(W1/W8/all)=0.59/0.39/0.48 | 0.86 it/s
[Iter 32280/50000] Total=0.05418 | NS=0.04558 CO2(scaled)=0.00069 CO2_weight=1.00 guide_w=15.2 Walls=0.00071(x10) g_ns/g_walls=4.59 Windows=0.00068 Doors=0.00008 IC=0.00000 CO2_BC=0.00006 LR=1.83e-04 nu=0.01 NSraw=0.2257 alpha(W1/W8/all)=0.59/0.39/0.48 | 0.86 it/s
[Iter 32290/50000] Total=0.05181 | NS=0.04724 CO2(scaled)=0.00077 CO2_weight=1.00 guide_w=15.2 Walls=0.00030(x10) g_ns/g_walls=4.59 Windows=0.00065 Doors=0.00010 IC=0.00000 CO2_BC=0.00006 LR=1.82e-04 nu=0.01 NSraw=0.1107 alpha(W1/W8/all)=0.59/0.39/0.48 | 0.86 it/s
[Iter 32300/50000] Total=0.05938 | NS=0.05334 CO2(scaled)=0.00066 CO2_weight=1.00 guide_w=24.7 Walls=0.00044(x10) g_ns/g_walls=1.71 Windows=0.00079 Doors=0.00008 IC=0.00000 CO2_BC=0.00008 LR=1.82e-04 nu=0.01 NSraw=0.1396 alpha(W1/W8/all)=0.59/0.39/0.48 | 0.86 it/s
[Iter 32310/50000] Total=0.01717 | NS=0.01354 CO2(scaled)=0.00062 CO2_weight=1.00 guide_w=24.7 Walls=0.00021(x10) g_ns/g_walls=1.71 Windows=0.00075 Doors=0.00010 IC=0.00000 CO2_BC=0.00007 LR=1.82e-04 nu=0.01 NSraw=0.01761 alpha(W1/W8/all)=0.59/0.39/0.48 | 0.86 it/s
[Iter 32320/50000] Total=0.01801 | NS=0.01335 CO2(scaled)=0.00059 CO2_weight=1.00 guide_w=24.7 Walls=0.00032(x10) g_ns/g_walls=1.71 Windows=0.00071 Doors=0.00009 IC=0.00000 CO2_BC=0.00006 LR=1.82e-04 nu=0.01 NSraw=0.01811 alpha(W1/W8/all)=0.59/0.39/0.48 | 0.86 it/s
[Iter 32330/50000] Total=0.02231 | NS=0.01592 CO2(scaled)=0.00061 CO2_weight=1.00 guide_w=24.7 Walls=0.00049(x10) g_ns/g_walls=1.71 Windows=0.00076 Doors=0.00007 IC=0.00000 CO2_BC=0.00005 LR=1.82e-04 nu=0.01 NSraw=0.02118 alpha(W1/W8/all)=0.59/0.39/0.48 | 0.86 it/s
[Iter 32340/50000] Total=0.07749 | NS=0.07183 CO2(scaled)=0.00055 CO2_weight=1.00 guide_w=24.7 Walls=0.00044(x10) g_ns/g_walls=1.71 Windows=0.00057 Doors=0.00014 IC=0.00000 CO2_BC=0.00005 LR=1.82e-04 nu=0.01 NSraw=0.3422 alpha(W1/W8/all)=0.59/0.39/0.48 | 0.86 it/s
[Iter 32350/50000] Total=0.06075 | NS=0.05387 CO2(scaled)=0.00056 CO2_weight=1.00 guide_w=24.7 Walls=0.00057(x10) g_ns/g_walls=1.71 Windows=0.00043 Doors=0.00011 IC=0.00000 CO2_BC=0.00006 LR=1.82e-04 nu=0.01 NSraw=0.1982 alpha(W1/W8/all)=0.59/0.39/0.48 | 0.86 it/s
[Iter 32360/50000] Total=0.08894 | NS=0.08137 CO2(scaled)=0.00103 CO2_weight=1.00 guide_w=24.7 Walls=0.00056(x10) g_ns/g_walls=1.71 Windows=0.00075 Doors=0.00011 IC=0.00000 CO2_BC=0.00007 LR=1.82e-04 nu=0.01 NSraw=0.3026 alpha(W1/W8/all)=0.59/0.39/0.48 | 0.86 it/s
[Iter 32370/50000] Total=0.07070 | NS=0.06602 CO2(scaled)=0.00071 CO2_weight=1.00 guide_w=24.7 Walls=0.00031(x10) g_ns/g_walls=1.71 Windows=0.00069 Doors=0.00008 IC=0.00000 CO2_BC=0.00007 LR=1.82e-04 nu=0.01 NSraw=0.2708 alpha(W1/W8/all)=0.59/0.39/0.48 | 0.86 it/s
[Iter 32380/50000] Total=0.07886 | NS=0.07396 CO2(scaled)=0.00096 CO2_weight=1.00 guide_w=24.7 Walls=0.00032(x10) g_ns/g_walls=1.71 Windows=0.00058 Doors=0.00007 IC=0.00000 CO2_BC=0.00006 LR=1.82e-04 nu=0.01 NSraw=0.2583 alpha(W1/W8/all)=0.59/0.39/0.48 | 0.86 it/s
[Iter 32390/50000] Total=0.05518 | NS=0.04335 CO2(scaled)=0.00197 CO2_weight=1.00 guide_w=24.7 Walls=0.00088(x10) g_ns/g_walls=1.71 Windows=0.00091 Doors=0.00009 IC=0.00000 CO2_BC=0.00006 LR=1.82e-04 nu=0.01 NSraw=0.133 alpha(W1/W8/all)=0.59/0.39/0.48 | 0.86 it/s
[Iter 32400/50000] Total=0.07066 | NS=0.06006 CO2(scaled)=0.00086 CO2_weight=1.00 guide_w=4.62 Walls=0.00087(x10) g_ns/g_walls=0.357 Windows=0.00084 Doors=0.00009 IC=0.00000 CO2_BC=0.00006 LR=1.81e-04 nu=0.01 NSraw=0.2061 alpha(W1/W8/all)=0.59/0.39/0.48 | 0.86 it/s
[Iter 32410/50000] Total=0.04921 | NS=0.04390 CO2(scaled)=0.00080 CO2_weight=1.00 guide_w=4.62 Walls=0.00037(x10) g_ns/g_walls=0.357 Windows=0.00067 Doors=0.00012 IC=0.00000 CO2_BC=0.00006 LR=1.81e-04 nu=0.01 NSraw=0.1576 alpha(W1/W8/all)=0.59/0.39/0.48 | 0.86 it/s
[Iter 32420/50000] Total=0.08045 | NS=0.07409 CO2(scaled)=0.00123 CO2_weight=1.00 guide_w=4.62 Walls=0.00040(x10) g_ns/g_walls=0.357 Windows=0.00091 Doors=0.00010 IC=0.00000 CO2_BC=0.00006 LR=1.81e-04 nu=0.01 NSraw=0.417 alpha(W1/W8/all)=0.59/0.39/0.48 | 0.86 it/s
[Iter 32430/50000] Total=0.08358 | NS=0.06787 CO2(scaled)=0.00087 CO2_weight=1.00 guide_w=4.62 Walls=0.00132(x10) g_ns/g_walls=0.357 Windows=0.00139 Doors=0.00016 IC=0.00000 CO2_BC=0.00007 LR=1.81e-04 nu=0.01 NSraw=0.2499 alpha(W1/W8/all)=0.59/0.39/0.48 | 0.86 it/s
[Iter 32440/50000] Total=0.36270 | NS=0.34934 CO2(scaled)=0.00085 CO2_weight=1.00 guide_w=4.62 Walls=0.00109(x10) g_ns/g_walls=0.357 Windows=0.00140 Doors=0.00014 IC=0.00000 CO2_BC=0.00006 LR=1.81e-04 nu=0.01 NSraw=16.84 alpha(W1/W8/all)=0.59/0.39/0.48 | 0.86 it/s
[Iter 32450/50000] Total=0.04021 | NS=0.02876 CO2(scaled)=0.00061 CO2_weight=1.00 guide_w=4.62 Walls=0.00093(x10) g_ns/g_walls=0.357 Windows=0.00137 Doors=0.00010 IC=0.00000 CO2_BC=0.00007 LR=1.81e-04 nu=0.01 NSraw=0.05978 alpha(W1/W8/all)=0.59/0.39/0.48 | 0.86 it/s
[Iter 32460/50000] Total=0.07188 | NS=0.06424 CO2(scaled)=0.00081 CO2_weight=1.00 guide_w=4.62 Walls=0.00057(x10) g_ns/g_walls=0.357 Windows=0.00091 Doors=0.00011 IC=0.00000 CO2_BC=0.00006 LR=1.81e-04 nu=0.01 NSraw=0.3906 alpha(W1/W8/all)=0.59/0.39/0.48 | 0.86 it/s
[Iter 32470/50000] Total=0.06330 | NS=0.05944 CO2(scaled)=0.00098 CO2_weight=1.00 guide_w=4.62 Walls=0.00020(x10) g_ns/g_walls=0.357 Windows=0.00070 Doors=0.00009 IC=0.00000 CO2_BC=0.00007 LR=1.81e-04 nu=0.01 NSraw=0.2585 alpha(W1/W8/all)=0.59/0.39/0.48 | 0.86 it/s
[Iter 32480/50000] Total=0.22387 | NS=0.21670 CO2(scaled)=0.00117 CO2_weight=1.00 guide_w=4.62 Walls=0.00050(x10) g_ns/g_walls=0.357 Windows=0.00080 Doors=0.00015 IC=0.00000 CO2_BC=0.00007 LR=1.81e-04 nu=0.01 NSraw=5.507 alpha(W1/W8/all)=0.59/0.39/0.48 | 0.86 it/s
[Iter 32490/50000] Total=0.36202 | NS=0.35845 CO2(scaled)=0.00062 CO2_weight=1.00 guide_w=4.62 Walls=0.00020(x10) g_ns/g_walls=0.357 Windows=0.00065 Doors=0.00019 IC=0.00000 CO2_BC=0.00009 LR=1.81e-04 nu=0.01 NSraw=29.71 alpha(W1/W8/all)=0.59/0.39/0.48 | 0.86 it/s
[Iter 32500/50000] Total=0.04664 | NS=0.04276 CO2(scaled)=0.00087 CO2_weight=1.00 guide_w=1.48 Walls=0.00023(x10) g_ns/g_walls=0.49 Windows=0.00052 Doors=0.00016 IC=0.00000 CO2_BC=0.00007 LR=1.80e-04 nu=0.01 NSraw=0.09627 alpha(W1/W8/all)=0.59/0.39/0.48 | 0.86 it/s
[Iter 32510/50000] Total=0.05299 | NS=0.04809 CO2(scaled)=0.00066 CO2_weight=1.00 guide_w=1.48 Walls=0.00036(x10) g_ns/g_walls=0.49 Windows=0.00047 Doors=0.00012 IC=0.00000 CO2_BC=0.00007 LR=1.80e-04 nu=0.01 NSraw=0.1189 alpha(W1/W8/all)=0.59/0.39/0.48 | 0.86 it/s
[Iter 32520/50000] Total=0.11687 | NS=0.10812 CO2(scaled)=0.00147 CO2_weight=1.00 guide_w=1.48 Walls=0.00063(x10) g_ns/g_walls=0.49 Windows=0.00076 Doors=0.00011 IC=0.00000 CO2_BC=0.00008 LR=1.80e-04 nu=0.01 NSraw=0.8069 alpha(W1/W8/all)=0.59/0.39/0.48 | 0.86 it/s
[Iter 32530/50000] Total=0.26521 | NS=0.25575 CO2(scaled)=0.00142 CO2_weight=1.00 guide_w=1.48 Walls=0.00071(x10) g_ns/g_walls=0.49 Windows=0.00077 Doors=0.00008 IC=0.00000 CO2_BC=0.00007 LR=1.80e-04 nu=0.01 NSraw=5.272 alpha(W1/W8/all)=0.59/0.39/0.48 | 0.86 it/s
[Iter 32540/50000] Total=0.04542 | NS=0.03190 CO2(scaled)=0.00178 CO2_weight=1.00 guide_w=1.48 Walls=0.00102(x10) g_ns/g_walls=0.49 Windows=0.00134 Doors=0.00013 IC=0.00000 CO2_BC=0.00006 LR=1.80e-04 nu=0.01 NSraw=0.0928 alpha(W1/W8/all)=0.59/0.39/0.48 | 0.86 it/s
[Iter 32550/50000] Total=0.07707 | NS=0.06937 CO2(scaled)=0.00073 CO2_weight=1.00 guide_w=1.48 Walls=0.00059(x10) g_ns/g_walls=0.49 Windows=0.00091 Doors=0.00008 IC=0.00000 CO2_BC=0.00007 LR=1.80e-04 nu=0.01 NSraw=0.3368 alpha(W1/W8/all)=0.59/0.39/0.48 | 0.86 it/s
[Iter 32560/50000] Total=0.05565 | NS=0.05280 CO2(scaled)=0.00068 CO2_weight=1.00 guide_w=1.48 Walls=0.00016(x10) g_ns/g_walls=0.49 Windows=0.00044 Doors=0.00010 IC=0.00000 CO2_BC=0.00007 LR=1.80e-04 nu=0.01 NSraw=0.2327 alpha(W1/W8/all)=0.59/0.39/0.48 | 0.86 it/s
[Iter 32570/50000] Total=0.32708 | NS=0.31533 CO2(scaled)=0.00057 CO2_weight=1.00 guide_w=1.48 Walls=0.00099(x10) g_ns/g_walls=0.49 Windows=0.00113 Doors=0.00011 IC=0.00000 CO2_BC=0.00007 LR=1.80e-04 nu=0.01 NSraw=10.04 alpha(W1/W8/all)=0.59/0.39/0.48 | 0.86 it/s
[Iter 32580/50000] Total=0.06897 | NS=0.06111 CO2(scaled)=0.00054 CO2_weight=1.00 guide_w=1.48 Walls=0.00064(x10) g_ns/g_walls=0.49 Windows=0.00078 Doors=0.00008 IC=0.00000 CO2_BC=0.00008 LR=1.80e-04 nu=0.01 NSraw=0.3397 alpha(W1/W8/all)=0.59/0.39/0.48 | 0.86 it/s
[Iter 32590/50000] Total=0.05372 | NS=0.03996 CO2(scaled)=0.00092 CO2_weight=1.00 guide_w=1.48 Walls=0.00109(x10) g_ns/g_walls=0.49 Windows=0.00173 Doors=0.00009 IC=0.00000 CO2_BC=0.00007 LR=1.80e-04 nu=0.01 NSraw=0.1245 alpha(W1/W8/all)=0.59/0.39/0.48 | 0.86 it/s
[Iter 32600/50000] Total=0.07745 | NS=0.06967 CO2(scaled)=0.00056 CO2_weight=1.00 guide_w=11.6 Walls=0.00058(x10) g_ns/g_walls=0.647 Windows=0.00127 Doors=0.00008 IC=0.00000 CO2_BC=0.00006 LR=1.80e-04 nu=0.01 NSraw=0.3464 alpha(W1/W8/all)=0.59/0.39/0.48 | 0.86 it/s
[Iter 32610/50000] Total=0.02136 | NS=0.01388 CO2(scaled)=0.00127 CO2_weight=1.00 guide_w=11.6 Walls=0.00047(x10) g_ns/g_walls=0.647 Windows=0.00134 Doors=0.00010 IC=0.00000 CO2_BC=0.00007 LR=1.79e-04 nu=0.01 NSraw=0.01831 alpha(W1/W8/all)=0.59/0.39/0.48 | 0.86 it/s
[Iter 32620/50000] Total=0.53941 | NS=0.52948 CO2(scaled)=0.00080 CO2_weight=1.00 guide_w=11.6 Walls=0.00080(x10) g_ns/g_walls=0.647 Windows=0.00096 Doors=0.00013 IC=0.00000 CO2_BC=0.00006 LR=1.79e-04 nu=0.01 NSraw=50.65 alpha(W1/W8/all)=0.59/0.39/0.48 | 0.86 it/s
[Iter 32630/50000] Total=0.04160 | NS=0.03730 CO2(scaled)=0.00076 CO2_weight=1.00 guide_w=11.6 Walls=0.00026(x10) g_ns/g_walls=0.647 Windows=0.00081 Doors=0.00009 IC=0.00000 CO2_BC=0.00006 LR=1.79e-04 nu=0.01 NSraw=0.0824 alpha(W1/W8/all)=0.59/0.39/0.48 | 0.86 it/s
[Iter 32640/50000] Total=0.05752 | NS=0.05283 CO2(scaled)=0.00073 CO2_weight=1.00 guide_w=11.6 Walls=0.00032(x10) g_ns/g_walls=0.647 Windows=0.00060 Doors=0.00008 IC=0.00000 CO2_BC=0.00007 LR=1.79e-04 nu=0.01 NSraw=0.1635 alpha(W1/W8/all)=0.59/0.39/0.48 | 0.86 it/s
[Iter 32650/50000] Total=0.05951 | NS=0.05641 CO2(scaled)=0.00062 CO2_weight=1.00 guide_w=11.6 Walls=0.00018(x10) g_ns/g_walls=0.647 Windows=0.00050 Doors=0.00011 IC=0.00000 CO2_BC=0.00007 LR=1.79e-04 nu=0.01 NSraw=0.2649 alpha(W1/W8/all)=0.59/0.39/0.48 | 0.86 it/s
[Iter 32660/50000] Total=0.13083 | NS=0.12564 CO2(scaled)=0.00076 CO2_weight=1.00 guide_w=11.6 Walls=0.00034(x10) g_ns/g_walls=0.647 Windows=0.00075 Doors=0.00017 IC=0.00000 CO2_BC=0.00006 LR=1.79e-04 nu=0.01 NSraw=2.019 alpha(W1/W8/all)=0.59/0.39/0.48 | 0.86 it/s
[Iter 32670/50000] Total=0.09968 | NS=0.09601 CO2(scaled)=0.00070 CO2_weight=1.00 guide_w=11.6 Walls=0.00023(x10) g_ns/g_walls=0.647 Windows=0.00055 Doors=0.00010 IC=0.00000 CO2_BC=0.00006 LR=1.79e-04 nu=0.01 NSraw=1.433 alpha(W1/W8/all)=0.59/0.39/0.48 | 0.86 it/s
[Iter 32680/50000] Total=0.05978 | NS=0.05547 CO2(scaled)=0.00064 CO2_weight=1.00 guide_w=11.6 Walls=0.00028(x10) g_ns/g_walls=0.647 Windows=0.00069 Doors=0.00012 IC=0.00000 CO2_BC=0.00005 LR=1.79e-04 nu=0.01 NSraw=0.1629 alpha(W1/W8/all)=0.59/0.39/0.48 | 0.86 it/s
[Iter 32690/50000] Total=0.05489 | NS=0.04971 CO2(scaled)=0.00075 CO2_weight=1.00 guide_w=11.6 Walls=0.00035(x10) g_ns/g_walls=0.647 Windows=0.00071 Doors=0.00009 IC=0.00000 CO2_BC=0.00007 LR=1.79e-04 nu=0.01 NSraw=0.1411 alpha(W1/W8/all)=0.59/0.39/0.48 | 0.86 it/s
[Iter 32700/50000] Total=0.04569 | NS=0.04138 CO2(scaled)=0.00059 CO2_weight=1.00 guide_w=17.6 Walls=0.00030(x10) g_ns/g_walls=3.08 Windows=0.00058 Doors=0.00012 IC=0.00000 CO2_BC=0.00006 LR=1.79e-04 nu=0.01 NSraw=0.07679 alpha(W1/W8/all)=0.59/0.39/0.48 | 0.86 it/s
[Iter 32710/50000] Total=0.11560 | NS=0.10312 CO2(scaled)=0.00063 CO2_weight=1.00 guide_w=17.6 Walls=0.00104(x10) g_ns/g_walls=3.08 Windows=0.00130 Doors=0.00012 IC=0.00000 CO2_BC=0.00007 LR=1.78e-04 nu=0.01 NSraw=1.196 alpha(W1/W8/all)=0.59/0.39/0.48 | 0.86 it/s
[Iter 32720/50000] Total=0.04721 | NS=0.04271 CO2(scaled)=0.00068 CO2_weight=1.00 guide_w=17.6 Walls=0.00028(x10) g_ns/g_walls=3.08 Windows=0.00085 Doors=0.00009 IC=0.00000 CO2_BC=0.00006 LR=1.78e-04 nu=0.01 NSraw=0.1238 alpha(W1/W8/all)=0.59/0.39/0.48 | 0.86 it/s
[Iter 32730/50000] Total=0.04103 | NS=0.03704 CO2(scaled)=0.00061 CO2_weight=1.00 guide_w=17.6 Walls=0.00026(x10) g_ns/g_walls=3.08 Windows=0.00069 Doors=0.00007 IC=0.00000 CO2_BC=0.00005 LR=1.78e-04 nu=0.01 NSraw=0.0799 alpha(W1/W8/all)=0.59/0.39/0.48 | 0.86 it/s
[Iter 32740/50000] Total=0.21879 | NS=0.21257 CO2(scaled)=0.00070 CO2_weight=1.00 guide_w=17.6 Walls=0.00046(x10) g_ns/g_walls=3.08 Windows=0.00072 Doors=0.00008 IC=0.00000 CO2_BC=0.00007 LR=1.78e-04 nu=0.01 NSraw=6.945 alpha(W1/W8/all)=0.59/0.39/0.48 | 0.86 it/s
[Iter 32750/50000] Total=0.38956 | NS=0.37956 CO2(scaled)=0.00059 CO2_weight=1.00 guide_w=17.6 Walls=0.00081(x10) g_ns/g_walls=3.08 Windows=0.00117 Doors=0.00010 IC=0.00000 CO2_BC=0.00006 LR=1.78e-04 nu=0.01 NSraw=12.33 alpha(W1/W8/all)=0.59/0.39/0.48 | 0.86 it/s
[Iter 32760/50000] Total=0.19550 | NS=0.19205 CO2(scaled)=0.00067 CO2_weight=1.00 guide_w=17.6 Walls=0.00021(x10) g_ns/g_walls=3.08 Windows=0.00052 Doors=0.00010 IC=0.00000 CO2_BC=0.00005 LR=1.78e-04 nu=0.01 NSraw=6.85 alpha(W1/W8/all)=0.59/0.39/0.48 | 0.86 it/s
[Iter 32770/50000] Total=0.06618 | NS=0.06327 CO2(scaled)=0.00062 CO2_weight=1.00 guide_w=17.6 Walls=0.00016(x10) g_ns/g_walls=3.08 Windows=0.00051 Doors=0.00010 IC=0.00000 CO2_BC=0.00006 LR=1.78e-04 nu=0.01 NSraw=0.3689 alpha(W1/W8/all)=0.59/0.39/0.48 | 0.86 it/s
[Iter 32780/50000] Total=0.07888 | NS=0.07338 CO2(scaled)=0.00066 CO2_weight=1.00 guide_w=17.6 Walls=0.00041(x10) g_ns/g_walls=3.08 Windows=0.00059 Doors=0.00011 IC=0.00000 CO2_BC=0.00006 LR=1.78e-04 nu=0.01 NSraw=0.2594 alpha(W1/W8/all)=0.59/0.39/0.48 | 0.86 it/s
[Iter 32790/50000] Total=0.10004 | NS=0.09554 CO2(scaled)=0.00065 CO2_weight=1.00 guide_w=17.6 Walls=0.00032(x10) g_ns/g_walls=3.08 Windows=0.00044 Doors=0.00010 IC=0.00000 CO2_BC=0.00006 LR=1.78e-04 nu=0.01 NSraw=0.4306 alpha(W1/W8/all)=0.59/0.39/0.48 | 0.86 it/s
[Iter 32800/50000] Total=0.07000 | NS=0.06501 CO2(scaled)=0.00056 CO2_weight=1.00 guide_w=8.98 Walls=0.00037(x10) g_ns/g_walls=3.17 Windows=0.00055 Doors=0.00009 IC=0.00000 CO2_BC=0.00007 LR=1.78e-04 nu=0.01 NSraw=0.3352 alpha(W1/W8/all)=0.59/0.39/0.48 | 0.86 it/s
[Iter 32810/50000] Total=0.05783 | NS=0.05230 CO2(scaled)=0.00130 CO2_weight=1.00 guide_w=8.98 Walls=0.00035(x10) g_ns/g_walls=3.17 Windows=0.00055 Doors=0.00008 IC=0.00000 CO2_BC=0.00007 LR=1.78e-04 nu=0.01 NSraw=0.2312 alpha(W1/W8/all)=0.59/0.39/0.48 | 0.86 it/s
[Iter 32820/50000] Total=0.04454 | NS=0.04106 CO2(scaled)=0.00048 CO2_weight=1.00 guide_w=8.98 Walls=0.00022(x10) g_ns/g_walls=3.17 Windows=0.00062 Doors=0.00009 IC=0.00000 CO2_BC=0.00007 LR=1.77e-04 nu=0.01 NSraw=0.214 alpha(W1/W8/all)=0.59/0.39/0.48 | 0.86 it/s
[Iter 32830/50000] Total=0.09497 | NS=0.09053 CO2(scaled)=0.00104 CO2_weight=1.00 guide_w=8.98 Walls=0.00027(x10) g_ns/g_walls=3.17 Windows=0.00053 Doors=0.00011 IC=0.00000 CO2_BC=0.00006 LR=1.77e-04 nu=0.01 NSraw=0.4116 alpha(W1/W8/all)=0.59/0.39/0.48 | 0.86 it/s
[Iter 32840/50000] Total=0.02665 | NS=0.01941 CO2(scaled)=0.00090 CO2_weight=1.00 guide_w=8.98 Walls=0.00056(x10) g_ns/g_walls=3.17 Windows=0.00061 Doors=0.00008 IC=0.00000 CO2_BC=0.00007 LR=1.77e-04 nu=0.01 NSraw=0.03387 alpha(W1/W8/all)=0.59/0.39/0.48 | 0.86 it/s
[Iter 32850/50000] Total=0.02173 | NS=0.01747 CO2(scaled)=0.00067 CO2_weight=1.00 guide_w=8.98 Walls=0.00029(x10) g_ns/g_walls=3.17 Windows=0.00056 Doors=0.00007 IC=0.00000 CO2_BC=0.00005 LR=1.77e-04 nu=0.01 NSraw=0.02744 alpha(W1/W8/all)=0.59/0.39/0.48 | 0.86 it/s
[Iter 32860/50000] Total=0.14397 | NS=0.13992 CO2(scaled)=0.00065 CO2_weight=1.00 guide_w=8.98 Walls=0.00027(x10) g_ns/g_walls=3.17 Windows=0.00056 Doors=0.00010 IC=0.00000 CO2_BC=0.00006 LR=1.77e-04 nu=0.01 NSraw=2.457 alpha(W1/W8/all)=0.59/0.39/0.48 | 0.86 it/s
[Iter 32870/50000] Total=0.04521 | NS=0.03945 CO2(scaled)=0.00076 CO2_weight=1.00 guide_w=8.98 Walls=0.00042(x10) g_ns/g_walls=3.17 Windows=0.00062 Doors=0.00013 IC=0.00000 CO2_BC=0.00006 LR=1.77e-04 nu=0.01 NSraw=0.08372 alpha(W1/W8/all)=0.59/0.39/0.48 | 0.86 it/s
[Iter 32880/50000] Total=0.07494 | NS=0.06774 CO2(scaled)=0.00106 CO2_weight=1.00 guide_w=8.98 Walls=0.00052(x10) g_ns/g_walls=3.17 Windows=0.00071 Doors=0.00014 IC=0.00000 CO2_BC=0.00006 LR=1.77e-04 nu=0.01 NSraw=0.4545 alpha(W1/W8/all)=0.59/0.39/0.48 | 0.86 it/s
[Iter 32890/50000] Total=0.03232 | NS=0.02658 CO2(scaled)=0.00091 CO2_weight=1.00 guide_w=8.98 Walls=0.00040(x10) g_ns/g_walls=3.17 Windows=0.00070 Doors=0.00011 IC=0.00000 CO2_BC=0.00007 LR=1.77e-04 nu=0.01 NSraw=0.1109 alpha(W1/W8/all)=0.59/0.39/0.48 | 0.86 it/s
[Iter 32900/50000] Total=0.43622 | NS=0.42829 CO2(scaled)=0.00151 CO2_weight=1.00 guide_w=50.6 Walls=0.00054(x10) g_ns/g_walls=13 Windows=0.00091 Doors=0.00009 IC=0.00000 CO2_BC=0.00006 LR=1.77e-04 nu=0.01 NSraw=39.85 alpha(W1/W8/all)=0.59/0.39/0.48 | 0.86 it/s
[Iter 32910/50000] Total=0.04402 | NS=0.03061 CO2(scaled)=0.00193 CO2_weight=1.00 guide_w=50.6 Walls=0.00102(x10) g_ns/g_walls=13 Windows=0.00116 Doors=0.00008 IC=0.00000 CO2_BC=0.00008 LR=1.77e-04 nu=0.01 NSraw=0.07233 alpha(W1/W8/all)=0.59/0.39/0.48 | 0.86 it/s
[Iter 32920/50000] Total=0.05098 | NS=0.04130 CO2(scaled)=0.00098 CO2_weight=1.00 guide_w=50.6 Walls=0.00073(x10) g_ns/g_walls=13 Windows=0.00114 Doors=0.00016 IC=0.00000 CO2_BC=0.00006 LR=1.77e-04 nu=0.01 NSraw=0.1173 alpha(W1/W8/all)=0.59/0.39/0.48 | 0.86 it/s
[Iter 32930/50000] Total=0.06340 | NS=0.05833 CO2(scaled)=0.00070 CO2_weight=1.00 guide_w=50.6 Walls=0.00035(x10) g_ns/g_walls=13 Windows=0.00065 Doors=0.00019 IC=0.00000 CO2_BC=0.00007 LR=1.76e-04 nu=0.01 NSraw=0.2172 alpha(W1/W8/all)=0.59/0.39/0.48 | 0.86 it/s
[Iter 32940/50000] Total=0.06482 | NS=0.05899 CO2(scaled)=0.00088 CO2_weight=1.00 guide_w=50.6 Walls=0.00035(x10) g_ns/g_walls=13 Windows=0.00122 Doors=0.00015 IC=0.00000 CO2_BC=0.00007 LR=1.76e-04 nu=0.01 NSraw=0.218 alpha(W1/W8/all)=0.59/0.39/0.48 | 0.86 it/s
[Iter 32950/50000] Total=0.07612 | NS=0.06684 CO2(scaled)=0.00093 CO2_weight=1.00 guide_w=50.6 Walls=0.00076(x10) g_ns/g_walls=13 Windows=0.00055 Doors=0.00010 IC=0.00000 CO2_BC=0.00006 LR=1.76e-04 nu=0.01 NSraw=0.2378 alpha(W1/W8/all)=0.59/0.39/0.48 | 0.86 it/s
[Iter 32960/50000] Total=0.10506 | NS=0.09955 CO2(scaled)=0.00062 CO2_weight=1.00 guide_w=50.6 Walls=0.00042(x10) g_ns/g_walls=13 Windows=0.00047 Doors=0.00011 IC=0.00000 CO2_BC=0.00007 LR=1.76e-04 nu=0.01 NSraw=0.8559 alpha(W1/W8/all)=0.59/0.39/0.48 | 0.86 it/s
[Iter 32970/50000] Total=0.17045 | NS=0.16727 CO2(scaled)=0.00057 CO2_weight=1.00 guide_w=50.6 Walls=0.00018(x10) g_ns/g_walls=13 Windows=0.00055 Doors=0.00014 IC=0.00000 CO2_BC=0.00007 LR=1.76e-04 nu=0.01 NSraw=3.127 alpha(W1/W8/all)=0.59/0.39/0.48 | 0.86 it/s
[Iter 32980/50000] Total=0.07328 | NS=0.06889 CO2(scaled)=0.00071 CO2_weight=1.00 guide_w=50.6 Walls=0.00030(x10) g_ns/g_walls=13 Windows=0.00055 Doors=0.00012 IC=0.00000 CO2_BC=0.00006 LR=1.76e-04 nu=0.01 NSraw=0.4054 alpha(W1/W8/all)=0.59/0.39/0.48 | 0.86 it/s
[Iter 32990/50000] Total=0.12083 | NS=0.11717 CO2(scaled)=0.00066 CO2_weight=1.00 guide_w=50.6 Walls=0.00023(x10) g_ns/g_walls=13 Windows=0.00056 Doors=0.00012 IC=0.00000 CO2_BC=0.00005 LR=1.76e-04 nu=0.01 NSraw=2.9 alpha(W1/W8/all)=0.59/0.39/0.48 | 0.86 it/s
[Iter 33000/50000] Total=0.03745 | NS=0.03332 CO2(scaled)=0.00056 CO2_weight=1.00 guide_w=3.49 Walls=0.00027(x10) g_ns/g_walls=0.39 Windows=0.00062 Doors=0.00013 IC=0.00000 CO2_BC=0.00007 LR=1.76e-04 nu=0.01 NSraw=0.06088 alpha(W1/W8/all)=0.59/0.39/0.48 | 0.86 it/s
  -> saved checkpoint: /home/iai-labor/BuildingControlCFD/experiments/gnot/checkpoints/v24_fixedalpha_r50k/gnot_v24_fixedalpha_r50k_iter33000.pth
[Iter 33010/50000] Total=0.15235 | NS=0.14834 CO2(scaled)=0.00053 CO2_weight=1.00 guide_w=3.49 Walls=0.00029(x10) g_ns/g_walls=0.39 Windows=0.00033 Doors=0.00014 IC=0.00000 CO2_BC=0.00006 LR=1.76e-04 nu=0.01 NSraw=2.566 alpha(W1/W8/all)=0.59/0.39/0.48 | 0.86 it/s
[Iter 33020/50000] Total=0.04182 | NS=0.03500 CO2(scaled)=0.00060 CO2_weight=1.00 guide_w=3.49 Walls=0.00055(x10) g_ns/g_walls=0.39 Windows=0.00054 Doors=0.00014 IC=0.00000 CO2_BC=0.00005 LR=1.76e-04 nu=0.01 NSraw=0.0912 alpha(W1/W8/all)=0.59/0.39/0.48 | 0.86 it/s
[Iter 33030/50000] Total=0.05380 | NS=0.04312 CO2(scaled)=0.00073 CO2_weight=1.00 guide_w=3.49 Walls=0.00088(x10) g_ns/g_walls=0.39 Windows=0.00101 Doors=0.00011 IC=0.00000 CO2_BC=0.00007 LR=1.76e-04 nu=0.01 NSraw=0.2036 alpha(W1/W8/all)=0.59/0.39/0.48 | 0.86 it/s
[Iter 33040/50000] Total=0.04663 | NS=0.03428 CO2(scaled)=0.00046 CO2_weight=1.00 guide_w=3.49 Walls=0.00104(x10) g_ns/g_walls=0.39 Windows=0.00131 Doors=0.00010 IC=0.00000 CO2_BC=0.00005 LR=1.75e-04 nu=0.01 NSraw=0.09376 alpha(W1/W8/all)=0.59/0.39/0.48 | 0.86 it/s
[Iter 33050/50000] Total=0.07451 | NS=0.06856 CO2(scaled)=0.00079 CO2_weight=1.00 guide_w=3.49 Walls=0.00045(x10) g_ns/g_walls=0.39 Windows=0.00048 Doors=0.00012 IC=0.00000 CO2_BC=0.00006 LR=1.75e-04 nu=0.01 NSraw=0.2081 alpha(W1/W8/all)=0.59/0.39/0.48 | 0.86 it/s
[Iter 33060/50000] Total=0.05152 | NS=0.04637 CO2(scaled)=0.00079 CO2_weight=1.00 guide_w=3.49 Walls=0.00036(x10) g_ns/g_walls=0.39 Windows=0.00055 Doors=0.00015 IC=0.00000 CO2_BC=0.00006 LR=1.75e-04 nu=0.01 NSraw=0.1419 alpha(W1/W8/all)=0.59/0.39/0.48 | 0.86 it/s
[Iter 33070/50000] Total=0.11250 | NS=0.10831 CO2(scaled)=0.00104 CO2_weight=1.00 guide_w=3.49 Walls=0.00025(x10) g_ns/g_walls=0.39 Windows=0.00045 Doors=0.00011 IC=0.00000 CO2_BC=0.00007 LR=1.75e-04 nu=0.01 NSraw=2.063 alpha(W1/W8/all)=0.59/0.39/0.48 | 0.86 it/s
[Iter 33080/50000] Total=0.07033 | NS=0.06528 CO2(scaled)=0.00095 CO2_weight=1.00 guide_w=3.49 Walls=0.00034(x10) g_ns/g_walls=0.39 Windows=0.00049 Doors=0.00012 IC=0.00000 CO2_BC=0.00006 LR=1.75e-04 nu=0.01 NSraw=0.1907 alpha(W1/W8/all)=0.59/0.39/0.48 | 0.86 it/s
[Iter 33090/50000] Total=0.08243 | NS=0.07888 CO2(scaled)=0.00064 CO2_weight=1.00 guide_w=3.49 Walls=0.00021(x10) g_ns/g_walls=0.39 Windows=0.00067 Doors=0.00008 IC=0.00000 CO2_BC=0.00006 LR=1.75e-04 nu=0.01 NSraw=0.4396 alpha(W1/W8/all)=0.59/0.39/0.48 | 0.86 it/s
[Iter 33100/50000] Total=0.04204 | NS=0.03858 CO2(scaled)=0.00074 CO2_weight=1.00 guide_w=4.42 Walls=0.00020(x10) g_ns/g_walls=1.19 Windows=0.00047 Doors=0.00014 IC=0.00000 CO2_BC=0.00007 LR=1.75e-04 nu=0.01 NSraw=0.1226 alpha(W1/W8/all)=0.59/0.39/0.48 | 0.86 it/s
[Iter 33110/50000] Total=0.04353 | NS=0.03998 CO2(scaled)=0.00059 CO2_weight=1.00 guide_w=4.42 Walls=0.00023(x10) g_ns/g_walls=1.19 Windows=0.00053 Doors=0.00009 IC=0.00000 CO2_BC=0.00006 LR=1.75e-04 nu=0.01 NSraw=0.2005 alpha(W1/W8/all)=0.59/0.39/0.48 | 0.86 it/s
[Iter 33120/50000] Total=0.02581 | NS=0.02179 CO2(scaled)=0.00056 CO2_weight=1.00 guide_w=4.42 Walls=0.00026(x10) g_ns/g_walls=1.19 Windows=0.00075 Doors=0.00009 IC=0.00000 CO2_BC=0.00006 LR=1.75e-04 nu=0.01 NSraw=0.03896 alpha(W1/W8/all)=0.59/0.39/0.48 | 0.86 it/s
[Iter 33130/50000] Total=0.02679 | NS=0.02227 CO2(scaled)=0.00055 CO2_weight=1.00 guide_w=4.42 Walls=0.00033(x10) g_ns/g_walls=1.19 Windows=0.00050 Doors=0.00012 IC=0.00000 CO2_BC=0.00007 LR=1.75e-04 nu=0.01 NSraw=0.04031 alpha(W1/W8/all)=0.59/0.39/0.48 | 0.86 it/s
[Iter 33140/50000] Total=0.09931 | NS=0.09120 CO2(scaled)=0.00083 CO2_weight=1.00 guide_w=4.42 Walls=0.00063(x10) g_ns/g_walls=1.19 Windows=0.00072 Doors=0.00018 IC=0.00000 CO2_BC=0.00006 LR=1.75e-04 nu=0.01 NSraw=0.4739 alpha(W1/W8/all)=0.59/0.39/0.48 | 0.86 it/s
[Iter 33150/50000] Total=0.27745 | NS=0.26203 CO2(scaled)=0.00069 CO2_weight=1.00 guide_w=4.42 Walls=0.00128(x10) g_ns/g_walls=1.19 Windows=0.00168 Doors=0.00017 IC=0.00000 CO2_BC=0.00006 LR=1.74e-04 nu=0.01 NSraw=9.021 alpha(W1/W8/all)=0.59/0.39/0.48 | 0.86 it/s
[Iter 33160/50000] Total=0.10552 | NS=0.09995 CO2(scaled)=0.00057 CO2_weight=1.00 guide_w=4.42 Walls=0.00043(x10) g_ns/g_walls=1.19 Windows=0.00054 Doors=0.00011 IC=0.00000 CO2_BC=0.00007 LR=1.74e-04 nu=0.01 NSraw=1.068 alpha(W1/W8/all)=0.59/0.39/0.48 | 0.86 it/s
[Iter 33170/50000] Total=0.04797 | NS=0.04189 CO2(scaled)=0.00053 CO2_weight=1.00 guide_w=4.42 Walls=0.00049(x10) g_ns/g_walls=1.19 Windows=0.00042 Doors=0.00012 IC=0.00000 CO2_BC=0.00007 LR=1.74e-04 nu=0.01 NSraw=0.1106 alpha(W1/W8/all)=0.59/0.39/0.48 | 0.86 it/s
[Iter 33180/50000] Total=0.03529 | NS=0.03095 CO2(scaled)=0.00063 CO2_weight=1.00 guide_w=4.42 Walls=0.00031(x10) g_ns/g_walls=1.19 Windows=0.00052 Doors=0.00008 IC=0.00000 CO2_BC=0.00006 LR=1.74e-04 nu=0.01 NSraw=0.08409 alpha(W1/W8/all)=0.59/0.39/0.48 | 0.86 it/s
[Iter 33190/50000] Total=0.14079 | NS=0.13748 CO2(scaled)=0.00065 CO2_weight=1.00 guide_w=4.42 Walls=0.00021(x10) g_ns/g_walls=1.19 Windows=0.00036 Doors=0.00011 IC=0.00000 CO2_BC=0.00007 LR=1.74e-04 nu=0.01 NSraw=2.897 alpha(W1/W8/all)=0.59/0.39/0.48 | 0.86 it/s
[Iter 33200/50000] Total=0.04749 | NS=0.04288 CO2(scaled)=0.00058 CO2_weight=1.00 guide_w=66.7 Walls=0.00034(x10) g_ns/g_walls=5 Windows=0.00045 Doors=0.00010 IC=0.00000 CO2_BC=0.00007 LR=1.74e-04 nu=0.01 NSraw=0.2184 alpha(W1/W8/all)=0.59/0.39/0.48 | 0.86 it/s
[Iter 33210/50000] Total=0.10107 | NS=0.09827 CO2(scaled)=0.00057 CO2_weight=1.00 guide_w=66.7 Walls=0.00016(x10) g_ns/g_walls=5 Windows=0.00044 Doors=0.00010 IC=0.00000 CO2_BC=0.00005 LR=1.74e-04 nu=0.01 NSraw=0.5361 alpha(W1/W8/all)=0.59/0.39/0.48 | 0.86 it/s
[Iter 33220/50000] Total=0.10713 | NS=0.10276 CO2(scaled)=0.00053 CO2_weight=1.00 guide_w=66.7 Walls=0.00031(x10) g_ns/g_walls=5 Windows=0.00055 Doors=0.00012 IC=0.00000 CO2_BC=0.00006 LR=1.74e-04 nu=0.01 NSraw=0.6348 alpha(W1/W8/all)=0.59/0.39/0.48 | 0.86 it/s
[Iter 33230/50000] Total=0.04862 | NS=0.04032 CO2(scaled)=0.00066 CO2_weight=1.00 guide_w=66.7 Walls=0.00066(x10) g_ns/g_walls=5 Windows=0.00082 Doors=0.00011 IC=0.00000 CO2_BC=0.00006 LR=1.74e-04 nu=0.01 NSraw=0.1037 alpha(W1/W8/all)=0.59/0.39/0.48 | 0.86 it/s
[Iter 33240/50000] Total=0.04969 | NS=0.04200 CO2(scaled)=0.00068 CO2_weight=1.00 guide_w=66.7 Walls=0.00063(x10) g_ns/g_walls=5 Windows=0.00058 Doors=0.00011 IC=0.00000 CO2_BC=0.00005 LR=1.74e-04 nu=0.01 NSraw=0.1042 alpha(W1/W8/all)=0.59/0.39/0.48 | 0.86 it/s
[Iter 33250/50000] Total=0.04930 | NS=0.04154 CO2(scaled)=0.00166 CO2_weight=1.00 guide_w=66.7 Walls=0.00054(x10) g_ns/g_walls=5 Windows=0.00052 Doors=0.00015 IC=0.00000 CO2_BC=0.00007 LR=1.73e-04 nu=0.01 NSraw=0.1022 alpha(W1/W8/all)=0.59/0.39/0.48 | 0.86 it/s
[Iter 33260/50000] Total=0.03160 | NS=0.02486 CO2(scaled)=0.00093 CO2_weight=1.00 guide_w=66.7 Walls=0.00050(x10) g_ns/g_walls=5 Windows=0.00062 Doors=0.00013 IC=0.00000 CO2_BC=0.00006 LR=1.73e-04 nu=0.01 NSraw=0.04138 alpha(W1/W8/all)=0.59/0.39/0.48 | 0.86 it/s
[Iter 33270/50000] Total=0.03750 | NS=0.02716 CO2(scaled)=0.00091 CO2_weight=1.00 guide_w=66.7 Walls=0.00085(x10) g_ns/g_walls=5 Windows=0.00068 Doors=0.00016 IC=0.00000 CO2_BC=0.00011 LR=1.73e-04 nu=0.01 NSraw=0.04649 alpha(W1/W8/all)=0.59/0.39/0.48 | 0.86 it/s
[Iter 33280/50000] Total=0.05576 | NS=0.05128 CO2(scaled)=0.00066 CO2_weight=1.00 guide_w=66.7 Walls=0.00032(x10) g_ns/g_walls=5 Windows=0.00042 Doors=0.00015 IC=0.00000 CO2_BC=0.00006 LR=1.73e-04 nu=0.01 NSraw=0.1487 alpha(W1/W8/all)=0.59/0.39/0.48 | 0.86 it/s
[Iter 33290/50000] Total=0.15896 | NS=0.13379 CO2(scaled)=0.00050 CO2_weight=1.00 guide_w=66.7 Walls=0.00237(x10) g_ns/g_walls=5 Windows=0.00075 Doors=0.00013 IC=0.00000 CO2_BC=0.00006 LR=1.73e-04 nu=0.01 NSraw=1.162 alpha(W1/W8/all)=0.59/0.39/0.48 | 0.86 it/s
[Iter 33300/50000] Total=0.07633 | NS=0.06675 CO2(scaled)=0.00067 CO2_weight=1.00 guide_w=4.01 Walls=0.00077(x10) g_ns/g_walls=0.325 Windows=0.00102 Doors=0.00012 IC=0.00000 CO2_BC=0.00007 LR=1.73e-04 nu=0.01 NSraw=0.2591 alpha(W1/W8/all)=0.59/0.39/0.48 | 0.86 it/s
[Iter 33310/50000] Total=0.08639 | NS=0.07717 CO2(scaled)=0.00076 CO2_weight=1.00 guide_w=4.01 Walls=0.00074(x10) g_ns/g_walls=0.325 Windows=0.00091 Doors=0.00008 IC=0.00000 CO2_BC=0.00006 LR=1.73e-04 nu=0.01 NSraw=0.3364 alpha(W1/W8/all)=0.59/0.39/0.48 | 0.86 it/s
[Iter 33320/50000] Total=0.16956 | NS=0.16004 CO2(scaled)=0.00058 CO2_weight=1.00 guide_w=4.01 Walls=0.00076(x10) g_ns/g_walls=0.325 Windows=0.00116 Doors=0.00009 IC=0.00000 CO2_BC=0.00007 LR=1.73e-04 nu=0.01 NSraw=4.641 alpha(W1/W8/all)=0.59/0.39/0.48 | 0.86 it/s
[Iter 33330/50000] Total=0.10922 | NS=0.10411 CO2(scaled)=0.00076 CO2_weight=1.00 guide_w=4.01 Walls=0.00036(x10) g_ns/g_walls=0.325 Windows=0.00064 Doors=0.00008 IC=0.00000 CO2_BC=0.00006 LR=1.73e-04 nu=0.01 NSraw=0.4639 alpha(W1/W8/all)=0.59/0.39/0.48 | 0.86 it/s
[Iter 33340/50000] Total=0.02046 | NS=0.01394 CO2(scaled)=0.00122 CO2_weight=1.00 guide_w=4.01 Walls=0.00041(x10) g_ns/g_walls=0.325 Windows=0.00104 Doors=0.00006 IC=0.00000 CO2_BC=0.00005 LR=1.73e-04 nu=0.01 NSraw=0.01639 alpha(W1/W8/all)=0.59/0.39/0.48 | 0.86 it/s
[Iter 33350/50000] Total=0.07764 | NS=0.07314 CO2(scaled)=0.00078 CO2_weight=1.00 guide_w=4.01 Walls=0.00029(x10) g_ns/g_walls=0.325 Windows=0.00069 Doors=0.00010 IC=0.00000 CO2_BC=0.00007 LR=1.73e-04 nu=0.01 NSraw=0.2673 alpha(W1/W8/all)=0.59/0.39/0.48 | 0.86 it/s
[Iter 33360/50000] Total=0.38799 | NS=0.38418 CO2(scaled)=0.00074 CO2_weight=1.00 guide_w=4.01 Walls=0.00025(x10) g_ns/g_walls=0.325 Windows=0.00044 Doors=0.00009 IC=0.00000 CO2_BC=0.00006 LR=1.72e-04 nu=0.01 NSraw=12.26 alpha(W1/W8/all)=0.59/0.39/0.48 | 0.86 it/s
[Iter 33370/50000] Total=0.04077 | NS=0.03639 CO2(scaled)=0.00055 CO2_weight=1.00 guide_w=4.01 Walls=0.00031(x10) g_ns/g_walls=0.325 Windows=0.00055 Doors=0.00010 IC=0.00000 CO2_BC=0.00007 LR=1.72e-04 nu=0.01 NSraw=0.1185 alpha(W1/W8/all)=0.59/0.39/0.48 | 0.86 it/s
[Iter 33380/50000] Total=0.05746 | NS=0.05302 CO2(scaled)=0.00060 CO2_weight=1.00 guide_w=4.01 Walls=0.00032(x10) g_ns/g_walls=0.325 Windows=0.00053 Doors=0.00009 IC=0.00000 CO2_BC=0.00006 LR=1.72e-04 nu=0.01 NSraw=0.1755 alpha(W1/W8/all)=0.59/0.39/0.48 | 0.86 it/s
[Iter 33390/50000] Total=0.05636 | NS=0.04660 CO2(scaled)=0.00060 CO2_weight=1.00 guide_w=4.01 Walls=0.00077(x10) g_ns/g_walls=0.325 Windows=0.00125 Doors=0.00012 IC=0.00000 CO2_BC=0.00007 LR=1.72e-04 nu=0.01 NSraw=0.09669 alpha(W1/W8/all)=0.59/0.39/0.48 | 0.86 it/s
[Iter 33400/50000] Total=0.02871 | NS=0.02521 CO2(scaled)=0.00056 CO2_weight=1.00 guide_w=25.3 Walls=0.00023(x10) g_ns/g_walls=2.47 Windows=0.00045 Doors=0.00008 IC=0.00000 CO2_BC=0.00006 LR=1.72e-04 nu=0.01 NSraw=0.05638 alpha(W1/W8/all)=0.59/0.39/0.48 | 0.86 it/s
[Iter 33410/50000] Total=0.11661 | NS=0.11187 CO2(scaled)=0.00069 CO2_weight=1.00 guide_w=25.3 Walls=0.00033(x10) g_ns/g_walls=2.47 Windows=0.00055 Doors=0.00009 IC=0.00000 CO2_BC=0.00006 LR=1.72e-04 nu=0.01 NSraw=0.8915 alpha(W1/W8/all)=0.59/0.39/0.48 | 0.86 it/s
[Iter 33420/50000] Total=0.02455 | NS=0.02050 CO2(scaled)=0.00059 CO2_weight=1.00 guide_w=25.3 Walls=0.00028(x10) g_ns/g_walls=2.47 Windows=0.00044 Doors=0.00012 IC=0.00000 CO2_BC=0.00006 LR=1.72e-04 nu=0.01 NSraw=0.02886 alpha(W1/W8/all)=0.59/0.39/0.48 | 0.86 it/s
[Iter 33430/50000] Total=0.03846 | NS=0.03374 CO2(scaled)=0.00072 CO2_weight=1.00 guide_w=25.3 Walls=0.00031(x10) g_ns/g_walls=2.47 Windows=0.00068 Doors=0.00011 IC=0.00000 CO2_BC=0.00007 LR=1.72e-04 nu=0.01 NSraw=0.06991 alpha(W1/W8/all)=0.59/0.39/0.48 | 0.86 it/s
[Iter 33440/50000] Total=0.05995 | NS=0.05353 CO2(scaled)=0.00062 CO2_weight=1.00 guide_w=25.3 Walls=0.00049(x10) g_ns/g_walls=2.47 Windows=0.00072 Doors=0.00014 IC=0.00000 CO2_BC=0.00006 LR=1.72e-04 nu=0.01 NSraw=0.2668 alpha(W1/W8/all)=0.59/0.39/0.48 | 0.86 it/s
[Iter 33450/50000] Total=0.17915 | NS=0.16905 CO2(scaled)=0.00058 CO2_weight=1.00 guide_w=25.3 Walls=0.00082(x10) g_ns/g_walls=2.47 Windows=0.00105 Doors=0.00016 IC=0.00000 CO2_BC=0.00008 LR=1.72e-04 nu=0.01 NSraw=4.204 alpha(W1/W8/all)=0.59/0.39/0.48 | 0.86 it/s
[Iter 33460/50000] Total=0.04848 | NS=0.04116 CO2(scaled)=0.00062 CO2_weight=1.00 guide_w=25.3 Walls=0.00057(x10) g_ns/g_walls=2.47 Windows=0.00075 Doors=0.00013 IC=0.00000 CO2_BC=0.00006 LR=1.72e-04 nu=0.01 NSraw=0.09273 alpha(W1/W8/all)=0.59/0.39/0.48 | 0.86 it/s
[Iter 33470/50000] Total=0.32988 | NS=0.32459 CO2(scaled)=0.00108 CO2_weight=1.00 guide_w=25.3 Walls=0.00035(x10) g_ns/g_walls=2.47 Windows=0.00053 Doors=0.00010 IC=0.00000 CO2_BC=0.00005 LR=1.71e-04 nu=0.01 NSraw=18.27 alpha(W1/W8/all)=0.59/0.39/0.48 | 0.86 it/s
[Iter 33480/50000] Total=0.02971 | NS=0.02261 CO2(scaled)=0.00057 CO2_weight=1.00 guide_w=25.3 Walls=0.00057(x10) g_ns/g_walls=2.47 Windows=0.00063 Doors=0.00017 IC=0.00000 CO2_BC=0.00006 LR=1.71e-04 nu=0.01 NSraw=0.0398 alpha(W1/W8/all)=0.59/0.39/0.48 | 0.86 it/s
[Iter 33490/50000] Total=0.18886 | NS=0.18290 CO2(scaled)=0.00090 CO2_weight=1.00 guide_w=25.3 Walls=0.00041(x10) g_ns/g_walls=2.47 Windows=0.00078 Doors=0.00013 IC=0.00000 CO2_BC=0.00008 LR=1.71e-04 nu=0.01 NSraw=4.684 alpha(W1/W8/all)=0.59/0.39/0.48 | 0.86 it/s
[Iter 33500/50000] Total=0.01488 | NS=0.01074 CO2(scaled)=0.00053 CO2_weight=1.00 guide_w=2.63 Walls=0.00028(x10) g_ns/g_walls=0.323 Windows=0.00062 Doors=0.00010 IC=0.00000 CO2_BC=0.00007 LR=1.71e-04 nu=0.01 NSraw=0.01434 alpha(W1/W8/all)=0.59/0.39/0.48 | 0.86 it/s
[Iter 33510/50000] Total=0.08674 | NS=0.08337 CO2(scaled)=0.00071 CO2_weight=1.00 guide_w=2.63 Walls=0.00020(x10) g_ns/g_walls=0.323 Windows=0.00051 Doors=0.00009 IC=0.00000 CO2_BC=0.00005 LR=1.71e-04 nu=0.01 NSraw=1.373 alpha(W1/W8/all)=0.59/0.39/0.48 | 0.86 it/s
[Iter 33520/50000] Total=0.03683 | NS=0.03240 CO2(scaled)=0.00081 CO2_weight=1.00 guide_w=2.63 Walls=0.00028(x10) g_ns/g_walls=0.323 Windows=0.00069 Doors=0.00010 IC=0.00000 CO2_BC=0.00005 LR=1.71e-04 nu=0.01 NSraw=0.08128 alpha(W1/W8/all)=0.59/0.39/0.48 | 0.86 it/s
[Iter 33530/50000] Total=0.13786 | NS=0.13162 CO2(scaled)=0.00093 CO2_weight=1.00 guide_w=2.63 Walls=0.00044(x10) g_ns/g_walls=0.323 Windows=0.00074 Doors=0.00012 IC=0.00000 CO2_BC=0.00006 LR=1.71e-04 nu=0.01 NSraw=1.035 alpha(W1/W8/all)=0.59/0.39/0.48 | 0.86 it/s
[Iter 33540/50000] Total=0.02444 | NS=0.01899 CO2(scaled)=0.00091 CO2_weight=1.00 guide_w=2.63 Walls=0.00038(x10) g_ns/g_walls=0.323 Windows=0.00063 Doors=0.00008 IC=0.00000 CO2_BC=0.00006 LR=1.71e-04 nu=0.01 NSraw=0.02814 alpha(W1/W8/all)=0.59/0.39/0.48 | 0.86 it/s
[Iter 33550/50000] Total=0.04018 | NS=0.03271 CO2(scaled)=0.00068 CO2_weight=1.00 guide_w=2.63 Walls=0.00058(x10) g_ns/g_walls=0.323 Windows=0.00087 Doors=0.00007 IC=0.00000 CO2_BC=0.00006 LR=1.71e-04 nu=0.01 NSraw=0.1007 alpha(W1/W8/all)=0.59/0.39/0.48 | 0.86 it/s
[Iter 33560/50000] Total=0.02803 | NS=0.02429 CO2(scaled)=0.00046 CO2_weight=1.00 guide_w=2.63 Walls=0.00026(x10) g_ns/g_walls=0.323 Windows=0.00053 Doors=0.00009 IC=0.00000 CO2_BC=0.00007 LR=1.71e-04 nu=0.01 NSraw=0.03787 alpha(W1/W8/all)=0.59/0.39/0.48 | 0.86 it/s
[Iter 33570/50000] Total=0.08878 | NS=0.08464 CO2(scaled)=0.00065 CO2_weight=1.00 guide_w=2.63 Walls=0.00027(x10) g_ns/g_walls=0.323 Windows=0.00056 Doors=0.00015 IC=0.00000 CO2_BC=0.00008 LR=1.71e-04 nu=0.01 NSraw=0.4076 alpha(W1/W8/all)=0.59/0.39/0.48 | 0.86 it/s
[Iter 33580/50000] Total=0.06293 | NS=0.04358 CO2(scaled)=0.00299 CO2_weight=1.00 guide_w=2.63 Walls=0.00148(x10) g_ns/g_walls=0.323 Windows=0.00143 Doors=0.00012 IC=0.00000 CO2_BC=0.00005 LR=1.71e-04 nu=0.01 NSraw=0.1618 alpha(W1/W8/all)=0.59/0.39/0.48 | 0.86 it/s
[Iter 33590/50000] Total=0.14875 | NS=0.14054 CO2(scaled)=0.00125 CO2_weight=1.00 guide_w=2.63 Walls=0.00060(x10) g_ns/g_walls=0.323 Windows=0.00085 Doors=0.00008 IC=0.00000 CO2_BC=0.00006 LR=1.70e-04 nu=0.01 NSraw=4.263 alpha(W1/W8/all)=0.59/0.39/0.48 | 0.86 it/s
[Iter 33600/50000] Total=0.06058 | NS=0.05440 CO2(scaled)=0.00108 CO2_weight=1.00 guide_w=0.651 Walls=0.00040(x10) g_ns/g_walls=0.237 Windows=0.00091 Doors=0.00013 IC=0.00000 CO2_BC=0.00007 LR=1.70e-04 nu=0.01 NSraw=0.197 alpha(W1/W8/all)=0.59/0.39/0.48 | 0.86 it/s
[Iter 33610/50000] Total=0.08765 | NS=0.07510 CO2(scaled)=0.00133 CO2_weight=1.00 guide_w=0.651 Walls=0.00104(x10) g_ns/g_walls=0.237 Windows=0.00066 Doors=0.00014 IC=0.00000 CO2_BC=0.00006 LR=1.70e-04 nu=0.01 NSraw=0.331 alpha(W1/W8/all)=0.59/0.39/0.48 | 0.86 it/s
[Iter 33620/50000] Total=0.06278 | NS=0.05927 CO2(scaled)=0.00064 CO2_weight=1.00 guide_w=0.651 Walls=0.00022(x10) g_ns/g_walls=0.237 Windows=0.00044 Doors=0.00014 IC=0.00000 CO2_BC=0.00006 LR=1.70e-04 nu=0.01 NSraw=0.3336 alpha(W1/W8/all)=0.59/0.39/0.48 | 0.86 it/s
[Iter 33630/50000] Total=0.03677 | NS=0.03212 CO2(scaled)=0.00059 CO2_weight=1.00 guide_w=0.651 Walls=0.00032(x10) g_ns/g_walls=0.237 Windows=0.00066 Doors=0.00012 IC=0.00000 CO2_BC=0.00006 LR=1.70e-04 nu=0.01 NSraw=0.1123 alpha(W1/W8/all)=0.59/0.39/0.48 | 0.86 it/s
[Iter 33640/50000] Total=0.03481 | NS=0.02271 CO2(scaled)=0.00111 CO2_weight=1.00 guide_w=0.651 Walls=0.00096(x10) g_ns/g_walls=0.237 Windows=0.00117 Doors=0.00012 IC=0.00000 CO2_BC=0.00006 LR=1.70e-04 nu=0.01 NSraw=0.05812 alpha(W1/W8/all)=0.59/0.39/0.48 | 0.86 it/s
[Iter 33650/50000] Total=0.34291 | NS=0.33857 CO2(scaled)=0.00083 CO2_weight=1.00 guide_w=0.651 Walls=0.00027(x10) g_ns/g_walls=0.237 Windows=0.00062 Doors=0.00012 IC=0.00000 CO2_BC=0.00007 LR=1.70e-04 nu=0.01 NSraw=24.77 alpha(W1/W8/all)=0.59/0.39/0.48 | 0.86 it/s
[Iter 33660/50000] Total=0.06412 | NS=0.05983 CO2(scaled)=0.00061 CO2_weight=1.00 guide_w=0.651 Walls=0.00029(x10) g_ns/g_walls=0.237 Windows=0.00058 Doors=0.00009 IC=0.00000 CO2_BC=0.00007 LR=1.70e-04 nu=0.01 NSraw=0.1794 alpha(W1/W8/all)=0.59/0.39/0.48 | 0.86 it/s
[Iter 33670/50000] Total=0.11940 | NS=0.11657 CO2(scaled)=0.00063 CO2_weight=1.00 guide_w=0.651 Walls=0.00015(x10) g_ns/g_walls=0.237 Windows=0.00049 Doors=0.00010 IC=0.00000 CO2_BC=0.00006 LR=1.70e-04 nu=0.01 NSraw=0.6871 alpha(W1/W8/all)=0.59/0.39/0.48 | 0.86 it/s
[Iter 33680/50000] Total=0.08248 | NS=0.07906 CO2(scaled)=0.00074 CO2_weight=1.00 guide_w=0.651 Walls=0.00019(x10) g_ns/g_walls=0.237 Windows=0.00056 Doors=0.00012 IC=0.00000 CO2_BC=0.00005 LR=1.70e-04 nu=0.01 NSraw=0.4693 alpha(W1/W8/all)=0.59/0.39/0.48 | 0.86 it/s
[Iter 33690/50000] Total=0.08622 | NS=0.08250 CO2(scaled)=0.00065 CO2_weight=1.00 guide_w=0.651 Walls=0.00024(x10) g_ns/g_walls=0.237 Windows=0.00051 Doors=0.00007 IC=0.00000 CO2_BC=0.00005 LR=1.70e-04 nu=0.01 NSraw=0.339 alpha(W1/W8/all)=0.59/0.39/0.48 | 0.86 it/s
[Iter 33700/50000] Total=0.05001 | NS=0.04507 CO2(scaled)=0.00080 CO2_weight=1.00 guide_w=2.79 Walls=0.00035(x10) g_ns/g_walls=0.436 Windows=0.00048 Doors=0.00008 IC=0.00000 CO2_BC=0.00006 LR=1.69e-04 nu=0.01 NSraw=0.1741 alpha(W1/W8/all)=0.59/0.39/0.48 | 0.86 it/s
[Iter 33710/50000] Total=0.07768 | NS=0.07349 CO2(scaled)=0.00092 CO2_weight=1.00 guide_w=2.79 Walls=0.00025(x10) g_ns/g_walls=0.436 Windows=0.00062 Doors=0.00009 IC=0.00000 CO2_BC=0.00006 LR=1.69e-04 nu=0.01 NSraw=0.4494 alpha(W1/W8/all)=0.59/0.39/0.48 | 0.86 it/s
[Iter 33720/50000] Total=0.05849 | NS=0.05388 CO2(scaled)=0.00073 CO2_weight=1.00 guide_w=2.79 Walls=0.00032(x10) g_ns/g_walls=0.436 Windows=0.00053 Doors=0.00008 IC=0.00000 CO2_BC=0.00006 LR=1.69e-04 nu=0.01 NSraw=0.2087 alpha(W1/W8/all)=0.59/0.39/0.48 | 0.86 it/s
[Iter 33730/50000] Total=0.05839 | NS=0.05437 CO2(scaled)=0.00066 CO2_weight=1.00 guide_w=2.79 Walls=0.00026(x10) g_ns/g_walls=0.436 Windows=0.00061 Doors=0.00010 IC=0.00000 CO2_BC=0.00006 LR=1.69e-04 nu=0.01 NSraw=0.1969 alpha(W1/W8/all)=0.59/0.39/0.48 | 0.86 it/s
[Iter 33740/50000] Total=0.04875 | NS=0.04411 CO2(scaled)=0.00072 CO2_weight=1.00 guide_w=2.79 Walls=0.00031(x10) g_ns/g_walls=0.436 Windows=0.00065 Doors=0.00008 IC=0.00000 CO2_BC=0.00008 LR=1.69e-04 nu=0.01 NSraw=0.1287 alpha(W1/W8/all)=0.59/0.39/0.48 | 0.86 it/s
[Iter 33750/50000] Total=0.04402 | NS=0.03944 CO2(scaled)=0.00051 CO2_weight=1.00 guide_w=2.79 Walls=0.00034(x10) g_ns/g_walls=0.436 Windows=0.00051 Doors=0.00007 IC=0.00000 CO2_BC=0.00005 LR=1.69e-04 nu=0.01 NSraw=0.0951 alpha(W1/W8/all)=0.59/0.39/0.48 | 0.86 it/s
[Iter 33760/50000] Total=0.06243 | NS=0.05602 CO2(scaled)=0.00049 CO2_weight=1.00 guide_w=2.79 Walls=0.00050(x10) g_ns/g_walls=0.436 Windows=0.00085 Doors=0.00005 IC=0.00000 CO2_BC=0.00006 LR=1.69e-04 nu=0.01 NSraw=0.2209 alpha(W1/W8/all)=0.59/0.39/0.48 | 0.86 it/s
[Iter 33770/50000] Total=0.05635 | NS=0.05205 CO2(scaled)=0.00072 CO2_weight=1.00 guide_w=2.79 Walls=0.00029(x10) g_ns/g_walls=0.436 Windows=0.00052 Doors=0.00010 IC=0.00000 CO2_BC=0.00006 LR=1.69e-04 nu=0.01 NSraw=0.182 alpha(W1/W8/all)=0.59/0.39/0.48 | 0.86 it/s
[Iter 33780/50000] Total=0.04030 | NS=0.03597 CO2(scaled)=0.00075 CO2_weight=1.00 guide_w=2.79 Walls=0.00030(x10) g_ns/g_walls=0.436 Windows=0.00038 Doors=0.00014 IC=0.00000 CO2_BC=0.00007 LR=1.69e-04 nu=0.01 NSraw=0.1046 alpha(W1/W8/all)=0.59/0.39/0.48 | 0.86 it/s
[Iter 33790/50000] Total=0.27165 | NS=0.26825 CO2(scaled)=0.00085 CO2_weight=1.00 guide_w=2.79 Walls=0.00018(x10) g_ns/g_walls=0.436 Windows=0.00066 Doors=0.00007 IC=0.00000 CO2_BC=0.00006 LR=1.69e-04 nu=0.01 NSraw=8.273 alpha(W1/W8/all)=0.59/0.39/0.48 | 0.86 it/s
[Iter 33800/50000] Total=0.13455 | NS=0.11657 CO2(scaled)=0.00067 CO2_weight=1.00 guide_w=137 Walls=0.00167(x10) g_ns/g_walls=12.6 Windows=0.00049 Doors=0.00008 IC=0.00000 CO2_BC=0.00008 LR=1.69e-04 nu=0.01 NSraw=0.7101 alpha(W1/W8/all)=0.59/0.39/0.48 | 0.86 it/s
[Iter 33810/50000] Total=0.03208 | NS=0.02886 CO2(scaled)=0.00054 CO2_weight=1.00 guide_w=137 Walls=0.00020(x10) g_ns/g_walls=12.6 Windows=0.00055 Doors=0.00010 IC=0.00000 CO2_BC=0.00006 LR=1.68e-04 nu=0.01 NSraw=0.06179 alpha(W1/W8/all)=0.59/0.39/0.48 | 0.86 it/s
[Iter 33820/50000] Total=0.02522 | NS=0.01588 CO2(scaled)=0.00079 CO2_weight=1.00 guide_w=137 Walls=0.00075(x10) g_ns/g_walls=12.6 Windows=0.00087 Doors=0.00009 IC=0.00000 CO2_BC=0.00006 LR=1.68e-04 nu=0.01 NSraw=0.02116 alpha(W1/W8/all)=0.59/0.39/0.48 | 0.86 it/s
[Iter 33830/50000] Total=0.05032 | NS=0.04648 CO2(scaled)=0.00065 CO2_weight=1.00 guide_w=137 Walls=0.00024(x10) g_ns/g_walls=12.6 Windows=0.00067 Doors=0.00010 IC=0.00000 CO2_BC=0.00006 LR=1.68e-04 nu=0.01 NSraw=0.1735 alpha(W1/W8/all)=0.59/0.39/0.48 | 0.86 it/s
[Iter 33840/50000] Total=0.03798 | NS=0.03222 CO2(scaled)=0.00064 CO2_weight=1.00 guide_w=137 Walls=0.00043(x10) g_ns/g_walls=12.6 Windows=0.00071 Doors=0.00009 IC=0.00000 CO2_BC=0.00006 LR=1.68e-04 nu=0.01 NSraw=0.05266 alpha(W1/W8/all)=0.59/0.39/0.48 | 0.86 it/s
[Iter 33850/50000] Total=0.04650 | NS=0.04221 CO2(scaled)=0.00072 CO2_weight=1.00 guide_w=137 Walls=0.00029(x10) g_ns/g_walls=12.6 Windows=0.00054 Doors=0.00008 IC=0.00000 CO2_BC=0.00006 LR=1.68e-04 nu=0.01 NSraw=0.1566 alpha(W1/W8/all)=0.59/0.39/0.48 | 0.86 it/s
[Iter 33860/50000] Total=0.07287 | NS=0.06647 CO2(scaled)=0.00081 CO2_weight=1.00 guide_w=137 Walls=0.00048(x10) g_ns/g_walls=12.6 Windows=0.00063 Doors=0.00009 IC=0.00000 CO2_BC=0.00006 LR=1.68e-04 nu=0.01 NSraw=0.4821 alpha(W1/W8/all)=0.59/0.39/0.48 | 0.86 it/s
[Iter 33870/50000] Total=0.01847 | NS=0.01538 CO2(scaled)=0.00070 CO2_weight=1.00 guide_w=137 Walls=0.00016(x10) g_ns/g_walls=12.6 Windows=0.00057 Doors=0.00014 IC=0.00000 CO2_BC=0.00005 LR=1.68e-04 nu=0.01 NSraw=0.02197 alpha(W1/W8/all)=0.59/0.39/0.48 | 0.86 it/s
[Iter 33880/50000] Total=0.08542 | NS=0.07877 CO2(scaled)=0.00110 CO2_weight=1.00 guide_w=137 Walls=0.00047(x10) g_ns/g_walls=12.6 Windows=0.00065 Doors=0.00012 IC=0.00000 CO2_BC=0.00006 LR=1.68e-04 nu=0.01 NSraw=0.3468 alpha(W1/W8/all)=0.59/0.39/0.48 | 0.86 it/s
[Iter 33890/50000] Total=0.02790 | NS=0.02438 CO2(scaled)=0.00101 CO2_weight=1.00 guide_w=137 Walls=0.00018(x10) g_ns/g_walls=12.6 Windows=0.00051 Doors=0.00013 IC=0.00000 CO2_BC=0.00006 LR=1.68e-04 nu=0.01 NSraw=0.0495 alpha(W1/W8/all)=0.59/0.39/0.48 | 0.86 it/s
[Iter 33900/50000] Total=0.03107 | NS=0.02422 CO2(scaled)=0.00155 CO2_weight=1.00 guide_w=0.973 Walls=0.00044(x10) g_ns/g_walls=0.277 Windows=0.00072 Doors=0.00010 IC=0.00000 CO2_BC=0.00006 LR=1.68e-04 nu=0.01 NSraw=0.04164 alpha(W1/W8/all)=0.59/0.39/0.48 | 0.86 it/s
[Iter 33910/50000] Total=0.04754 | NS=0.03901 CO2(scaled)=0.00102 CO2_weight=1.00 guide_w=0.973 Walls=0.00064(x10) g_ns/g_walls=0.277 Windows=0.00089 Doors=0.00011 IC=0.00000 CO2_BC=0.00006 LR=1.68e-04 nu=0.01 NSraw=0.09687 alpha(W1/W8/all)=0.59/0.39/0.48 | 0.86 it/s
[Iter 33920/50000] Total=0.14839 | NS=0.13900 CO2(scaled)=0.00130 CO2_weight=1.00 guide_w=0.973 Walls=0.00069(x10) g_ns/g_walls=0.277 Windows=0.00099 Doors=0.00009 IC=0.00000 CO2_BC=0.00006 LR=1.67e-04 nu=0.01 NSraw=3.054 alpha(W1/W8/all)=0.59/0.39/0.48 | 0.86 it/s
[Iter 33930/50000] Total=0.03748 | NS=0.03364 CO2(scaled)=0.00068 CO2_weight=1.00 guide_w=0.973 Walls=0.00023(x10) g_ns/g_walls=0.277 Windows=0.00059 Doors=0.00014 IC=0.00000 CO2_BC=0.00007 LR=1.67e-04 nu=0.01 NSraw=0.07958 alpha(W1/W8/all)=0.59/0.39/0.48 | 0.86 it/s
[Iter 33940/50000] Total=0.04336 | NS=0.04066 CO2(scaled)=0.00057 CO2_weight=1.00 guide_w=0.973 Walls=0.00014(x10) g_ns/g_walls=0.277 Windows=0.00054 Doors=0.00013 IC=0.00000 CO2_BC=0.00006 LR=1.67e-04 nu=0.01 NSraw=0.125 alpha(W1/W8/all)=0.59/0.39/0.48 | 0.86 it/s
[Iter 33950/50000] Total=0.08081 | NS=0.07632 CO2(scaled)=0.00069 CO2_weight=1.00 guide_w=0.973 Walls=0.00027(x10) g_ns/g_walls=0.277 Windows=0.00091 Doors=0.00011 IC=0.00000 CO2_BC=0.00008 LR=1.67e-04 nu=0.01 NSraw=0.2913 alpha(W1/W8/all)=0.59/0.39/0.48 | 0.86 it/s
[Iter 33960/50000] Total=0.03255 | NS=0.02568 CO2(scaled)=0.00134 CO2_weight=1.00 guide_w=0.973 Walls=0.00046(x10) g_ns/g_walls=0.277 Windows=0.00083 Doors=0.00007 IC=0.00000 CO2_BC=0.00006 LR=1.67e-04 nu=0.01 NSraw=0.03616 alpha(W1/W8/all)=0.59/0.39/0.48 | 0.86 it/s
[Iter 33970/50000] Total=0.19449 | NS=0.18887 CO2(scaled)=0.00119 CO2_weight=1.00 guide_w=0.973 Walls=0.00036(x10) g_ns/g_walls=0.277 Windows=0.00066 Doors=0.00009 IC=0.00000 CO2_BC=0.00008 LR=1.67e-04 nu=0.01 NSraw=3.909 alpha(W1/W8/all)=0.59/0.39/0.48 | 0.86 it/s
[Iter 33980/50000] Total=0.10716 | NS=0.09188 CO2(scaled)=0.00066 CO2_weight=1.00 guide_w=0.973 Walls=0.00130(x10) g_ns/g_walls=0.277 Windows=0.00140 Doors=0.00010 IC=0.00000 CO2_BC=0.00006 LR=1.67e-04 nu=0.01 NSraw=0.6249 alpha(W1/W8/all)=0.59/0.39/0.48 | 0.86 it/s
[Iter 33990/50000] Total=0.05374 | NS=0.03742 CO2(scaled)=0.00065 CO2_weight=1.00 guide_w=0.973 Walls=0.00138(x10) g_ns/g_walls=0.277 Windows=0.00163 Doors=0.00013 IC=0.00000 CO2_BC=0.00006 LR=1.67e-04 nu=0.01 NSraw=0.09118 alpha(W1/W8/all)=0.59/0.39/0.48 | 0.86 it/s
[Iter 34000/50000] Total=0.16022 | NS=0.13015 CO2(scaled)=0.00081 CO2_weight=1.00 guide_w=34 Walls=0.00267(x10) g_ns/g_walls=1.87 Windows=0.00246 Doors=0.00008 IC=0.00000 CO2_BC=0.00006 LR=1.67e-04 nu=0.01 NSraw=1.287 alpha(W1/W8/all)=0.59/0.39/0.48 | 0.86 it/s
  -> saved checkpoint: /home/iai-labor/BuildingControlCFD/experiments/gnot/checkpoints/v24_fixedalpha_r50k/gnot_v24_fixedalpha_r50k_iter34000.pth
[Iter 34010/50000] Total=0.08951 | NS=0.07892 CO2(scaled)=0.00065 CO2_weight=1.00 guide_w=34 Walls=0.00084(x10) g_ns/g_walls=1.87 Windows=0.00134 Doors=0.00010 IC=0.00000 CO2_BC=0.00006 LR=1.67e-04 nu=0.01 NSraw=0.3679 alpha(W1/W8/all)=0.59/0.39/0.48 | 0.86 it/s
[Iter 34020/50000] Total=0.05980 | NS=0.04974 CO2(scaled)=0.00062 CO2_weight=1.00 guide_w=34 Walls=0.00082(x10) g_ns/g_walls=1.87 Windows=0.00112 Doors=0.00008 IC=0.00000 CO2_BC=0.00006 LR=1.67e-04 nu=0.01 NSraw=0.1963 alpha(W1/W8/all)=0.59/0.39/0.48 | 0.86 it/s
[Iter 34030/50000] Total=0.03676 | NS=0.02731 CO2(scaled)=0.00072 CO2_weight=1.00 guide_w=34 Walls=0.00072(x10) g_ns/g_walls=1.87 Windows=0.00131 Doors=0.00010 IC=0.00000 CO2_BC=0.00006 LR=1.67e-04 nu=0.01 NSraw=0.05239 alpha(W1/W8/all)=0.59/0.39/0.48 | 0.86 it/s
[Iter 34040/50000] Total=0.04808 | NS=0.04183 CO2(scaled)=0.00073 CO2_weight=1.00 guide_w=34 Walls=0.00046(x10) g_ns/g_walls=1.87 Windows=0.00072 Doors=0.00008 IC=0.00000 CO2_BC=0.00007 LR=1.66e-04 nu=0.01 NSraw=0.1162 alpha(W1/W8/all)=0.59/0.39/0.48 | 0.86 it/s
[Iter 34050/50000] Total=0.03134 | NS=0.02503 CO2(scaled)=0.00095 CO2_weight=1.00 guide_w=34 Walls=0.00042(x10) g_ns/g_walls=1.87 Windows=0.00095 Doors=0.00010 IC=0.00000 CO2_BC=0.00007 LR=1.66e-04 nu=0.01 NSraw=0.05899 alpha(W1/W8/all)=0.59/0.39/0.48 | 0.86 it/s
[Iter 34060/50000] Total=0.08176 | NS=0.07533 CO2(scaled)=0.00090 CO2_weight=1.00 guide_w=34 Walls=0.00048(x10) g_ns/g_walls=1.87 Windows=0.00063 Doors=0.00007 IC=0.00000 CO2_BC=0.00005 LR=1.66e-04 nu=0.01 NSraw=0.2924 alpha(W1/W8/all)=0.59/0.39/0.48 | 0.86 it/s
[Iter 34070/50000] Total=0.06383 | NS=0.05661 CO2(scaled)=0.00087 CO2_weight=1.00 guide_w=34 Walls=0.00053(x10) g_ns/g_walls=1.87 Windows=0.00086 Doors=0.00015 IC=0.00000 CO2_BC=0.00006 LR=1.66e-04 nu=0.01 NSraw=0.4496 alpha(W1/W8/all)=0.59/0.39/0.48 | 0.86 it/s
[Iter 34080/50000] Total=0.09479 | NS=0.08904 CO2(scaled)=0.00078 CO2_weight=1.00 guide_w=34 Walls=0.00042(x10) g_ns/g_walls=1.87 Windows=0.00057 Doors=0.00011 IC=0.00000 CO2_BC=0.00006 LR=1.66e-04 nu=0.01 NSraw=0.568 alpha(W1/W8/all)=0.59/0.39/0.48 | 0.86 it/s
[Iter 34090/50000] Total=0.03118 | NS=0.02719 CO2(scaled)=0.00087 CO2_weight=1.00 guide_w=34 Walls=0.00025(x10) g_ns/g_walls=1.87 Windows=0.00048 Doors=0.00010 IC=0.00000 CO2_BC=0.00007 LR=1.66e-04 nu=0.01 NSraw=0.06797 alpha(W1/W8/all)=0.59/0.39/0.48 | 0.86 it/s
[Iter 34100/50000] Total=0.03219 | NS=0.02817 CO2(scaled)=0.00071 CO2_weight=1.00 guide_w=2.65 Walls=0.00026(x10) g_ns/g_walls=0.513 Windows=0.00057 Doors=0.00014 IC=0.00000 CO2_BC=0.00005 LR=1.66e-04 nu=0.01 NSraw=0.07575 alpha(W1/W8/all)=0.59/0.39/0.48 | 0.86 it/s
[Iter 34110/50000] Total=0.09336 | NS=0.08871 CO2(scaled)=0.00084 CO2_weight=1.00 guide_w=2.65 Walls=0.00029(x10) g_ns/g_walls=0.513 Windows=0.00070 Doors=0.00011 IC=0.00000 CO2_BC=0.00007 LR=1.66e-04 nu=0.01 NSraw=1.228 alpha(W1/W8/all)=0.59/0.39/0.48 | 0.86 it/s
[Iter 34120/50000] Total=0.01614 | NS=0.01218 CO2(scaled)=0.00077 CO2_weight=1.00 guide_w=2.65 Walls=0.00024(x10) g_ns/g_walls=0.513 Windows=0.00056 Doors=0.00014 IC=0.00000 CO2_BC=0.00006 LR=1.66e-04 nu=0.01 NSraw=0.0145 alpha(W1/W8/all)=0.59/0.39/0.48 | 0.86 it/s
[Iter 34130/50000] Total=0.06216 | NS=0.05936 CO2(scaled)=0.00058 CO2_weight=1.00 guide_w=2.65 Walls=0.00014(x10) g_ns/g_walls=0.513 Windows=0.00067 Doors=0.00009 IC=0.00000 CO2_BC=0.00006 LR=1.66e-04 nu=0.01 NSraw=0.1992 alpha(W1/W8/all)=0.59/0.39/0.48 | 0.86 it/s
[Iter 34140/50000] Total=0.08584 | NS=0.07952 CO2(scaled)=0.00066 CO2_weight=1.00 guide_w=2.65 Walls=0.00046(x10) g_ns/g_walls=0.513 Windows=0.00089 Doors=0.00011 IC=0.00000 CO2_BC=0.00006 LR=1.66e-04 nu=0.01 NSraw=0.399 alpha(W1/W8/all)=0.59/0.39/0.48 | 0.86 it/s
[Iter 34150/50000] Total=0.04964 | NS=0.04512 CO2(scaled)=0.00088 CO2_weight=1.00 guide_w=2.65 Walls=0.00029(x10) g_ns/g_walls=0.513 Windows=0.00055 Doors=0.00011 IC=0.00000 CO2_BC=0.00006 LR=1.65e-04 nu=0.01 NSraw=0.2425 alpha(W1/W8/all)=0.59/0.39/0.48 | 0.86 it/s
[Iter 34160/50000] Total=0.04354 | NS=0.03949 CO2(scaled)=0.00074 CO2_weight=1.00 guide_w=2.65 Walls=0.00026(x10) g_ns/g_walls=0.513 Windows=0.00047 Doors=0.00018 IC=0.00000 CO2_BC=0.00006 LR=1.65e-04 nu=0.01 NSraw=0.1173 alpha(W1/W8/all)=0.59/0.39/0.48 | 0.86 it/s
[Iter 34170/50000] Total=0.05059 | NS=0.04545 CO2(scaled)=0.00059 CO2_weight=1.00 guide_w=2.65 Walls=0.00037(x10) g_ns/g_walls=0.513 Windows=0.00064 Doors=0.00014 IC=0.00000 CO2_BC=0.00005 LR=1.65e-04 nu=0.01 NSraw=0.2501 alpha(W1/W8/all)=0.59/0.39/0.48 | 0.86 it/s
[Iter 34180/50000] Total=0.35301 | NS=0.34915 CO2(scaled)=0.00075 CO2_weight=1.00 guide_w=2.65 Walls=0.00024(x10) g_ns/g_walls=0.513 Windows=0.00047 Doors=0.00014 IC=0.00000 CO2_BC=0.00007 LR=1.65e-04 nu=0.01 NSraw=13.11 alpha(W1/W8/all)=0.59/0.39/0.48 | 0.86 it/s
[Iter 34190/50000] Total=0.08815 | NS=0.07428 CO2(scaled)=0.00057 CO2_weight=1.00 guide_w=2.65 Walls=0.00119(x10) g_ns/g_walls=0.513 Windows=0.00122 Doors=0.00016 IC=0.00000 CO2_BC=0.00006 LR=1.65e-04 nu=0.01 NSraw=0.4464 alpha(W1/W8/all)=0.59/0.39/0.48 | 0.86 it/s
[Iter 34200/50000] Total=0.06386 | NS=0.05516 CO2(scaled)=0.00056 CO2_weight=1.00 guide_w=9.79 Walls=0.00068(x10) g_ns/g_walls=0.224 Windows=0.00121 Doors=0.00012 IC=0.00000 CO2_BC=0.00006 LR=1.65e-04 nu=0.01 NSraw=0.2958 alpha(W1/W8/all)=0.59/0.39/0.48 | 0.86 it/s
[Iter 34210/50000] Total=0.02961 | NS=0.01778 CO2(scaled)=0.00105 CO2_weight=1.00 guide_w=9.79 Walls=0.00090(x10) g_ns/g_walls=0.224 Windows=0.00164 Doors=0.00008 IC=0.00000 CO2_BC=0.00006 LR=1.65e-04 nu=0.01 NSraw=0.02877 alpha(W1/W8/all)=0.59/0.39/0.48 | 0.86 it/s
[Iter 34220/50000] Total=0.07099 | NS=0.06069 CO2(scaled)=0.00084 CO2_weight=1.00 guide_w=9.79 Walls=0.00080(x10) g_ns/g_walls=0.224 Windows=0.00129 Doors=0.00010 IC=0.00000 CO2_BC=0.00007 LR=1.65e-04 nu=0.01 NSraw=0.2515 alpha(W1/W8/all)=0.59/0.39/0.48 | 0.86 it/s
[Iter 34230/50000] Total=0.05793 | NS=0.05440 CO2(scaled)=0.00075 CO2_weight=1.00 guide_w=9.79 Walls=0.00021(x10) g_ns/g_walls=0.224 Windows=0.00049 Doors=0.00012 IC=0.00000 CO2_BC=0.00007 LR=1.65e-04 nu=0.01 NSraw=0.2394 alpha(W1/W8/all)=0.59/0.39/0.48 | 0.86 it/s
[Iter 34240/50000] Total=0.03947 | NS=0.03486 CO2(scaled)=0.00077 CO2_weight=1.00 guide_w=9.79 Walls=0.00032(x10) g_ns/g_walls=0.224 Windows=0.00045 Doors=0.00012 IC=0.00000 CO2_BC=0.00008 LR=1.65e-04 nu=0.01 NSraw=0.0758 alpha(W1/W8/all)=0.59/0.39/0.48 | 0.86 it/s
[Iter 34250/50000] Total=0.24252 | NS=0.23745 CO2(scaled)=0.00087 CO2_weight=1.00 guide_w=9.79 Walls=0.00035(x10) g_ns/g_walls=0.224 Windows=0.00053 Doors=0.00008 IC=0.00000 CO2_BC=0.00006 LR=1.65e-04 nu=0.01 NSraw=4.406 alpha(W1/W8/all)=0.59/0.39/0.48 | 0.86 it/s
[Iter 34260/50000] Total=0.02022 | NS=0.01435 CO2(scaled)=0.00112 CO2_weight=1.00 guide_w=9.79 Walls=0.00040(x10) g_ns/g_walls=0.224 Windows=0.00054 Doors=0.00011 IC=0.00000 CO2_BC=0.00006 LR=1.65e-04 nu=0.01 NSraw=0.01994 alpha(W1/W8/all)=0.59/0.39/0.48 | 0.86 it/s
[Iter 34270/50000] Total=0.08641 | NS=0.08363 CO2(scaled)=0.00060 CO2_weight=1.00 guide_w=9.79 Walls=0.00016(x10) g_ns/g_walls=0.224 Windows=0.00047 Doors=0.00009 IC=0.00000 CO2_BC=0.00006 LR=1.64e-04 nu=0.01 NSraw=0.5328 alpha(W1/W8/all)=0.59/0.39/0.48 | 0.86 it/s
[Iter 34280/50000] Total=0.05469 | NS=0.04196 CO2(scaled)=0.00094 CO2_weight=1.00 guide_w=9.79 Walls=0.00104(x10) g_ns/g_walls=0.224 Windows=0.00126 Doors=0.00010 IC=0.00000 CO2_BC=0.00006 LR=1.64e-04 nu=0.01 NSraw=0.1389 alpha(W1/W8/all)=0.59/0.39/0.48 | 0.86 it/s
[Iter 34290/50000] Total=0.03983 | NS=0.03413 CO2(scaled)=0.00070 CO2_weight=1.00 guide_w=9.79 Walls=0.00042(x10) g_ns/g_walls=0.224 Windows=0.00068 Doors=0.00007 IC=0.00000 CO2_BC=0.00006 LR=1.64e-04 nu=0.01 NSraw=0.1337 alpha(W1/W8/all)=0.59/0.39/0.48 | 0.86 it/s
[Iter 34300/50000] Total=0.05353 | NS=0.04203 CO2(scaled)=0.00059 CO2_weight=1.00 guide_w=3.27 Walls=0.00097(x10) g_ns/g_walls=0.203 Windows=0.00101 Doors=0.00009 IC=0.00000 CO2_BC=0.00006 LR=1.64e-04 nu=0.01 NSraw=0.122 alpha(W1/W8/all)=0.59/0.39/0.48 | 0.86 it/s
[Iter 34310/50000] Total=0.01698 | NS=0.01351 CO2(scaled)=0.00058 CO2_weight=1.00 guide_w=3.27 Walls=0.00023(x10) g_ns/g_walls=0.203 Windows=0.00048 Doors=0.00006 IC=0.00000 CO2_BC=0.00007 LR=1.64e-04 nu=0.01 NSraw=0.02226 alpha(W1/W8/all)=0.59/0.39/0.48 | 0.86 it/s
[Iter 34320/50000] Total=0.32577 | NS=0.32266 CO2(scaled)=0.00052 CO2_weight=1.00 guide_w=3.27 Walls=0.00019(x10) g_ns/g_walls=0.203 Windows=0.00058 Doors=0.00008 IC=0.00000 CO2_BC=0.00007 LR=1.64e-04 nu=0.01 NSraw=11.83 alpha(W1/W8/all)=0.59/0.39/0.48 | 0.86 it/s
[Iter 34330/50000] Total=0.02055 | NS=0.01749 CO2(scaled)=0.00061 CO2_weight=1.00 guide_w=3.27 Walls=0.00019(x10) g_ns/g_walls=0.203 Windows=0.00041 Doors=0.00009 IC=0.00000 CO2_BC=0.00007 LR=1.64e-04 nu=0.01 NSraw=0.02136 alpha(W1/W8/all)=0.59/0.39/0.48 | 0.86 it/s
[Iter 34340/50000] Total=0.01869 | NS=0.01385 CO2(scaled)=0.00057 CO2_weight=1.00 guide_w=3.27 Walls=0.00035(x10) g_ns/g_walls=0.203 Windows=0.00060 Doors=0.00006 IC=0.00000 CO2_BC=0.00007 LR=1.64e-04 nu=0.01 NSraw=0.01681 alpha(W1/W8/all)=0.59/0.39/0.48 | 0.86 it/s
[Iter 34350/50000] Total=0.07137 | NS=0.06819 CO2(scaled)=0.00059 CO2_weight=1.00 guide_w=3.27 Walls=0.00018(x10) g_ns/g_walls=0.203 Windows=0.00058 Doors=0.00010 IC=0.00000 CO2_BC=0.00008 LR=1.64e-04 nu=0.01 NSraw=0.6448 alpha(W1/W8/all)=0.59/0.39/0.48 | 0.86 it/s
[Iter 34360/50000] Total=0.09207 | NS=0.08814 CO2(scaled)=0.00059 CO2_weight=1.00 guide_w=3.27 Walls=0.00026(x10) g_ns/g_walls=0.203 Windows=0.00060 Doors=0.00011 IC=0.00000 CO2_BC=0.00005 LR=1.64e-04 nu=0.01 NSraw=0.7396 alpha(W1/W8/all)=0.59/0.39/0.48 | 0.86 it/s
[Iter 34370/50000] Total=0.05483 | NS=0.05053 CO2(scaled)=0.00062 CO2_weight=1.00 guide_w=3.27 Walls=0.00028(x10) g_ns/g_walls=0.203 Windows=0.00073 Doors=0.00010 IC=0.00000 CO2_BC=0.00007 LR=1.64e-04 nu=0.01 NSraw=0.1211 alpha(W1/W8/all)=0.59/0.39/0.48 | 0.86 it/s
[Iter 34380/50000] Total=0.03103 | NS=0.02647 CO2(scaled)=0.00051 CO2_weight=1.00 guide_w=3.27 Walls=0.00034(x10) g_ns/g_walls=0.203 Windows=0.00047 Doors=0.00010 IC=0.00000 CO2_BC=0.00005 LR=1.63e-04 nu=0.01 NSraw=0.04797 alpha(W1/W8/all)=0.59/0.39/0.48 | 0.86 it/s
[Iter 34390/50000] Total=0.03017 | NS=0.02443 CO2(scaled)=0.00068 CO2_weight=1.00 guide_w=3.27 Walls=0.00039(x10) g_ns/g_walls=0.203 Windows=0.00100 Doors=0.00012 IC=0.00000 CO2_BC=0.00005 LR=1.63e-04 nu=0.01 NSraw=0.03663 alpha(W1/W8/all)=0.59/0.39/0.48 | 0.86 it/s
[Iter 34400/50000] Total=0.14366 | NS=0.14034 CO2(scaled)=0.00060 CO2_weight=1.00 guide_w=23.4 Walls=0.00020(x10) g_ns/g_walls=4.7 Windows=0.00052 Doors=0.00011 IC=0.00000 CO2_BC=0.00007 LR=1.63e-04 nu=0.01 NSraw=2.188 alpha(W1/W8/all)=0.59/0.39/0.48 | 0.86 it/s
[Iter 34410/50000] Total=0.03559 | NS=0.03191 CO2(scaled)=0.00053 CO2_weight=1.00 guide_w=23.4 Walls=0.00024(x10) g_ns/g_walls=4.7 Windows=0.00063 Doors=0.00006 IC=0.00000 CO2_BC=0.00007 LR=1.63e-04 nu=0.01 NSraw=0.1173 alpha(W1/W8/all)=0.59/0.39/0.48 | 0.86 it/s
[Iter 34420/50000] Total=0.06438 | NS=0.06119 CO2(scaled)=0.00063 CO2_weight=1.00 guide_w=23.4 Walls=0.00019(x10) g_ns/g_walls=4.7 Windows=0.00051 Doors=0.00007 IC=0.00000 CO2_BC=0.00007 LR=1.63e-04 nu=0.01 NSraw=0.2453 alpha(W1/W8/all)=0.59/0.39/0.48 | 0.86 it/s
[Iter 34430/50000] Total=0.09297 | NS=0.08971 CO2(scaled)=0.00076 CO2_weight=1.00 guide_w=23.4 Walls=0.00019(x10) g_ns/g_walls=4.7 Windows=0.00046 Doors=0.00007 IC=0.00000 CO2_BC=0.00005 LR=1.63e-04 nu=0.01 NSraw=0.3913 alpha(W1/W8/all)=0.59/0.39/0.48 | 0.86 it/s
[Iter 34440/50000] Total=0.05752 | NS=0.05385 CO2(scaled)=0.00060 CO2_weight=1.00 guide_w=23.4 Walls=0.00024(x10) g_ns/g_walls=4.7 Windows=0.00049 Doors=0.00012 IC=0.00000 CO2_BC=0.00005 LR=1.63e-04 nu=0.01 NSraw=0.1781 alpha(W1/W8/all)=0.59/0.39/0.48 | 0.86 it/s
[Iter 34450/50000] Total=0.03313 | NS=0.02937 CO2(scaled)=0.00069 CO2_weight=1.00 guide_w=23.4 Walls=0.00023(x10) g_ns/g_walls=4.7 Windows=0.00056 Doors=0.00012 IC=0.00000 CO2_BC=0.00006 LR=1.63e-04 nu=0.01 NSraw=0.1 alpha(W1/W8/all)=0.59/0.39/0.48 | 0.86 it/s
[Iter 34460/50000] Total=0.04787 | NS=0.04411 CO2(scaled)=0.00078 CO2_weight=1.00 guide_w=23.4 Walls=0.00023(x10) g_ns/g_walls=4.7 Windows=0.00057 Doors=0.00009 IC=0.00000 CO2_BC=0.00007 LR=1.63e-04 nu=0.01 NSraw=0.1747 alpha(W1/W8/all)=0.59/0.39/0.48 | 0.86 it/s
[Iter 34470/50000] Total=0.42264 | NS=0.41008 CO2(scaled)=0.00073 CO2_weight=1.00 guide_w=23.4 Walls=0.00104(x10) g_ns/g_walls=4.7 Windows=0.00126 Doors=0.00013 IC=0.00000 CO2_BC=0.00006 LR=1.63e-04 nu=0.01 NSraw=25.27 alpha(W1/W8/all)=0.59/0.39/0.48 | 0.86 it/s
[Iter 34480/50000] Total=0.03316 | NS=0.02489 CO2(scaled)=0.00065 CO2_weight=1.00 guide_w=23.4 Walls=0.00066(x10) g_ns/g_walls=4.7 Windows=0.00084 Doors=0.00013 IC=0.00000 CO2_BC=0.00006 LR=1.63e-04 nu=0.01 NSraw=0.05591 alpha(W1/W8/all)=0.59/0.39/0.48 | 0.86 it/s
[Iter 34490/50000] Total=0.04669 | NS=0.04174 CO2(scaled)=0.00068 CO2_weight=1.00 guide_w=23.4 Walls=0.00034(x10) g_ns/g_walls=4.7 Windows=0.00066 Doors=0.00016 IC=0.00000 CO2_BC=0.00005 LR=1.63e-04 nu=0.01 NSraw=0.1369 alpha(W1/W8/all)=0.59/0.39/0.48 | 0.86 it/s
[Iter 34500/50000] Total=0.17458 | NS=0.17138 CO2(scaled)=0.00080 CO2_weight=1.00 guide_w=62.1 Walls=0.00018(x10) g_ns/g_walls=25.6 Windows=0.00043 Doors=0.00009 IC=0.00000 CO2_BC=0.00006 LR=1.62e-04 nu=0.01 NSraw=4.09 alpha(W1/W8/all)=0.59/0.39/0.48 | 0.86 it/s
[Iter 34510/50000] Total=0.04379 | NS=0.03956 CO2(scaled)=0.00084 CO2_weight=1.00 guide_w=62.1 Walls=0.00026(x10) g_ns/g_walls=25.6 Windows=0.00061 Doors=0.00011 IC=0.00000 CO2_BC=0.00007 LR=1.62e-04 nu=0.01 NSraw=0.1086 alpha(W1/W8/all)=0.59/0.39/0.48 | 0.86 it/s
[Iter 34520/50000] Total=0.03950 | NS=0.03269 CO2(scaled)=0.00053 CO2_weight=1.00 guide_w=62.1 Walls=0.00054(x10) g_ns/g_walls=25.6 Windows=0.00076 Doors=0.00010 IC=0.00000 CO2_BC=0.00007 LR=1.62e-04 nu=0.01 NSraw=0.07661 alpha(W1/W8/all)=0.59/0.39/0.48 | 0.86 it/s
[Iter 34530/50000] Total=0.08882 | NS=0.08481 CO2(scaled)=0.00057 CO2_weight=1.00 guide_w=62.1 Walls=0.00027(x10) g_ns/g_walls=25.6 Windows=0.00054 Doors=0.00011 IC=0.00000 CO2_BC=0.00007 LR=1.62e-04 nu=0.01 NSraw=0.9173 alpha(W1/W8/all)=0.59/0.39/0.48 | 0.86 it/s
[Iter 34540/50000] Total=0.05490 | NS=0.04178 CO2(scaled)=0.00053 CO2_weight=1.00 guide_w=62.1 Walls=0.00111(x10) g_ns/g_walls=25.6 Windows=0.00135 Doors=0.00012 IC=0.00000 CO2_BC=0.00005 LR=1.62e-04 nu=0.01 NSraw=0.1136 alpha(W1/W8/all)=0.59/0.39/0.48 | 0.86 it/s
[Iter 34550/50000] Total=0.20915 | NS=0.20288 CO2(scaled)=0.00101 CO2_weight=1.00 guide_w=62.1 Walls=0.00043(x10) g_ns/g_walls=25.6 Windows=0.00080 Doors=0.00009 IC=0.00000 CO2_BC=0.00006 LR=1.62e-04 nu=0.01 NSraw=6.231 alpha(W1/W8/all)=0.59/0.39/0.48 | 0.86 it/s
[Iter 34560/50000] Total=0.13233 | NS=0.12697 CO2(scaled)=0.00072 CO2_weight=1.00 guide_w=62.1 Walls=0.00038(x10) g_ns/g_walls=25.6 Windows=0.00060 Doors=0.00014 IC=0.00000 CO2_BC=0.00007 LR=1.62e-04 nu=0.01 NSraw=1.9 alpha(W1/W8/all)=0.59/0.39/0.48 | 0.86 it/s
[Iter 34570/50000] Total=0.05438 | NS=0.04986 CO2(scaled)=0.00059 CO2_weight=1.00 guide_w=62.1 Walls=0.00030(x10) g_ns/g_walls=25.6 Windows=0.00071 Doors=0.00013 IC=0.00000 CO2_BC=0.00007 LR=1.62e-04 nu=0.01 NSraw=0.235 alpha(W1/W8/all)=0.59/0.39/0.48 | 0.86 it/s
[Iter 34580/50000] Total=0.04634 | NS=0.04339 CO2(scaled)=0.00057 CO2_weight=1.00 guide_w=62.1 Walls=0.00017(x10) g_ns/g_walls=25.6 Windows=0.00049 Doors=0.00014 IC=0.00000 CO2_BC=0.00007 LR=1.62e-04 nu=0.01 NSraw=0.2623 alpha(W1/W8/all)=0.59/0.39/0.48 | 0.86 it/s
[Iter 34590/50000] Total=0.02492 | NS=0.01988 CO2(scaled)=0.00078 CO2_weight=1.00 guide_w=62.1 Walls=0.00034(x10) g_ns/g_walls=25.6 Windows=0.00070 Doors=0.00014 IC=0.00000 CO2_BC=0.00006 LR=1.62e-04 nu=0.01 NSraw=0.03046 alpha(W1/W8/all)=0.59/0.39/0.48 | 0.86 it/s
[Iter 34600/50000] Total=0.05954 | NS=0.05496 CO2(scaled)=0.00070 CO2_weight=1.00 guide_w=15.4 Walls=0.00030(x10) g_ns/g_walls=2.46 Windows=0.00071 Doors=0.00014 IC=0.00000 CO2_BC=0.00005 LR=1.62e-04 nu=0.01 NSraw=0.1836 alpha(W1/W8/all)=0.59/0.39/0.48 | 0.86 it/s
[Iter 34610/50000] Total=0.14891 | NS=0.14378 CO2(scaled)=0.00073 CO2_weight=1.00 guide_w=15.4 Walls=0.00036(x10) g_ns/g_walls=2.46 Windows=0.00071 Doors=0.00007 IC=0.00000 CO2_BC=0.00006 LR=1.61e-04 nu=0.01 NSraw=2.128 alpha(W1/W8/all)=0.59/0.39/0.48 | 0.86 it/s
[Iter 34620/50000] Total=0.04692 | NS=0.04110 CO2(scaled)=0.00080 CO2_weight=1.00 guide_w=15.4 Walls=0.00042(x10) g_ns/g_walls=2.46 Windows=0.00067 Doors=0.00012 IC=0.00000 CO2_BC=0.00006 LR=1.61e-04 nu=0.01 NSraw=0.1698 alpha(W1/W8/all)=0.59/0.39/0.48 | 0.86 it/s
[Iter 34630/50000] Total=0.50754 | NS=0.50454 CO2(scaled)=0.00064 CO2_weight=1.00 guide_w=15.4 Walls=0.00017(x10) g_ns/g_walls=2.46 Windows=0.00050 Doors=0.00010 IC=0.00000 CO2_BC=0.00005 LR=1.61e-04 nu=0.01 NSraw=57.07 alpha(W1/W8/all)=0.59/0.39/0.48 | 0.86 it/s
[Iter 34640/50000] Total=0.05415 | NS=0.05132 CO2(scaled)=0.00060 CO2_weight=1.00 guide_w=15.4 Walls=0.00015(x10) g_ns/g_walls=2.46 Windows=0.00052 Doors=0.00012 IC=0.00000 CO2_BC=0.00006 LR=1.61e-04 nu=0.01 NSraw=0.2548 alpha(W1/W8/all)=0.59/0.39/0.48 | 0.86 it/s
[Iter 34650/50000] Total=0.28265 | NS=0.27863 CO2(scaled)=0.00069 CO2_weight=1.00 guide_w=15.4 Walls=0.00026(x10) g_ns/g_walls=2.46 Windows=0.00055 Doors=0.00012 IC=0.00000 CO2_BC=0.00006 LR=1.61e-04 nu=0.01 NSraw=11.14 alpha(W1/W8/all)=0.59/0.39/0.48 | 0.86 it/s
[Iter 34660/50000] Total=0.02645 | NS=0.02299 CO2(scaled)=0.00074 CO2_weight=1.00 guide_w=15.4 Walls=0.00021(x10) g_ns/g_walls=2.46 Windows=0.00044 Doors=0.00011 IC=0.00000 CO2_BC=0.00006 LR=1.61e-04 nu=0.01 NSraw=0.04851 alpha(W1/W8/all)=0.59/0.39/0.48 | 0.86 it/s
[Iter 34670/50000] Total=0.03728 | NS=0.03290 CO2(scaled)=0.00068 CO2_weight=1.00 guide_w=15.4 Walls=0.00032(x10) g_ns/g_walls=2.46 Windows=0.00038 Doors=0.00011 IC=0.00000 CO2_BC=0.00006 LR=1.61e-04 nu=0.01 NSraw=0.05983 alpha(W1/W8/all)=0.59/0.39/0.48 | 0.86 it/s
[Iter 34680/50000] Total=0.16747 | NS=0.16350 CO2(scaled)=0.00054 CO2_weight=1.00 guide_w=15.4 Walls=0.00028(x10) g_ns/g_walls=2.46 Windows=0.00047 Doors=0.00008 IC=0.00000 CO2_BC=0.00007 LR=1.61e-04 nu=0.01 NSraw=2.382 alpha(W1/W8/all)=0.59/0.39/0.48 | 0.86 it/s
[Iter 34690/50000] Total=0.05438 | NS=0.05060 CO2(scaled)=0.00064 CO2_weight=1.00 guide_w=15.4 Walls=0.00024(x10) g_ns/g_walls=2.46 Windows=0.00054 Doors=0.00010 IC=0.00000 CO2_BC=0.00006 LR=1.61e-04 nu=0.01 NSraw=0.2089 alpha(W1/W8/all)=0.59/0.39/0.48 | 0.86 it/s
[Iter 34700/50000] Total=0.06673 | NS=0.06038 CO2(scaled)=0.00060 CO2_weight=1.00 guide_w=4.7 Walls=0.00049(x10) g_ns/g_walls=0.334 Windows=0.00063 Doors=0.00012 IC=0.00000 CO2_BC=0.00006 LR=1.61e-04 nu=0.01 NSraw=0.2496 alpha(W1/W8/all)=0.59/0.39/0.48 | 0.86 it/s
[Iter 34710/50000] Total=0.06891 | NS=0.06150 CO2(scaled)=0.00079 CO2_weight=1.00 guide_w=4.7 Walls=0.00059(x10) g_ns/g_walls=0.334 Windows=0.00057 Doors=0.00011 IC=0.00000 CO2_BC=0.00006 LR=1.61e-04 nu=0.01 NSraw=0.2938 alpha(W1/W8/all)=0.59/0.39/0.48 | 0.86 it/s
[Iter 34720/50000] Total=0.03730 | NS=0.02504 CO2(scaled)=0.00072 CO2_weight=1.00 guide_w=4.7 Walls=0.00100(x10) g_ns/g_walls=0.334 Windows=0.00134 Doors=0.00012 IC=0.00000 CO2_BC=0.00006 LR=1.61e-04 nu=0.01 NSraw=0.0728 alpha(W1/W8/all)=0.59/0.39/0.48 | 0.86 it/s
[Iter 34730/50000] Total=0.09337 | NS=0.08282 CO2(scaled)=0.00055 CO2_weight=1.00 guide_w=4.7 Walls=0.00087(x10) g_ns/g_walls=0.334 Windows=0.00110 Doors=0.00012 IC=0.00000 CO2_BC=0.00006 LR=1.60e-04 nu=0.01 NSraw=0.3739 alpha(W1/W8/all)=0.59/0.39/0.48 | 0.86 it/s
[Iter 34740/50000] Total=0.30851 | NS=0.30302 CO2(scaled)=0.00057 CO2_weight=1.00 guide_w=4.7 Walls=0.00038(x10) g_ns/g_walls=0.334 Windows=0.00092 Doors=0.00009 IC=0.00000 CO2_BC=0.00007 LR=1.60e-04 nu=0.01 NSraw=20.72 alpha(W1/W8/all)=0.59/0.39/0.48 | 0.86 it/s
[Iter 34750/50000] Total=0.08184 | NS=0.07582 CO2(scaled)=0.00086 CO2_weight=1.00 guide_w=4.7 Walls=0.00044(x10) g_ns/g_walls=0.334 Windows=0.00062 Doors=0.00011 IC=0.00000 CO2_BC=0.00006 LR=1.60e-04 nu=0.01 NSraw=0.3695 alpha(W1/W8/all)=0.59/0.39/0.48 | 0.86 it/s
[Iter 34760/50000] Total=0.28885 | NS=0.28489 CO2(scaled)=0.00057 CO2_weight=1.00 guide_w=4.7 Walls=0.00026(x10) g_ns/g_walls=0.334 Windows=0.00055 Doors=0.00014 IC=0.00000 CO2_BC=0.00006 LR=1.60e-04 nu=0.01 NSraw=11.6 alpha(W1/W8/all)=0.59/0.39/0.48 | 0.86 it/s
[Iter 34770/50000] Total=0.03479 | NS=0.03053 CO2(scaled)=0.00075 CO2_weight=1.00 guide_w=4.7 Walls=0.00029(x10) g_ns/g_walls=0.334 Windows=0.00048 Doors=0.00011 IC=0.00000 CO2_BC=0.00007 LR=1.60e-04 nu=0.01 NSraw=0.09684 alpha(W1/W8/all)=0.59/0.39/0.48 | 0.86 it/s
[Iter 34780/50000] Total=0.05385 | NS=0.04734 CO2(scaled)=0.00056 CO2_weight=1.00 guide_w=4.7 Walls=0.00050(x10) g_ns/g_walls=0.334 Windows=0.00075 Doors=0.00011 IC=0.00000 CO2_BC=0.00006 LR=1.60e-04 nu=0.01 NSraw=0.1463 alpha(W1/W8/all)=0.59/0.39/0.48 | 0.86 it/s
[Iter 34790/50000] Total=0.16979 | NS=0.16572 CO2(scaled)=0.00064 CO2_weight=1.00 guide_w=4.7 Walls=0.00028(x10) g_ns/g_walls=0.334 Windows=0.00045 Doors=0.00011 IC=0.00000 CO2_BC=0.00005 LR=1.60e-04 nu=0.01 NSraw=3.752 alpha(W1/W8/all)=0.59/0.39/0.48 | 0.86 it/s
[Iter 34800/50000] Total=0.12740 | NS=0.12064 CO2(scaled)=0.00112 CO2_weight=1.00 guide_w=13.3 Walls=0.00043(x10) g_ns/g_walls=3.14 Windows=0.00120 Doors=0.00010 IC=0.00000 CO2_BC=0.00007 LR=1.60e-04 nu=0.01 NSraw=1.412 alpha(W1/W8/all)=0.59/0.39/0.48 | 0.86 it/s
[Iter 34810/50000] Total=0.04751 | NS=0.04272 CO2(scaled)=0.00107 CO2_weight=1.00 guide_w=13.3 Walls=0.00029(x10) g_ns/g_walls=3.14 Windows=0.00059 Doors=0.00013 IC=0.00000 CO2_BC=0.00005 LR=1.60e-04 nu=0.01 NSraw=0.1117 alpha(W1/W8/all)=0.59/0.39/0.48 | 0.86 it/s
[Iter 34820/50000] Total=0.03923 | NS=0.03513 CO2(scaled)=0.00070 CO2_weight=1.00 guide_w=13.3 Walls=0.00026(x10) g_ns/g_walls=3.14 Windows=0.00064 Doors=0.00011 IC=0.00000 CO2_BC=0.00006 LR=1.60e-04 nu=0.01 NSraw=0.08377 alpha(W1/W8/all)=0.59/0.39/0.48 | 0.86 it/s
[Iter 34830/50000] Total=0.03898 | NS=0.03170 CO2(scaled)=0.00068 CO2_weight=1.00 guide_w=13.3 Walls=0.00057(x10) g_ns/g_walls=3.14 Windows=0.00075 Doors=0.00010 IC=0.00000 CO2_BC=0.00005 LR=1.60e-04 nu=0.01 NSraw=0.1022 alpha(W1/W8/all)=0.59/0.39/0.48 | 0.86 it/s
[Iter 34840/50000] Total=0.02026 | NS=0.01553 CO2(scaled)=0.00069 CO2_weight=1.00 guide_w=13.3 Walls=0.00032(x10) g_ns/g_walls=3.14 Windows=0.00069 Doors=0.00010 IC=0.00000 CO2_BC=0.00006 LR=1.60e-04 nu=0.01 NSraw=0.02105 alpha(W1/W8/all)=0.59/0.39/0.48 | 0.86 it/s
[Iter 34850/50000] Total=0.06043 | NS=0.05497 CO2(scaled)=0.00073 CO2_weight=1.00 guide_w=13.3 Walls=0.00040(x10) g_ns/g_walls=3.14 Windows=0.00060 Doors=0.00010 IC=0.00000 CO2_BC=0.00006 LR=1.59e-04 nu=0.01 NSraw=0.2531 alpha(W1/W8/all)=0.59/0.39/0.48 | 0.86 it/s
[Iter 34860/50000] Total=0.05976 | NS=0.04573 CO2(scaled)=0.00238 CO2_weight=1.00 guide_w=13.3 Walls=0.00105(x10) g_ns/g_walls=3.14 Windows=0.00099 Doors=0.00008 IC=0.00000 CO2_BC=0.00007 LR=1.59e-04 nu=0.01 NSraw=0.1841 alpha(W1/W8/all)=0.59/0.39/0.48 | 0.86 it/s
[Iter 34870/50000] Total=0.12647 | NS=0.12247 CO2(scaled)=0.00081 CO2_weight=1.00 guide_w=13.3 Walls=0.00025(x10) g_ns/g_walls=3.14 Windows=0.00058 Doors=0.00007 IC=0.00000 CO2_BC=0.00006 LR=1.59e-04 nu=0.01 NSraw=0.6205 alpha(W1/W8/all)=0.59/0.39/0.48 | 0.86 it/s
[Iter 34880/50000] Total=0.04520 | NS=0.04040 CO2(scaled)=0.00067 CO2_weight=1.00 guide_w=13.3 Walls=0.00033(x10) g_ns/g_walls=3.14 Windows=0.00065 Doors=0.00009 IC=0.00000 CO2_BC=0.00006 LR=1.59e-04 nu=0.01 NSraw=0.1466 alpha(W1/W8/all)=0.59/0.39/0.48 | 0.86 it/s
[Iter 34890/50000] Total=0.05815 | NS=0.04835 CO2(scaled)=0.00197 CO2_weight=1.00 guide_w=13.3 Walls=0.00068(x10) g_ns/g_walls=3.14 Windows=0.00091 Doors=0.00011 IC=0.00000 CO2_BC=0.00006 LR=1.59e-04 nu=0.01 NSraw=0.2492 alpha(W1/W8/all)=0.59/0.39/0.48 | 0.86 it/s
[Iter 34900/50000] Total=0.04129 | NS=0.03271 CO2(scaled)=0.00072 CO2_weight=1.00 guide_w=3.39 Walls=0.00068(x10) g_ns/g_walls=0.243 Windows=0.00085 Doors=0.00011 IC=0.00000 CO2_BC=0.00007 LR=1.59e-04 nu=0.01 NSraw=0.09944 alpha(W1/W8/all)=0.59/0.39/0.48 | 0.86 it/s
[Iter 34910/50000] Total=0.21425 | NS=0.20979 CO2(scaled)=0.00063 CO2_weight=1.00 guide_w=3.39 Walls=0.00029(x10) g_ns/g_walls=0.243 Windows=0.00073 Doors=0.00013 IC=0.00000 CO2_BC=0.00005 LR=1.59e-04 nu=0.01 NSraw=7.984 alpha(W1/W8/all)=0.59/0.39/0.48 | 0.86 it/s
[Iter 34920/50000] Total=0.03871 | NS=0.03468 CO2(scaled)=0.00062 CO2_weight=1.00 guide_w=3.39 Walls=0.00027(x10) g_ns/g_walls=0.243 Windows=0.00051 Doors=0.00014 IC=0.00000 CO2_BC=0.00005 LR=1.59e-04 nu=0.01 NSraw=0.07814 alpha(W1/W8/all)=0.59/0.39/0.48 | 0.86 it/s
[Iter 34930/50000] Total=0.11209 | NS=0.10679 CO2(scaled)=0.00055 CO2_weight=1.00 guide_w=3.39 Walls=0.00038(x10) g_ns/g_walls=0.243 Windows=0.00078 Doors=0.00010 IC=0.00000 CO2_BC=0.00006 LR=1.59e-04 nu=0.01 NSraw=2.162 alpha(W1/W8/all)=0.59/0.39/0.48 | 0.86 it/s
[Iter 34940/50000] Total=0.14761 | NS=0.14319 CO2(scaled)=0.00088 CO2_weight=1.00 guide_w=3.39 Walls=0.00026(x10) g_ns/g_walls=0.243 Windows=0.00074 Doors=0.00012 IC=0.00000 CO2_BC=0.00007 LR=1.59e-04 nu=0.01 NSraw=3.039 alpha(W1/W8/all)=0.59/0.39/0.48 | 0.86 it/s
[Iter 34950/50000] Total=0.10969 | NS=0.10481 CO2(scaled)=0.00062 CO2_weight=1.00 guide_w=3.39 Walls=0.00033(x10) g_ns/g_walls=0.243 Windows=0.00076 Doors=0.00011 IC=0.00000 CO2_BC=0.00008 LR=1.59e-04 nu=0.01 NSraw=0.7638 alpha(W1/W8/all)=0.59/0.39/0.48 | 0.86 it/s
[Iter 34960/50000] Total=0.26274 | NS=0.25611 CO2(scaled)=0.00105 CO2_weight=1.00 guide_w=3.39 Walls=0.00048(x10) g_ns/g_walls=0.243 Windows=0.00057 Doors=0.00010 IC=0.00000 CO2_BC=0.00007 LR=1.59e-04 nu=0.01 NSraw=8.472 alpha(W1/W8/all)=0.59/0.39/0.48 | 0.86 it/s
[Iter 34970/50000] Total=0.15882 | NS=0.15088 CO2(scaled)=0.00157 CO2_weight=1.00 guide_w=3.39 Walls=0.00056(x10) g_ns/g_walls=0.243 Windows=0.00062 Doors=0.00010 IC=0.00000 CO2_BC=0.00007 LR=1.58e-04 nu=0.01 NSraw=3.006 alpha(W1/W8/all)=0.59/0.39/0.48 | 0.86 it/s
[Iter 34980/50000] Total=0.04881 | NS=0.04369 CO2(scaled)=0.00085 CO2_weight=1.00 guide_w=3.39 Walls=0.00035(x10) g_ns/g_walls=0.243 Windows=0.00062 Doors=0.00007 IC=0.00000 CO2_BC=0.00006 LR=1.58e-04 nu=0.01 NSraw=0.1716 alpha(W1/W8/all)=0.59/0.39/0.48 | 0.86 it/s
[Iter 34990/50000] Total=0.05720 | NS=0.05339 CO2(scaled)=0.00066 CO2_weight=1.00 guide_w=3.39 Walls=0.00023(x10) g_ns/g_walls=0.243 Windows=0.00072 Doors=0.00011 IC=0.00000 CO2_BC=0.00006 LR=1.58e-04 nu=0.01 NSraw=0.1998 alpha(W1/W8/all)=0.59/0.39/0.48 | 0.86 it/s
[Iter 35000/50000] Total=0.03699 | NS=0.03116 CO2(scaled)=0.00062 CO2_weight=1.00 guide_w=12.4 Walls=0.00043(x10) g_ns/g_walls=1.89 Windows=0.00076 Doors=0.00012 IC=0.00000 CO2_BC=0.00006 LR=1.58e-04 nu=0.01 NSraw=0.07189 alpha(W1/W8/all)=0.59/0.39/0.48 | 0.86 it/s
  -> saved checkpoint: /home/iai-labor/BuildingControlCFD/experiments/gnot/checkpoints/v24_fixedalpha_r50k/gnot_v24_fixedalpha_r50k_iter35000.pth
[Iter 35010/50000] Total=0.02646 | NS=0.02336 CO2(scaled)=0.00058 CO2_weight=1.00 guide_w=12.4 Walls=0.00018(x10) g_ns/g_walls=1.89 Windows=0.00054 Doors=0.00016 IC=0.00000 CO2_BC=0.00006 LR=1.58e-04 nu=0.01 NSraw=0.04195 alpha(W1/W8/all)=0.59/0.39/0.48 | 0.86 it/s
[Iter 35020/50000] Total=0.09161 | NS=0.08740 CO2(scaled)=0.00102 CO2_weight=1.00 guide_w=12.4 Walls=0.00025(x10) g_ns/g_walls=1.89 Windows=0.00049 Doors=0.00010 IC=0.00000 CO2_BC=0.00006 LR=1.58e-04 nu=0.01 NSraw=0.676 alpha(W1/W8/all)=0.59/0.39/0.48 | 0.86 it/s
[Iter 35030/50000] Total=0.03289 | NS=0.02745 CO2(scaled)=0.00060 CO2_weight=1.00 guide_w=12.4 Walls=0.00040(x10) g_ns/g_walls=1.89 Windows=0.00067 Doors=0.00014 IC=0.00000 CO2_BC=0.00006 LR=1.58e-04 nu=0.01 NSraw=0.04616 alpha(W1/W8/all)=0.59/0.39/0.48 | 0.86 it/s
[Iter 35040/50000] Total=0.10971 | NS=0.10582 CO2(scaled)=0.00067 CO2_weight=1.00 guide_w=12.4 Walls=0.00025(x10) g_ns/g_walls=1.89 Windows=0.00056 Doors=0.00013 IC=0.00000 CO2_BC=0.00006 LR=1.58e-04 nu=0.01 NSraw=2.206 alpha(W1/W8/all)=0.59/0.39/0.48 | 0.86 it/s
[Iter 35050/50000] Total=0.07236 | NS=0.06341 CO2(scaled)=0.00118 CO2_weight=1.00 guide_w=12.4 Walls=0.00066(x10) g_ns/g_walls=1.89 Windows=0.00098 Doors=0.00011 IC=0.00000 CO2_BC=0.00005 LR=1.58e-04 nu=0.01 NSraw=0.2754 alpha(W1/W8/all)=0.59/0.39/0.48 | 0.86 it/s
[Iter 35060/50000] Total=0.07210 | NS=0.06402 CO2(scaled)=0.00121 CO2_weight=1.00 guide_w=12.4 Walls=0.00056(x10) g_ns/g_walls=1.89 Windows=0.00111 Doors=0.00013 IC=0.00000 CO2_BC=0.00006 LR=1.58e-04 nu=0.01 NSraw=0.1844 alpha(W1/W8/all)=0.59/0.39/0.48 | 0.86 it/s
[Iter 35070/50000] Total=0.11788 | NS=0.11108 CO2(scaled)=0.00099 CO2_weight=1.00 guide_w=12.4 Walls=0.00050(x10) g_ns/g_walls=1.89 Windows=0.00065 Doors=0.00011 IC=0.00000 CO2_BC=0.00005 LR=1.58e-04 nu=0.01 NSraw=0.9487 alpha(W1/W8/all)=0.59/0.39/0.48 | 0.86 it/s
[Iter 35080/50000] Total=0.06222 | NS=0.05832 CO2(scaled)=0.00086 CO2_weight=1.00 guide_w=12.4 Walls=0.00025(x10) g_ns/g_walls=1.89 Windows=0.00038 Doors=0.00011 IC=0.00000 CO2_BC=0.00005 LR=1.58e-04 nu=0.01 NSraw=0.2123 alpha(W1/W8/all)=0.59/0.39/0.48 | 0.86 it/s
[Iter 35090/50000] Total=0.11501 | NS=0.10334 CO2(scaled)=0.00085 CO2_weight=1.00 guide_w=12.4 Walls=0.00094(x10) g_ns/g_walls=1.89 Windows=0.00123 Doors=0.00012 IC=0.00000 CO2_BC=0.00006 LR=1.57e-04 nu=0.01 NSraw=0.4608 alpha(W1/W8/all)=0.59/0.39/0.48 | 0.86 it/s
[Iter 35100/50000] Total=0.02111 | NS=0.01785 CO2(scaled)=0.00063 CO2_weight=1.00 guide_w=10.3 Walls=0.00018(x10) g_ns/g_walls=1.59 Windows=0.00062 Doors=0.00012 IC=0.00000 CO2_BC=0.00007 LR=1.57e-04 nu=0.01 NSraw=0.02352 alpha(W1/W8/all)=0.59/0.39/0.48 | 0.86 it/s
[Iter 35110/50000] Total=0.07252 | NS=0.06754 CO2(scaled)=0.00099 CO2_weight=1.00 guide_w=10.3 Walls=0.00031(x10) g_ns/g_walls=1.59 Windows=0.00069 Doors=0.00009 IC=0.00000 CO2_BC=0.00006 LR=1.57e-04 nu=0.01 NSraw=0.2299 alpha(W1/W8/all)=0.59/0.39/0.48 | 0.86 it/s
[Iter 35120/50000] Total=0.04540 | NS=0.04151 CO2(scaled)=0.00060 CO2_weight=1.00 guide_w=10.3 Walls=0.00024(x10) g_ns/g_walls=1.59 Windows=0.00072 Doors=0.00010 IC=0.00000 CO2_BC=0.00005 LR=1.57e-04 nu=0.01 NSraw=0.1097 alpha(W1/W8/all)=0.59/0.39/0.48 | 0.86 it/s
[Iter 35130/50000] Total=0.12482 | NS=0.11717 CO2(scaled)=0.00098 CO2_weight=1.00 guide_w=10.3 Walls=0.00055(x10) g_ns/g_walls=1.59 Windows=0.00105 Doors=0.00006 IC=0.00000 CO2_BC=0.00007 LR=1.57e-04 nu=0.01 NSraw=2.889 alpha(W1/W8/all)=0.59/0.39/0.48 | 0.86 it/s
[Iter 35140/50000] Total=0.03114 | NS=0.02236 CO2(scaled)=0.00070 CO2_weight=1.00 guide_w=10.3 Walls=0.00068(x10) g_ns/g_walls=1.59 Windows=0.00112 Doors=0.00007 IC=0.00000 CO2_BC=0.00006 LR=1.57e-04 nu=0.01 NSraw=0.03704 alpha(W1/W8/all)=0.59/0.39/0.48 | 0.86 it/s
[Iter 35150/50000] Total=0.02955 | NS=0.02478 CO2(scaled)=0.00066 CO2_weight=1.00 guide_w=10.3 Walls=0.00032(x10) g_ns/g_walls=1.59 Windows=0.00077 Doors=0.00011 IC=0.00000 CO2_BC=0.00007 LR=1.57e-04 nu=0.01 NSraw=0.03629 alpha(W1/W8/all)=0.59/0.39/0.48 | 0.86 it/s
[Iter 35160/50000] Total=0.06721 | NS=0.06148 CO2(scaled)=0.00053 CO2_weight=1.00 guide_w=10.3 Walls=0.00044(x10) g_ns/g_walls=1.59 Windows=0.00064 Doors=0.00012 IC=0.00000 CO2_BC=0.00007 LR=1.57e-04 nu=0.01 NSraw=0.3243 alpha(W1/W8/all)=0.59/0.39/0.48 | 0.86 it/s
[Iter 35170/50000] Total=0.22722 | NS=0.22046 CO2(scaled)=0.00059 CO2_weight=1.00 guide_w=10.3 Walls=0.00053(x10) g_ns/g_walls=1.59 Windows=0.00075 Doors=0.00010 IC=0.00000 CO2_BC=0.00006 LR=1.57e-04 nu=0.01 NSraw=4.357 alpha(W1/W8/all)=0.59/0.39/0.48 | 0.86 it/s
[Iter 35180/50000] Total=0.13229 | NS=0.12592 CO2(scaled)=0.00062 CO2_weight=1.00 guide_w=10.3 Walls=0.00049(x10) g_ns/g_walls=1.59 Windows=0.00072 Doors=0.00011 IC=0.00000 CO2_BC=0.00007 LR=1.57e-04 nu=0.01 NSraw=2.428 alpha(W1/W8/all)=0.59/0.39/0.48 | 0.86 it/s
[Iter 35190/50000] Total=0.04208 | NS=0.03868 CO2(scaled)=0.00079 CO2_weight=1.00 guide_w=10.3 Walls=0.00019(x10) g_ns/g_walls=1.59 Windows=0.00054 Doors=0.00010 IC=0.00000 CO2_BC=0.00007 LR=1.57e-04 nu=0.01 NSraw=0.1589 alpha(W1/W8/all)=0.59/0.39/0.48 | 0.86 it/s
[Iter 35200/50000] Total=0.02452 | NS=0.01846 CO2(scaled)=0.00094 CO2_weight=1.00 guide_w=0.728 Walls=0.00042(x10) g_ns/g_walls=0.156 Windows=0.00078 Doors=0.00010 IC=0.00000 CO2_BC=0.00006 LR=1.57e-04 nu=0.01 NSraw=0.02257 alpha(W1/W8/all)=0.59/0.39/0.48 | 0.86 it/s
[Iter 35210/50000] Total=0.22124 | NS=0.21048 CO2(scaled)=0.00063 CO2_weight=1.00 guide_w=0.728 Walls=0.00086(x10) g_ns/g_walls=0.156 Windows=0.00137 Doors=0.00008 IC=0.00000 CO2_BC=0.00005 LR=1.56e-04 nu=0.01 NSraw=4.733 alpha(W1/W8/all)=0.59/0.39/0.48 | 0.86 it/s
[Iter 35220/50000] Total=0.01979 | NS=0.01535 CO2(scaled)=0.00070 CO2_weight=1.00 guide_w=0.728 Walls=0.00029(x10) g_ns/g_walls=0.156 Windows=0.00062 Doors=0.00013 IC=0.00000 CO2_BC=0.00006 LR=1.56e-04 nu=0.01 NSraw=0.0247 alpha(W1/W8/all)=0.59/0.39/0.48 | 0.86 it/s
[Iter 35230/50000] Total=0.08533 | NS=0.07600 CO2(scaled)=0.00055 CO2_weight=1.00 guide_w=0.728 Walls=0.00080(x10) g_ns/g_walls=0.156 Windows=0.00063 Doors=0.00011 IC=0.00000 CO2_BC=0.00005 LR=1.56e-04 nu=0.01 NSraw=0.3094 alpha(W1/W8/all)=0.59/0.39/0.48 | 0.86 it/s
[Iter 35240/50000] Total=0.15182 | NS=0.14855 CO2(scaled)=0.00073 CO2_weight=1.00 guide_w=0.728 Walls=0.00019(x10) g_ns/g_walls=0.156 Windows=0.00052 Doors=0.00010 IC=0.00000 CO2_BC=0.00006 LR=1.56e-04 nu=0.01 NSraw=3.244 alpha(W1/W8/all)=0.59/0.39/0.48 | 0.86 it/s
[Iter 35250/50000] Total=0.10978 | NS=0.10209 CO2(scaled)=0.00113 CO2_weight=1.00 guide_w=0.728 Walls=0.00059(x10) g_ns/g_walls=0.156 Windows=0.00057 Doors=0.00007 IC=0.00000 CO2_BC=0.00005 LR=1.56e-04 nu=0.01 NSraw=0.9096 alpha(W1/W8/all)=0.59/0.39/0.48 | 0.86 it/s
[Iter 35260/50000] Total=0.02246 | NS=0.01642 CO2(scaled)=0.00080 CO2_weight=1.00 guide_w=0.728 Walls=0.00044(x10) g_ns/g_walls=0.156 Windows=0.00070 Doors=0.00011 IC=0.00000 CO2_BC=0.00006 LR=1.56e-04 nu=0.01 NSraw=0.02418 alpha(W1/W8/all)=0.59/0.39/0.48 | 0.86 it/s
[Iter 35270/50000] Total=0.05478 | NS=0.04774 CO2(scaled)=0.00068 CO2_weight=1.00 guide_w=0.728 Walls=0.00057(x10) g_ns/g_walls=0.156 Windows=0.00053 Doors=0.00010 IC=0.00000 CO2_BC=0.00007 LR=1.56e-04 nu=0.01 NSraw=0.348 alpha(W1/W8/all)=0.59/0.39/0.48 | 0.86 it/s
[Iter 35280/50000] Total=0.16470 | NS=0.15397 CO2(scaled)=0.00100 CO2_weight=1.00 guide_w=0.728 Walls=0.00086(x10) g_ns/g_walls=0.156 Windows=0.00101 Doors=0.00008 IC=0.00000 CO2_BC=0.00007 LR=1.56e-04 nu=0.01 NSraw=1.493 alpha(W1/W8/all)=0.59/0.39/0.48 | 0.86 it/s
[Iter 35290/50000] Total=0.06965 | NS=0.06615 CO2(scaled)=0.00058 CO2_weight=1.00 guide_w=0.728 Walls=0.00022(x10) g_ns/g_walls=0.156 Windows=0.00056 Doors=0.00015 IC=0.00000 CO2_BC=0.00006 LR=1.56e-04 nu=0.01 NSraw=0.2793 alpha(W1/W8/all)=0.59/0.39/0.48 | 0.86 it/s
[Iter 35300/50000] Total=0.23291 | NS=0.22671 CO2(scaled)=0.00055 CO2_weight=1.00 guide_w=472 Walls=0.00048(x10) g_ns/g_walls=105 Windows=0.00071 Doors=0.00011 IC=0.00000 CO2_BC=0.00007 LR=1.56e-04 nu=0.01 NSraw=6.952 alpha(W1/W8/all)=0.59/0.39/0.48 | 0.86 it/s
[Iter 35310/50000] Total=0.10323 | NS=0.10042 CO2(scaled)=0.00057 CO2_weight=1.00 guide_w=472 Walls=0.00015(x10) g_ns/g_walls=105 Windows=0.00055 Doors=0.00011 IC=0.00000 CO2_BC=0.00007 LR=1.56e-04 nu=0.01 NSraw=1.09 alpha(W1/W8/all)=0.59/0.39/0.48 | 0.86 it/s
[Iter 35320/50000] Total=0.03158 | NS=0.02759 CO2(scaled)=0.00052 CO2_weight=1.00 guide_w=472 Walls=0.00029(x10) g_ns/g_walls=105 Windows=0.00042 Doors=0.00009 IC=0.00000 CO2_BC=0.00006 LR=1.56e-04 nu=0.01 NSraw=0.04841 alpha(W1/W8/all)=0.59/0.39/0.48 | 0.86 it/s
[Iter 35330/50000] Total=0.02690 | NS=0.02360 CO2(scaled)=0.00075 CO2_weight=1.00 guide_w=472 Walls=0.00018(x10) g_ns/g_walls=105 Windows=0.00063 Doors=0.00010 IC=0.00000 CO2_BC=0.00006 LR=1.55e-04 nu=0.01 NSraw=0.04657 alpha(W1/W8/all)=0.59/0.39/0.48 | 0.86 it/s
[Iter 35340/50000] Total=0.03792 | NS=0.03189 CO2(scaled)=0.00142 CO2_weight=1.00 guide_w=472 Walls=0.00038(x10) g_ns/g_walls=105 Windows=0.00067 Doors=0.00012 IC=0.00000 CO2_BC=0.00007 LR=1.55e-04 nu=0.01 NSraw=0.07153 alpha(W1/W8/all)=0.59/0.39/0.48 | 0.86 it/s
[Iter 35350/50000] Total=0.07819 | NS=0.07454 CO2(scaled)=0.00080 CO2_weight=1.00 guide_w=472 Walls=0.00022(x10) g_ns/g_walls=105 Windows=0.00053 Doors=0.00008 IC=0.00000 CO2_BC=0.00006 LR=1.55e-04 nu=0.01 NSraw=0.3564 alpha(W1/W8/all)=0.59/0.39/0.48 | 0.86 it/s
[Iter 35360/50000] Total=0.02541 | NS=0.01603 CO2(scaled)=0.00082 CO2_weight=1.00 guide_w=472 Walls=0.00072(x10) g_ns/g_walls=105 Windows=0.00123 Doors=0.00008 IC=0.00000 CO2_BC=0.00006 LR=1.55e-04 nu=0.01 NSraw=0.02894 alpha(W1/W8/all)=0.59/0.39/0.48 | 0.86 it/s
[Iter 35370/50000] Total=0.02540 | NS=0.01966 CO2(scaled)=0.00068 CO2_weight=1.00 guide_w=472 Walls=0.00042(x10) g_ns/g_walls=105 Windows=0.00071 Doors=0.00012 IC=0.00000 CO2_BC=0.00007 LR=1.55e-04 nu=0.01 NSraw=0.02832 alpha(W1/W8/all)=0.59/0.39/0.48 | 0.86 it/s
[Iter 35380/50000] Total=0.04142 | NS=0.03743 CO2(scaled)=0.00081 CO2_weight=1.00 guide_w=472 Walls=0.00025(x10) g_ns/g_walls=105 Windows=0.00050 Doors=0.00009 IC=0.00000 CO2_BC=0.00007 LR=1.55e-04 nu=0.01 NSraw=0.1375 alpha(W1/W8/all)=0.59/0.39/0.48 | 0.86 it/s
[Iter 35390/50000] Total=0.02321 | NS=0.01881 CO2(scaled)=0.00081 CO2_weight=1.00 guide_w=472 Walls=0.00028(x10) g_ns/g_walls=105 Windows=0.00058 Doors=0.00010 IC=0.00000 CO2_BC=0.00006 LR=1.55e-04 nu=0.01 NSraw=0.03445 alpha(W1/W8/all)=0.59/0.39/0.48 | 0.86 it/s
[Iter 35400/50000] Total=0.05373 | NS=0.05036 CO2(scaled)=0.00063 CO2_weight=1.00 guide_w=17.2 Walls=0.00021(x10) g_ns/g_walls=6.08 Windows=0.00047 Doors=0.00009 IC=0.00000 CO2_BC=0.00005 LR=1.55e-04 nu=0.01 NSraw=0.384 alpha(W1/W8/all)=0.59/0.39/0.48 | 0.86 it/s
[Iter 35410/50000] Total=0.04429 | NS=0.03686 CO2(scaled)=0.00107 CO2_weight=1.00 guide_w=17.2 Walls=0.00056(x10) g_ns/g_walls=6.08 Windows=0.00058 Doors=0.00008 IC=0.00000 CO2_BC=0.00007 LR=1.55e-04 nu=0.01 NSraw=0.1394 alpha(W1/W8/all)=0.59/0.39/0.48 | 0.86 it/s
[Iter 35420/50000] Total=0.02220 | NS=0.01911 CO2(scaled)=0.00063 CO2_weight=1.00 guide_w=17.2 Walls=0.00019(x10) g_ns/g_walls=6.08 Windows=0.00040 Doors=0.00012 IC=0.00000 CO2_BC=0.00007 LR=1.55e-04 nu=0.01 NSraw=0.03313 alpha(W1/W8/all)=0.59/0.39/0.48 | 0.86 it/s
[Iter 35430/50000] Total=0.06262 | NS=0.05924 CO2(scaled)=0.00064 CO2_weight=1.00 guide_w=17.2 Walls=0.00021(x10) g_ns/g_walls=6.08 Windows=0.00053 Doors=0.00009 IC=0.00000 CO2_BC=0.00006 LR=1.55e-04 nu=0.01 NSraw=0.2924 alpha(W1/W8/all)=0.59/0.39/0.48 | 0.86 it/s
[Iter 35440/50000] Total=0.01310 | NS=0.00869 CO2(scaled)=0.00076 CO2_weight=1.00 guide_w=17.2 Walls=0.00029(x10) g_ns/g_walls=6.08 Windows=0.00061 Doors=0.00011 IC=0.00000 CO2_BC=0.00005 LR=1.55e-04 nu=0.01 NSraw=0.009609 alpha(W1/W8/all)=0.59/0.39/0.48 | 0.86 it/s
[Iter 35450/50000] Total=0.03561 | NS=0.02992 CO2(scaled)=0.00124 CO2_weight=1.00 guide_w=17.2 Walls=0.00038(x10) g_ns/g_walls=6.08 Windows=0.00052 Doors=0.00009 IC=0.00000 CO2_BC=0.00006 LR=1.55e-04 nu=0.01 NSraw=0.05888 alpha(W1/W8/all)=0.59/0.39/0.48 | 0.86 it/s
[Iter 35460/50000] Total=0.04851 | NS=0.04454 CO2(scaled)=0.00090 CO2_weight=1.00 guide_w=17.2 Walls=0.00025(x10) g_ns/g_walls=6.08 Windows=0.00036 Doors=0.00011 IC=0.00000 CO2_BC=0.00006 LR=1.54e-04 nu=0.01 NSraw=0.2033 alpha(W1/W8/all)=0.59/0.39/0.48 | 0.86 it/s
[Iter 35470/50000] Total=0.05665 | NS=0.05047 CO2(scaled)=0.00110 CO2_weight=1.00 guide_w=17.2 Walls=0.00041(x10) g_ns/g_walls=6.08 Windows=0.00079 Doors=0.00011 IC=0.00000 CO2_BC=0.00009 LR=1.54e-04 nu=0.01 NSraw=0.118 alpha(W1/W8/all)=0.59/0.39/0.48 | 0.86 it/s
[Iter 35480/50000] Total=0.09423 | NS=0.08817 CO2(scaled)=0.00122 CO2_weight=1.00 guide_w=17.2 Walls=0.00038(x10) g_ns/g_walls=6.08 Windows=0.00088 Doors=0.00012 IC=0.00000 CO2_BC=0.00007 LR=1.54e-04 nu=0.01 NSraw=0.4199 alpha(W1/W8/all)=0.59/0.39/0.48 | 0.86 it/s
[Iter 35490/50000] Total=0.11741 | NS=0.11310 CO2(scaled)=0.00073 CO2_weight=1.00 guide_w=17.2 Walls=0.00029(x10) g_ns/g_walls=6.08 Windows=0.00051 Doors=0.00013 IC=0.00000 CO2_BC=0.00007 LR=1.54e-04 nu=0.01 NSraw=0.6779 alpha(W1/W8/all)=0.59/0.39/0.48 | 0.86 it/s
[Iter 35500/50000] Total=0.23816 | NS=0.22942 CO2(scaled)=0.00130 CO2_weight=1.00 guide_w=55.2 Walls=0.00064(x10) g_ns/g_walls=14.4 Windows=0.00083 Doors=0.00009 IC=0.00000 CO2_BC=0.00007 LR=1.54e-04 nu=0.01 NSraw=8.812 alpha(W1/W8/all)=0.59/0.39/0.48 | 0.86 it/s
[Iter 35510/50000] Total=0.02467 | NS=0.01792 CO2(scaled)=0.00088 CO2_weight=1.00 guide_w=55.2 Walls=0.00047(x10) g_ns/g_walls=14.4 Windows=0.00093 Doors=0.00014 IC=0.00000 CO2_BC=0.00005 LR=1.54e-04 nu=0.01 NSraw=0.02736 alpha(W1/W8/all)=0.59/0.39/0.48 | 0.86 it/s
[Iter 35520/50000] Total=0.03517 | NS=0.03047 CO2(scaled)=0.00090 CO2_weight=1.00 guide_w=55.2 Walls=0.00031(x10) g_ns/g_walls=14.4 Windows=0.00051 Doors=0.00010 IC=0.00000 CO2_BC=0.00006 LR=1.54e-04 nu=0.01 NSraw=0.05595 alpha(W1/W8/all)=0.59/0.39/0.48 | 0.86 it/s
[Iter 35530/50000] Total=0.04598 | NS=0.03184 CO2(scaled)=0.00093 CO2_weight=1.00 guide_w=55.2 Walls=0.00115(x10) g_ns/g_walls=14.4 Windows=0.00150 Doors=0.00016 IC=0.00000 CO2_BC=0.00006 LR=1.54e-04 nu=0.01 NSraw=0.07638 alpha(W1/W8/all)=0.59/0.39/0.48 | 0.86 it/s
[Iter 35540/50000] Total=0.05811 | NS=0.04919 CO2(scaled)=0.00059 CO2_weight=1.00 guide_w=55.2 Walls=0.00072(x10) g_ns/g_walls=14.4 Windows=0.00102 Doors=0.00007 IC=0.00000 CO2_BC=0.00007 LR=1.54e-04 nu=0.01 NSraw=0.1907 alpha(W1/W8/all)=0.59/0.39/0.48 | 0.86 it/s
[Iter 35550/50000] Total=0.06297 | NS=0.05881 CO2(scaled)=0.00056 CO2_weight=1.00 guide_w=55.2 Walls=0.00029(x10) g_ns/g_walls=14.4 Windows=0.00050 Doors=0.00010 IC=0.00000 CO2_BC=0.00005 LR=1.54e-04 nu=0.01 NSraw=0.1984 alpha(W1/W8/all)=0.59/0.39/0.48 | 0.86 it/s
[Iter 35560/50000] Total=0.12743 | NS=0.12354 CO2(scaled)=0.00072 CO2_weight=1.00 guide_w=55.2 Walls=0.00024(x10) g_ns/g_walls=14.4 Windows=0.00065 Doors=0.00010 IC=0.00000 CO2_BC=0.00006 LR=1.54e-04 nu=0.01 NSraw=2.263 alpha(W1/W8/all)=0.59/0.39/0.48 | 0.86 it/s
[Iter 35570/50000] Total=0.04456 | NS=0.03882 CO2(scaled)=0.00119 CO2_weight=1.00 guide_w=55.2 Walls=0.00038(x10) g_ns/g_walls=14.4 Windows=0.00057 Doors=0.00015 IC=0.00000 CO2_BC=0.00007 LR=1.54e-04 nu=0.01 NSraw=0.149 alpha(W1/W8/all)=0.59/0.39/0.48 | 0.86 it/s
[Iter 35580/50000] Total=0.03308 | NS=0.02736 CO2(scaled)=0.00077 CO2_weight=1.00 guide_w=55.2 Walls=0.00041(x10) g_ns/g_walls=14.4 Windows=0.00066 Doors=0.00011 IC=0.00000 CO2_BC=0.00006 LR=1.53e-04 nu=0.01 NSraw=0.05305 alpha(W1/W8/all)=0.59/0.39/0.48 | 0.86 it/s
[Iter 35590/50000] Total=0.05365 | NS=0.04944 CO2(scaled)=0.00071 CO2_weight=1.00 guide_w=55.2 Walls=0.00027(x10) g_ns/g_walls=14.4 Windows=0.00067 Doors=0.00007 IC=0.00000 CO2_BC=0.00005 LR=1.53e-04 nu=0.01 NSraw=0.1659 alpha(W1/W8/all)=0.59/0.39/0.48 | 0.86 it/s
[Iter 35600/50000] Total=0.05758 | NS=0.04990 CO2(scaled)=0.00086 CO2_weight=1.00 guide_w=5.84 Walls=0.00062(x10) g_ns/g_walls=2.13 Windows=0.00042 Doors=0.00012 IC=0.00000 CO2_BC=0.00005 LR=1.53e-04 nu=0.01 NSraw=0.1129 alpha(W1/W8/all)=0.59/0.39/0.48 | 0.86 it/s
[Iter 35610/50000] Total=0.02296 | NS=0.01766 CO2(scaled)=0.00078 CO2_weight=1.00 guide_w=5.84 Walls=0.00038(x10) g_ns/g_walls=2.13 Windows=0.00051 Doors=0.00010 IC=0.00000 CO2_BC=0.00006 LR=1.53e-04 nu=0.01 NSraw=0.02534 alpha(W1/W8/all)=0.59/0.39/0.48 | 0.86 it/s
[Iter 35620/50000] Total=0.12678 | NS=0.12290 CO2(scaled)=0.00065 CO2_weight=1.00 guide_w=5.84 Walls=0.00025(x10) g_ns/g_walls=2.13 Windows=0.00055 Doors=0.00009 IC=0.00000 CO2_BC=0.00006 LR=1.53e-04 nu=0.01 NSraw=2.647 alpha(W1/W8/all)=0.59/0.39/0.48 | 0.86 it/s
[Iter 35630/50000] Total=0.20593 | NS=0.20187 CO2(scaled)=0.00069 CO2_weight=1.00 guide_w=5.84 Walls=0.00027(x10) g_ns/g_walls=2.13 Windows=0.00055 Doors=0.00010 IC=0.00000 CO2_BC=0.00006 LR=1.53e-04 nu=0.01 NSraw=8.223 alpha(W1/W8/all)=0.59/0.39/0.48 | 0.86 it/s
[Iter 35640/50000] Total=0.04804 | NS=0.04347 CO2(scaled)=0.00089 CO2_weight=1.00 guide_w=5.84 Walls=0.00031(x10) g_ns/g_walls=2.13 Windows=0.00045 Doors=0.00011 IC=0.00000 CO2_BC=0.00005 LR=1.53e-04 nu=0.01 NSraw=0.1271 alpha(W1/W8/all)=0.59/0.39/0.48 | 0.86 it/s
[Iter 35650/50000] Total=0.17471 | NS=0.16958 CO2(scaled)=0.00065 CO2_weight=1.00 guide_w=5.84 Walls=0.00036(x10) g_ns/g_walls=2.13 Windows=0.00065 Doors=0.00013 IC=0.00000 CO2_BC=0.00006 LR=1.53e-04 nu=0.01 NSraw=4.156 alpha(W1/W8/all)=0.59/0.39/0.48 | 0.86 it/s
[Iter 35660/50000] Total=0.01434 | NS=0.01004 CO2(scaled)=0.00061 CO2_weight=1.00 guide_w=5.84 Walls=0.00030(x10) g_ns/g_walls=2.13 Windows=0.00047 Doors=0.00012 IC=0.00000 CO2_BC=0.00006 LR=1.53e-04 nu=0.01 NSraw=0.0112 alpha(W1/W8/all)=0.59/0.39/0.48 | 0.86 it/s
[Iter 35670/50000] Total=0.05119 | NS=0.04582 CO2(scaled)=0.00074 CO2_weight=1.00 guide_w=5.84 Walls=0.00038(x10) g_ns/g_walls=2.13 Windows=0.00061 Doors=0.00015 IC=0.00000 CO2_BC=0.00006 LR=1.53e-04 nu=0.01 NSraw=0.1603 alpha(W1/W8/all)=0.59/0.39/0.48 | 0.86 it/s
[Iter 35680/50000] Total=0.04331 | NS=0.03128 CO2(scaled)=0.00085 CO2_weight=1.00 guide_w=5.84 Walls=0.00098(x10) g_ns/g_walls=2.13 Windows=0.00111 Doors=0.00015 IC=0.00000 CO2_BC=0.00006 LR=1.53e-04 nu=0.01 NSraw=0.08324 alpha(W1/W8/all)=0.59/0.39/0.48 | 0.86 it/s
[Iter 35690/50000] Total=0.06455 | NS=0.05774 CO2(scaled)=0.00049 CO2_weight=1.00 guide_w=5.84 Walls=0.00054(x10) g_ns/g_walls=2.13 Windows=0.00072 Doors=0.00012 IC=0.00000 CO2_BC=0.00005 LR=1.53e-04 nu=0.01 NSraw=0.2581 alpha(W1/W8/all)=0.59/0.39/0.48 | 0.86 it/s
[Iter 35700/50000] Total=0.10359 | NS=0.09423 CO2(scaled)=0.00061 CO2_weight=1.00 guide_w=5.34 Walls=0.00077(x10) g_ns/g_walls=0.36 Windows=0.00090 Doors=0.00007 IC=0.00000 CO2_BC=0.00005 LR=1.52e-04 nu=0.01 NSraw=1.661 alpha(W1/W8/all)=0.59/0.39/0.48 | 0.86 it/s
[Iter 35710/50000] Total=0.03312 | NS=0.02309 CO2(scaled)=0.00077 CO2_weight=1.00 guide_w=5.34 Walls=0.00078(x10) g_ns/g_walls=0.36 Windows=0.00134 Doors=0.00009 IC=0.00000 CO2_BC=0.00006 LR=1.52e-04 nu=0.01 NSraw=0.04817 alpha(W1/W8/all)=0.59/0.39/0.48 | 0.86 it/s
[Iter 35720/50000] Total=0.04531 | NS=0.03849 CO2(scaled)=0.00056 CO2_weight=1.00 guide_w=5.34 Walls=0.00054(x10) g_ns/g_walls=0.36 Windows=0.00069 Doors=0.00012 IC=0.00000 CO2_BC=0.00006 LR=1.52e-04 nu=0.01 NSraw=0.1202 alpha(W1/W8/all)=0.59/0.39/0.48 | 0.86 it/s
[Iter 35730/50000] Total=0.06907 | NS=0.06447 CO2(scaled)=0.00075 CO2_weight=1.00 guide_w=5.34 Walls=0.00030(x10) g_ns/g_walls=0.36 Windows=0.00069 Doors=0.00009 IC=0.00000 CO2_BC=0.00006 LR=1.52e-04 nu=0.01 NSraw=0.2233 alpha(W1/W8/all)=0.59/0.39/0.48 | 0.86 it/s
[Iter 35740/50000] Total=0.04471 | NS=0.03995 CO2(scaled)=0.00071 CO2_weight=1.00 guide_w=5.34 Walls=0.00031(x10) g_ns/g_walls=0.36 Windows=0.00069 Doors=0.00017 IC=0.00000 CO2_BC=0.00005 LR=1.52e-04 nu=0.01 NSraw=0.0946 alpha(W1/W8/all)=0.59/0.39/0.48 | 0.86 it/s
[Iter 35750/50000] Total=0.04919 | NS=0.03978 CO2(scaled)=0.00172 CO2_weight=1.00 guide_w=5.34 Walls=0.00067(x10) g_ns/g_walls=0.36 Windows=0.00079 Doors=0.00013 IC=0.00000 CO2_BC=0.00005 LR=1.52e-04 nu=0.01 NSraw=0.1131 alpha(W1/W8/all)=0.59/0.39/0.48 | 0.86 it/s
[Iter 35760/50000] Total=0.06541 | NS=0.05883 CO2(scaled)=0.00097 CO2_weight=1.00 guide_w=5.34 Walls=0.00048(x10) g_ns/g_walls=0.36 Windows=0.00069 Doors=0.00011 IC=0.00000 CO2_BC=0.00005 LR=1.52e-04 nu=0.01 NSraw=0.246 alpha(W1/W8/all)=0.59/0.39/0.48 | 0.86 it/s
[Iter 35770/50000] Total=0.14097 | NS=0.13695 CO2(scaled)=0.00072 CO2_weight=1.00 guide_w=5.34 Walls=0.00026(x10) g_ns/g_walls=0.36 Windows=0.00059 Doors=0.00007 IC=0.00000 CO2_BC=0.00006 LR=1.52e-04 nu=0.01 NSraw=2.66 alpha(W1/W8/all)=0.59/0.39/0.48 | 0.86 it/s
[Iter 35780/50000] Total=0.12575 | NS=0.12052 CO2(scaled)=0.00061 CO2_weight=1.00 guide_w=5.34 Walls=0.00036(x10) g_ns/g_walls=0.36 Windows=0.00089 Doors=0.00011 IC=0.00000 CO2_BC=0.00006 LR=1.52e-04 nu=0.01 NSraw=1.794 alpha(W1/W8/all)=0.59/0.39/0.48 | 0.86 it/s
[Iter 35790/50000] Total=0.10250 | NS=0.09185 CO2(scaled)=0.00070 CO2_weight=1.00 guide_w=5.34 Walls=0.00093(x10) g_ns/g_walls=0.36 Windows=0.00050 Doors=0.00011 IC=0.00000 CO2_BC=0.00005 LR=1.52e-04 nu=0.01 NSraw=0.4665 alpha(W1/W8/all)=0.59/0.39/0.48 | 0.86 it/s
[Iter 35800/50000] Total=0.45846 | NS=0.45149 CO2(scaled)=0.00076 CO2_weight=1.00 guide_w=91 Walls=0.00055(x10) g_ns/g_walls=16.2 Windows=0.00057 Doors=0.00012 IC=0.00000 CO2_BC=0.00005 LR=1.52e-04 nu=0.01 NSraw=25.23 alpha(W1/W8/all)=0.59/0.39/0.48 | 0.86 it/s
[Iter 35810/50000] Total=0.31331 | NS=0.30235 CO2(scaled)=0.00147 CO2_weight=1.00 guide_w=91 Walls=0.00082(x10) g_ns/g_walls=16.2 Windows=0.00119 Doors=0.00010 IC=0.00000 CO2_BC=0.00006 LR=1.52e-04 nu=0.01 NSraw=16.14 alpha(W1/W8/all)=0.59/0.39/0.48 | 0.86 it/s
[Iter 35820/50000] Total=0.09152 | NS=0.08146 CO2(scaled)=0.00080 CO2_weight=1.00 guide_w=91 Walls=0.00079(x10) g_ns/g_walls=16.2 Windows=0.00119 Doors=0.00012 IC=0.00000 CO2_BC=0.00006 LR=1.52e-04 nu=0.01 NSraw=1.11 alpha(W1/W8/all)=0.59/0.39/0.48 | 0.86 it/s
[Iter 35830/50000] Total=0.08678 | NS=0.08190 CO2(scaled)=0.00055 CO2_weight=1.00 guide_w=91 Walls=0.00034(x10) g_ns/g_walls=16.2 Windows=0.00074 Doors=0.00012 IC=0.00000 CO2_BC=0.00005 LR=1.51e-04 nu=0.01 NSraw=0.8922 alpha(W1/W8/all)=0.59/0.39/0.48 | 0.86 it/s
[Iter 35840/50000] Total=0.05341 | NS=0.04720 CO2(scaled)=0.00056 CO2_weight=1.00 guide_w=91 Walls=0.00046(x10) g_ns/g_walls=16.2 Windows=0.00081 Doors=0.00015 IC=0.00000 CO2_BC=0.00007 LR=1.51e-04 nu=0.01 NSraw=0.1458 alpha(W1/W8/all)=0.59/0.39/0.48 | 0.86 it/s
[Iter 35850/50000] Total=0.11543 | NS=0.10766 CO2(scaled)=0.00051 CO2_weight=1.00 guide_w=91 Walls=0.00061(x10) g_ns/g_walls=16.2 Windows=0.00095 Doors=0.00011 IC=0.00000 CO2_BC=0.00006 LR=1.51e-04 nu=0.01 NSraw=2.303 alpha(W1/W8/all)=0.59/0.39/0.48 | 0.86 it/s
[Iter 35860/50000] Total=0.02742 | NS=0.02258 CO2(scaled)=0.00085 CO2_weight=1.00 guide_w=91 Walls=0.00032(x10) g_ns/g_walls=16.2 Windows=0.00059 Doors=0.00015 IC=0.00000 CO2_BC=0.00005 LR=1.51e-04 nu=0.01 NSraw=0.03802 alpha(W1/W8/all)=0.59/0.39/0.48 | 0.86 it/s
[Iter 35870/50000] Total=0.09993 | NS=0.09523 CO2(scaled)=0.00065 CO2_weight=1.00 guide_w=91 Walls=0.00034(x10) g_ns/g_walls=16.2 Windows=0.00048 Doors=0.00013 IC=0.00000 CO2_BC=0.00006 LR=1.51e-04 nu=0.01 NSraw=0.4897 alpha(W1/W8/all)=0.59/0.39/0.48 | 0.86 it/s
[Iter 35880/50000] Total=0.01912 | NS=0.01426 CO2(scaled)=0.00056 CO2_weight=1.00 guide_w=91 Walls=0.00036(x10) g_ns/g_walls=16.2 Windows=0.00051 Doors=0.00014 IC=0.00000 CO2_BC=0.00008 LR=1.51e-04 nu=0.01 NSraw=0.02334 alpha(W1/W8/all)=0.59/0.39/0.48 | 0.86 it/s
[Iter 35890/50000] Total=0.04846 | NS=0.03964 CO2(scaled)=0.00059 CO2_weight=1.00 guide_w=91 Walls=0.00071(x10) g_ns/g_walls=16.2 Windows=0.00097 Doors=0.00013 IC=0.00000 CO2_BC=0.00006 LR=1.51e-04 nu=0.01 NSraw=0.128 alpha(W1/W8/all)=0.59/0.39/0.48 | 0.86 it/s
[Iter 35900/50000] Total=0.04857 | NS=0.04467 CO2(scaled)=0.00065 CO2_weight=1.00 guide_w=4.1 Walls=0.00026(x10) g_ns/g_walls=0.563 Windows=0.00043 Doors=0.00014 IC=0.00000 CO2_BC=0.00006 LR=1.51e-04 nu=0.01 NSraw=0.111 alpha(W1/W8/all)=0.59/0.39/0.48 | 0.86 it/s
[Iter 35910/50000] Total=0.08287 | NS=0.07777 CO2(scaled)=0.00052 CO2_weight=1.00 guide_w=4.1 Walls=0.00038(x10) g_ns/g_walls=0.563 Windows=0.00065 Doors=0.00012 IC=0.00000 CO2_BC=0.00005 LR=1.51e-04 nu=0.01 NSraw=0.3565 alpha(W1/W8/all)=0.59/0.39/0.48 | 0.86 it/s
[Iter 35920/50000] Total=0.08398 | NS=0.07868 CO2(scaled)=0.00054 CO2_weight=1.00 guide_w=4.1 Walls=0.00038(x10) g_ns/g_walls=0.563 Windows=0.00073 Doors=0.00012 IC=0.00000 CO2_BC=0.00006 LR=1.51e-04 nu=0.01 NSraw=0.4494 alpha(W1/W8/all)=0.59/0.39/0.48 | 0.86 it/s
[Iter 35930/50000] Total=0.04602 | NS=0.03792 CO2(scaled)=0.00064 CO2_weight=1.00 guide_w=4.1 Walls=0.00066(x10) g_ns/g_walls=0.563 Windows=0.00072 Doors=0.00008 IC=0.00000 CO2_BC=0.00005 LR=1.51e-04 nu=0.01 NSraw=0.09481 alpha(W1/W8/all)=0.59/0.39/0.48 | 0.86 it/s
[Iter 35940/50000] Total=0.05934 | NS=0.05478 CO2(scaled)=0.00080 CO2_weight=1.00 guide_w=4.1 Walls=0.00029(x10) g_ns/g_walls=0.563 Windows=0.00062 Doors=0.00018 IC=0.00000 CO2_BC=0.00005 LR=1.51e-04 nu=0.01 NSraw=0.2172 alpha(W1/W8/all)=0.59/0.39/0.48 | 0.86 it/s
[Iter 35950/50000] Total=0.05184 | NS=0.04848 CO2(scaled)=0.00054 CO2_weight=1.00 guide_w=4.1 Walls=0.00021(x10) g_ns/g_walls=0.563 Windows=0.00046 Doors=0.00017 IC=0.00000 CO2_BC=0.00006 LR=1.50e-04 nu=0.01 NSraw=0.1668 alpha(W1/W8/all)=0.59/0.39/0.48 | 0.86 it/s
[Iter 35960/50000] Total=0.05412 | NS=0.04819 CO2(scaled)=0.00057 CO2_weight=1.00 guide_w=4.1 Walls=0.00045(x10) g_ns/g_walls=0.563 Windows=0.00074 Doors=0.00011 IC=0.00000 CO2_BC=0.00005 LR=1.50e-04 nu=0.01 NSraw=0.2119 alpha(W1/W8/all)=0.59/0.39/0.48 | 0.86 it/s
[Iter 35970/50000] Total=0.06772 | NS=0.06417 CO2(scaled)=0.00095 CO2_weight=1.00 guide_w=4.1 Walls=0.00021(x10) g_ns/g_walls=0.563 Windows=0.00034 Doors=0.00014 IC=0.00000 CO2_BC=0.00006 LR=1.50e-04 nu=0.01 NSraw=0.2207 alpha(W1/W8/all)=0.59/0.39/0.48 | 0.86 it/s
[Iter 35980/50000] Total=0.24794 | NS=0.24394 CO2(scaled)=0.00078 CO2_weight=1.00 guide_w=4.1 Walls=0.00025(x10) g_ns/g_walls=0.563 Windows=0.00049 Doors=0.00013 IC=0.00000 CO2_BC=0.00006 LR=1.50e-04 nu=0.01 NSraw=12.07 alpha(W1/W8/all)=0.59/0.39/0.48 | 0.86 it/s
[Iter 35990/50000] Total=0.12315 | NS=0.11975 CO2(scaled)=0.00077 CO2_weight=1.00 guide_w=4.1 Walls=0.00020(x10) g_ns/g_walls=0.563 Windows=0.00043 Doors=0.00012 IC=0.00000 CO2_BC=0.00006 LR=1.50e-04 nu=0.01 NSraw=0.5961 alpha(W1/W8/all)=0.59/0.39/0.48 | 0.86 it/s
[Iter 36000/50000] Total=0.04912 | NS=0.04527 CO2(scaled)=0.00055 CO2_weight=1.00 guide_w=19.5 Walls=0.00026(x10) g_ns/g_walls=3.43 Windows=0.00053 Doors=0.00014 IC=0.00000 CO2_BC=0.00005 LR=1.50e-04 nu=0.01 NSraw=0.2703 alpha(W1/W8/all)=0.59/0.39/0.48 | 0.86 it/s
  -> saved checkpoint: /home/iai-labor/BuildingControlCFD/experiments/gnot/checkpoints/v24_fixedalpha_r50k/gnot_v24_fixedalpha_r50k_iter36000.pth
[Iter 36010/50000] Total=0.16813 | NS=0.16018 CO2(scaled)=0.00058 CO2_weight=1.00 guide_w=19.5 Walls=0.00065(x10) g_ns/g_walls=3.43 Windows=0.00071 Doors=0.00013 IC=0.00000 CO2_BC=0.00005 LR=1.50e-04 nu=0.01 NSraw=2.307 alpha(W1/W8/all)=0.59/0.39/0.48 | 0.86 it/s
[Iter 36020/50000] Total=0.24190 | NS=0.23529 CO2(scaled)=0.00050 CO2_weight=1.00 guide_w=19.5 Walls=0.00050(x10) g_ns/g_walls=3.43 Windows=0.00087 Doors=0.00014 IC=0.00000 CO2_BC=0.00006 LR=1.50e-04 nu=0.01 NSraw=4.943 alpha(W1/W8/all)=0.59/0.39/0.48 | 0.86 it/s
[Iter 36030/50000] Total=0.12525 | NS=0.12148 CO2(scaled)=0.00050 CO2_weight=1.00 guide_w=19.5 Walls=0.00025(x10) g_ns/g_walls=3.43 Windows=0.00059 Doors=0.00016 IC=0.00000 CO2_BC=0.00006 LR=1.50e-04 nu=0.01 NSraw=3.396 alpha(W1/W8/all)=0.59/0.39/0.48 | 0.86 it/s
[Iter 36040/50000] Total=0.09324 | NS=0.08566 CO2(scaled)=0.00051 CO2_weight=1.00 guide_w=19.5 Walls=0.00061(x10) g_ns/g_walls=3.43 Windows=0.00079 Doors=0.00011 IC=0.00000 CO2_BC=0.00007 LR=1.50e-04 nu=0.01 NSraw=0.29 alpha(W1/W8/all)=0.59/0.39/0.48 | 0.86 it/s
[Iter 36050/50000] Total=0.03947 | NS=0.03572 CO2(scaled)=0.00088 CO2_weight=1.00 guide_w=19.5 Walls=0.00021(x10) g_ns/g_walls=3.43 Windows=0.00058 Doors=0.00009 IC=0.00000 CO2_BC=0.00005 LR=1.50e-04 nu=0.01 NSraw=0.0712 alpha(W1/W8/all)=0.59/0.39/0.48 | 0.86 it/s
[Iter 36060/50000] Total=0.14101 | NS=0.13626 CO2(scaled)=0.00049 CO2_weight=1.00 guide_w=19.5 Walls=0.00033(x10) g_ns/g_walls=3.43 Windows=0.00069 Doors=0.00020 IC=0.00000 CO2_BC=0.00006 LR=1.50e-04 nu=0.01 NSraw=0.5834 alpha(W1/W8/all)=0.59/0.39/0.48 | 0.86 it/s
[Iter 36070/50000] Total=0.40978 | NS=0.39742 CO2(scaled)=0.00074 CO2_weight=1.00 guide_w=19.5 Walls=0.00101(x10) g_ns/g_walls=3.43 Windows=0.00130 Doors=0.00014 IC=0.00000 CO2_BC=0.00005 LR=1.50e-04 nu=0.01 NSraw=31.37 alpha(W1/W8/all)=0.59/0.39/0.48 | 0.86 it/s
[Iter 36080/50000] Total=0.04225 | NS=0.03404 CO2(scaled)=0.00094 CO2_weight=1.00 guide_w=19.5 Walls=0.00064(x10) g_ns/g_walls=3.43 Windows=0.00067 Doors=0.00015 IC=0.00000 CO2_BC=0.00006 LR=1.49e-04 nu=0.01 NSraw=0.07798 alpha(W1/W8/all)=0.59/0.39/0.48 | 0.86 it/s
[Iter 36090/50000] Total=0.04798 | NS=0.04084 CO2(scaled)=0.00100 CO2_weight=1.00 guide_w=19.5 Walls=0.00052(x10) g_ns/g_walls=3.43 Windows=0.00080 Doors=0.00010 IC=0.00000 CO2_BC=0.00006 LR=1.49e-04 nu=0.01 NSraw=0.1134 alpha(W1/W8/all)=0.59/0.39/0.48 | 0.86 it/s
[Iter 36100/50000] Total=0.04623 | NS=0.03495 CO2(scaled)=0.00098 CO2_weight=1.00 guide_w=0.799 Walls=0.00088(x10) g_ns/g_walls=0.0907 Windows=0.00135 Doors=0.00015 IC=0.00000 CO2_BC=0.00006 LR=1.49e-04 nu=0.01 NSraw=0.1279 alpha(W1/W8/all)=0.59/0.39/0.48 | 0.86 it/s
[Iter 36110/50000] Total=0.02444 | NS=0.01847 CO2(scaled)=0.00062 CO2_weight=1.00 guide_w=0.799 Walls=0.00043(x10) g_ns/g_walls=0.0907 Windows=0.00087 Doors=0.00012 IC=0.00000 CO2_BC=0.00007 LR=1.49e-04 nu=0.01 NSraw=0.03221 alpha(W1/W8/all)=0.59/0.39/0.48 | 0.86 it/s
[Iter 36120/50000] Total=0.07961 | NS=0.07454 CO2(scaled)=0.00055 CO2_weight=1.00 guide_w=0.799 Walls=0.00038(x10) g_ns/g_walls=0.0907 Windows=0.00053 Doors=0.00013 IC=0.00000 CO2_BC=0.00006 LR=1.49e-04 nu=0.01 NSraw=0.3789 alpha(W1/W8/all)=0.59/0.39/0.48 | 0.86 it/s
[Iter 36130/50000] Total=0.04595 | NS=0.03617 CO2(scaled)=0.00088 CO2_weight=1.00 guide_w=0.799 Walls=0.00079(x10) g_ns/g_walls=0.0907 Windows=0.00084 Doors=0.00010 IC=0.00000 CO2_BC=0.00006 LR=1.49e-04 nu=0.01 NSraw=0.1687 alpha(W1/W8/all)=0.59/0.39/0.48 | 0.86 it/s
[Iter 36140/50000] Total=0.07646 | NS=0.07237 CO2(scaled)=0.00069 CO2_weight=1.00 guide_w=0.799 Walls=0.00027(x10) g_ns/g_walls=0.0907 Windows=0.00052 Doors=0.00011 IC=0.00000 CO2_BC=0.00006 LR=1.49e-04 nu=0.01 NSraw=0.3151 alpha(W1/W8/all)=0.59/0.39/0.48 | 0.86 it/s
[Iter 36150/50000] Total=0.03263 | NS=0.02952 CO2(scaled)=0.00060 CO2_weight=1.00 guide_w=0.799 Walls=0.00019(x10) g_ns/g_walls=0.0907 Windows=0.00043 Doors=0.00009 IC=0.00000 CO2_BC=0.00006 LR=1.49e-04 nu=0.01 NSraw=0.05268 alpha(W1/W8/all)=0.59/0.39/0.48 | 0.86 it/s
[Iter 36160/50000] Total=0.03995 | NS=0.03296 CO2(scaled)=0.00115 CO2_weight=1.00 guide_w=0.799 Walls=0.00048(x10) g_ns/g_walls=0.0907 Windows=0.00079 Doors=0.00018 IC=0.00000 CO2_BC=0.00006 LR=1.49e-04 nu=0.01 NSraw=0.1059 alpha(W1/W8/all)=0.59/0.39/0.48 | 0.86 it/s
[Iter 36170/50000] Total=0.05033 | NS=0.04528 CO2(scaled)=0.00065 CO2_weight=1.00 guide_w=0.799 Walls=0.00035(x10) g_ns/g_walls=0.0907 Windows=0.00071 Doors=0.00015 IC=0.00000 CO2_BC=0.00005 LR=1.49e-04 nu=0.01 NSraw=0.1542 alpha(W1/W8/all)=0.59/0.39/0.48 | 0.86 it/s
[Iter 36180/50000] Total=0.04457 | NS=0.03964 CO2(scaled)=0.00067 CO2_weight=1.00 guide_w=0.799 Walls=0.00034(x10) g_ns/g_walls=0.0907 Windows=0.00071 Doors=0.00013 IC=0.00000 CO2_BC=0.00005 LR=1.49e-04 nu=0.01 NSraw=0.1389 alpha(W1/W8/all)=0.59/0.39/0.48 | 0.86 it/s
[Iter 36190/50000] Total=0.05076 | NS=0.04654 CO2(scaled)=0.00081 CO2_weight=1.00 guide_w=0.799 Walls=0.00025(x10) g_ns/g_walls=0.0907 Windows=0.00070 Doors=0.00012 IC=0.00000 CO2_BC=0.00006 LR=1.49e-04 nu=0.01 NSraw=0.109 alpha(W1/W8/all)=0.59/0.39/0.48 | 0.86 it/s
[Iter 36200/50000] Total=0.03812 | NS=0.03524 CO2(scaled)=0.00054 CO2_weight=1.00 guide_w=10.7 Walls=0.00017(x10) g_ns/g_walls=2.22 Windows=0.00046 Doors=0.00013 IC=0.00000 CO2_BC=0.00005 LR=1.49e-04 nu=0.01 NSraw=0.1253 alpha(W1/W8/all)=0.59/0.39/0.48 | 0.86 it/s
[Iter 36210/50000] Total=0.03272 | NS=0.02971 CO2(scaled)=0.00070 CO2_weight=1.00 guide_w=10.7 Walls=0.00017(x10) g_ns/g_walls=2.22 Windows=0.00046 Doors=0.00012 IC=0.00000 CO2_BC=0.00006 LR=1.48e-04 nu=0.01 NSraw=0.0539 alpha(W1/W8/all)=0.59/0.39/0.48 | 0.86 it/s
[Iter 36220/50000] Total=0.18762 | NS=0.18062 CO2(scaled)=0.00104 CO2_weight=1.00 guide_w=10.7 Walls=0.00048(x10) g_ns/g_walls=2.22 Windows=0.00094 Doors=0.00009 IC=0.00000 CO2_BC=0.00008 LR=1.48e-04 nu=0.01 NSraw=3.543 alpha(W1/W8/all)=0.59/0.39/0.48 | 0.86 it/s
[Iter 36230/50000] Total=0.03561 | NS=0.03174 CO2(scaled)=0.00059 CO2_weight=1.00 guide_w=10.7 Walls=0.00025(x10) g_ns/g_walls=2.22 Windows=0.00061 Doors=0.00012 IC=0.00000 CO2_BC=0.00006 LR=1.48e-04 nu=0.01 NSraw=0.0757 alpha(W1/W8/all)=0.59/0.39/0.48 | 0.86 it/s
[Iter 36240/50000] Total=0.09317 | NS=0.08561 CO2(scaled)=0.00108 CO2_weight=1.00 guide_w=10.7 Walls=0.00053(x10) g_ns/g_walls=2.22 Windows=0.00102 Doors=0.00013 IC=0.00000 CO2_BC=0.00006 LR=1.48e-04 nu=0.01 NSraw=0.9302 alpha(W1/W8/all)=0.59/0.39/0.48 | 0.86 it/s
[Iter 36250/50000] Total=0.03158 | NS=0.02799 CO2(scaled)=0.00062 CO2_weight=1.00 guide_w=10.7 Walls=0.00022(x10) g_ns/g_walls=2.22 Windows=0.00057 Doors=0.00010 IC=0.00000 CO2_BC=0.00006 LR=1.48e-04 nu=0.01 NSraw=0.05247 alpha(W1/W8/all)=0.59/0.39/0.48 | 0.86 it/s
[Iter 36260/50000] Total=0.05711 | NS=0.05282 CO2(scaled)=0.00048 CO2_weight=1.00 guide_w=10.7 Walls=0.00028(x10) g_ns/g_walls=2.22 Windows=0.00082 Doors=0.00010 IC=0.00000 CO2_BC=0.00005 LR=1.48e-04 nu=0.01 NSraw=0.2508 alpha(W1/W8/all)=0.59/0.39/0.48 | 0.86 it/s
[Iter 36270/50000] Total=0.09351 | NS=0.08531 CO2(scaled)=0.00065 CO2_weight=1.00 guide_w=10.7 Walls=0.00064(x10) g_ns/g_walls=2.22 Windows=0.00092 Doors=0.00013 IC=0.00000 CO2_BC=0.00005 LR=1.48e-04 nu=0.01 NSraw=0.5492 alpha(W1/W8/all)=0.59/0.39/0.48 | 0.86 it/s
[Iter 36280/50000] Total=0.06920 | NS=0.06168 CO2(scaled)=0.00066 CO2_weight=1.00 guide_w=10.7 Walls=0.00058(x10) g_ns/g_walls=2.22 Windows=0.00084 Doors=0.00014 IC=0.00000 CO2_BC=0.00006 LR=1.48e-04 nu=0.01 NSraw=0.2188 alpha(W1/W8/all)=0.59/0.39/0.48 | 0.86 it/s
[Iter 36290/50000] Total=0.04622 | NS=0.04168 CO2(scaled)=0.00083 CO2_weight=1.00 guide_w=10.7 Walls=0.00028(x10) g_ns/g_walls=2.22 Windows=0.00072 Doors=0.00010 IC=0.00000 CO2_BC=0.00006 LR=1.48e-04 nu=0.01 NSraw=0.1007 alpha(W1/W8/all)=0.59/0.39/0.48 | 0.86 it/s
[Iter 36300/50000] Total=0.06524 | NS=0.06156 CO2(scaled)=0.00075 CO2_weight=1.00 guide_w=4.16 Walls=0.00020(x10) g_ns/g_walls=1.32 Windows=0.00071 Doors=0.00014 IC=0.00000 CO2_BC=0.00005 LR=1.48e-04 nu=0.01 NSraw=0.2276 alpha(W1/W8/all)=0.59/0.39/0.48 | 0.86 it/s
[Iter 36310/50000] Total=0.74020 | NS=0.73495 CO2(scaled)=0.00084 CO2_weight=1.00 guide_w=4.16 Walls=0.00036(x10) g_ns/g_walls=1.32 Windows=0.00067 Doors=0.00013 IC=0.00000 CO2_BC=0.00006 LR=1.48e-04 nu=0.01 NSraw=106.6 alpha(W1/W8/all)=0.59/0.39/0.48 | 0.86 it/s
[Iter 36320/50000] Total=0.14066 | NS=0.13640 CO2(scaled)=0.00049 CO2_weight=1.00 guide_w=4.16 Walls=0.00030(x10) g_ns/g_walls=1.32 Windows=0.00061 Doors=0.00012 IC=0.00000 CO2_BC=0.00006 LR=1.48e-04 nu=0.01 NSraw=1.843 alpha(W1/W8/all)=0.59/0.39/0.48 | 0.86 it/s
[Iter 36330/50000] Total=0.20546 | NS=0.20278 CO2(scaled)=0.00051 CO2_weight=1.00 guide_w=4.16 Walls=0.00015(x10) g_ns/g_walls=1.32 Windows=0.00053 Doors=0.00013 IC=0.00000 CO2_BC=0.00005 LR=1.48e-04 nu=0.01 NSraw=6.829 alpha(W1/W8/all)=0.59/0.39/0.48 | 0.86 it/s
[Iter 36340/50000] Total=0.10708 | NS=0.10385 CO2(scaled)=0.00068 CO2_weight=1.00 guide_w=4.16 Walls=0.00018(x10) g_ns/g_walls=1.32 Windows=0.00060 Doors=0.00009 IC=0.00000 CO2_BC=0.00007 LR=1.47e-04 nu=0.01 NSraw=1.089 alpha(W1/W8/all)=0.59/0.39/0.48 | 0.86 it/s
[Iter 36350/50000] Total=0.24098 | NS=0.23597 CO2(scaled)=0.00058 CO2_weight=1.00 guide_w=4.16 Walls=0.00038(x10) g_ns/g_walls=1.32 Windows=0.00050 Doors=0.00011 IC=0.00000 CO2_BC=0.00006 LR=1.47e-04 nu=0.01 NSraw=10.24 alpha(W1/W8/all)=0.59/0.39/0.48 | 0.86 it/s
[Iter 36360/50000] Total=0.04315 | NS=0.03949 CO2(scaled)=0.00061 CO2_weight=1.00 guide_w=4.16 Walls=0.00023(x10) g_ns/g_walls=1.32 Windows=0.00055 Doors=0.00017 IC=0.00000 CO2_BC=0.00005 LR=1.47e-04 nu=0.01 NSraw=0.09221 alpha(W1/W8/all)=0.59/0.39/0.48 | 0.86 it/s
[Iter 36370/50000] Total=0.09447 | NS=0.08829 CO2(scaled)=0.00077 CO2_weight=1.00 guide_w=4.16 Walls=0.00046(x10) g_ns/g_walls=1.32 Windows=0.00068 Doors=0.00010 IC=0.00000 CO2_BC=0.00005 LR=1.47e-04 nu=0.01 NSraw=0.5088 alpha(W1/W8/all)=0.59/0.39/0.48 | 0.86 it/s
[Iter 36380/50000] Total=0.09384 | NS=0.08906 CO2(scaled)=0.00048 CO2_weight=1.00 guide_w=4.16 Walls=0.00035(x10) g_ns/g_walls=1.32 Windows=0.00060 Doors=0.00012 IC=0.00000 CO2_BC=0.00004 LR=1.47e-04 nu=0.01 NSraw=0.4604 alpha(W1/W8/all)=0.59/0.39/0.48 | 0.86 it/s
[Iter 36390/50000] Total=0.04874 | NS=0.04490 CO2(scaled)=0.00063 CO2_weight=1.00 guide_w=4.16 Walls=0.00025(x10) g_ns/g_walls=1.32 Windows=0.00054 Doors=0.00011 IC=0.00000 CO2_BC=0.00006 LR=1.47e-04 nu=0.01 NSraw=0.139 alpha(W1/W8/all)=0.59/0.39/0.48 | 0.86 it/s
[Iter 36400/50000] Total=0.09543 | NS=0.08833 CO2(scaled)=0.00080 CO2_weight=1.00 guide_w=70.5 Walls=0.00055(x10) g_ns/g_walls=34.7 Windows=0.00060 Doors=0.00014 IC=0.00000 CO2_BC=0.00008 LR=1.47e-04 nu=0.01 NSraw=0.5467 alpha(W1/W8/all)=0.59/0.39/0.48 | 0.86 it/s
[Iter 36410/50000] Total=0.07305 | NS=0.06804 CO2(scaled)=0.00054 CO2_weight=1.00 guide_w=70.5 Walls=0.00035(x10) g_ns/g_walls=34.7 Windows=0.00081 Doors=0.00013 IC=0.00000 CO2_BC=0.00006 LR=1.47e-04 nu=0.01 NSraw=0.3407 alpha(W1/W8/all)=0.59/0.39/0.48 | 0.86 it/s
[Iter 36420/50000] Total=0.04595 | NS=0.04288 CO2(scaled)=0.00062 CO2_weight=1.00 guide_w=70.5 Walls=0.00017(x10) g_ns/g_walls=34.7 Windows=0.00056 Doors=0.00012 IC=0.00000 CO2_BC=0.00005 LR=1.47e-04 nu=0.01 NSraw=0.1569 alpha(W1/W8/all)=0.59/0.39/0.48 | 0.86 it/s
[Iter 36430/50000] Total=0.07672 | NS=0.07289 CO2(scaled)=0.00055 CO2_weight=1.00 guide_w=70.5 Walls=0.00024(x10) g_ns/g_walls=34.7 Windows=0.00064 Doors=0.00014 IC=0.00000 CO2_BC=0.00007 LR=1.47e-04 nu=0.01 NSraw=0.3107 alpha(W1/W8/all)=0.59/0.39/0.48 | 0.86 it/s
[Iter 36440/50000] Total=0.02981 | NS=0.02642 CO2(scaled)=0.00062 CO2_weight=1.00 guide_w=70.5 Walls=0.00020(x10) g_ns/g_walls=34.7 Windows=0.00055 Doors=0.00011 IC=0.00000 CO2_BC=0.00006 LR=1.47e-04 nu=0.01 NSraw=0.03821 alpha(W1/W8/all)=0.59/0.39/0.48 | 0.86 it/s
[Iter 36450/50000] Total=0.05992 | NS=0.05509 CO2(scaled)=0.00070 CO2_weight=1.00 guide_w=70.5 Walls=0.00033(x10) g_ns/g_walls=34.7 Windows=0.00068 Doors=0.00011 IC=0.00000 CO2_BC=0.00005 LR=1.47e-04 nu=0.01 NSraw=0.1878 alpha(W1/W8/all)=0.59/0.39/0.48 | 0.86 it/s
[Iter 36460/50000] Total=0.04422 | NS=0.04061 CO2(scaled)=0.00055 CO2_weight=1.00 guide_w=70.5 Walls=0.00023(x10) g_ns/g_walls=34.7 Windows=0.00059 Doors=0.00010 IC=0.00000 CO2_BC=0.00006 LR=1.47e-04 nu=0.01 NSraw=0.1286 alpha(W1/W8/all)=0.59/0.39/0.48 | 0.86 it/s
[Iter 36470/50000] Total=0.03769 | NS=0.03196 CO2(scaled)=0.00159 CO2_weight=1.00 guide_w=70.5 Walls=0.00034(x10) g_ns/g_walls=34.7 Windows=0.00059 Doors=0.00013 IC=0.00000 CO2_BC=0.00007 LR=1.46e-04 nu=0.01 NSraw=0.06399 alpha(W1/W8/all)=0.59/0.39/0.48 | 0.86 it/s
[Iter 36480/50000] Total=0.34677 | NS=0.33928 CO2(scaled)=0.00080 CO2_weight=1.00 guide_w=70.5 Walls=0.00057(x10) g_ns/g_walls=34.7 Windows=0.00082 Doors=0.00014 IC=0.00000 CO2_BC=0.00006 LR=1.46e-04 nu=0.01 NSraw=22.46 alpha(W1/W8/all)=0.59/0.39/0.48 | 0.86 it/s
[Iter 36490/50000] Total=0.07423 | NS=0.06227 CO2(scaled)=0.00264 CO2_weight=1.00 guide_w=70.5 Walls=0.00085(x10) g_ns/g_walls=34.7 Windows=0.00063 Doors=0.00011 IC=0.00000 CO2_BC=0.00005 LR=1.46e-04 nu=0.01 NSraw=0.1833 alpha(W1/W8/all)=0.59/0.39/0.48 | 0.86 it/s
[Iter 36500/50000] Total=0.08969 | NS=0.08300 CO2(scaled)=0.00093 CO2_weight=1.00 guide_w=2.66 Walls=0.00049(x10) g_ns/g_walls=0.521 Windows=0.00072 Doors=0.00011 IC=0.00000 CO2_BC=0.00005 LR=1.46e-04 nu=0.01 NSraw=0.5487 alpha(W1/W8/all)=0.59/0.39/0.48 | 0.86 it/s
[Iter 36510/50000] Total=0.09655 | NS=0.08772 CO2(scaled)=0.00079 CO2_weight=1.00 guide_w=2.66 Walls=0.00069(x10) g_ns/g_walls=0.521 Windows=0.00091 Doors=0.00014 IC=0.00000 CO2_BC=0.00006 LR=1.46e-04 nu=0.01 NSraw=0.4516 alpha(W1/W8/all)=0.59/0.39/0.48 | 0.86 it/s
[Iter 36520/50000] Total=0.12452 | NS=0.11914 CO2(scaled)=0.00070 CO2_weight=1.00 guide_w=2.66 Walls=0.00039(x10) g_ns/g_walls=0.521 Windows=0.00060 Doors=0.00014 IC=0.00000 CO2_BC=0.00005 LR=1.46e-04 nu=0.01 NSraw=0.5704 alpha(W1/W8/all)=0.59/0.39/0.48 | 0.86 it/s
[Iter 36530/50000] Total=0.03226 | NS=0.02574 CO2(scaled)=0.00069 CO2_weight=1.00 guide_w=2.66 Walls=0.00053(x10) g_ns/g_walls=0.521 Windows=0.00038 Doors=0.00009 IC=0.00000 CO2_BC=0.00006 LR=1.46e-04 nu=0.01 NSraw=0.03906 alpha(W1/W8/all)=0.59/0.39/0.48 | 0.86 it/s
[Iter 36540/50000] Total=0.04883 | NS=0.04448 CO2(scaled)=0.00085 CO2_weight=1.00 guide_w=2.66 Walls=0.00028(x10) g_ns/g_walls=0.521 Windows=0.00043 Doors=0.00016 IC=0.00000 CO2_BC=0.00006 LR=1.46e-04 nu=0.01 NSraw=0.1603 alpha(W1/W8/all)=0.59/0.39/0.48 | 0.86 it/s
[Iter 36550/50000] Total=0.05026 | NS=0.04638 CO2(scaled)=0.00085 CO2_weight=1.00 guide_w=2.66 Walls=0.00022(x10) g_ns/g_walls=0.521 Windows=0.00060 Doors=0.00012 IC=0.00000 CO2_BC=0.00006 LR=1.46e-04 nu=0.01 NSraw=0.2759 alpha(W1/W8/all)=0.59/0.39/0.48 | 0.86 it/s
[Iter 36560/50000] Total=0.04667 | NS=0.04055 CO2(scaled)=0.00130 CO2_weight=1.00 guide_w=2.66 Walls=0.00040(x10) g_ns/g_walls=0.521 Windows=0.00065 Doors=0.00013 IC=0.00000 CO2_BC=0.00006 LR=1.46e-04 nu=0.01 NSraw=0.1068 alpha(W1/W8/all)=0.59/0.39/0.48 | 0.86 it/s
[Iter 36570/50000] Total=0.16581 | NS=0.16145 CO2(scaled)=0.00082 CO2_weight=1.00 guide_w=2.66 Walls=0.00027(x10) g_ns/g_walls=0.521 Windows=0.00058 Doors=0.00016 IC=0.00000 CO2_BC=0.00006 LR=1.46e-04 nu=0.01 NSraw=2.931 alpha(W1/W8/all)=0.59/0.39/0.48 | 0.86 it/s
[Iter 36580/50000] Total=0.07603 | NS=0.07105 CO2(scaled)=0.00082 CO2_weight=1.00 guide_w=2.66 Walls=0.00033(x10) g_ns/g_walls=0.521 Windows=0.00061 Doors=0.00017 IC=0.00000 CO2_BC=0.00006 LR=1.46e-04 nu=0.01 NSraw=0.2862 alpha(W1/W8/all)=0.59/0.39/0.48 | 0.86 it/s
[Iter 36590/50000] Total=0.04650 | NS=0.04014 CO2(scaled)=0.00067 CO2_weight=1.00 guide_w=2.66 Walls=0.00047(x10) g_ns/g_walls=0.521 Windows=0.00080 Doors=0.00012 IC=0.00000 CO2_BC=0.00007 LR=1.46e-04 nu=0.01 NSraw=0.07585 alpha(W1/W8/all)=0.59/0.39/0.48 | 0.86 it/s
[Iter 36600/50000] Total=0.04756 | NS=0.04066 CO2(scaled)=0.00065 CO2_weight=1.00 guide_w=5.04 Walls=0.00053(x10) g_ns/g_walls=0.527 Windows=0.00081 Doors=0.00011 IC=0.00000 CO2_BC=0.00006 LR=1.45e-04 nu=0.01 NSraw=0.09122 alpha(W1/W8/all)=0.59/0.39/0.48 | 0.86 it/s
[Iter 36610/50000] Total=0.09290 | NS=0.08421 CO2(scaled)=0.00128 CO2_weight=1.00 guide_w=5.04 Walls=0.00068(x10) g_ns/g_walls=0.527 Windows=0.00047 Doors=0.00014 IC=0.00000 CO2_BC=0.00006 LR=1.45e-04 nu=0.01 NSraw=1.01 alpha(W1/W8/all)=0.59/0.39/0.48 | 0.86 it/s
[Iter 36620/50000] Total=0.17386 | NS=0.16695 CO2(scaled)=0.00131 CO2_weight=1.00 guide_w=5.04 Walls=0.00045(x10) g_ns/g_walls=0.527 Windows=0.00091 Doors=0.00009 IC=0.00000 CO2_BC=0.00006 LR=1.45e-04 nu=0.01 NSraw=2.827 alpha(W1/W8/all)=0.59/0.39/0.48 | 0.86 it/s
[Iter 36630/50000] Total=0.03365 | NS=0.02861 CO2(scaled)=0.00097 CO2_weight=1.00 guide_w=5.04 Walls=0.00031(x10) g_ns/g_walls=0.527 Windows=0.00074 Doors=0.00017 IC=0.00000 CO2_BC=0.00007 LR=1.45e-04 nu=0.01 NSraw=0.0782 alpha(W1/W8/all)=0.59/0.39/0.48 | 0.86 it/s
[Iter 36640/50000] Total=0.08036 | NS=0.07645 CO2(scaled)=0.00086 CO2_weight=1.00 guide_w=5.04 Walls=0.00021(x10) g_ns/g_walls=0.527 Windows=0.00070 Doors=0.00014 IC=0.00000 CO2_BC=0.00007 LR=1.45e-04 nu=0.01 NSraw=0.4749 alpha(W1/W8/all)=0.59/0.39/0.48 | 0.86 it/s
[Iter 36650/50000] Total=0.05451 | NS=0.04010 CO2(scaled)=0.00080 CO2_weight=1.00 guide_w=5.04 Walls=0.00124(x10) g_ns/g_walls=0.527 Windows=0.00106 Doors=0.00010 IC=0.00000 CO2_BC=0.00006 LR=1.45e-04 nu=0.01 NSraw=0.1538 alpha(W1/W8/all)=0.59/0.39/0.48 | 0.86 it/s
[Iter 36660/50000] Total=0.06696 | NS=0.05772 CO2(scaled)=0.00101 CO2_weight=1.00 guide_w=5.04 Walls=0.00068(x10) g_ns/g_walls=0.527 Windows=0.00129 Doors=0.00011 IC=0.00000 CO2_BC=0.00006 LR=1.45e-04 nu=0.01 NSraw=0.2386 alpha(W1/W8/all)=0.59/0.39/0.48 | 0.86 it/s
[Iter 36670/50000] Total=0.15329 | NS=0.14802 CO2(scaled)=0.00076 CO2_weight=1.00 guide_w=5.04 Walls=0.00035(x10) g_ns/g_walls=0.527 Windows=0.00084 Doors=0.00014 IC=0.00000 CO2_BC=0.00006 LR=1.45e-04 nu=0.01 NSraw=2.152 alpha(W1/W8/all)=0.59/0.39/0.48 | 0.86 it/s
[Iter 36680/50000] Total=0.07328 | NS=0.06987 CO2(scaled)=0.00049 CO2_weight=1.00 guide_w=5.04 Walls=0.00020(x10) g_ns/g_walls=0.527 Windows=0.00074 Doors=0.00009 IC=0.00000 CO2_BC=0.00006 LR=1.45e-04 nu=0.01 NSraw=0.1733 alpha(W1/W8/all)=0.59/0.39/0.48 | 0.86 it/s
[Iter 36690/50000] Total=0.06005 | NS=0.05068 CO2(scaled)=0.00057 CO2_weight=1.00 guide_w=5.04 Walls=0.00077(x10) g_ns/g_walls=0.527 Windows=0.00093 Doors=0.00008 IC=0.00000 CO2_BC=0.00006 LR=1.45e-04 nu=0.01 NSraw=0.1764 alpha(W1/W8/all)=0.59/0.39/0.48 | 0.86 it/s
[Iter 36700/50000] Total=0.02315 | NS=0.01480 CO2(scaled)=0.00063 CO2_weight=1.00 guide_w=1.76 Walls=0.00065(x10) g_ns/g_walls=0.155 Windows=0.00101 Doors=0.00015 IC=0.00000 CO2_BC=0.00006 LR=1.45e-04 nu=0.01 NSraw=0.01852 alpha(W1/W8/all)=0.59/0.39/0.48 | 0.86 it/s
[Iter 36710/50000] Total=0.51284 | NS=0.50519 CO2(scaled)=0.00076 CO2_weight=1.00 guide_w=1.76 Walls=0.00062(x10) g_ns/g_walls=0.155 Windows=0.00048 Doors=0.00016 IC=0.00000 CO2_BC=0.00006 LR=1.45e-04 nu=0.01 NSraw=36.35 alpha(W1/W8/all)=0.59/0.39/0.48 | 0.86 it/s
[Iter 36720/50000] Total=0.16146 | NS=0.15812 CO2(scaled)=0.00067 CO2_weight=1.00 guide_w=1.76 Walls=0.00020(x10) g_ns/g_walls=0.155 Windows=0.00046 Doors=0.00016 IC=0.00000 CO2_BC=0.00006 LR=1.45e-04 nu=0.01 NSraw=2.646 alpha(W1/W8/all)=0.59/0.39/0.48 | 0.86 it/s
[Iter 36730/50000] Total=0.16270 | NS=0.15759 CO2(scaled)=0.00065 CO2_weight=1.00 guide_w=1.76 Walls=0.00036(x10) g_ns/g_walls=0.155 Windows=0.00058 Doors=0.00019 IC=0.00000 CO2_BC=0.00006 LR=1.44e-04 nu=0.01 NSraw=4.287 alpha(W1/W8/all)=0.59/0.39/0.48 | 0.86 it/s
[Iter 36740/50000] Total=0.06047 | NS=0.05535 CO2(scaled)=0.00063 CO2_weight=1.00 guide_w=1.76 Walls=0.00038(x10) g_ns/g_walls=0.155 Windows=0.00049 Doors=0.00011 IC=0.00000 CO2_BC=0.00006 LR=1.44e-04 nu=0.01 NSraw=0.2813 alpha(W1/W8/all)=0.59/0.39/0.48 | 0.86 it/s
[Iter 36750/50000] Total=0.13382 | NS=0.12801 CO2(scaled)=0.00061 CO2_weight=1.00 guide_w=1.76 Walls=0.00044(x10) g_ns/g_walls=0.155 Windows=0.00061 Doors=0.00013 IC=0.00000 CO2_BC=0.00006 LR=1.44e-04 nu=0.01 NSraw=1.218 alpha(W1/W8/all)=0.59/0.39/0.48 | 0.86 it/s
[Iter 36760/50000] Total=0.13466 | NS=0.13088 CO2(scaled)=0.00055 CO2_weight=1.00 guide_w=1.76 Walls=0.00024(x10) g_ns/g_walls=0.155 Windows=0.00060 Doors=0.00015 IC=0.00000 CO2_BC=0.00006 LR=1.44e-04 nu=0.01 NSraw=2.386 alpha(W1/W8/all)=0.59/0.39/0.48 | 0.86 it/s
[Iter 36770/50000] Total=0.03212 | NS=0.02500 CO2(scaled)=0.00066 CO2_weight=1.00 guide_w=1.76 Walls=0.00057(x10) g_ns/g_walls=0.155 Windows=0.00053 Doors=0.00013 IC=0.00000 CO2_BC=0.00007 LR=1.44e-04 nu=0.01 NSraw=0.03259 alpha(W1/W8/all)=0.59/0.39/0.48 | 0.86 it/s
[Iter 36780/50000] Total=0.04912 | NS=0.04515 CO2(scaled)=0.00055 CO2_weight=1.00 guide_w=1.76 Walls=0.00026(x10) g_ns/g_walls=0.155 Windows=0.00060 Doors=0.00017 IC=0.00000 CO2_BC=0.00006 LR=1.44e-04 nu=0.01 NSraw=0.1192 alpha(W1/W8/all)=0.59/0.39/0.48 | 0.86 it/s
[Iter 36790/50000] Total=0.06094 | NS=0.05573 CO2(scaled)=0.00062 CO2_weight=1.00 guide_w=1.76 Walls=0.00038(x10) g_ns/g_walls=0.155 Windows=0.00054 Doors=0.00015 IC=0.00000 CO2_BC=0.00005 LR=1.44e-04 nu=0.01 NSraw=0.1593 alpha(W1/W8/all)=0.59/0.39/0.48 | 0.86 it/s
[Iter 36800/50000] Total=0.02554 | NS=0.02199 CO2(scaled)=0.00064 CO2_weight=1.00 guide_w=4.38 Walls=0.00022(x10) g_ns/g_walls=1.14 Windows=0.00055 Doors=0.00009 IC=0.00000 CO2_BC=0.00006 LR=1.44e-04 nu=0.01 NSraw=0.03268 alpha(W1/W8/all)=0.59/0.39/0.48 | 0.86 it/s
[Iter 36810/50000] Total=0.03762 | NS=0.03251 CO2(scaled)=0.00071 CO2_weight=1.00 guide_w=4.38 Walls=0.00034(x10) g_ns/g_walls=1.14 Windows=0.00074 Doors=0.00014 IC=0.00000 CO2_BC=0.00007 LR=1.44e-04 nu=0.01 NSraw=0.07676 alpha(W1/W8/all)=0.59/0.39/0.48 | 0.86 it/s
[Iter 36820/50000] Total=0.02454 | NS=0.02128 CO2(scaled)=0.00057 CO2_weight=1.00 guide_w=4.38 Walls=0.00019(x10) g_ns/g_walls=1.14 Windows=0.00063 Doors=0.00012 IC=0.00000 CO2_BC=0.00005 LR=1.44e-04 nu=0.01 NSraw=0.03941 alpha(W1/W8/all)=0.59/0.39/0.48 | 0.86 it/s
[Iter 36830/50000] Total=0.07746 | NS=0.06888 CO2(scaled)=0.00069 CO2_weight=1.00 guide_w=4.38 Walls=0.00072(x10) g_ns/g_walls=1.14 Windows=0.00049 Doors=0.00016 IC=0.00000 CO2_BC=0.00005 LR=1.44e-04 nu=0.01 NSraw=0.2743 alpha(W1/W8/all)=0.59/0.39/0.48 | 0.86 it/s
[Iter 36840/50000] Total=0.02788 | NS=0.02255 CO2(scaled)=0.00091 CO2_weight=1.00 guide_w=4.38 Walls=0.00034(x10) g_ns/g_walls=1.14 Windows=0.00089 Doors=0.00011 IC=0.00000 CO2_BC=0.00006 LR=1.44e-04 nu=0.01 NSraw=0.03069 alpha(W1/W8/all)=0.59/0.39/0.48 | 0.86 it/s
[Iter 36850/50000] Total=0.29656 | NS=0.29085 CO2(scaled)=0.00077 CO2_weight=1.00 guide_w=4.38 Walls=0.00039(x10) g_ns/g_walls=1.14 Windows=0.00090 Doors=0.00009 IC=0.00000 CO2_BC=0.00006 LR=1.44e-04 nu=0.01 NSraw=18.39 alpha(W1/W8/all)=0.59/0.39/0.48 | 0.86 it/s
[Iter 36860/50000] Total=0.03914 | NS=0.03044 CO2(scaled)=0.00066 CO2_weight=1.00 guide_w=4.38 Walls=0.00073(x10) g_ns/g_walls=1.14 Windows=0.00056 Doors=0.00013 IC=0.00000 CO2_BC=0.00005 LR=1.43e-04 nu=0.01 NSraw=0.05473 alpha(W1/W8/all)=0.59/0.39/0.48 | 0.86 it/s
[Iter 36870/50000] Total=0.12333 | NS=0.11834 CO2(scaled)=0.00071 CO2_weight=1.00 guide_w=4.38 Walls=0.00036(x10) g_ns/g_walls=1.14 Windows=0.00051 Doors=0.00013 IC=0.00000 CO2_BC=0.00007 LR=1.43e-04 nu=0.01 NSraw=1.335 alpha(W1/W8/all)=0.59/0.39/0.48 | 0.86 it/s
[Iter 36880/50000] Total=0.02562 | NS=0.02244 CO2(scaled)=0.00063 CO2_weight=1.00 guide_w=4.38 Walls=0.00020(x10) g_ns/g_walls=1.14 Windows=0.00039 Doors=0.00012 IC=0.00000 CO2_BC=0.00006 LR=1.43e-04 nu=0.01 NSraw=0.05173 alpha(W1/W8/all)=0.59/0.39/0.48 | 0.86 it/s
[Iter 36890/50000] Total=0.02509 | NS=0.01998 CO2(scaled)=0.00080 CO2_weight=1.00 guide_w=4.38 Walls=0.00035(x10) g_ns/g_walls=1.14 Windows=0.00066 Doors=0.00011 IC=0.00000 CO2_BC=0.00005 LR=1.43e-04 nu=0.01 NSraw=0.03367 alpha(W1/W8/all)=0.59/0.39/0.48 | 0.86 it/s
[Iter 36900/50000] Total=0.06800 | NS=0.06476 CO2(scaled)=0.00072 CO2_weight=1.00 guide_w=4.33 Walls=0.00017(x10) g_ns/g_walls=1.04 Windows=0.00064 Doors=0.00016 IC=0.00000 CO2_BC=0.00006 LR=1.43e-04 nu=0.01 NSraw=0.4073 alpha(W1/W8/all)=0.59/0.39/0.48 | 0.86 it/s
[Iter 36910/50000] Total=0.03008 | NS=0.02139 CO2(scaled)=0.00052 CO2_weight=1.00 guide_w=4.33 Walls=0.00074(x10) g_ns/g_walls=1.04 Windows=0.00059 Doors=0.00011 IC=0.00000 CO2_BC=0.00006 LR=1.43e-04 nu=0.01 NSraw=0.0323 alpha(W1/W8/all)=0.59/0.39/0.48 | 0.86 it/s
[Iter 36920/50000] Total=0.07484 | NS=0.06832 CO2(scaled)=0.00065 CO2_weight=1.00 guide_w=4.33 Walls=0.00051(x10) g_ns/g_walls=1.04 Windows=0.00062 Doors=0.00014 IC=0.00000 CO2_BC=0.00005 LR=1.43e-04 nu=0.01 NSraw=0.353 alpha(W1/W8/all)=0.59/0.39/0.48 | 0.86 it/s
[Iter 36930/50000] Total=0.11816 | NS=0.11302 CO2(scaled)=0.00059 CO2_weight=1.00 guide_w=4.33 Walls=0.00037(x10) g_ns/g_walls=1.04 Windows=0.00071 Doors=0.00011 IC=0.00000 CO2_BC=0.00005 LR=1.43e-04 nu=0.01 NSraw=0.6939 alpha(W1/W8/all)=0.59/0.39/0.48 | 0.86 it/s
[Iter 36940/50000] Total=0.04821 | NS=0.03663 CO2(scaled)=0.00054 CO2_weight=1.00 guide_w=4.33 Walls=0.00096(x10) g_ns/g_walls=1.04 Windows=0.00122 Doors=0.00018 IC=0.00000 CO2_BC=0.00007 LR=1.43e-04 nu=0.01 NSraw=0.07459 alpha(W1/W8/all)=0.59/0.39/0.48 | 0.86 it/s
[Iter 36950/50000] Total=0.04302 | NS=0.03887 CO2(scaled)=0.00074 CO2_weight=1.00 guide_w=4.33 Walls=0.00026(x10) g_ns/g_walls=1.04 Windows=0.00058 Doors=0.00015 IC=0.00000 CO2_BC=0.00006 LR=1.43e-04 nu=0.01 NSraw=0.08809 alpha(W1/W8/all)=0.59/0.39/0.48 | 0.86 it/s
[Iter 36960/50000] Total=0.05089 | NS=0.04324 CO2(scaled)=0.00097 CO2_weight=1.00 guide_w=4.33 Walls=0.00058(x10) g_ns/g_walls=1.04 Windows=0.00074 Doors=0.00012 IC=0.00000 CO2_BC=0.00006 LR=1.43e-04 nu=0.01 NSraw=0.141 alpha(W1/W8/all)=0.59/0.39/0.48 | 0.86 it/s
[Iter 36970/50000] Total=0.05348 | NS=0.04861 CO2(scaled)=0.00055 CO2_weight=1.00 guide_w=4.33 Walls=0.00034(x10) g_ns/g_walls=1.04 Windows=0.00074 Doors=0.00010 IC=0.00000 CO2_BC=0.00005 LR=1.43e-04 nu=0.01 NSraw=0.1996 alpha(W1/W8/all)=0.59/0.39/0.48 | 0.86 it/s
[Iter 36980/50000] Total=0.02904 | NS=0.01655 CO2(scaled)=0.00071 CO2_weight=1.00 guide_w=4.33 Walls=0.00104(x10) g_ns/g_walls=1.04 Windows=0.00118 Doors=0.00011 IC=0.00000 CO2_BC=0.00005 LR=1.43e-04 nu=0.01 NSraw=0.02431 alpha(W1/W8/all)=0.59/0.39/0.48 | 0.86 it/s
[Iter 36990/50000] Total=0.13423 | NS=0.12397 CO2(scaled)=0.00081 CO2_weight=1.00 guide_w=4.33 Walls=0.00082(x10) g_ns/g_walls=1.04 Windows=0.00115 Doors=0.00010 IC=0.00000 CO2_BC=0.00006 LR=1.42e-04 nu=0.01 NSraw=1.479 alpha(W1/W8/all)=0.59/0.39/0.48 | 0.86 it/s
[Iter 37000/50000] Total=0.02432 | NS=0.01676 CO2(scaled)=0.00058 CO2_weight=1.00 guide_w=1.71 Walls=0.00061(x10) g_ns/g_walls=0.082 Windows=0.00075 Doors=0.00011 IC=0.00000 CO2_BC=0.00006 LR=1.42e-04 nu=0.01 NSraw=0.02272 alpha(W1/W8/all)=0.59/0.39/0.48 | 0.86 it/s
  -> saved checkpoint: /home/iai-labor/BuildingControlCFD/experiments/gnot/checkpoints/v24_fixedalpha_r50k/gnot_v24_fixedalpha_r50k_iter37000.pth
[Iter 37010/50000] Total=0.20754 | NS=0.19622 CO2(scaled)=0.00073 CO2_weight=1.00 guide_w=1.71 Walls=0.00095(x10) g_ns/g_walls=0.082 Windows=0.00096 Doors=0.00008 IC=0.00000 CO2_BC=0.00005 LR=1.42e-04 nu=0.01 NSraw=4.262 alpha(W1/W8/all)=0.59/0.39/0.48 | 0.86 it/s
[Iter 37020/50000] Total=0.52363 | NS=0.51959 CO2(scaled)=0.00063 CO2_weight=1.00 guide_w=1.71 Walls=0.00027(x10) g_ns/g_walls=0.082 Windows=0.00054 Doors=0.00010 IC=0.00000 CO2_BC=0.00005 LR=1.42e-04 nu=0.01 NSraw=34.91 alpha(W1/W8/all)=0.59/0.39/0.48 | 0.86 it/s
[Iter 37030/50000] Total=0.05204 | NS=0.04547 CO2(scaled)=0.00060 CO2_weight=1.00 guide_w=1.71 Walls=0.00053(x10) g_ns/g_walls=0.082 Windows=0.00053 Doors=0.00011 IC=0.00000 CO2_BC=0.00005 LR=1.42e-04 nu=0.01 NSraw=0.2324 alpha(W1/W8/all)=0.59/0.39/0.48 | 0.86 it/s
[Iter 37040/50000] Total=0.05199 | NS=0.04915 CO2(scaled)=0.00049 CO2_weight=1.00 guide_w=1.71 Walls=0.00017(x10) g_ns/g_walls=0.082 Windows=0.00041 Doors=0.00016 IC=0.00000 CO2_BC=0.00005 LR=1.42e-04 nu=0.01 NSraw=0.1317 alpha(W1/W8/all)=0.59/0.39/0.48 | 0.86 it/s
[Iter 37050/50000] Total=0.03576 | NS=0.03088 CO2(scaled)=0.00094 CO2_weight=1.00 guide_w=1.71 Walls=0.00032(x10) g_ns/g_walls=0.082 Windows=0.00062 Doors=0.00011 IC=0.00000 CO2_BC=0.00005 LR=1.42e-04 nu=0.01 NSraw=0.07624 alpha(W1/W8/all)=0.59/0.39/0.48 | 0.86 it/s
[Iter 37060/50000] Total=0.02168 | NS=0.01572 CO2(scaled)=0.00061 CO2_weight=1.00 guide_w=1.71 Walls=0.00045(x10) g_ns/g_walls=0.082 Windows=0.00066 Doors=0.00010 IC=0.00000 CO2_BC=0.00006 LR=1.42e-04 nu=0.01 NSraw=0.02776 alpha(W1/W8/all)=0.59/0.39/0.48 | 0.86 it/s
[Iter 37070/50000] Total=0.05759 | NS=0.05264 CO2(scaled)=0.00080 CO2_weight=1.00 guide_w=1.71 Walls=0.00032(x10) g_ns/g_walls=0.082 Windows=0.00073 Doors=0.00012 IC=0.00000 CO2_BC=0.00006 LR=1.42e-04 nu=0.01 NSraw=0.2477 alpha(W1/W8/all)=0.59/0.39/0.48 | 0.86 it/s
[Iter 37080/50000] Total=0.02994 | NS=0.02531 CO2(scaled)=0.00056 CO2_weight=1.00 guide_w=1.71 Walls=0.00033(x10) g_ns/g_walls=0.082 Windows=0.00058 Doors=0.00012 IC=0.00000 CO2_BC=0.00006 LR=1.42e-04 nu=0.01 NSraw=0.04793 alpha(W1/W8/all)=0.59/0.39/0.48 | 0.86 it/s
[Iter 37090/50000] Total=0.12161 | NS=0.11606 CO2(scaled)=0.00066 CO2_weight=1.00 guide_w=1.71 Walls=0.00039(x10) g_ns/g_walls=0.082 Windows=0.00079 Doors=0.00012 IC=0.00000 CO2_BC=0.00006 LR=1.42e-04 nu=0.01 NSraw=2.96 alpha(W1/W8/all)=0.59/0.39/0.48 | 0.86 it/s
[Iter 37100/50000] Total=0.08733 | NS=0.08438 CO2(scaled)=0.00057 CO2_weight=1.00 guide_w=3.04 Walls=0.00017(x10) g_ns/g_walls=0.589 Windows=0.00057 Doors=0.00010 IC=0.00000 CO2_BC=0.00006 LR=1.42e-04 nu=0.01 NSraw=0.4661 alpha(W1/W8/all)=0.59/0.39/0.48 | 0.86 it/s
[Iter 37110/50000] Total=0.09663 | NS=0.09123 CO2(scaled)=0.00097 CO2_weight=1.00 guide_w=3.04 Walls=0.00036(x10) g_ns/g_walls=0.589 Windows=0.00069 Doors=0.00010 IC=0.00000 CO2_BC=0.00006 LR=1.42e-04 nu=0.01 NSraw=1.349 alpha(W1/W8/all)=0.59/0.39/0.48 | 0.86 it/s
[Iter 37120/50000] Total=0.03018 | NS=0.02526 CO2(scaled)=0.00095 CO2_weight=1.00 guide_w=3.04 Walls=0.00031(x10) g_ns/g_walls=0.589 Windows=0.00064 Doors=0.00016 IC=0.00000 CO2_BC=0.00006 LR=1.41e-04 nu=0.01 NSraw=0.04221 alpha(W1/W8/all)=0.59/0.39/0.48 | 0.86 it/s
[Iter 37130/50000] Total=0.05311 | NS=0.04986 CO2(scaled)=0.00054 CO2_weight=1.00 guide_w=3.04 Walls=0.00019(x10) g_ns/g_walls=0.589 Windows=0.00062 Doors=0.00013 IC=0.00000 CO2_BC=0.00006 LR=1.41e-04 nu=0.01 NSraw=0.1631 alpha(W1/W8/all)=0.59/0.39/0.48 | 0.86 it/s
[Iter 37140/50000] Total=0.11501 | NS=0.11006 CO2(scaled)=0.00089 CO2_weight=1.00 guide_w=3.04 Walls=0.00034(x10) g_ns/g_walls=0.589 Windows=0.00043 Doors=0.00014 IC=0.00000 CO2_BC=0.00005 LR=1.41e-04 nu=0.01 NSraw=1.978 alpha(W1/W8/all)=0.59/0.39/0.48 | 0.86 it/s
[Iter 37150/50000] Total=0.09236 | NS=0.08891 CO2(scaled)=0.00062 CO2_weight=1.00 guide_w=3.04 Walls=0.00021(x10) g_ns/g_walls=0.589 Windows=0.00057 Doors=0.00013 IC=0.00000 CO2_BC=0.00007 LR=1.41e-04 nu=0.01 NSraw=0.4277 alpha(W1/W8/all)=0.59/0.39/0.48 | 0.86 it/s
[Iter 37160/50000] Total=0.04572 | NS=0.04064 CO2(scaled)=0.00071 CO2_weight=1.00 guide_w=3.04 Walls=0.00037(x10) g_ns/g_walls=0.589 Windows=0.00047 Doors=0.00018 IC=0.00000 CO2_BC=0.00005 LR=1.41e-04 nu=0.01 NSraw=0.09768 alpha(W1/W8/all)=0.59/0.39/0.48 | 0.86 it/s
[Iter 37170/50000] Total=0.07114 | NS=0.06700 CO2(scaled)=0.00053 CO2_weight=1.00 guide_w=3.04 Walls=0.00029(x10) g_ns/g_walls=0.589 Windows=0.00057 Doors=0.00013 IC=0.00000 CO2_BC=0.00006 LR=1.41e-04 nu=0.01 NSraw=0.436 alpha(W1/W8/all)=0.59/0.39/0.48 | 0.86 it/s
[Iter 37180/50000] Total=0.08707 | NS=0.08294 CO2(scaled)=0.00081 CO2_weight=1.00 guide_w=3.04 Walls=0.00026(x10) g_ns/g_walls=0.589 Windows=0.00050 Doors=0.00013 IC=0.00000 CO2_BC=0.00006 LR=1.41e-04 nu=0.01 NSraw=0.3732 alpha(W1/W8/all)=0.59/0.39/0.48 | 0.86 it/s
[Iter 37190/50000] Total=0.02703 | NS=0.02261 CO2(scaled)=0.00066 CO2_weight=1.00 guide_w=3.04 Walls=0.00031(x10) g_ns/g_walls=0.589 Windows=0.00051 Doors=0.00010 IC=0.00000 CO2_BC=0.00007 LR=1.41e-04 nu=0.01 NSraw=0.03895 alpha(W1/W8/all)=0.59/0.39/0.48 | 0.86 it/s
[Iter 37200/50000] Total=0.06596 | NS=0.06290 CO2(scaled)=0.00066 CO2_weight=1.00 guide_w=2.61 Walls=0.00017(x10) g_ns/g_walls=0.977 Windows=0.00058 Doors=0.00010 IC=0.00000 CO2_BC=0.00005 LR=1.41e-04 nu=0.01 NSraw=0.3624 alpha(W1/W8/all)=0.59/0.39/0.48 | 0.86 it/s
[Iter 37210/50000] Total=0.01916 | NS=0.01639 CO2(scaled)=0.00058 CO2_weight=1.00 guide_w=2.61 Walls=0.00016(x10) g_ns/g_walls=0.977 Windows=0.00036 Doors=0.00015 IC=0.00000 CO2_BC=0.00005 LR=1.41e-04 nu=0.01 NSraw=0.02305 alpha(W1/W8/all)=0.59/0.39/0.48 | 0.86 it/s
[Iter 37220/50000] Total=0.03461 | NS=0.03096 CO2(scaled)=0.00092 CO2_weight=1.00 guide_w=2.61 Walls=0.00020(x10) g_ns/g_walls=0.977 Windows=0.00055 Doors=0.00011 IC=0.00000 CO2_BC=0.00006 LR=1.41e-04 nu=0.01 NSraw=0.05712 alpha(W1/W8/all)=0.59/0.39/0.48 | 0.86 it/s
[Iter 37230/50000] Total=0.11103 | NS=0.10538 CO2(scaled)=0.00064 CO2_weight=1.00 guide_w=2.61 Walls=0.00039(x10) g_ns/g_walls=0.977 Windows=0.00090 Doors=0.00013 IC=0.00000 CO2_BC=0.00007 LR=1.41e-04 nu=0.01 NSraw=0.4901 alpha(W1/W8/all)=0.59/0.39/0.48 | 0.86 it/s
[Iter 37240/50000] Total=0.04117 | NS=0.03449 CO2(scaled)=0.00052 CO2_weight=1.00 guide_w=2.61 Walls=0.00052(x10) g_ns/g_walls=0.977 Windows=0.00075 Doors=0.00009 IC=0.00000 CO2_BC=0.00006 LR=1.41e-04 nu=0.01 NSraw=0.1132 alpha(W1/W8/all)=0.59/0.39/0.48 | 0.86 it/s
[Iter 37250/50000] Total=0.14488 | NS=0.13338 CO2(scaled)=0.00053 CO2_weight=1.00 guide_w=2.61 Walls=0.00095(x10) g_ns/g_walls=0.977 Windows=0.00124 Doors=0.00016 IC=0.00000 CO2_BC=0.00005 LR=1.41e-04 nu=0.01 NSraw=2.067 alpha(W1/W8/all)=0.59/0.39/0.48 | 0.86 it/s
[Iter 37260/50000] Total=0.19143 | NS=0.18556 CO2(scaled)=0.00058 CO2_weight=1.00 guide_w=2.61 Walls=0.00044(x10) g_ns/g_walls=0.977 Windows=0.00068 Doors=0.00018 IC=0.00000 CO2_BC=0.00006 LR=1.40e-04 nu=0.01 NSraw=1.982 alpha(W1/W8/all)=0.59/0.39/0.48 | 0.86 it/s
[Iter 37270/50000] Total=0.06657 | NS=0.06080 CO2(scaled)=0.00088 CO2_weight=1.00 guide_w=2.61 Walls=0.00042(x10) g_ns/g_walls=0.977 Windows=0.00053 Doors=0.00010 IC=0.00000 CO2_BC=0.00005 LR=1.40e-04 nu=0.01 NSraw=0.1414 alpha(W1/W8/all)=0.59/0.39/0.48 | 0.86 it/s
[Iter 37280/50000] Total=0.05027 | NS=0.04555 CO2(scaled)=0.00079 CO2_weight=1.00 guide_w=2.61 Walls=0.00033(x10) g_ns/g_walls=0.977 Windows=0.00050 Doors=0.00011 IC=0.00000 CO2_BC=0.00006 LR=1.40e-04 nu=0.01 NSraw=0.1038 alpha(W1/W8/all)=0.59/0.39/0.48 | 0.86 it/s
[Iter 37290/50000] Total=0.18606 | NS=0.18192 CO2(scaled)=0.00070 CO2_weight=1.00 guide_w=2.61 Walls=0.00026(x10) g_ns/g_walls=0.977 Windows=0.00065 Doors=0.00010 IC=0.00000 CO2_BC=0.00005 LR=1.40e-04 nu=0.01 NSraw=6.501 alpha(W1/W8/all)=0.59/0.39/0.48 | 0.86 it/s
[Iter 37300/50000] Total=0.05113 | NS=0.04010 CO2(scaled)=0.00063 CO2_weight=1.00 guide_w=15 Walls=0.00094(x10) g_ns/g_walls=4.26 Windows=0.00081 Doors=0.00013 IC=0.00000 CO2_BC=0.00006 LR=1.40e-04 nu=0.01 NSraw=0.09586 alpha(W1/W8/all)=0.59/0.39/0.48 | 0.86 it/s
[Iter 37310/50000] Total=0.04895 | NS=0.04469 CO2(scaled)=0.00060 CO2_weight=1.00 guide_w=15 Walls=0.00025(x10) g_ns/g_walls=4.26 Windows=0.00099 Doors=0.00010 IC=0.00000 CO2_BC=0.00006 LR=1.40e-04 nu=0.01 NSraw=0.1336 alpha(W1/W8/all)=0.59/0.39/0.48 | 0.86 it/s
[Iter 37320/50000] Total=0.04052 | NS=0.03678 CO2(scaled)=0.00075 CO2_weight=1.00 guide_w=15 Walls=0.00021(x10) g_ns/g_walls=4.26 Windows=0.00078 Doors=0.00010 IC=0.00000 CO2_BC=0.00005 LR=1.40e-04 nu=0.01 NSraw=0.09831 alpha(W1/W8/all)=0.59/0.39/0.48 | 0.86 it/s
[Iter 37330/50000] Total=0.05554 | NS=0.05275 CO2(scaled)=0.00059 CO2_weight=1.00 guide_w=15 Walls=0.00016(x10) g_ns/g_walls=4.26 Windows=0.00040 Doors=0.00013 IC=0.00000 CO2_BC=0.00006 LR=1.40e-04 nu=0.01 NSraw=0.182 alpha(W1/W8/all)=0.59/0.39/0.48 | 0.86 it/s
[Iter 37340/50000] Total=0.04935 | NS=0.04415 CO2(scaled)=0.00091 CO2_weight=1.00 guide_w=15 Walls=0.00035(x10) g_ns/g_walls=4.26 Windows=0.00060 Doors=0.00015 IC=0.00000 CO2_BC=0.00005 LR=1.40e-04 nu=0.01 NSraw=0.144 alpha(W1/W8/all)=0.59/0.39/0.48 | 0.86 it/s
[Iter 37350/50000] Total=0.05552 | NS=0.04981 CO2(scaled)=0.00070 CO2_weight=1.00 guide_w=15 Walls=0.00041(x10) g_ns/g_walls=4.26 Windows=0.00064 Doors=0.00016 IC=0.00000 CO2_BC=0.00006 LR=1.40e-04 nu=0.01 NSraw=0.1384 alpha(W1/W8/all)=0.59/0.39/0.48 | 0.86 it/s
[Iter 37360/50000] Total=0.02573 | NS=0.02306 CO2(scaled)=0.00053 CO2_weight=1.00 guide_w=15 Walls=0.00015(x10) g_ns/g_walls=4.26 Windows=0.00047 Doors=0.00015 IC=0.00000 CO2_BC=0.00007 LR=1.40e-04 nu=0.01 NSraw=0.04658 alpha(W1/W8/all)=0.59/0.39/0.48 | 0.86 it/s
[Iter 37370/50000] Total=0.04452 | NS=0.03573 CO2(scaled)=0.00053 CO2_weight=1.00 guide_w=15 Walls=0.00075(x10) g_ns/g_walls=4.26 Windows=0.00055 Doors=0.00015 IC=0.00000 CO2_BC=0.00006 LR=1.40e-04 nu=0.01 NSraw=0.1404 alpha(W1/W8/all)=0.59/0.39/0.48 | 0.86 it/s
[Iter 37380/50000] Total=0.52698 | NS=0.51741 CO2(scaled)=0.00049 CO2_weight=1.00 guide_w=15 Walls=0.00079(x10) g_ns/g_walls=4.26 Windows=0.00103 Doors=0.00012 IC=0.00000 CO2_BC=0.00005 LR=1.40e-04 nu=0.01 NSraw=33.75 alpha(W1/W8/all)=0.59/0.39/0.48 | 0.86 it/s
[Iter 37390/50000] Total=0.07627 | NS=0.07001 CO2(scaled)=0.00076 CO2_weight=1.00 guide_w=15 Walls=0.00046(x10) g_ns/g_walls=4.26 Windows=0.00071 Doors=0.00015 IC=0.00000 CO2_BC=0.00006 LR=1.39e-04 nu=0.01 NSraw=0.2064 alpha(W1/W8/all)=0.59/0.39/0.48 | 0.86 it/s
[Iter 37400/50000] Total=0.05774 | NS=0.05404 CO2(scaled)=0.00067 CO2_weight=1.00 guide_w=8.33 Walls=0.00023(x10) g_ns/g_walls=1.44 Windows=0.00056 Doors=0.00016 IC=0.00000 CO2_BC=0.00005 LR=1.39e-04 nu=0.01 NSraw=0.2513 alpha(W1/W8/all)=0.59/0.39/0.48 | 0.86 it/s
[Iter 37410/50000] Total=0.03622 | NS=0.03239 CO2(scaled)=0.00055 CO2_weight=1.00 guide_w=8.33 Walls=0.00025(x10) g_ns/g_walls=1.44 Windows=0.00056 Doors=0.00016 IC=0.00000 CO2_BC=0.00005 LR=1.39e-04 nu=0.01 NSraw=0.09691 alpha(W1/W8/all)=0.59/0.39/0.48 | 0.86 it/s
[Iter 37420/50000] Total=0.06494 | NS=0.05960 CO2(scaled)=0.00118 CO2_weight=1.00 guide_w=8.33 Walls=0.00033(x10) g_ns/g_walls=1.44 Windows=0.00065 Doors=0.00018 IC=0.00000 CO2_BC=0.00005 LR=1.39e-04 nu=0.01 NSraw=0.1736 alpha(W1/W8/all)=0.59/0.39/0.48 | 0.86 it/s
[Iter 37430/50000] Total=0.21298 | NS=0.20851 CO2(scaled)=0.00067 CO2_weight=1.00 guide_w=8.33 Walls=0.00028(x10) g_ns/g_walls=1.44 Windows=0.00073 Doors=0.00020 IC=0.00000 CO2_BC=0.00006 LR=1.39e-04 nu=0.01 NSraw=6.891 alpha(W1/W8/all)=0.59/0.39/0.48 | 0.86 it/s
[Iter 37440/50000] Total=0.04158 | NS=0.03771 CO2(scaled)=0.00060 CO2_weight=1.00 guide_w=8.33 Walls=0.00024(x10) g_ns/g_walls=1.44 Windows=0.00067 Doors=0.00017 IC=0.00000 CO2_BC=0.00007 LR=1.39e-04 nu=0.01 NSraw=0.1131 alpha(W1/W8/all)=0.59/0.39/0.48 | 0.86 it/s
[Iter 37450/50000] Total=0.02317 | NS=0.01853 CO2(scaled)=0.00078 CO2_weight=1.00 guide_w=8.33 Walls=0.00031(x10) g_ns/g_walls=1.44 Windows=0.00058 Doors=0.00015 IC=0.00000 CO2_BC=0.00006 LR=1.39e-04 nu=0.01 NSraw=0.02973 alpha(W1/W8/all)=0.59/0.39/0.48 | 0.86 it/s
[Iter 37460/50000] Total=0.03567 | NS=0.03169 CO2(scaled)=0.00054 CO2_weight=1.00 guide_w=8.33 Walls=0.00026(x10) g_ns/g_walls=1.44 Windows=0.00057 Doors=0.00017 IC=0.00000 CO2_BC=0.00006 LR=1.39e-04 nu=0.01 NSraw=0.1004 alpha(W1/W8/all)=0.59/0.39/0.48 | 0.86 it/s
[Iter 37470/50000] Total=0.09411 | NS=0.09110 CO2(scaled)=0.00044 CO2_weight=1.00 guide_w=8.33 Walls=0.00018(x10) g_ns/g_walls=1.44 Windows=0.00055 Doors=0.00014 IC=0.00000 CO2_BC=0.00005 LR=1.39e-04 nu=0.01 NSraw=0.5487 alpha(W1/W8/all)=0.59/0.39/0.48 | 0.86 it/s
[Iter 37480/50000] Total=0.04392 | NS=0.03899 CO2(scaled)=0.00077 CO2_weight=1.00 guide_w=8.33 Walls=0.00033(x10) g_ns/g_walls=1.44 Windows=0.00073 Doors=0.00011 IC=0.00000 CO2_BC=0.00005 LR=1.39e-04 nu=0.01 NSraw=0.1081 alpha(W1/W8/all)=0.59/0.39/0.48 | 0.86 it/s
[Iter 37490/50000] Total=0.19123 | NS=0.18707 CO2(scaled)=0.00059 CO2_weight=1.00 guide_w=8.33 Walls=0.00027(x10) g_ns/g_walls=1.44 Windows=0.00069 Doors=0.00011 IC=0.00000 CO2_BC=0.00004 LR=1.39e-04 nu=0.01 NSraw=4.663 alpha(W1/W8/all)=0.59/0.39/0.48 | 0.86 it/s
[Iter 37500/50000] Total=0.11433 | NS=0.10888 CO2(scaled)=0.00064 CO2_weight=1.00 guide_w=10.2 Walls=0.00038(x10) g_ns/g_walls=0.72 Windows=0.00075 Doors=0.00015 IC=0.00000 CO2_BC=0.00006 LR=1.39e-04 nu=0.01 NSraw=0.7374 alpha(W1/W8/all)=0.59/0.39/0.48 | 0.86 it/s
[Iter 37510/50000] Total=0.08871 | NS=0.08431 CO2(scaled)=0.00056 CO2_weight=1.00 guide_w=10.2 Walls=0.00031(x10) g_ns/g_walls=0.72 Windows=0.00062 Doors=0.00010 IC=0.00000 CO2_BC=0.00005 LR=1.39e-04 nu=0.01 NSraw=0.4568 alpha(W1/W8/all)=0.59/0.39/0.48 | 0.86 it/s
[Iter 37520/50000] Total=0.14215 | NS=0.13930 CO2(scaled)=0.00067 CO2_weight=1.00 guide_w=10.2 Walls=0.00016(x10) g_ns/g_walls=0.72 Windows=0.00047 Doors=0.00008 IC=0.00000 CO2_BC=0.00006 LR=1.39e-04 nu=0.01 NSraw=1.865 alpha(W1/W8/all)=0.59/0.39/0.48 | 0.86 it/s
[Iter 37530/50000] Total=0.04852 | NS=0.04347 CO2(scaled)=0.00072 CO2_weight=1.00 guide_w=10.2 Walls=0.00035(x10) g_ns/g_walls=0.72 Windows=0.00069 Doors=0.00013 IC=0.00000 CO2_BC=0.00006 LR=1.38e-04 nu=0.01 NSraw=0.1172 alpha(W1/W8/all)=0.59/0.39/0.48 | 0.86 it/s
[Iter 37540/50000] Total=0.03991 | NS=0.03654 CO2(scaled)=0.00053 CO2_weight=1.00 guide_w=10.2 Walls=0.00020(x10) g_ns/g_walls=0.72 Windows=0.00060 Doors=0.00015 IC=0.00000 CO2_BC=0.00006 LR=1.38e-04 nu=0.01 NSraw=0.08755 alpha(W1/W8/all)=0.59/0.39/0.48 | 0.86 it/s
[Iter 37550/50000] Total=0.05259 | NS=0.03339 CO2(scaled)=0.00080 CO2_weight=1.00 guide_w=10.2 Walls=0.00167(x10) g_ns/g_walls=0.72 Windows=0.00156 Doors=0.00015 IC=0.00000 CO2_BC=0.00004 LR=1.38e-04 nu=0.01 NSraw=0.06838 alpha(W1/W8/all)=0.59/0.39/0.48 | 0.86 it/s
[Iter 37560/50000] Total=0.08983 | NS=0.08116 CO2(scaled)=0.00053 CO2_weight=1.00 guide_w=10.2 Walls=0.00067(x10) g_ns/g_walls=0.72 Windows=0.00123 Doors=0.00011 IC=0.00000 CO2_BC=0.00005 LR=1.38e-04 nu=0.01 NSraw=0.4395 alpha(W1/W8/all)=0.59/0.39/0.48 | 0.86 it/s
[Iter 37570/50000] Total=0.36398 | NS=0.35551 CO2(scaled)=0.00055 CO2_weight=1.00 guide_w=10.2 Walls=0.00068(x10) g_ns/g_walls=0.72 Windows=0.00099 Doors=0.00011 IC=0.00000 CO2_BC=0.00005 LR=1.38e-04 nu=0.01 NSraw=25.21 alpha(W1/W8/all)=0.59/0.39/0.48 | 0.86 it/s
[Iter 37580/50000] Total=0.05797 | NS=0.04631 CO2(scaled)=0.00111 CO2_weight=1.00 guide_w=10.2 Walls=0.00097(x10) g_ns/g_walls=0.72 Windows=0.00072 Doors=0.00013 IC=0.00000 CO2_BC=0.00005 LR=1.38e-04 nu=0.01 NSraw=0.1109 alpha(W1/W8/all)=0.59/0.39/0.48 | 0.86 it/s
[Iter 37590/50000] Total=0.25363 | NS=0.24864 CO2(scaled)=0.00075 CO2_weight=1.00 guide_w=10.2 Walls=0.00035(x10) g_ns/g_walls=0.72 Windows=0.00049 Doors=0.00015 IC=0.00000 CO2_BC=0.00006 LR=1.38e-04 nu=0.01 NSraw=9.985 alpha(W1/W8/all)=0.59/0.39/0.48 | 0.86 it/s
[Iter 37600/50000] Total=0.04590 | NS=0.04220 CO2(scaled)=0.00058 CO2_weight=1.00 guide_w=49.4 Walls=0.00024(x10) g_ns/g_walls=3.12 Windows=0.00053 Doors=0.00009 IC=0.00000 CO2_BC=0.00005 LR=1.38e-04 nu=0.01 NSraw=0.2453 alpha(W1/W8/all)=0.59/0.39/0.48 | 0.86 it/s
[Iter 37610/50000] Total=0.23958 | NS=0.23615 CO2(scaled)=0.00053 CO2_weight=1.00 guide_w=49.4 Walls=0.00022(x10) g_ns/g_walls=3.12 Windows=0.00058 Doors=0.00010 IC=0.00000 CO2_BC=0.00006 LR=1.38e-04 nu=0.01 NSraw=10.99 alpha(W1/W8/all)=0.59/0.39/0.48 | 0.86 it/s
[Iter 37620/50000] Total=0.05988 | NS=0.05634 CO2(scaled)=0.00060 CO2_weight=1.00 guide_w=49.4 Walls=0.00021(x10) g_ns/g_walls=3.12 Windows=0.00058 Doors=0.00016 IC=0.00000 CO2_BC=0.00006 LR=1.38e-04 nu=0.01 NSraw=0.2444 alpha(W1/W8/all)=0.59/0.39/0.48 | 0.86 it/s
[Iter 37630/50000] Total=0.06858 | NS=0.06259 CO2(scaled)=0.00054 CO2_weight=1.00 guide_w=49.4 Walls=0.00045(x10) g_ns/g_walls=3.12 Windows=0.00073 Doors=0.00012 IC=0.00000 CO2_BC=0.00007 LR=1.38e-04 nu=0.01 NSraw=0.2806 alpha(W1/W8/all)=0.59/0.39/0.48 | 0.86 it/s
[Iter 37640/50000] Total=0.20789 | NS=0.20304 CO2(scaled)=0.00050 CO2_weight=1.00 guide_w=49.4 Walls=0.00034(x10) g_ns/g_walls=3.12 Windows=0.00080 Doors=0.00012 IC=0.00000 CO2_BC=0.00006 LR=1.38e-04 nu=0.01 NSraw=8.977 alpha(W1/W8/all)=0.59/0.39/0.48 | 0.86 it/s
[Iter 37650/50000] Total=0.05846 | NS=0.05262 CO2(scaled)=0.00085 CO2_weight=1.00 guide_w=49.4 Walls=0.00042(x10) g_ns/g_walls=3.12 Windows=0.00066 Doors=0.00011 IC=0.00000 CO2_BC=0.00006 LR=1.38e-04 nu=0.01 NSraw=0.1635 alpha(W1/W8/all)=0.59/0.39/0.48 | 0.86 it/s
[Iter 37660/50000] Total=0.06678 | NS=0.06080 CO2(scaled)=0.00084 CO2_weight=1.00 guide_w=49.4 Walls=0.00040(x10) g_ns/g_walls=3.12 Windows=0.00096 Doors=0.00013 IC=0.00000 CO2_BC=0.00006 LR=1.38e-04 nu=0.01 NSraw=0.1478 alpha(W1/W8/all)=0.59/0.39/0.48 | 0.86 it/s
[Iter 37670/50000] Total=0.03436 | NS=0.02583 CO2(scaled)=0.00063 CO2_weight=1.00 guide_w=49.4 Walls=0.00072(x10) g_ns/g_walls=3.12 Windows=0.00058 Doors=0.00011 IC=0.00000 CO2_BC=0.00006 LR=1.37e-04 nu=0.01 NSraw=0.04198 alpha(W1/W8/all)=0.59/0.39/0.48 | 0.86 it/s
[Iter 37680/50000] Total=0.01989 | NS=0.01687 CO2(scaled)=0.00043 CO2_weight=1.00 guide_w=49.4 Walls=0.00018(x10) g_ns/g_walls=3.12 Windows=0.00054 Doors=0.00018 IC=0.00000 CO2_BC=0.00006 LR=1.37e-04 nu=0.01 NSraw=0.02329 alpha(W1/W8/all)=0.59/0.39/0.48 | 0.86 it/s
[Iter 37690/50000] Total=0.04707 | NS=0.04219 CO2(scaled)=0.00060 CO2_weight=1.00 guide_w=49.4 Walls=0.00035(x10) g_ns/g_walls=3.12 Windows=0.00058 Doors=0.00013 IC=0.00000 CO2_BC=0.00006 LR=1.37e-04 nu=0.01 NSraw=0.1351 alpha(W1/W8/all)=0.59/0.39/0.48 | 0.86 it/s
[Iter 37700/50000] Total=0.04024 | NS=0.03391 CO2(scaled)=0.00065 CO2_weight=1.00 guide_w=7.27 Walls=0.00050(x10) g_ns/g_walls=0.358 Windows=0.00055 Doors=0.00013 IC=0.00000 CO2_BC=0.00005 LR=1.37e-04 nu=0.01 NSraw=0.06875 alpha(W1/W8/all)=0.59/0.39/0.48 | 0.86 it/s
[Iter 37710/50000] Total=0.07388 | NS=0.06572 CO2(scaled)=0.00050 CO2_weight=1.00 guide_w=7.27 Walls=0.00068(x10) g_ns/g_walls=0.358 Windows=0.00075 Doors=0.00009 IC=0.00000 CO2_BC=0.00006 LR=1.37e-04 nu=0.01 NSraw=0.3207 alpha(W1/W8/all)=0.59/0.39/0.48 | 0.86 it/s
[Iter 37720/50000] Total=0.04210 | NS=0.03753 CO2(scaled)=0.00061 CO2_weight=1.00 guide_w=7.27 Walls=0.00031(x10) g_ns/g_walls=0.358 Windows=0.00070 Doors=0.00014 IC=0.00000 CO2_BC=0.00005 LR=1.37e-04 nu=0.01 NSraw=0.07631 alpha(W1/W8/all)=0.59/0.39/0.48 | 0.86 it/s
[Iter 37730/50000] Total=0.03301 | NS=0.02785 CO2(scaled)=0.00083 CO2_weight=1.00 guide_w=7.27 Walls=0.00037(x10) g_ns/g_walls=0.358 Windows=0.00049 Doors=0.00009 IC=0.00000 CO2_BC=0.00006 LR=1.37e-04 nu=0.01 NSraw=0.05353 alpha(W1/W8/all)=0.59/0.39/0.48 | 0.86 it/s
[Iter 37740/50000] Total=0.02874 | NS=0.02517 CO2(scaled)=0.00077 CO2_weight=1.00 guide_w=7.27 Walls=0.00022(x10) g_ns/g_walls=0.358 Windows=0.00041 Doors=0.00013 IC=0.00000 CO2_BC=0.00005 LR=1.37e-04 nu=0.01 NSraw=0.04158 alpha(W1/W8/all)=0.59/0.39/0.48 | 0.86 it/s
[Iter 37750/50000] Total=0.03309 | NS=0.02966 CO2(scaled)=0.00071 CO2_weight=1.00 guide_w=7.27 Walls=0.00020(x10) g_ns/g_walls=0.358 Windows=0.00050 Doors=0.00011 IC=0.00000 CO2_BC=0.00007 LR=1.37e-04 nu=0.01 NSraw=0.05085 alpha(W1/W8/all)=0.59/0.39/0.48 | 0.86 it/s
[Iter 37760/50000] Total=0.03400 | NS=0.03056 CO2(scaled)=0.00058 CO2_weight=1.00 guide_w=7.27 Walls=0.00024(x10) g_ns/g_walls=0.358 Windows=0.00038 Doors=0.00007 IC=0.00000 CO2_BC=0.00005 LR=1.37e-04 nu=0.01 NSraw=0.05541 alpha(W1/W8/all)=0.59/0.39/0.48 | 0.86 it/s
[Iter 37770/50000] Total=0.03097 | NS=0.02769 CO2(scaled)=0.00061 CO2_weight=1.00 guide_w=7.27 Walls=0.00021(x10) g_ns/g_walls=0.358 Windows=0.00043 Doors=0.00010 IC=0.00000 CO2_BC=0.00005 LR=1.37e-04 nu=0.01 NSraw=0.06153 alpha(W1/W8/all)=0.59/0.39/0.48 | 0.86 it/s
[Iter 37780/50000] Total=0.03339 | NS=0.03014 CO2(scaled)=0.00089 CO2_weight=1.00 guide_w=7.27 Walls=0.00017(x10) g_ns/g_walls=0.358 Windows=0.00055 Doors=0.00010 IC=0.00000 CO2_BC=0.00005 LR=1.37e-04 nu=0.01 NSraw=0.05659 alpha(W1/W8/all)=0.59/0.39/0.48 | 0.86 it/s
[Iter 37790/50000] Total=0.14686 | NS=0.14443 CO2(scaled)=0.00063 CO2_weight=1.00 guide_w=7.27 Walls=0.00012(x10) g_ns/g_walls=0.358 Windows=0.00044 Doors=0.00012 IC=0.00000 CO2_BC=0.00007 LR=1.37e-04 nu=0.01 NSraw=2.248 alpha(W1/W8/all)=0.59/0.39/0.48 | 0.86 it/s
[Iter 37800/50000] Total=0.06815 | NS=0.05216 CO2(scaled)=0.00101 CO2_weight=1.00 guide_w=3.5 Walls=0.00134(x10) g_ns/g_walls=0.272 Windows=0.00141 Doors=0.00012 IC=0.00000 CO2_BC=0.00007 LR=1.37e-04 nu=0.01 NSraw=0.1878 alpha(W1/W8/all)=0.59/0.39/0.48 | 0.86 it/s
[Iter 37810/50000] Total=0.05743 | NS=0.04856 CO2(scaled)=0.00052 CO2_weight=1.00 guide_w=3.5 Walls=0.00071(x10) g_ns/g_walls=0.272 Windows=0.00112 Doors=0.00011 IC=0.00000 CO2_BC=0.00006 LR=1.36e-04 nu=0.01 NSraw=0.1443 alpha(W1/W8/all)=0.59/0.39/0.48 | 0.86 it/s
[Iter 37820/50000] Total=0.03615 | NS=0.02792 CO2(scaled)=0.00062 CO2_weight=1.00 guide_w=3.5 Walls=0.00068(x10) g_ns/g_walls=0.272 Windows=0.00066 Doors=0.00010 IC=0.00000 CO2_BC=0.00006 LR=1.36e-04 nu=0.01 NSraw=0.05645 alpha(W1/W8/all)=0.59/0.39/0.48 | 0.86 it/s
[Iter 37830/50000] Total=0.51535 | NS=0.51141 CO2(scaled)=0.00054 CO2_weight=1.00 guide_w=3.5 Walls=0.00028(x10) g_ns/g_walls=0.272 Windows=0.00045 Doors=0.00012 IC=0.00000 CO2_BC=0.00006 LR=1.36e-04 nu=0.01 NSraw=58.02 alpha(W1/W8/all)=0.59/0.39/0.48 | 0.86 it/s
[Iter 37840/50000] Total=0.08484 | NS=0.07962 CO2(scaled)=0.00078 CO2_weight=1.00 guide_w=3.5 Walls=0.00037(x10) g_ns/g_walls=0.272 Windows=0.00061 Doors=0.00008 IC=0.00000 CO2_BC=0.00006 LR=1.36e-04 nu=0.01 NSraw=0.4259 alpha(W1/W8/all)=0.59/0.39/0.48 | 0.86 it/s
[Iter 37850/50000] Total=0.14905 | NS=0.14440 CO2(scaled)=0.00123 CO2_weight=1.00 guide_w=3.5 Walls=0.00026(x10) g_ns/g_walls=0.272 Windows=0.00062 Doors=0.00014 IC=0.00000 CO2_BC=0.00006 LR=1.36e-04 nu=0.01 NSraw=3.45 alpha(W1/W8/all)=0.59/0.39/0.48 | 0.86 it/s
[Iter 37860/50000] Total=0.42035 | NS=0.41490 CO2(scaled)=0.00067 CO2_weight=1.00 guide_w=3.5 Walls=0.00040(x10) g_ns/g_walls=0.272 Windows=0.00057 Doors=0.00014 IC=0.00000 CO2_BC=0.00005 LR=1.36e-04 nu=0.01 NSraw=27.98 alpha(W1/W8/all)=0.59/0.39/0.48 | 0.86 it/s
[Iter 37870/50000] Total=0.06594 | NS=0.05997 CO2(scaled)=0.00065 CO2_weight=1.00 guide_w=3.5 Walls=0.00044(x10) g_ns/g_walls=0.272 Windows=0.00079 Doors=0.00011 IC=0.00000 CO2_BC=0.00006 LR=1.36e-04 nu=0.01 NSraw=0.2172 alpha(W1/W8/all)=0.59/0.39/0.48 | 0.86 it/s
[Iter 37880/50000] Total=0.31760 | NS=0.31217 CO2(scaled)=0.00075 CO2_weight=1.00 guide_w=3.5 Walls=0.00037(x10) g_ns/g_walls=0.272 Windows=0.00083 Doors=0.00013 IC=0.00000 CO2_BC=0.00006 LR=1.36e-04 nu=0.01 NSraw=20.51 alpha(W1/W8/all)=0.59/0.39/0.48 | 0.86 it/s
[Iter 37890/50000] Total=0.04892 | NS=0.04146 CO2(scaled)=0.00089 CO2_weight=1.00 guide_w=3.5 Walls=0.00058(x10) g_ns/g_walls=0.272 Windows=0.00056 Doors=0.00013 IC=0.00000 CO2_BC=0.00005 LR=1.36e-04 nu=0.01 NSraw=0.1294 alpha(W1/W8/all)=0.59/0.39/0.48 | 0.86 it/s
[Iter 37900/50000] Total=0.13529 | NS=0.12830 CO2(scaled)=0.00085 CO2_weight=1.00 guide_w=3.34 Walls=0.00054(x10) g_ns/g_walls=1.02 Windows=0.00060 Doors=0.00011 IC=0.00000 CO2_BC=0.00007 LR=1.36e-04 nu=0.01 NSraw=2.27 alpha(W1/W8/all)=0.59/0.39/0.48 | 0.86 it/s
[Iter 37910/50000] Total=0.06353 | NS=0.05594 CO2(scaled)=0.00069 CO2_weight=1.00 guide_w=3.34 Walls=0.00061(x10) g_ns/g_walls=1.02 Windows=0.00054 Doors=0.00019 IC=0.00000 CO2_BC=0.00005 LR=1.36e-04 nu=0.01 NSraw=0.2655 alpha(W1/W8/all)=0.59/0.39/0.48 | 0.86 it/s
[Iter 37920/50000] Total=0.07013 | NS=0.06518 CO2(scaled)=0.00060 CO2_weight=1.00 guide_w=3.34 Walls=0.00035(x10) g_ns/g_walls=1.02 Windows=0.00068 Doors=0.00014 IC=0.00000 CO2_BC=0.00005 LR=1.36e-04 nu=0.01 NSraw=0.2273 alpha(W1/W8/all)=0.59/0.39/0.48 | 0.86 it/s
[Iter 37930/50000] Total=0.04865 | NS=0.04409 CO2(scaled)=0.00056 CO2_weight=1.00 guide_w=3.34 Walls=0.00030(x10) g_ns/g_walls=1.02 Windows=0.00076 Doors=0.00013 IC=0.00000 CO2_BC=0.00007 LR=1.36e-04 nu=0.01 NSraw=0.1716 alpha(W1/W8/all)=0.59/0.39/0.48 | 0.86 it/s
[Iter 37940/50000] Total=0.05030 | NS=0.04136 CO2(scaled)=0.00055 CO2_weight=1.00 guide_w=3.34 Walls=0.00074(x10) g_ns/g_walls=1.02 Windows=0.00075 Doors=0.00014 IC=0.00000 CO2_BC=0.00007 LR=1.36e-04 nu=0.01 NSraw=0.1047 alpha(W1/W8/all)=0.59/0.39/0.48 | 0.86 it/s
[Iter 37950/50000] Total=0.05090 | NS=0.03816 CO2(scaled)=0.00067 CO2_weight=1.00 guide_w=3.34 Walls=0.00104(x10) g_ns/g_walls=1.02 Windows=0.00139 Doors=0.00017 IC=0.00000 CO2_BC=0.00006 LR=1.35e-04 nu=0.01 NSraw=0.08401 alpha(W1/W8/all)=0.59/0.39/0.48 | 0.86 it/s
[Iter 37960/50000] Total=0.15394 | NS=0.14924 CO2(scaled)=0.00083 CO2_weight=1.00 guide_w=3.34 Walls=0.00033(x10) g_ns/g_walls=1.02 Windows=0.00037 Doors=0.00015 IC=0.00000 CO2_BC=0.00005 LR=1.35e-04 nu=0.01 NSraw=3.895 alpha(W1/W8/all)=0.59/0.39/0.48 | 0.86 it/s
[Iter 37970/50000] Total=0.27119 | NS=0.26639 CO2(scaled)=0.00089 CO2_weight=1.00 guide_w=3.34 Walls=0.00032(x10) g_ns/g_walls=1.02 Windows=0.00053 Doors=0.00013 IC=0.00000 CO2_BC=0.00006 LR=1.35e-04 nu=0.01 NSraw=15.25 alpha(W1/W8/all)=0.59/0.39/0.48 | 0.86 it/s
[Iter 37980/50000] Total=0.01847 | NS=0.01314 CO2(scaled)=0.00062 CO2_weight=1.00 guide_w=3.34 Walls=0.00040(x10) g_ns/g_walls=1.02 Windows=0.00053 Doors=0.00012 IC=0.00000 CO2_BC=0.00005 LR=1.35e-04 nu=0.01 NSraw=0.01797 alpha(W1/W8/all)=0.59/0.39/0.48 | 0.86 it/s
[Iter 37990/50000] Total=0.01955 | NS=0.01447 CO2(scaled)=0.00055 CO2_weight=1.00 guide_w=3.34 Walls=0.00035(x10) g_ns/g_walls=1.02 Windows=0.00088 Doors=0.00012 IC=0.00000 CO2_BC=0.00005 LR=1.35e-04 nu=0.01 NSraw=0.018 alpha(W1/W8/all)=0.59/0.39/0.48 | 0.86 it/s
[Iter 38000/50000] Total=0.06160 | NS=0.05521 CO2(scaled)=0.00049 CO2_weight=1.00 guide_w=88 Walls=0.00050(x10) g_ns/g_walls=4.45 Windows=0.00075 Doors=0.00010 IC=0.00000 CO2_BC=0.00005 LR=1.35e-04 nu=0.01 NSraw=0.2745 alpha(W1/W8/all)=0.59/0.39/0.48 | 0.86 it/s
  -> saved checkpoint: /home/iai-labor/BuildingControlCFD/experiments/gnot/checkpoints/v24_fixedalpha_r50k/gnot_v24_fixedalpha_r50k_iter38000.pth
[Iter 38010/50000] Total=0.05080 | NS=0.03062 CO2(scaled)=0.00075 CO2_weight=1.00 guide_w=88 Walls=0.00173(x10) g_ns/g_walls=4.45 Windows=0.00197 Doors=0.00008 IC=0.00000 CO2_BC=0.00005 LR=1.35e-04 nu=0.01 NSraw=0.0559 alpha(W1/W8/all)=0.59/0.39/0.48 | 0.86 it/s
[Iter 38020/50000] Total=0.02818 | NS=0.02363 CO2(scaled)=0.00063 CO2_weight=1.00 guide_w=88 Walls=0.00032(x10) g_ns/g_walls=4.45 Windows=0.00048 Doors=0.00016 IC=0.00000 CO2_BC=0.00006 LR=1.35e-04 nu=0.01 NSraw=0.0459 alpha(W1/W8/all)=0.59/0.39/0.48 | 0.86 it/s
[Iter 38030/50000] Total=0.03758 | NS=0.03229 CO2(scaled)=0.00050 CO2_weight=1.00 guide_w=88 Walls=0.00038(x10) g_ns/g_walls=4.45 Windows=0.00072 Doors=0.00018 IC=0.00000 CO2_BC=0.00005 LR=1.35e-04 nu=0.01 NSraw=0.06833 alpha(W1/W8/all)=0.59/0.39/0.48 | 0.86 it/s
[Iter 38040/50000] Total=0.02758 | NS=0.02386 CO2(scaled)=0.00048 CO2_weight=1.00 guide_w=88 Walls=0.00024(x10) g_ns/g_walls=4.45 Windows=0.00065 Doors=0.00019 IC=0.00000 CO2_BC=0.00005 LR=1.35e-04 nu=0.01 NSraw=0.03442 alpha(W1/W8/all)=0.59/0.39/0.48 | 0.86 it/s
[Iter 38050/50000] Total=0.06515 | NS=0.06132 CO2(scaled)=0.00047 CO2_weight=1.00 guide_w=88 Walls=0.00027(x10) g_ns/g_walls=4.45 Windows=0.00041 Doors=0.00015 IC=0.00000 CO2_BC=0.00006 LR=1.35e-04 nu=0.01 NSraw=0.2598 alpha(W1/W8/all)=0.59/0.39/0.48 | 0.86 it/s
[Iter 38060/50000] Total=0.03867 | NS=0.03103 CO2(scaled)=0.00120 CO2_weight=1.00 guide_w=88 Walls=0.00053(x10) g_ns/g_walls=4.45 Windows=0.00089 Doors=0.00019 IC=0.00000 CO2_BC=0.00005 LR=1.35e-04 nu=0.01 NSraw=0.06017 alpha(W1/W8/all)=0.59/0.39/0.48 | 0.86 it/s
[Iter 38070/50000] Total=0.05270 | NS=0.04300 CO2(scaled)=0.00069 CO2_weight=1.00 guide_w=88 Walls=0.00076(x10) g_ns/g_walls=4.45 Windows=0.00123 Doors=0.00013 IC=0.00000 CO2_BC=0.00005 LR=1.35e-04 nu=0.01 NSraw=0.3103 alpha(W1/W8/all)=0.59/0.39/0.48 | 0.86 it/s
[Iter 38080/50000] Total=0.03713 | NS=0.03210 CO2(scaled)=0.00050 CO2_weight=1.00 guide_w=88 Walls=0.00036(x10) g_ns/g_walls=4.45 Windows=0.00074 Doors=0.00012 IC=0.00000 CO2_BC=0.00005 LR=1.35e-04 nu=0.01 NSraw=0.0643 alpha(W1/W8/all)=0.59/0.39/0.48 | 0.86 it/s
[Iter 38090/50000] Total=0.07199 | NS=0.06576 CO2(scaled)=0.00051 CO2_weight=1.00 guide_w=88 Walls=0.00049(x10) g_ns/g_walls=4.45 Windows=0.00066 Doors=0.00014 IC=0.00000 CO2_BC=0.00005 LR=1.34e-04 nu=0.01 NSraw=0.2041 alpha(W1/W8/all)=0.59/0.39/0.48 | 0.86 it/s
[Iter 38100/50000] Total=0.18880 | NS=0.18037 CO2(scaled)=0.00051 CO2_weight=1.00 guide_w=37.5 Walls=0.00067(x10) g_ns/g_walls=2.1 Windows=0.00103 Doors=0.00015 IC=0.00000 CO2_BC=0.00005 LR=1.34e-04 nu=0.01 NSraw=4.544 alpha(W1/W8/all)=0.59/0.39/0.48 | 0.86 it/s
[Iter 38110/50000] Total=0.33047 | NS=0.32215 CO2(scaled)=0.00111 CO2_weight=1.00 guide_w=37.5 Walls=0.00061(x10) g_ns/g_walls=2.1 Windows=0.00092 Doors=0.00011 IC=0.00000 CO2_BC=0.00006 LR=1.34e-04 nu=0.01 NSraw=15.15 alpha(W1/W8/all)=0.59/0.39/0.48 | 0.86 it/s
[Iter 38120/50000] Total=0.04339 | NS=0.03956 CO2(scaled)=0.00093 CO2_weight=1.00 guide_w=37.5 Walls=0.00020(x10) g_ns/g_walls=2.1 Windows=0.00070 Doors=0.00015 IC=0.00000 CO2_BC=0.00006 LR=1.34e-04 nu=0.01 NSraw=0.07587 alpha(W1/W8/all)=0.59/0.39/0.48 | 0.86 it/s
[Iter 38130/50000] Total=0.12103 | NS=0.11689 CO2(scaled)=0.00048 CO2_weight=1.00 guide_w=37.5 Walls=0.00029(x10) g_ns/g_walls=2.1 Windows=0.00059 Doors=0.00016 IC=0.00000 CO2_BC=0.00006 LR=1.34e-04 nu=0.01 NSraw=1.926 alpha(W1/W8/all)=0.59/0.39/0.48 | 0.86 it/s
[Iter 38140/50000] Total=0.02635 | NS=0.02249 CO2(scaled)=0.00056 CO2_weight=1.00 guide_w=37.5 Walls=0.00026(x10) g_ns/g_walls=2.1 Windows=0.00048 Doors=0.00015 IC=0.00000 CO2_BC=0.00006 LR=1.34e-04 nu=0.01 NSraw=0.05264 alpha(W1/W8/all)=0.59/0.39/0.48 | 0.86 it/s
[Iter 38150/50000] Total=0.09861 | NS=0.09466 CO2(scaled)=0.00046 CO2_weight=1.00 guide_w=37.5 Walls=0.00027(x10) g_ns/g_walls=2.1 Windows=0.00056 Doors=0.00015 IC=0.00000 CO2_BC=0.00006 LR=1.34e-04 nu=0.01 NSraw=0.3561 alpha(W1/W8/all)=0.59/0.39/0.48 | 0.86 it/s
[Iter 38160/50000] Total=0.03536 | NS=0.03164 CO2(scaled)=0.00059 CO2_weight=1.00 guide_w=37.5 Walls=0.00024(x10) g_ns/g_walls=2.1 Windows=0.00055 Doors=0.00011 IC=0.00000 CO2_BC=0.00006 LR=1.34e-04 nu=0.01 NSraw=0.1 alpha(W1/W8/all)=0.59/0.39/0.48 | 0.86 it/s
[Iter 38170/50000] Total=0.34836 | NS=0.34434 CO2(scaled)=0.00077 CO2_weight=1.00 guide_w=37.5 Walls=0.00024(x10) g_ns/g_walls=2.1 Windows=0.00066 Doors=0.00013 IC=0.00000 CO2_BC=0.00005 LR=1.34e-04 nu=0.01 NSraw=15.45 alpha(W1/W8/all)=0.59/0.39/0.48 | 0.86 it/s
[Iter 38180/50000] Total=0.07709 | NS=0.07100 CO2(scaled)=0.00102 CO2_weight=1.00 guide_w=37.5 Walls=0.00038(x10) g_ns/g_walls=2.1 Windows=0.00100 Doors=0.00018 IC=0.00000 CO2_BC=0.00005 LR=1.34e-04 nu=0.01 NSraw=0.3052 alpha(W1/W8/all)=0.59/0.39/0.48 | 0.86 it/s
[Iter 38190/50000] Total=0.62377 | NS=0.61968 CO2(scaled)=0.00059 CO2_weight=1.00 guide_w=37.5 Walls=0.00024(x10) g_ns/g_walls=2.1 Windows=0.00087 Doors=0.00015 IC=0.00000 CO2_BC=0.00006 LR=1.34e-04 nu=0.01 NSraw=45.64 alpha(W1/W8/all)=0.59/0.39/0.48 | 0.86 it/s
[Iter 38200/50000] Total=0.02614 | NS=0.02304 CO2(scaled)=0.00045 CO2_weight=1.00 guide_w=9.2 Walls=0.00019(x10) g_ns/g_walls=0.824 Windows=0.00059 Doors=0.00016 IC=0.00000 CO2_BC=0.00005 LR=1.34e-04 nu=0.01 NSraw=0.04529 alpha(W1/W8/all)=0.59/0.39/0.48 | 0.86 it/s
[Iter 38210/50000] Total=0.24372 | NS=0.23767 CO2(scaled)=0.00111 CO2_weight=1.00 guide_w=9.2 Walls=0.00039(x10) g_ns/g_walls=0.824 Windows=0.00084 Doors=0.00017 IC=0.00000 CO2_BC=0.00007 LR=1.34e-04 nu=0.01 NSraw=8.145 alpha(W1/W8/all)=0.59/0.39/0.48 | 0.86 it/s
[Iter 38220/50000] Total=0.02606 | NS=0.02040 CO2(scaled)=0.00069 CO2_weight=1.00 guide_w=9.2 Walls=0.00041(x10) g_ns/g_walls=0.824 Windows=0.00072 Doors=0.00011 IC=0.00000 CO2_BC=0.00006 LR=1.34e-04 nu=0.01 NSraw=0.03058 alpha(W1/W8/all)=0.59/0.39/0.48 | 0.86 it/s
[Iter 38230/50000] Total=0.08135 | NS=0.06867 CO2(scaled)=0.00093 CO2_weight=1.00 guide_w=9.2 Walls=0.00107(x10) g_ns/g_walls=0.824 Windows=0.00088 Doors=0.00012 IC=0.00000 CO2_BC=0.00005 LR=1.33e-04 nu=0.01 NSraw=0.2985 alpha(W1/W8/all)=0.59/0.39/0.48 | 0.86 it/s
[Iter 38240/50000] Total=0.27715 | NS=0.26335 CO2(scaled)=0.00087 CO2_weight=1.00 guide_w=9.2 Walls=0.00113(x10) g_ns/g_walls=0.824 Windows=0.00151 Doors=0.00012 IC=0.00000 CO2_BC=0.00005 LR=1.33e-04 nu=0.01 NSraw=14.81 alpha(W1/W8/all)=0.59/0.39/0.48 | 0.86 it/s
[Iter 38250/50000] Total=0.03747 | NS=0.02920 CO2(scaled)=0.00066 CO2_weight=1.00 guide_w=9.2 Walls=0.00065(x10) g_ns/g_walls=0.824 Windows=0.00095 Doors=0.00010 IC=0.00000 CO2_BC=0.00007 LR=1.33e-04 nu=0.01 NSraw=0.07575 alpha(W1/W8/all)=0.59/0.39/0.48 | 0.86 it/s
[Iter 38260/50000] Total=0.08453 | NS=0.06679 CO2(scaled)=0.00068 CO2_weight=1.00 guide_w=9.2 Walls=0.00165(x10) g_ns/g_walls=0.824 Windows=0.00040 Doors=0.00011 IC=0.00000 CO2_BC=0.00007 LR=1.33e-04 nu=0.01 NSraw=0.319 alpha(W1/W8/all)=0.59/0.39/0.48 | 0.86 it/s
[Iter 38270/50000] Total=0.18162 | NS=0.15922 CO2(scaled)=0.00063 CO2_weight=1.00 guide_w=9.2 Walls=0.00209(x10) g_ns/g_walls=0.824 Windows=0.00069 Doors=0.00013 IC=0.00000 CO2_BC=0.00006 LR=1.33e-04 nu=0.01 NSraw=2.339 alpha(W1/W8/all)=0.59/0.39/0.48 | 0.86 it/s
[Iter 38280/50000] Total=0.14807 | NS=0.14273 CO2(scaled)=0.00062 CO2_weight=1.00 guide_w=9.2 Walls=0.00037(x10) g_ns/g_walls=0.824 Windows=0.00088 Doors=0.00011 IC=0.00000 CO2_BC=0.00007 LR=1.33e-04 nu=0.01 NSraw=1.949 alpha(W1/W8/all)=0.59/0.39/0.48 | 0.86 it/s
[Iter 38290/50000] Total=0.24465 | NS=0.23841 CO2(scaled)=0.00055 CO2_weight=1.00 guide_w=9.2 Walls=0.00049(x10) g_ns/g_walls=0.824 Windows=0.00065 Doors=0.00012 IC=0.00000 CO2_BC=0.00006 LR=1.33e-04 nu=0.01 NSraw=11.8 alpha(W1/W8/all)=0.59/0.39/0.48 | 0.86 it/s
[Iter 38300/50000] Total=0.07637 | NS=0.07379 CO2(scaled)=0.00054 CO2_weight=1.00 guide_w=140 Walls=0.00014(x10) g_ns/g_walls=22.8 Windows=0.00046 Doors=0.00012 IC=0.00000 CO2_BC=0.00005 LR=1.33e-04 nu=0.01 NSraw=0.6226 alpha(W1/W8/all)=0.59/0.39/0.48 | 0.86 it/s
[Iter 38310/50000] Total=0.06944 | NS=0.06618 CO2(scaled)=0.00052 CO2_weight=1.00 guide_w=140 Walls=0.00020(x10) g_ns/g_walls=22.8 Windows=0.00055 Doors=0.00012 IC=0.00000 CO2_BC=0.00005 LR=1.33e-04 nu=0.01 NSraw=0.1532 alpha(W1/W8/all)=0.59/0.39/0.48 | 0.86 it/s
[Iter 38320/50000] Total=0.02419 | NS=0.02046 CO2(scaled)=0.00060 CO2_weight=1.00 guide_w=140 Walls=0.00024(x10) g_ns/g_walls=22.8 Windows=0.00056 Doors=0.00013 IC=0.00000 CO2_BC=0.00006 LR=1.33e-04 nu=0.01 NSraw=0.04047 alpha(W1/W8/all)=0.59/0.39/0.48 | 0.86 it/s
[Iter 38330/50000] Total=0.02884 | NS=0.01903 CO2(scaled)=0.00050 CO2_weight=1.00 guide_w=140 Walls=0.00086(x10) g_ns/g_walls=22.8 Windows=0.00059 Doors=0.00011 IC=0.00000 CO2_BC=0.00005 LR=1.33e-04 nu=0.01 NSraw=0.03081 alpha(W1/W8/all)=0.59/0.39/0.48 | 0.86 it/s
[Iter 38340/50000] Total=0.06510 | NS=0.06086 CO2(scaled)=0.00063 CO2_weight=1.00 guide_w=140 Walls=0.00028(x10) g_ns/g_walls=22.8 Windows=0.00062 Doors=0.00010 IC=0.00000 CO2_BC=0.00006 LR=1.33e-04 nu=0.01 NSraw=0.2621 alpha(W1/W8/all)=0.59/0.39/0.48 | 0.86 it/s
[Iter 38350/50000] Total=0.07016 | NS=0.06283 CO2(scaled)=0.00064 CO2_weight=1.00 guide_w=140 Walls=0.00056(x10) g_ns/g_walls=22.8 Windows=0.00095 Doors=0.00013 IC=0.00000 CO2_BC=0.00005 LR=1.33e-04 nu=0.01 NSraw=0.1997 alpha(W1/W8/all)=0.59/0.39/0.48 | 0.86 it/s
[Iter 38360/50000] Total=0.07728 | NS=0.07063 CO2(scaled)=0.00067 CO2_weight=1.00 guide_w=140 Walls=0.00048(x10) g_ns/g_walls=22.8 Windows=0.00099 Doors=0.00013 IC=0.00000 CO2_BC=0.00005 LR=1.33e-04 nu=0.01 NSraw=0.2992 alpha(W1/W8/all)=0.59/0.39/0.48 | 0.86 it/s
[Iter 38370/50000] Total=0.11968 | NS=0.11433 CO2(scaled)=0.00087 CO2_weight=1.00 guide_w=140 Walls=0.00038(x10) g_ns/g_walls=22.8 Windows=0.00058 Doors=0.00010 IC=0.00000 CO2_BC=0.00005 LR=1.32e-04 nu=0.01 NSraw=0.5208 alpha(W1/W8/all)=0.59/0.39/0.48 | 0.86 it/s
[Iter 38380/50000] Total=0.05649 | NS=0.05259 CO2(scaled)=0.00064 CO2_weight=1.00 guide_w=140 Walls=0.00025(x10) g_ns/g_walls=22.8 Windows=0.00059 Doors=0.00009 IC=0.00000 CO2_BC=0.00006 LR=1.32e-04 nu=0.01 NSraw=0.1761 alpha(W1/W8/all)=0.59/0.39/0.48 | 0.86 it/s
[Iter 38390/50000] Total=0.03662 | NS=0.02322 CO2(scaled)=0.00067 CO2_weight=1.00 guide_w=140 Walls=0.00120(x10) g_ns/g_walls=22.8 Windows=0.00060 Doors=0.00012 IC=0.00000 CO2_BC=0.00006 LR=1.32e-04 nu=0.01 NSraw=0.0363 alpha(W1/W8/all)=0.59/0.39/0.48 | 0.86 it/s
[Iter 38400/50000] Total=0.05935 | NS=0.05468 CO2(scaled)=0.00073 CO2_weight=1.00 guide_w=3.57 Walls=0.00032(x10) g_ns/g_walls=0.693 Windows=0.00057 Doors=0.00010 IC=0.00000 CO2_BC=0.00006 LR=1.32e-04 nu=0.01 NSraw=0.1701 alpha(W1/W8/all)=0.59/0.39/0.48 | 0.86 it/s
[Iter 38410/50000] Total=0.06338 | NS=0.06006 CO2(scaled)=0.00057 CO2_weight=1.00 guide_w=3.57 Walls=0.00019(x10) g_ns/g_walls=0.693 Windows=0.00063 Doors=0.00013 IC=0.00000 CO2_BC=0.00006 LR=1.32e-04 nu=0.01 NSraw=0.2312 alpha(W1/W8/all)=0.59/0.39/0.48 | 0.86 it/s
[Iter 38420/50000] Total=0.17208 | NS=0.16771 CO2(scaled)=0.00075 CO2_weight=1.00 guide_w=3.57 Walls=0.00028(x10) g_ns/g_walls=0.693 Windows=0.00060 Doors=0.00012 IC=0.00000 CO2_BC=0.00005 LR=1.32e-04 nu=0.01 NSraw=4.772 alpha(W1/W8/all)=0.59/0.39/0.48 | 0.86 it/s
[Iter 38430/50000] Total=0.03444 | NS=0.02893 CO2(scaled)=0.00084 CO2_weight=1.00 guide_w=3.57 Walls=0.00038(x10) g_ns/g_walls=0.693 Windows=0.00067 Doors=0.00013 IC=0.00000 CO2_BC=0.00006 LR=1.32e-04 nu=0.01 NSraw=0.0584 alpha(W1/W8/all)=0.59/0.39/0.48 | 0.86 it/s
[Iter 38440/50000] Total=0.02407 | NS=0.02157 CO2(scaled)=0.00050 CO2_weight=1.00 guide_w=3.57 Walls=0.00013(x10) g_ns/g_walls=0.693 Windows=0.00055 Doors=0.00011 IC=0.00000 CO2_BC=0.00006 LR=1.32e-04 nu=0.01 NSraw=0.03235 alpha(W1/W8/all)=0.59/0.39/0.48 | 0.86 it/s
[Iter 38450/50000] Total=0.11608 | NS=0.11238 CO2(scaled)=0.00063 CO2_weight=1.00 guide_w=3.57 Walls=0.00024(x10) g_ns/g_walls=0.693 Windows=0.00047 Doors=0.00015 IC=0.00000 CO2_BC=0.00005 LR=1.32e-04 nu=0.01 NSraw=1.133 alpha(W1/W8/all)=0.59/0.39/0.48 | 0.86 it/s
[Iter 38460/50000] Total=0.17893 | NS=0.17621 CO2(scaled)=0.00048 CO2_weight=1.00 guide_w=3.57 Walls=0.00015(x10) g_ns/g_walls=0.693 Windows=0.00056 Doors=0.00016 IC=0.00000 CO2_BC=0.00006 LR=1.32e-04 nu=0.01 NSraw=6.389 alpha(W1/W8/all)=0.59/0.39/0.48 | 0.86 it/s
[Iter 38470/50000] Total=0.07083 | NS=0.06531 CO2(scaled)=0.00061 CO2_weight=1.00 guide_w=3.57 Walls=0.00041(x10) g_ns/g_walls=0.693 Windows=0.00066 Doors=0.00012 IC=0.00000 CO2_BC=0.00006 LR=1.32e-04 nu=0.01 NSraw=0.2269 alpha(W1/W8/all)=0.59/0.39/0.48 | 0.86 it/s
[Iter 38480/50000] Total=0.05453 | NS=0.04881 CO2(scaled)=0.00060 CO2_weight=1.00 guide_w=3.57 Walls=0.00042(x10) g_ns/g_walls=0.693 Windows=0.00073 Doors=0.00010 IC=0.00000 CO2_BC=0.00006 LR=1.32e-04 nu=0.01 NSraw=0.1963 alpha(W1/W8/all)=0.59/0.39/0.48 | 0.86 it/s
[Iter 38490/50000] Total=0.06987 | NS=0.06080 CO2(scaled)=0.00060 CO2_weight=1.00 guide_w=3.57 Walls=0.00078(x10) g_ns/g_walls=0.693 Windows=0.00050 Doors=0.00013 IC=0.00000 CO2_BC=0.00005 LR=1.32e-04 nu=0.01 NSraw=0.2563 alpha(W1/W8/all)=0.59/0.39/0.48 | 0.86 it/s
[Iter 38500/50000] Total=0.04747 | NS=0.04419 CO2(scaled)=0.00061 CO2_weight=1.00 guide_w=28.7 Walls=0.00019(x10) g_ns/g_walls=6.69 Windows=0.00059 Doors=0.00010 IC=0.00000 CO2_BC=0.00006 LR=1.32e-04 nu=0.01 NSraw=0.1003 alpha(W1/W8/all)=0.59/0.39/0.48 | 0.86 it/s
[Iter 38510/50000] Total=0.06917 | NS=0.06611 CO2(scaled)=0.00058 CO2_weight=1.00 guide_w=28.7 Walls=0.00018(x10) g_ns/g_walls=6.69 Windows=0.00052 Doors=0.00011 IC=0.00000 CO2_BC=0.00005 LR=1.32e-04 nu=0.01 NSraw=0.1915 alpha(W1/W8/all)=0.59/0.39/0.48 | 0.86 it/s
[Iter 38520/50000] Total=0.10484 | NS=0.10116 CO2(scaled)=0.00054 CO2_weight=1.00 guide_w=28.7 Walls=0.00024(x10) g_ns/g_walls=6.69 Windows=0.00064 Doors=0.00010 IC=0.00000 CO2_BC=0.00005 LR=1.31e-04 nu=0.01 NSraw=0.5547 alpha(W1/W8/all)=0.59/0.39/0.48 | 0.86 it/s
[Iter 38530/50000] Total=0.01781 | NS=0.01430 CO2(scaled)=0.00058 CO2_weight=1.00 guide_w=28.7 Walls=0.00022(x10) g_ns/g_walls=6.69 Windows=0.00059 Doors=0.00010 IC=0.00000 CO2_BC=0.00004 LR=1.31e-04 nu=0.01 NSraw=0.02156 alpha(W1/W8/all)=0.59/0.39/0.48 | 0.86 it/s
[Iter 38540/50000] Total=0.04175 | NS=0.03631 CO2(scaled)=0.00072 CO2_weight=1.00 guide_w=28.7 Walls=0.00040(x10) g_ns/g_walls=6.69 Windows=0.00060 Doors=0.00011 IC=0.00000 CO2_BC=0.00005 LR=1.31e-04 nu=0.01 NSraw=0.09222 alpha(W1/W8/all)=0.59/0.39/0.48 | 0.86 it/s
[Iter 38550/50000] Total=0.02573 | NS=0.02126 CO2(scaled)=0.00072 CO2_weight=1.00 guide_w=28.7 Walls=0.00029(x10) g_ns/g_walls=6.69 Windows=0.00063 Doors=0.00012 IC=0.00000 CO2_BC=0.00006 LR=1.31e-04 nu=0.01 NSraw=0.02886 alpha(W1/W8/all)=0.59/0.39/0.48 | 0.86 it/s
[Iter 38560/50000] Total=0.08476 | NS=0.07957 CO2(scaled)=0.00057 CO2_weight=1.00 guide_w=28.7 Walls=0.00036(x10) g_ns/g_walls=6.69 Windows=0.00086 Doors=0.00011 IC=0.00000 CO2_BC=0.00006 LR=1.31e-04 nu=0.01 NSraw=0.6876 alpha(W1/W8/all)=0.59/0.39/0.48 | 0.86 it/s
[Iter 38570/50000] Total=0.04877 | NS=0.04193 CO2(scaled)=0.00064 CO2_weight=1.00 guide_w=28.7 Walls=0.00052(x10) g_ns/g_walls=6.69 Windows=0.00085 Doors=0.00010 IC=0.00000 CO2_BC=0.00004 LR=1.31e-04 nu=0.01 NSraw=0.1488 alpha(W1/W8/all)=0.59/0.39/0.48 | 0.86 it/s
[Iter 38580/50000] Total=0.48279 | NS=0.47895 CO2(scaled)=0.00067 CO2_weight=1.00 guide_w=28.7 Walls=0.00023(x10) g_ns/g_walls=6.69 Windows=0.00072 Doors=0.00008 IC=0.00000 CO2_BC=0.00006 LR=1.31e-04 nu=0.01 NSraw=49.61 alpha(W1/W8/all)=0.59/0.39/0.48 | 0.86 it/s
[Iter 38590/50000] Total=0.28416 | NS=0.27881 CO2(scaled)=0.00064 CO2_weight=1.00 guide_w=28.7 Walls=0.00037(x10) g_ns/g_walls=6.69 Windows=0.00087 Doors=0.00007 IC=0.00000 CO2_BC=0.00006 LR=1.31e-04 nu=0.01 NSraw=15.21 alpha(W1/W8/all)=0.59/0.39/0.48 | 0.86 it/s
[Iter 38600/50000] Total=0.13141 | NS=0.11898 CO2(scaled)=0.00086 CO2_weight=1.00 guide_w=10 Walls=0.00105(x10) g_ns/g_walls=1.08 Windows=0.00088 Doors=0.00015 IC=0.00000 CO2_BC=0.00006 LR=1.31e-04 nu=0.01 NSraw=1.881 alpha(W1/W8/all)=0.59/0.39/0.48 | 0.86 it/s
[Iter 38610/50000] Total=0.01972 | NS=0.01183 CO2(scaled)=0.00093 CO2_weight=1.00 guide_w=10 Walls=0.00055(x10) g_ns/g_walls=1.08 Windows=0.00095 Doors=0.00010 IC=0.00000 CO2_BC=0.00043 LR=1.31e-04 nu=0.01 NSraw=0.01507 alpha(W1/W8/all)=0.59/0.39/0.48 | 0.86 it/s
[Iter 38620/50000] Total=0.11788 | NS=0.11364 CO2(scaled)=0.00050 CO2_weight=1.00 guide_w=10 Walls=0.00029(x10) g_ns/g_walls=1.08 Windows=0.00062 Doors=0.00011 IC=0.00000 CO2_BC=0.00011 LR=1.31e-04 nu=0.01 NSraw=1.112 alpha(W1/W8/all)=0.59/0.39/0.48 | 0.86 it/s
[Iter 38630/50000] Total=0.04179 | NS=0.03510 CO2(scaled)=0.00099 CO2_weight=1.00 guide_w=10 Walls=0.00048(x10) g_ns/g_walls=1.08 Windows=0.00070 Doors=0.00013 IC=0.00000 CO2_BC=0.00007 LR=1.31e-04 nu=0.01 NSraw=0.06072 alpha(W1/W8/all)=0.59/0.39/0.48 | 0.86 it/s
[Iter 38640/50000] Total=0.06711 | NS=0.06296 CO2(scaled)=0.00067 CO2_weight=1.00 guide_w=10 Walls=0.00026(x10) g_ns/g_walls=1.08 Windows=0.00071 Doors=0.00011 IC=0.00000 CO2_BC=0.00009 LR=1.31e-04 nu=0.01 NSraw=0.3293 alpha(W1/W8/all)=0.59/0.39/0.48 | 0.86 it/s
[Iter 38650/50000] Total=0.02241 | NS=0.01835 CO2(scaled)=0.00064 CO2_weight=1.00 guide_w=10 Walls=0.00025(x10) g_ns/g_walls=1.08 Windows=0.00063 Doors=0.00014 IC=0.00000 CO2_BC=0.00013 LR=1.31e-04 nu=0.01 NSraw=0.02343 alpha(W1/W8/all)=0.59/0.39/0.48 | 0.86 it/s
[Iter 38660/50000] Total=0.04890 | NS=0.04386 CO2(scaled)=0.00069 CO2_weight=1.00 guide_w=10 Walls=0.00034(x10) g_ns/g_walls=1.08 Windows=0.00081 Doors=0.00013 IC=0.00000 CO2_BC=0.00005 LR=1.30e-04 nu=0.01 NSraw=0.1349 alpha(W1/W8/all)=0.59/0.39/0.48 | 0.86 it/s
[Iter 38670/50000] Total=0.04309 | NS=0.03979 CO2(scaled)=0.00068 CO2_weight=1.00 guide_w=10 Walls=0.00019(x10) g_ns/g_walls=1.08 Windows=0.00046 Doors=0.00016 IC=0.00000 CO2_BC=0.00007 LR=1.30e-04 nu=0.01 NSraw=0.09226 alpha(W1/W8/all)=0.59/0.39/0.48 | 0.86 it/s
[Iter 38680/50000] Total=0.06637 | NS=0.06136 CO2(scaled)=0.00091 CO2_weight=1.00 guide_w=10 Walls=0.00034(x10) g_ns/g_walls=1.08 Windows=0.00054 Doors=0.00012 IC=0.00000 CO2_BC=0.00005 LR=1.30e-04 nu=0.01 NSraw=0.2116 alpha(W1/W8/all)=0.59/0.39/0.48 | 0.86 it/s
[Iter 38690/50000] Total=0.02850 | NS=0.02246 CO2(scaled)=0.00087 CO2_weight=1.00 guide_w=10 Walls=0.00041(x10) g_ns/g_walls=1.08 Windows=0.00085 Doors=0.00013 IC=0.00000 CO2_BC=0.00006 LR=1.30e-04 nu=0.01 NSraw=0.03925 alpha(W1/W8/all)=0.59/0.39/0.48 | 0.86 it/s
[Iter 38700/50000] Total=0.32556 | NS=0.31113 CO2(scaled)=0.00147 CO2_weight=1.00 guide_w=14.8 Walls=0.00114(x10) g_ns/g_walls=2.52 Windows=0.00143 Doors=0.00012 IC=0.00000 CO2_BC=0.00006 LR=1.30e-04 nu=0.01 NSraw=17.26 alpha(W1/W8/all)=0.59/0.39/0.48 | 0.86 it/s
[Iter 38710/50000] Total=0.04709 | NS=0.04088 CO2(scaled)=0.00087 CO2_weight=1.00 guide_w=14.8 Walls=0.00045(x10) g_ns/g_walls=2.52 Windows=0.00067 Doors=0.00015 IC=0.00000 CO2_BC=0.00007 LR=1.30e-04 nu=0.01 NSraw=0.1085 alpha(W1/W8/all)=0.59/0.39/0.48 | 0.86 it/s
[Iter 38720/50000] Total=0.04067 | NS=0.03819 CO2(scaled)=0.00062 CO2_weight=1.00 guide_w=14.8 Walls=0.00012(x10) g_ns/g_walls=2.52 Windows=0.00046 Doors=0.00013 IC=0.00000 CO2_BC=0.00006 LR=1.30e-04 nu=0.01 NSraw=0.1197 alpha(W1/W8/all)=0.59/0.39/0.48 | 0.86 it/s
[Iter 38730/50000] Total=0.07190 | NS=0.06896 CO2(scaled)=0.00058 CO2_weight=1.00 guide_w=14.8 Walls=0.00016(x10) g_ns/g_walls=2.52 Windows=0.00059 Doors=0.00011 IC=0.00000 CO2_BC=0.00006 LR=1.30e-04 nu=0.01 NSraw=0.3309 alpha(W1/W8/all)=0.59/0.39/0.48 | 0.86 it/s
[Iter 38740/50000] Total=0.05584 | NS=0.05228 CO2(scaled)=0.00071 CO2_weight=1.00 guide_w=14.8 Walls=0.00021(x10) g_ns/g_walls=2.52 Windows=0.00050 Doors=0.00015 IC=0.00000 CO2_BC=0.00006 LR=1.30e-04 nu=0.01 NSraw=0.2534 alpha(W1/W8/all)=0.59/0.39/0.48 | 0.86 it/s
[Iter 38750/50000] Total=0.05818 | NS=0.05426 CO2(scaled)=0.00080 CO2_weight=1.00 guide_w=14.8 Walls=0.00024(x10) g_ns/g_walls=2.52 Windows=0.00051 Doors=0.00015 IC=0.00000 CO2_BC=0.00006 LR=1.30e-04 nu=0.01 NSraw=0.167 alpha(W1/W8/all)=0.59/0.39/0.48 | 0.86 it/s
[Iter 38760/50000] Total=0.12681 | NS=0.12400 CO2(scaled)=0.00053 CO2_weight=1.00 guide_w=14.8 Walls=0.00015(x10) g_ns/g_walls=2.52 Windows=0.00060 Doors=0.00011 IC=0.00000 CO2_BC=0.00006 LR=1.30e-04 nu=0.01 NSraw=3.127 alpha(W1/W8/all)=0.59/0.39/0.48 | 0.86 it/s
[Iter 38770/50000] Total=0.05298 | NS=0.04962 CO2(scaled)=0.00061 CO2_weight=1.00 guide_w=14.8 Walls=0.00021(x10) g_ns/g_walls=2.52 Windows=0.00049 Doors=0.00008 IC=0.00000 CO2_BC=0.00005 LR=1.30e-04 nu=0.01 NSraw=0.1278 alpha(W1/W8/all)=0.59/0.39/0.48 | 0.86 it/s
[Iter 38780/50000] Total=0.04537 | NS=0.04208 CO2(scaled)=0.00058 CO2_weight=1.00 guide_w=14.8 Walls=0.00018(x10) g_ns/g_walls=2.52 Windows=0.00066 Doors=0.00018 IC=0.00000 CO2_BC=0.00005 LR=1.30e-04 nu=0.01 NSraw=0.141 alpha(W1/W8/all)=0.59/0.39/0.48 | 0.86 it/s
[Iter 38790/50000] Total=0.01341 | NS=0.01009 CO2(scaled)=0.00072 CO2_weight=1.00 guide_w=14.8 Walls=0.00017(x10) g_ns/g_walls=2.52 Windows=0.00072 Doors=0.00011 IC=0.00000 CO2_BC=0.00005 LR=1.30e-04 nu=0.01 NSraw=0.01136 alpha(W1/W8/all)=0.59/0.39/0.48 | 0.86 it/s
[Iter 38800/50000] Total=0.04289 | NS=0.03914 CO2(scaled)=0.00058 CO2_weight=1.00 guide_w=14 Walls=0.00024(x10) g_ns/g_walls=0.951 Windows=0.00064 Doors=0.00012 IC=0.00000 CO2_BC=0.00005 LR=1.30e-04 nu=0.01 NSraw=0.08304 alpha(W1/W8/all)=0.59/0.39/0.48 | 0.86 it/s
[Iter 38810/50000] Total=0.14524 | NS=0.14210 CO2(scaled)=0.00054 CO2_weight=1.00 guide_w=14 Walls=0.00018(x10) g_ns/g_walls=0.951 Windows=0.00056 Doors=0.00014 IC=0.00000 CO2_BC=0.00006 LR=1.29e-04 nu=0.01 NSraw=3.175 alpha(W1/W8/all)=0.59/0.39/0.48 | 0.86 it/s
[Iter 38820/50000] Total=0.08450 | NS=0.07951 CO2(scaled)=0.00086 CO2_weight=1.00 guide_w=14 Walls=0.00032(x10) g_ns/g_walls=0.951 Windows=0.00080 Doors=0.00009 IC=0.00000 CO2_BC=0.00006 LR=1.29e-04 nu=0.01 NSraw=0.4899 alpha(W1/W8/all)=0.59/0.39/0.48 | 0.86 it/s
[Iter 38830/50000] Total=0.18101 | NS=0.17686 CO2(scaled)=0.00070 CO2_weight=1.00 guide_w=14 Walls=0.00027(x10) g_ns/g_walls=0.951 Windows=0.00060 Doors=0.00009 IC=0.00000 CO2_BC=0.00006 LR=1.29e-04 nu=0.01 NSraw=5.097 alpha(W1/W8/all)=0.59/0.39/0.48 | 0.86 it/s
[Iter 38840/50000] Total=0.06000 | NS=0.05333 CO2(scaled)=0.00080 CO2_weight=1.00 guide_w=14 Walls=0.00050(x10) g_ns/g_walls=0.951 Windows=0.00073 Doors=0.00010 IC=0.00000 CO2_BC=0.00005 LR=1.29e-04 nu=0.01 NSraw=0.3469 alpha(W1/W8/all)=0.59/0.39/0.48 | 0.86 it/s
[Iter 38850/50000] Total=0.04919 | NS=0.04579 CO2(scaled)=0.00057 CO2_weight=1.00 guide_w=14 Walls=0.00021(x10) g_ns/g_walls=0.951 Windows=0.00057 Doors=0.00009 IC=0.00000 CO2_BC=0.00005 LR=1.29e-04 nu=0.01 NSraw=0.1613 alpha(W1/W8/all)=0.59/0.39/0.48 | 0.86 it/s
[Iter 38860/50000] Total=0.06874 | NS=0.06549 CO2(scaled)=0.00078 CO2_weight=1.00 guide_w=14 Walls=0.00018(x10) g_ns/g_walls=0.951 Windows=0.00060 Doors=0.00006 IC=0.00000 CO2_BC=0.00006 LR=1.29e-04 nu=0.01 NSraw=0.3071 alpha(W1/W8/all)=0.59/0.39/0.48 | 0.86 it/s
[Iter 38870/50000] Total=0.03057 | NS=0.02719 CO2(scaled)=0.00062 CO2_weight=1.00 guide_w=14 Walls=0.00020(x10) g_ns/g_walls=0.951 Windows=0.00063 Doors=0.00008 IC=0.00000 CO2_BC=0.00006 LR=1.29e-04 nu=0.01 NSraw=0.06431 alpha(W1/W8/all)=0.59/0.39/0.48 | 0.86 it/s
[Iter 38880/50000] Total=0.09342 | NS=0.08879 CO2(scaled)=0.00140 CO2_weight=1.00 guide_w=14 Walls=0.00024(x10) g_ns/g_walls=0.951 Windows=0.00064 Doors=0.00011 IC=0.00000 CO2_BC=0.00007 LR=1.29e-04 nu=0.01 NSraw=1.215 alpha(W1/W8/all)=0.59/0.39/0.48 | 0.86 it/s
[Iter 38890/50000] Total=0.06803 | NS=0.06385 CO2(scaled)=0.00072 CO2_weight=1.00 guide_w=14 Walls=0.00027(x10) g_ns/g_walls=0.951 Windows=0.00059 Doors=0.00010 IC=0.00000 CO2_BC=0.00005 LR=1.29e-04 nu=0.01 NSraw=0.2719 alpha(W1/W8/all)=0.59/0.39/0.48 | 0.86 it/s
[Iter 38900/50000] Total=0.04529 | NS=0.04172 CO2(scaled)=0.00052 CO2_weight=1.00 guide_w=4.68 Walls=0.00023(x10) g_ns/g_walls=1.75 Windows=0.00058 Doors=0.00010 IC=0.00000 CO2_BC=0.00006 LR=1.29e-04 nu=0.01 NSraw=0.2275 alpha(W1/W8/all)=0.59/0.39/0.48 | 0.86 it/s
[Iter 38910/50000] Total=0.11018 | NS=0.03312 CO2(scaled)=0.00056 CO2_weight=1.00 guide_w=4.68 Walls=0.00757(x10) g_ns/g_walls=1.75 Windows=0.00056 Doors=0.00015 IC=0.00000 CO2_BC=0.00005 LR=1.29e-04 nu=0.01 NSraw=0.07329 alpha(W1/W8/all)=0.59/0.39/0.48 | 0.86 it/s
[Iter 38920/50000] Total=0.04353 | NS=0.03898 CO2(scaled)=0.00079 CO2_weight=1.00 guide_w=4.68 Walls=0.00030(x10) g_ns/g_walls=1.75 Windows=0.00056 Doors=0.00016 IC=0.00000 CO2_BC=0.00005 LR=1.29e-04 nu=0.01 NSraw=0.1058 alpha(W1/W8/all)=0.59/0.39/0.48 | 0.86 it/s
[Iter 38930/50000] Total=0.01981 | NS=0.01549 CO2(scaled)=0.00051 CO2_weight=1.00 guide_w=4.68 Walls=0.00031(x10) g_ns/g_walls=1.75 Windows=0.00054 Doors=0.00012 IC=0.00000 CO2_BC=0.00005 LR=1.29e-04 nu=0.01 NSraw=0.02221 alpha(W1/W8/all)=0.59/0.39/0.48 | 0.86 it/s
[Iter 38940/50000] Total=0.05326 | NS=0.04832 CO2(scaled)=0.00069 CO2_weight=1.00 guide_w=4.68 Walls=0.00033(x10) g_ns/g_walls=1.75 Windows=0.00077 Doors=0.00011 IC=0.00000 CO2_BC=0.00007 LR=1.29e-04 nu=0.01 NSraw=0.1294 alpha(W1/W8/all)=0.59/0.39/0.48 | 0.86 it/s
[Iter 38950/50000] Total=0.04847 | NS=0.04024 CO2(scaled)=0.00063 CO2_weight=1.00 guide_w=4.68 Walls=0.00066(x10) g_ns/g_walls=1.75 Windows=0.00083 Doors=0.00011 IC=0.00000 CO2_BC=0.00007 LR=1.28e-04 nu=0.01 NSraw=0.1086 alpha(W1/W8/all)=0.59/0.39/0.48 | 0.86 it/s
[Iter 38960/50000] Total=0.05614 | NS=0.04677 CO2(scaled)=0.00059 CO2_weight=1.00 guide_w=4.68 Walls=0.00080(x10) g_ns/g_walls=1.75 Windows=0.00059 Doors=0.00013 IC=0.00000 CO2_BC=0.00005 LR=1.28e-04 nu=0.01 NSraw=0.1685 alpha(W1/W8/all)=0.59/0.39/0.48 | 0.86 it/s
[Iter 38970/50000] Total=0.20360 | NS=0.19106 CO2(scaled)=0.00056 CO2_weight=1.00 guide_w=4.68 Walls=0.00111(x10) g_ns/g_walls=1.75 Windows=0.00065 Doors=0.00013 IC=0.00000 CO2_BC=0.00007 LR=1.28e-04 nu=0.01 NSraw=5.855 alpha(W1/W8/all)=0.59/0.39/0.48 | 0.86 it/s
[Iter 38980/50000] Total=0.23955 | NS=0.23475 CO2(scaled)=0.00068 CO2_weight=1.00 guide_w=4.68 Walls=0.00034(x10) g_ns/g_walls=1.75 Windows=0.00052 Doors=0.00010 IC=0.00000 CO2_BC=0.00006 LR=1.28e-04 nu=0.01 NSraw=7.096 alpha(W1/W8/all)=0.59/0.39/0.48 | 0.86 it/s
[Iter 38990/50000] Total=0.03467 | NS=0.03141 CO2(scaled)=0.00065 CO2_weight=1.00 guide_w=4.68 Walls=0.00018(x10) g_ns/g_walls=1.75 Windows=0.00062 Doors=0.00010 IC=0.00000 CO2_BC=0.00006 LR=1.28e-04 nu=0.01 NSraw=0.08883 alpha(W1/W8/all)=0.59/0.39/0.48 | 0.86 it/s
[Iter 39000/50000] Total=0.11536 | NS=0.10948 CO2(scaled)=0.00317 CO2_weight=1.00 guide_w=3.46 Walls=0.00018(x10) g_ns/g_walls=2.58 Windows=0.00073 Doors=0.00010 IC=0.00000 CO2_BC=0.00006 LR=1.28e-04 nu=0.01 NSraw=2.456 alpha(W1/W8/all)=0.59/0.39/0.48 | 0.86 it/s
  -> saved checkpoint: /home/iai-labor/BuildingControlCFD/experiments/gnot/checkpoints/v24_fixedalpha_r50k/gnot_v24_fixedalpha_r50k_iter39000.pth
[Iter 39010/50000] Total=0.01555 | NS=0.01168 CO2(scaled)=0.00078 CO2_weight=1.00 guide_w=3.46 Walls=0.00023(x10) g_ns/g_walls=2.58 Windows=0.00056 Doors=0.00010 IC=0.00000 CO2_BC=0.00008 LR=1.28e-04 nu=0.01 NSraw=0.01544 alpha(W1/W8/all)=0.59/0.39/0.48 | 0.86 it/s
[Iter 39020/50000] Total=0.04008 | NS=0.03585 CO2(scaled)=0.00064 CO2_weight=1.00 guide_w=3.46 Walls=0.00026(x10) g_ns/g_walls=2.58 Windows=0.00082 Doors=0.00008 IC=0.00000 CO2_BC=0.00006 LR=1.28e-04 nu=0.01 NSraw=0.1792 alpha(W1/W8/all)=0.59/0.39/0.48 | 0.86 it/s
[Iter 39030/50000] Total=0.20545 | NS=0.19862 CO2(scaled)=0.00070 CO2_weight=1.00 guide_w=3.46 Walls=0.00053(x10) g_ns/g_walls=2.58 Windows=0.00068 Doors=0.00010 IC=0.00000 CO2_BC=0.00008 LR=1.28e-04 nu=0.01 NSraw=2.568 alpha(W1/W8/all)=0.59/0.39/0.48 | 0.86 it/s
[Iter 39040/50000] Total=0.02524 | NS=0.01940 CO2(scaled)=0.00066 CO2_weight=1.00 guide_w=3.46 Walls=0.00042(x10) g_ns/g_walls=2.58 Windows=0.00083 Doors=0.00012 IC=0.00000 CO2_BC=0.00007 LR=1.28e-04 nu=0.01 NSraw=0.04088 alpha(W1/W8/all)=0.59/0.39/0.48 | 0.86 it/s
[Iter 39050/50000] Total=0.10067 | NS=0.09279 CO2(scaled)=0.00085 CO2_weight=1.00 guide_w=3.46 Walls=0.00062(x10) g_ns/g_walls=2.58 Windows=0.00069 Doors=0.00009 IC=0.00000 CO2_BC=0.00007 LR=1.28e-04 nu=0.01 NSraw=1.166 alpha(W1/W8/all)=0.59/0.39/0.48 | 0.86 it/s
[Iter 39060/50000] Total=0.05088 | NS=0.04554 CO2(scaled)=0.00072 CO2_weight=1.00 guide_w=3.46 Walls=0.00037(x10) g_ns/g_walls=2.58 Windows=0.00070 Doors=0.00012 IC=0.00000 CO2_BC=0.00007 LR=1.28e-04 nu=0.01 NSraw=0.1126 alpha(W1/W8/all)=0.59/0.39/0.48 | 0.86 it/s
[Iter 39070/50000] Total=0.03015 | NS=0.02677 CO2(scaled)=0.00049 CO2_weight=1.00 guide_w=3.46 Walls=0.00022(x10) g_ns/g_walls=2.58 Windows=0.00053 Doors=0.00012 IC=0.00000 CO2_BC=0.00007 LR=1.28e-04 nu=0.01 NSraw=0.04483 alpha(W1/W8/all)=0.59/0.39/0.48 | 0.86 it/s
[Iter 39080/50000] Total=0.07358 | NS=0.07101 CO2(scaled)=0.00056 CO2_weight=1.00 guide_w=3.46 Walls=0.00015(x10) g_ns/g_walls=2.58 Windows=0.00039 Doors=0.00008 IC=0.00000 CO2_BC=0.00006 LR=1.28e-04 nu=0.01 NSraw=0.2841 alpha(W1/W8/all)=0.59/0.39/0.48 | 0.86 it/s
[Iter 39090/50000] Total=0.03249 | NS=0.01296 CO2(scaled)=0.00111 CO2_weight=1.00 guide_w=3.46 Walls=0.00178(x10) g_ns/g_walls=2.58 Windows=0.00046 Doors=0.00009 IC=0.00000 CO2_BC=0.00006 LR=1.28e-04 nu=0.01 NSraw=0.01474 alpha(W1/W8/all)=0.59/0.39/0.48 | 0.86 it/s
[Iter 39100/50000] Total=0.02892 | NS=0.02384 CO2(scaled)=0.00063 CO2_weight=1.00 guide_w=0.983 Walls=0.00036(x10) g_ns/g_walls=0.185 Windows=0.00076 Doors=0.00009 IC=0.00000 CO2_BC=0.00005 LR=1.27e-04 nu=0.01 NSraw=0.07782 alpha(W1/W8/all)=0.59/0.39/0.48 | 0.86 it/s
[Iter 39110/50000] Total=0.34593 | NS=0.33933 CO2(scaled)=0.00072 CO2_weight=1.00 guide_w=0.983 Walls=0.00049(x10) g_ns/g_walls=0.185 Windows=0.00082 Doors=0.00007 IC=0.00000 CO2_BC=0.00006 LR=1.27e-04 nu=0.01 NSraw=10.98 alpha(W1/W8/all)=0.59/0.39/0.48 | 0.86 it/s
[Iter 39120/50000] Total=0.02990 | NS=0.02430 CO2(scaled)=0.00083 CO2_weight=1.00 guide_w=0.983 Walls=0.00039(x10) g_ns/g_walls=0.185 Windows=0.00075 Doors=0.00010 IC=0.00000 CO2_BC=0.00006 LR=1.27e-04 nu=0.01 NSraw=0.03927 alpha(W1/W8/all)=0.59/0.39/0.48 | 0.86 it/s
[Iter 39130/50000] Total=0.13190 | NS=0.12459 CO2(scaled)=0.00069 CO2_weight=1.00 guide_w=0.983 Walls=0.00058(x10) g_ns/g_walls=0.185 Windows=0.00064 Doors=0.00012 IC=0.00000 CO2_BC=0.00006 LR=1.27e-04 nu=0.01 NSraw=1.906 alpha(W1/W8/all)=0.59/0.39/0.48 | 0.86 it/s
[Iter 39140/50000] Total=0.08341 | NS=0.06795 CO2(scaled)=0.00062 CO2_weight=1.00 guide_w=0.983 Walls=0.00138(x10) g_ns/g_walls=0.185 Windows=0.00087 Doors=0.00011 IC=0.00000 CO2_BC=0.00006 LR=1.27e-04 nu=0.01 NSraw=0.5028 alpha(W1/W8/all)=0.59/0.39/0.48 | 0.86 it/s
[Iter 39150/50000] Total=0.20854 | NS=0.20126 CO2(scaled)=0.00110 CO2_weight=1.00 guide_w=0.983 Walls=0.00050(x10) g_ns/g_walls=0.185 Windows=0.00099 Doors=0.00013 IC=0.00000 CO2_BC=0.00006 LR=1.27e-04 nu=0.01 NSraw=5.578 alpha(W1/W8/all)=0.59/0.39/0.48 | 0.86 it/s
[Iter 39160/50000] Total=0.05140 | NS=0.04824 CO2(scaled)=0.00047 CO2_weight=1.00 guide_w=0.983 Walls=0.00020(x10) g_ns/g_walls=0.185 Windows=0.00055 Doors=0.00013 IC=0.00000 CO2_BC=0.00005 LR=1.27e-04 nu=0.01 NSraw=0.1394 alpha(W1/W8/all)=0.59/0.39/0.48 | 0.86 it/s
[Iter 39170/50000] Total=0.44666 | NS=0.44231 CO2(scaled)=0.00065 CO2_weight=1.00 guide_w=0.983 Walls=0.00029(x10) g_ns/g_walls=0.185 Windows=0.00058 Doors=0.00012 IC=0.00000 CO2_BC=0.00006 LR=1.27e-04 nu=0.01 NSraw=44.96 alpha(W1/W8/all)=0.59/0.39/0.48 | 0.86 it/s
[Iter 39180/50000] Total=0.03120 | NS=0.02718 CO2(scaled)=0.00050 CO2_weight=1.00 guide_w=0.983 Walls=0.00029(x10) g_ns/g_walls=0.185 Windows=0.00041 Doors=0.00012 IC=0.00000 CO2_BC=0.00006 LR=1.27e-04 nu=0.01 NSraw=0.05563 alpha(W1/W8/all)=0.59/0.39/0.48 | 0.86 it/s
[Iter 39190/50000] Total=0.26026 | NS=0.25674 CO2(scaled)=0.00083 CO2_weight=1.00 guide_w=0.983 Walls=0.00021(x10) g_ns/g_walls=0.185 Windows=0.00041 Doors=0.00010 IC=0.00000 CO2_BC=0.00006 LR=1.27e-04 nu=0.01 NSraw=13.22 alpha(W1/W8/all)=0.59/0.39/0.48 | 0.86 it/s
[Iter 39200/50000] Total=0.05385 | NS=0.04930 CO2(scaled)=0.00084 CO2_weight=1.00 guide_w=1.39 Walls=0.00031(x10) g_ns/g_walls=0.415 Windows=0.00045 Doors=0.00013 IC=0.00000 CO2_BC=0.00005 LR=1.27e-04 nu=0.01 NSraw=0.2716 alpha(W1/W8/all)=0.59/0.39/0.48 | 0.86 it/s
[Iter 39210/50000] Total=0.04118 | NS=0.03454 CO2(scaled)=0.00061 CO2_weight=1.00 guide_w=1.39 Walls=0.00052(x10) g_ns/g_walls=0.415 Windows=0.00066 Doors=0.00012 IC=0.00000 CO2_BC=0.00006 LR=1.27e-04 nu=0.01 NSraw=0.08108 alpha(W1/W8/all)=0.59/0.39/0.48 | 0.86 it/s
[Iter 39220/50000] Total=0.09160 | NS=0.08247 CO2(scaled)=0.00122 CO2_weight=1.00 guide_w=1.39 Walls=0.00072(x10) g_ns/g_walls=0.415 Windows=0.00052 Doors=0.00009 IC=0.00000 CO2_BC=0.00005 LR=1.27e-04 nu=0.01 NSraw=0.9308 alpha(W1/W8/all)=0.59/0.39/0.48 | 0.86 it/s
[Iter 39230/50000] Total=0.01903 | NS=0.01577 CO2(scaled)=0.00059 CO2_weight=1.00 guide_w=1.39 Walls=0.00019(x10) g_ns/g_walls=0.415 Windows=0.00054 Doors=0.00009 IC=0.00000 CO2_BC=0.00009 LR=1.27e-04 nu=0.01 NSraw=0.02472 alpha(W1/W8/all)=0.59/0.39/0.48 | 0.86 it/s
[Iter 39240/50000] Total=0.03883 | NS=0.03487 CO2(scaled)=0.00059 CO2_weight=1.00 guide_w=1.39 Walls=0.00026(x10) g_ns/g_walls=0.415 Windows=0.00064 Doors=0.00012 IC=0.00000 CO2_BC=0.00006 LR=1.27e-04 nu=0.01 NSraw=0.07352 alpha(W1/W8/all)=0.59/0.39/0.48 | 0.86 it/s
[Iter 39250/50000] Total=0.03328 | NS=0.03036 CO2(scaled)=0.00045 CO2_weight=1.00 guide_w=1.39 Walls=0.00018(x10) g_ns/g_walls=0.415 Windows=0.00052 Doors=0.00010 IC=0.00000 CO2_BC=0.00006 LR=1.26e-04 nu=0.01 NSraw=0.06513 alpha(W1/W8/all)=0.59/0.39/0.48 | 0.86 it/s
[Iter 39260/50000] Total=0.05464 | NS=0.05002 CO2(scaled)=0.00098 CO2_weight=1.00 guide_w=1.39 Walls=0.00030(x10) g_ns/g_walls=0.415 Windows=0.00049 Doors=0.00009 IC=0.00000 CO2_BC=0.00006 LR=1.26e-04 nu=0.01 NSraw=0.171 alpha(W1/W8/all)=0.59/0.39/0.48 | 0.86 it/s
[Iter 39270/50000] Total=0.39593 | NS=0.38968 CO2(scaled)=0.00051 CO2_weight=1.00 guide_w=1.39 Walls=0.00048(x10) g_ns/g_walls=0.415 Windows=0.00081 Doors=0.00008 IC=0.00000 CO2_BC=0.00005 LR=1.26e-04 nu=0.01 NSraw=35.18 alpha(W1/W8/all)=0.59/0.39/0.48 | 0.86 it/s
[Iter 39280/50000] Total=0.03810 | NS=0.03394 CO2(scaled)=0.00058 CO2_weight=1.00 guide_w=1.39 Walls=0.00028(x10) g_ns/g_walls=0.415 Windows=0.00058 Doors=0.00011 IC=0.00000 CO2_BC=0.00006 LR=1.26e-04 nu=0.01 NSraw=0.1459 alpha(W1/W8/all)=0.59/0.39/0.48 | 0.86 it/s
[Iter 39290/50000] Total=0.01907 | NS=0.01573 CO2(scaled)=0.00048 CO2_weight=1.00 guide_w=1.39 Walls=0.00020(x10) g_ns/g_walls=0.415 Windows=0.00067 Doors=0.00010 IC=0.00000 CO2_BC=0.00005 LR=1.26e-04 nu=0.01 NSraw=0.0226 alpha(W1/W8/all)=0.59/0.39/0.48 | 0.86 it/s
[Iter 39300/50000] Total=0.02687 | NS=0.02150 CO2(scaled)=0.00072 CO2_weight=1.00 guide_w=4.21 Walls=0.00038(x10) g_ns/g_walls=1.27 Windows=0.00067 Doors=0.00015 IC=0.00000 CO2_BC=0.00005 LR=1.26e-04 nu=0.01 NSraw=0.04555 alpha(W1/W8/all)=0.59/0.39/0.48 | 0.86 it/s
[Iter 39310/50000] Total=0.03670 | NS=0.03370 CO2(scaled)=0.00054 CO2_weight=1.00 guide_w=4.21 Walls=0.00017(x10) g_ns/g_walls=1.27 Windows=0.00062 Doors=0.00009 IC=0.00000 CO2_BC=0.00005 LR=1.26e-04 nu=0.01 NSraw=0.08305 alpha(W1/W8/all)=0.59/0.39/0.48 | 0.86 it/s
[Iter 39320/50000] Total=0.03788 | NS=0.03333 CO2(scaled)=0.00054 CO2_weight=1.00 guide_w=4.21 Walls=0.00033(x10) g_ns/g_walls=1.27 Windows=0.00058 Doors=0.00007 IC=0.00000 CO2_BC=0.00005 LR=1.26e-04 nu=0.01 NSraw=0.1014 alpha(W1/W8/all)=0.59/0.39/0.48 | 0.86 it/s
[Iter 39330/50000] Total=0.02220 | NS=0.01878 CO2(scaled)=0.00046 CO2_weight=1.00 guide_w=4.21 Walls=0.00022(x10) g_ns/g_walls=1.27 Windows=0.00056 Doors=0.00011 IC=0.00000 CO2_BC=0.00006 LR=1.26e-04 nu=0.01 NSraw=0.03225 alpha(W1/W8/all)=0.59/0.39/0.48 | 0.86 it/s
[Iter 39340/50000] Total=0.04215 | NS=0.03815 CO2(scaled)=0.00066 CO2_weight=1.00 guide_w=4.21 Walls=0.00025(x10) g_ns/g_walls=1.27 Windows=0.00066 Doors=0.00010 IC=0.00000 CO2_BC=0.00006 LR=1.26e-04 nu=0.01 NSraw=0.1197 alpha(W1/W8/all)=0.59/0.39/0.48 | 0.86 it/s
[Iter 39350/50000] Total=0.04576 | NS=0.04260 CO2(scaled)=0.00069 CO2_weight=1.00 guide_w=4.21 Walls=0.00018(x10) g_ns/g_walls=1.27 Windows=0.00047 Doors=0.00010 IC=0.00000 CO2_BC=0.00005 LR=1.26e-04 nu=0.01 NSraw=0.1173 alpha(W1/W8/all)=0.59/0.39/0.48 | 0.86 it/s
[Iter 39360/50000] Total=0.06823 | NS=0.06291 CO2(scaled)=0.00054 CO2_weight=1.00 guide_w=4.21 Walls=0.00039(x10) g_ns/g_walls=1.27 Windows=0.00073 Doors=0.00012 IC=0.00000 CO2_BC=0.00006 LR=1.26e-04 nu=0.01 NSraw=0.2034 alpha(W1/W8/all)=0.59/0.39/0.48 | 0.86 it/s
[Iter 39370/50000] Total=0.01827 | NS=0.01465 CO2(scaled)=0.00047 CO2_weight=1.00 guide_w=4.21 Walls=0.00022(x10) g_ns/g_walls=1.27 Windows=0.00078 Doors=0.00012 IC=0.00000 CO2_BC=0.00005 LR=1.26e-04 nu=0.01 NSraw=0.02018 alpha(W1/W8/all)=0.59/0.39/0.48 | 0.86 it/s
[Iter 39380/50000] Total=0.05867 | NS=0.05453 CO2(scaled)=0.00067 CO2_weight=1.00 guide_w=4.21 Walls=0.00025(x10) g_ns/g_walls=1.27 Windows=0.00082 Doors=0.00008 IC=0.00000 CO2_BC=0.00005 LR=1.26e-04 nu=0.01 NSraw=0.2561 alpha(W1/W8/all)=0.59/0.39/0.48 | 0.86 it/s
[Iter 39390/50000] Total=0.06759 | NS=0.06004 CO2(scaled)=0.00063 CO2_weight=1.00 guide_w=4.21 Walls=0.00061(x10) g_ns/g_walls=1.27 Windows=0.00063 Doors=0.00010 IC=0.00000 CO2_BC=0.00006 LR=1.26e-04 nu=0.01 NSraw=0.2425 alpha(W1/W8/all)=0.59/0.39/0.48 | 0.86 it/s
[Iter 39400/50000] Total=0.04952 | NS=0.04381 CO2(scaled)=0.00065 CO2_weight=1.00 guide_w=3.36 Walls=0.00039(x10) g_ns/g_walls=0.3 Windows=0.00097 Doors=0.00010 IC=0.00000 CO2_BC=0.00006 LR=1.25e-04 nu=0.01 NSraw=0.1567 alpha(W1/W8/all)=0.59/0.39/0.48 | 0.86 it/s
[Iter 39410/50000] Total=0.04460 | NS=0.03990 CO2(scaled)=0.00066 CO2_weight=1.00 guide_w=3.36 Walls=0.00032(x10) g_ns/g_walls=0.3 Windows=0.00061 Doors=0.00013 IC=0.00000 CO2_BC=0.00006 LR=1.25e-04 nu=0.01 NSraw=0.1038 alpha(W1/W8/all)=0.59/0.39/0.48 | 0.86 it/s
[Iter 39420/50000] Total=0.23894 | NS=0.23466 CO2(scaled)=0.00070 CO2_weight=1.00 guide_w=3.36 Walls=0.00028(x10) g_ns/g_walls=0.3 Windows=0.00063 Doors=0.00012 IC=0.00000 CO2_BC=0.00005 LR=1.25e-04 nu=0.01 NSraw=7.54 alpha(W1/W8/all)=0.59/0.39/0.48 | 0.86 it/s
[Iter 39430/50000] Total=0.04460 | NS=0.04107 CO2(scaled)=0.00081 CO2_weight=1.00 guide_w=3.36 Walls=0.00018(x10) g_ns/g_walls=0.3 Windows=0.00070 Doors=0.00012 IC=0.00000 CO2_BC=0.00006 LR=1.25e-04 nu=0.01 NSraw=0.1854 alpha(W1/W8/all)=0.59/0.39/0.48 | 0.86 it/s
[Iter 39440/50000] Total=0.02413 | NS=0.02119 CO2(scaled)=0.00054 CO2_weight=1.00 guide_w=3.36 Walls=0.00016(x10) g_ns/g_walls=0.3 Windows=0.00060 Doors=0.00010 IC=0.00000 CO2_BC=0.00006 LR=1.25e-04 nu=0.01 NSraw=0.03977 alpha(W1/W8/all)=0.59/0.39/0.48 | 0.86 it/s
[Iter 39450/50000] Total=0.01767 | NS=0.01362 CO2(scaled)=0.00050 CO2_weight=1.00 guide_w=3.36 Walls=0.00028(x10) g_ns/g_walls=0.3 Windows=0.00062 Doors=0.00011 IC=0.00000 CO2_BC=0.00005 LR=1.25e-04 nu=0.01 NSraw=0.01893 alpha(W1/W8/all)=0.59/0.39/0.48 | 0.86 it/s
[Iter 39460/50000] Total=0.11095 | NS=0.10681 CO2(scaled)=0.00052 CO2_weight=1.00 guide_w=3.36 Walls=0.00030(x10) g_ns/g_walls=0.3 Windows=0.00049 Doors=0.00010 IC=0.00000 CO2_BC=0.00005 LR=1.25e-04 nu=0.01 NSraw=1.008 alpha(W1/W8/all)=0.59/0.39/0.48 | 0.86 it/s
[Iter 39470/50000] Total=0.07133 | NS=0.06640 CO2(scaled)=0.00057 CO2_weight=1.00 guide_w=3.36 Walls=0.00036(x10) g_ns/g_walls=0.3 Windows=0.00056 Doors=0.00012 IC=0.00000 CO2_BC=0.00005 LR=1.25e-04 nu=0.01 NSraw=0.2707 alpha(W1/W8/all)=0.59/0.39/0.48 | 0.86 it/s
[Iter 39480/50000] Total=0.05089 | NS=0.04402 CO2(scaled)=0.00077 CO2_weight=1.00 guide_w=3.36 Walls=0.00053(x10) g_ns/g_walls=0.3 Windows=0.00062 Doors=0.00011 IC=0.00000 CO2_BC=0.00005 LR=1.25e-04 nu=0.01 NSraw=0.2084 alpha(W1/W8/all)=0.59/0.39/0.48 | 0.86 it/s
[Iter 39490/50000] Total=0.18135 | NS=0.16734 CO2(scaled)=0.00099 CO2_weight=1.00 guide_w=3.36 Walls=0.00115(x10) g_ns/g_walls=0.3 Windows=0.00136 Doors=0.00011 IC=0.00000 CO2_BC=0.00006 LR=1.25e-04 nu=0.01 NSraw=2.677 alpha(W1/W8/all)=0.59/0.39/0.48 | 0.86 it/s
[Iter 39500/50000] Total=0.04963 | NS=0.04426 CO2(scaled)=0.00063 CO2_weight=1.00 guide_w=59.6 Walls=0.00038(x10) g_ns/g_walls=1.81 Windows=0.00077 Doors=0.00012 IC=0.00000 CO2_BC=0.00005 LR=1.25e-04 nu=0.01 NSraw=0.1308 alpha(W1/W8/all)=0.59/0.39/0.48 | 0.86 it/s
[Iter 39510/50000] Total=0.05360 | NS=0.04698 CO2(scaled)=0.00061 CO2_weight=1.00 guide_w=59.6 Walls=0.00051(x10) g_ns/g_walls=1.81 Windows=0.00075 Doors=0.00014 IC=0.00000 CO2_BC=0.00007 LR=1.25e-04 nu=0.01 NSraw=0.1358 alpha(W1/W8/all)=0.59/0.39/0.48 | 0.86 it/s
[Iter 39520/50000] Total=0.07893 | NS=0.07253 CO2(scaled)=0.00069 CO2_weight=1.00 guide_w=59.6 Walls=0.00048(x10) g_ns/g_walls=1.81 Windows=0.00078 Doors=0.00012 IC=0.00000 CO2_BC=0.00005 LR=1.25e-04 nu=0.01 NSraw=0.2389 alpha(W1/W8/all)=0.59/0.39/0.48 | 0.86 it/s
[Iter 39530/50000] Total=0.09378 | NS=0.09020 CO2(scaled)=0.00071 CO2_weight=1.00 guide_w=59.6 Walls=0.00022(x10) g_ns/g_walls=1.81 Windows=0.00050 Doors=0.00009 IC=0.00000 CO2_BC=0.00006 LR=1.25e-04 nu=0.01 NSraw=0.5277 alpha(W1/W8/all)=0.59/0.39/0.48 | 0.86 it/s
[Iter 39540/50000] Total=0.02754 | NS=0.02339 CO2(scaled)=0.00071 CO2_weight=1.00 guide_w=59.6 Walls=0.00027(x10) g_ns/g_walls=1.81 Windows=0.00054 Doors=0.00013 IC=0.00000 CO2_BC=0.00006 LR=1.25e-04 nu=0.01 NSraw=0.03504 alpha(W1/W8/all)=0.59/0.39/0.48 | 0.86 it/s
[Iter 39550/50000] Total=0.15375 | NS=0.14785 CO2(scaled)=0.00045 CO2_weight=1.00 guide_w=59.6 Walls=0.00046(x10) g_ns/g_walls=1.81 Windows=0.00067 Doors=0.00011 IC=0.00000 CO2_BC=0.00006 LR=1.24e-04 nu=0.01 NSraw=2.891 alpha(W1/W8/all)=0.59/0.39/0.48 | 0.86 it/s
[Iter 39560/50000] Total=0.04529 | NS=0.04030 CO2(scaled)=0.00057 CO2_weight=1.00 guide_w=59.6 Walls=0.00035(x10) g_ns/g_walls=1.81 Windows=0.00074 Doors=0.00012 IC=0.00000 CO2_BC=0.00006 LR=1.24e-04 nu=0.01 NSraw=0.1488 alpha(W1/W8/all)=0.59/0.39/0.48 | 0.86 it/s
[Iter 39570/50000] Total=0.10963 | NS=0.10269 CO2(scaled)=0.00060 CO2_weight=1.00 guide_w=59.6 Walls=0.00056(x10) g_ns/g_walls=1.81 Windows=0.00054 Doors=0.00012 IC=0.00000 CO2_BC=0.00005 LR=1.24e-04 nu=0.01 NSraw=1.393 alpha(W1/W8/all)=0.59/0.39/0.48 | 0.86 it/s
[Iter 39580/50000] Total=0.04390 | NS=0.03352 CO2(scaled)=0.00083 CO2_weight=1.00 guide_w=59.6 Walls=0.00083(x10) g_ns/g_walls=1.81 Windows=0.00105 Doors=0.00013 IC=0.00000 CO2_BC=0.00005 LR=1.24e-04 nu=0.01 NSraw=0.08014 alpha(W1/W8/all)=0.59/0.39/0.48 | 0.86 it/s
[Iter 39590/50000] Total=0.06198 | NS=0.05510 CO2(scaled)=0.00052 CO2_weight=1.00 guide_w=59.6 Walls=0.00054(x10) g_ns/g_walls=1.81 Windows=0.00084 Doors=0.00011 IC=0.00000 CO2_BC=0.00005 LR=1.24e-04 nu=0.01 NSraw=0.191 alpha(W1/W8/all)=0.59/0.39/0.48 | 0.86 it/s
[Iter 39600/50000] Total=0.11078 | NS=0.10639 CO2(scaled)=0.00071 CO2_weight=1.00 guide_w=8.34 Walls=0.00029(x10) g_ns/g_walls=1.92 Windows=0.00065 Doors=0.00009 IC=0.00000 CO2_BC=0.00005 LR=1.24e-04 nu=0.01 NSraw=0.8003 alpha(W1/W8/all)=0.59/0.39/0.48 | 0.86 it/s
[Iter 39610/50000] Total=0.06831 | NS=0.06492 CO2(scaled)=0.00043 CO2_weight=1.00 guide_w=8.34 Walls=0.00021(x10) g_ns/g_walls=1.92 Windows=0.00063 Doors=0.00012 IC=0.00000 CO2_BC=0.00006 LR=1.24e-04 nu=0.01 NSraw=0.2177 alpha(W1/W8/all)=0.59/0.39/0.48 | 0.86 it/s
[Iter 39620/50000] Total=0.09147 | NS=0.07670 CO2(scaled)=0.00094 CO2_weight=1.00 guide_w=8.34 Walls=0.00130(x10) g_ns/g_walls=1.92 Windows=0.00061 Doors=0.00012 IC=0.00000 CO2_BC=0.00007 LR=1.24e-04 nu=0.01 NSraw=0.4249 alpha(W1/W8/all)=0.59/0.39/0.48 | 0.86 it/s
[Iter 39630/50000] Total=0.06685 | NS=0.06169 CO2(scaled)=0.00066 CO2_weight=1.00 guide_w=8.34 Walls=0.00034(x10) g_ns/g_walls=1.92 Windows=0.00093 Doors=0.00010 IC=0.00000 CO2_BC=0.00006 LR=1.24e-04 nu=0.01 NSraw=0.2016 alpha(W1/W8/all)=0.59/0.39/0.48 | 0.86 it/s
[Iter 39640/50000] Total=0.02640 | NS=0.02101 CO2(scaled)=0.00050 CO2_weight=1.00 guide_w=8.34 Walls=0.00040(x10) g_ns/g_walls=1.92 Windows=0.00072 Doors=0.00009 IC=0.00000 CO2_BC=0.00005 LR=1.24e-04 nu=0.01 NSraw=0.03317 alpha(W1/W8/all)=0.59/0.39/0.48 | 0.86 it/s
[Iter 39650/50000] Total=0.06996 | NS=0.06497 CO2(scaled)=0.00064 CO2_weight=1.00 guide_w=8.34 Walls=0.00034(x10) g_ns/g_walls=1.92 Windows=0.00080 Doors=0.00012 IC=0.00000 CO2_BC=0.00005 LR=1.24e-04 nu=0.01 NSraw=0.5211 alpha(W1/W8/all)=0.59/0.39/0.48 | 0.86 it/s
[Iter 39660/50000] Total=0.01641 | NS=0.01135 CO2(scaled)=0.00058 CO2_weight=1.00 guide_w=8.34 Walls=0.00039(x10) g_ns/g_walls=1.92 Windows=0.00045 Doors=0.00010 IC=0.00000 CO2_BC=0.00005 LR=1.24e-04 nu=0.01 NSraw=0.01366 alpha(W1/W8/all)=0.59/0.39/0.48 | 0.86 it/s
[Iter 39670/50000] Total=0.13097 | NS=0.12549 CO2(scaled)=0.00099 CO2_weight=1.00 guide_w=8.34 Walls=0.00035(x10) g_ns/g_walls=1.92 Windows=0.00079 Doors=0.00012 IC=0.00000 CO2_BC=0.00007 LR=1.24e-04 nu=0.01 NSraw=2.148 alpha(W1/W8/all)=0.59/0.39/0.48 | 0.86 it/s
[Iter 39680/50000] Total=0.13566 | NS=0.13269 CO2(scaled)=0.00058 CO2_weight=1.00 guide_w=8.34 Walls=0.00016(x10) g_ns/g_walls=1.92 Windows=0.00061 Doors=0.00008 IC=0.00000 CO2_BC=0.00006 LR=1.24e-04 nu=0.01 NSraw=1.918 alpha(W1/W8/all)=0.59/0.39/0.48 | 0.86 it/s
[Iter 39690/50000] Total=0.07141 | NS=0.06724 CO2(scaled)=0.00067 CO2_weight=1.00 guide_w=8.34 Walls=0.00024(x10) g_ns/g_walls=1.92 Windows=0.00089 Doors=0.00014 IC=0.00000 CO2_BC=0.00006 LR=1.24e-04 nu=0.01 NSraw=0.2104 alpha(W1/W8/all)=0.59/0.39/0.48 | 0.86 it/s
[Iter 39700/50000] Total=0.03447 | NS=0.02748 CO2(scaled)=0.00056 CO2_weight=1.00 guide_w=23.2 Walls=0.00056(x10) g_ns/g_walls=1.48 Windows=0.00069 Doors=0.00011 IC=0.00000 CO2_BC=0.00005 LR=1.24e-04 nu=0.01 NSraw=0.04594 alpha(W1/W8/all)=0.59/0.39/0.48 | 0.86 it/s
[Iter 39710/50000] Total=0.02759 | NS=0.02221 CO2(scaled)=0.00079 CO2_weight=1.00 guide_w=23.2 Walls=0.00037(x10) g_ns/g_walls=1.48 Windows=0.00064 Doors=0.00015 IC=0.00000 CO2_BC=0.00006 LR=1.23e-04 nu=0.01 NSraw=0.03822 alpha(W1/W8/all)=0.59/0.39/0.48 | 0.86 it/s
[Iter 39720/50000] Total=0.09112 | NS=0.08394 CO2(scaled)=0.00070 CO2_weight=1.00 guide_w=23.2 Walls=0.00052(x10) g_ns/g_walls=1.48 Windows=0.00116 Doors=0.00010 IC=0.00000 CO2_BC=0.00005 LR=1.23e-04 nu=0.01 NSraw=0.4038 alpha(W1/W8/all)=0.59/0.39/0.48 | 0.86 it/s
[Iter 39730/50000] Total=0.02927 | NS=0.02578 CO2(scaled)=0.00075 CO2_weight=1.00 guide_w=23.2 Walls=0.00022(x10) g_ns/g_walls=1.48 Windows=0.00042 Doors=0.00009 IC=0.00000 CO2_BC=0.00006 LR=1.23e-04 nu=0.01 NSraw=0.04349 alpha(W1/W8/all)=0.59/0.39/0.48 | 0.86 it/s
[Iter 39740/50000] Total=0.05381 | NS=0.04365 CO2(scaled)=0.00060 CO2_weight=1.00 guide_w=23.2 Walls=0.00084(x10) g_ns/g_walls=1.48 Windows=0.00103 Doors=0.00010 IC=0.00000 CO2_BC=0.00006 LR=1.23e-04 nu=0.01 NSraw=0.1084 alpha(W1/W8/all)=0.59/0.39/0.48 | 0.86 it/s
[Iter 39750/50000] Total=0.04351 | NS=0.04018 CO2(scaled)=0.00053 CO2_weight=1.00 guide_w=23.2 Walls=0.00020(x10) g_ns/g_walls=1.48 Windows=0.00064 Doors=0.00011 IC=0.00000 CO2_BC=0.00006 LR=1.23e-04 nu=0.01 NSraw=0.1034 alpha(W1/W8/all)=0.59/0.39/0.48 | 0.86 it/s
[Iter 39760/50000] Total=0.08573 | NS=0.08329 CO2(scaled)=0.00050 CO2_weight=1.00 guide_w=23.2 Walls=0.00013(x10) g_ns/g_walls=1.48 Windows=0.00050 Doors=0.00009 IC=0.00000 CO2_BC=0.00006 LR=1.23e-04 nu=0.01 NSraw=0.4329 alpha(W1/W8/all)=0.59/0.39/0.48 | 0.86 it/s
[Iter 39770/50000] Total=0.02632 | NS=0.02243 CO2(scaled)=0.00066 CO2_weight=1.00 guide_w=23.2 Walls=0.00026(x10) g_ns/g_walls=1.48 Windows=0.00048 Doors=0.00010 IC=0.00000 CO2_BC=0.00005 LR=1.23e-04 nu=0.01 NSraw=0.03718 alpha(W1/W8/all)=0.59/0.39/0.48 | 0.86 it/s
[Iter 39780/50000] Total=0.05343 | NS=0.04954 CO2(scaled)=0.00062 CO2_weight=1.00 guide_w=23.2 Walls=0.00026(x10) g_ns/g_walls=1.48 Windows=0.00051 Doors=0.00010 IC=0.00000 CO2_BC=0.00007 LR=1.23e-04 nu=0.01 NSraw=0.1648 alpha(W1/W8/all)=0.59/0.39/0.48 | 0.86 it/s
[Iter 39790/50000] Total=0.03862 | NS=0.02792 CO2(scaled)=0.00049 CO2_weight=1.00 guide_w=23.2 Walls=0.00087(x10) g_ns/g_walls=1.48 Windows=0.00131 Doors=0.00013 IC=0.00000 CO2_BC=0.00006 LR=1.23e-04 nu=0.01 NSraw=0.07261 alpha(W1/W8/all)=0.59/0.39/0.48 | 0.86 it/s
[Iter 39800/50000] Total=0.06735 | NS=0.06448 CO2(scaled)=0.00052 CO2_weight=1.00 guide_w=40 Walls=0.00017(x10) g_ns/g_walls=9.17 Windows=0.00051 Doors=0.00011 IC=0.00000 CO2_BC=0.00006 LR=1.23e-04 nu=0.01 NSraw=0.289 alpha(W1/W8/all)=0.59/0.39/0.48 | 0.86 it/s
[Iter 39810/50000] Total=0.03877 | NS=0.03625 CO2(scaled)=0.00045 CO2_weight=1.00 guide_w=40 Walls=0.00013(x10) g_ns/g_walls=9.17 Windows=0.00060 Doors=0.00013 IC=0.00000 CO2_BC=0.00006 LR=1.23e-04 nu=0.01 NSraw=0.091 alpha(W1/W8/all)=0.59/0.39/0.48 | 0.86 it/s
[Iter 39820/50000] Total=0.05157 | NS=0.04431 CO2(scaled)=0.00047 CO2_weight=1.00 guide_w=40 Walls=0.00059(x10) g_ns/g_walls=9.17 Windows=0.00071 Doors=0.00012 IC=0.00000 CO2_BC=0.00005 LR=1.23e-04 nu=0.01 NSraw=0.08198 alpha(W1/W8/all)=0.59/0.39/0.48 | 0.86 it/s
[Iter 39830/50000] Total=0.16643 | NS=0.15755 CO2(scaled)=0.00057 CO2_weight=1.00 guide_w=40 Walls=0.00071(x10) g_ns/g_walls=9.17 Windows=0.00107 Doors=0.00012 IC=0.00000 CO2_BC=0.00006 LR=1.23e-04 nu=0.01 NSraw=2.719 alpha(W1/W8/all)=0.59/0.39/0.48 | 0.86 it/s
[Iter 39840/50000] Total=0.02656 | NS=0.02314 CO2(scaled)=0.00048 CO2_weight=1.00 guide_w=40 Walls=0.00022(x10) g_ns/g_walls=9.17 Windows=0.00064 Doors=0.00009 IC=0.00000 CO2_BC=0.00006 LR=1.23e-04 nu=0.01 NSraw=0.04339 alpha(W1/W8/all)=0.59/0.39/0.48 | 0.86 it/s
[Iter 39850/50000] Total=0.04702 | NS=0.04335 CO2(scaled)=0.00061 CO2_weight=1.00 guide_w=40 Walls=0.00021(x10) g_ns/g_walls=9.17 Windows=0.00078 Doors=0.00009 IC=0.00000 CO2_BC=0.00006 LR=1.23e-04 nu=0.01 NSraw=0.1445 alpha(W1/W8/all)=0.59/0.39/0.48 | 0.86 it/s
[Iter 39860/50000] Total=0.02430 | NS=0.01948 CO2(scaled)=0.00074 CO2_weight=1.00 guide_w=40 Walls=0.00030(x10) g_ns/g_walls=9.17 Windows=0.00092 Doors=0.00012 IC=0.00000 CO2_BC=0.00005 LR=1.22e-04 nu=0.01 NSraw=0.04182 alpha(W1/W8/all)=0.59/0.39/0.48 | 0.86 it/s
[Iter 39870/50000] Total=0.11932 | NS=0.11546 CO2(scaled)=0.00054 CO2_weight=1.00 guide_w=40 Walls=0.00026(x10) g_ns/g_walls=9.17 Windows=0.00056 Doors=0.00013 IC=0.00000 CO2_BC=0.00006 LR=1.22e-04 nu=0.01 NSraw=2.504 alpha(W1/W8/all)=0.59/0.39/0.48 | 0.86 it/s
[Iter 39880/50000] Total=0.02920 | NS=0.02419 CO2(scaled)=0.00057 CO2_weight=1.00 guide_w=40 Walls=0.00034(x10) g_ns/g_walls=9.17 Windows=0.00090 Doors=0.00011 IC=0.00000 CO2_BC=0.00006 LR=1.22e-04 nu=0.01 NSraw=0.06495 alpha(W1/W8/all)=0.59/0.39/0.48 | 0.86 it/s
[Iter 39890/50000] Total=0.05807 | NS=0.05288 CO2(scaled)=0.00065 CO2_weight=1.00 guide_w=40 Walls=0.00037(x10) g_ns/g_walls=9.17 Windows=0.00074 Doors=0.00009 IC=0.00000 CO2_BC=0.00006 LR=1.22e-04 nu=0.01 NSraw=0.1118 alpha(W1/W8/all)=0.59/0.39/0.48 | 0.86 it/s
[Iter 39900/50000] Total=0.11704 | NS=0.11172 CO2(scaled)=0.00059 CO2_weight=1.00 guide_w=31.6 Walls=0.00036(x10) g_ns/g_walls=2.24 Windows=0.00099 Doors=0.00012 IC=0.00000 CO2_BC=0.00006 LR=1.22e-04 nu=0.01 NSraw=1.012 alpha(W1/W8/all)=0.59/0.39/0.48 | 0.86 it/s
[Iter 39910/50000] Total=0.07299 | NS=0.06881 CO2(scaled)=0.00061 CO2_weight=1.00 guide_w=31.6 Walls=0.00028(x10) g_ns/g_walls=2.24 Windows=0.00058 Doors=0.00009 IC=0.00000 CO2_BC=0.00006 LR=1.22e-04 nu=0.01 NSraw=0.2772 alpha(W1/W8/all)=0.59/0.39/0.48 | 0.86 it/s
[Iter 39920/50000] Total=0.02630 | NS=0.02267 CO2(scaled)=0.00053 CO2_weight=1.00 guide_w=31.6 Walls=0.00023(x10) g_ns/g_walls=2.24 Windows=0.00057 Doors=0.00013 IC=0.00000 CO2_BC=0.00006 LR=1.22e-04 nu=0.01 NSraw=0.03796 alpha(W1/W8/all)=0.59/0.39/0.48 | 0.86 it/s
[Iter 39930/50000] Total=0.02431 | NS=0.01580 CO2(scaled)=0.00066 CO2_weight=1.00 guide_w=31.6 Walls=0.00067(x10) g_ns/g_walls=2.24 Windows=0.00098 Doors=0.00012 IC=0.00000 CO2_BC=0.00005 LR=1.22e-04 nu=0.01 NSraw=0.02055 alpha(W1/W8/all)=0.59/0.39/0.48 | 0.86 it/s
[Iter 39940/50000] Total=0.15184 | NS=0.14874 CO2(scaled)=0.00049 CO2_weight=1.00 guide_w=31.6 Walls=0.00019(x10) g_ns/g_walls=2.24 Windows=0.00056 Doors=0.00009 IC=0.00000 CO2_BC=0.00006 LR=1.22e-04 nu=0.01 NSraw=4.185 alpha(W1/W8/all)=0.59/0.39/0.48 | 0.86 it/s
[Iter 39950/50000] Total=0.19691 | NS=0.19281 CO2(scaled)=0.00072 CO2_weight=1.00 guide_w=31.6 Walls=0.00023(x10) g_ns/g_walls=2.24 Windows=0.00091 Doors=0.00012 IC=0.00000 CO2_BC=0.00006 LR=1.22e-04 nu=0.01 NSraw=5.291 alpha(W1/W8/all)=0.59/0.39/0.48 | 0.86 it/s
[Iter 39960/50000] Total=0.34386 | NS=0.33944 CO2(scaled)=0.00053 CO2_weight=1.00 guide_w=31.6 Walls=0.00029(x10) g_ns/g_walls=2.24 Windows=0.00087 Doors=0.00009 IC=0.00000 CO2_BC=0.00005 LR=1.22e-04 nu=0.01 NSraw=12.08 alpha(W1/W8/all)=0.59/0.39/0.48 | 0.86 it/s
[Iter 39970/50000] Total=0.17670 | NS=0.17295 CO2(scaled)=0.00076 CO2_weight=1.00 guide_w=31.6 Walls=0.00021(x10) g_ns/g_walls=2.24 Windows=0.00072 Doors=0.00009 IC=0.00000 CO2_BC=0.00006 LR=1.22e-04 nu=0.01 NSraw=2.491 alpha(W1/W8/all)=0.59/0.39/0.48 | 0.86 it/s
[Iter 39980/50000] Total=0.15036 | NS=0.14698 CO2(scaled)=0.00061 CO2_weight=1.00 guide_w=31.6 Walls=0.00021(x10) g_ns/g_walls=2.24 Windows=0.00052 Doors=0.00008 IC=0.00000 CO2_BC=0.00005 LR=1.22e-04 nu=0.01 NSraw=2.992 alpha(W1/W8/all)=0.59/0.39/0.48 | 0.86 it/s
[Iter 39990/50000] Total=0.02477 | NS=0.02088 CO2(scaled)=0.00078 CO2_weight=1.00 guide_w=31.6 Walls=0.00024(x10) g_ns/g_walls=2.24 Windows=0.00054 Doors=0.00014 IC=0.00000 CO2_BC=0.00006 LR=1.22e-04 nu=0.01 NSraw=0.03357 alpha(W1/W8/all)=0.59/0.39/0.48 | 0.86 it/s
[Iter 40000/50000] Total=0.03179 | NS=0.02761 CO2(scaled)=0.00079 CO2_weight=1.00 guide_w=21.1 Walls=0.00024(x10) g_ns/g_walls=3.36 Windows=0.00080 Doors=0.00010 IC=0.00000 CO2_BC=0.00006 LR=1.22e-04 nu=0.01 NSraw=0.06621 alpha(W1/W8/all)=0.59/0.39/0.48 | 0.86 it/s
  -> saved checkpoint: /home/iai-labor/BuildingControlCFD/experiments/gnot/checkpoints/v24_fixedalpha_r50k/gnot_v24_fixedalpha_r50k_iter40000.pth
[Iter 40010/50000] Total=0.03221 | NS=0.02831 CO2(scaled)=0.00092 CO2_weight=1.00 guide_w=21.1 Walls=0.00023(x10) g_ns/g_walls=3.36 Windows=0.00052 Doors=0.00009 IC=0.00000 CO2_BC=0.00006 LR=1.22e-04 nu=0.01 NSraw=0.04807 alpha(W1/W8/all)=0.59/0.39/0.48 | 0.86 it/s
[Iter 40020/50000] Total=0.02287 | NS=0.01843 CO2(scaled)=0.00070 CO2_weight=1.00 guide_w=21.1 Walls=0.00030(x10) g_ns/g_walls=3.36 Windows=0.00063 Doors=0.00010 IC=0.00000 CO2_BC=0.00005 LR=1.21e-04 nu=0.01 NSraw=0.02493 alpha(W1/W8/all)=0.59/0.39/0.48 | 0.86 it/s
[Iter 40030/50000] Total=0.03944 | NS=0.02933 CO2(scaled)=0.00067 CO2_weight=1.00 guide_w=21.1 Walls=0.00083(x10) g_ns/g_walls=3.36 Windows=0.00099 Doors=0.00012 IC=0.00000 CO2_BC=0.00006 LR=1.21e-04 nu=0.01 NSraw=0.0694 alpha(W1/W8/all)=0.59/0.39/0.48 | 0.86 it/s
[Iter 40040/50000] Total=0.05386 | NS=0.05076 CO2(scaled)=0.00053 CO2_weight=1.00 guide_w=21.1 Walls=0.00019(x10) g_ns/g_walls=3.36 Windows=0.00056 Doors=0.00011 IC=0.00000 CO2_BC=0.00005 LR=1.21e-04 nu=0.01 NSraw=0.2556 alpha(W1/W8/all)=0.59/0.39/0.48 | 0.86 it/s
[Iter 40050/50000] Total=0.10925 | NS=0.10402 CO2(scaled)=0.00063 CO2_weight=1.00 guide_w=21.1 Walls=0.00039(x10) g_ns/g_walls=3.36 Windows=0.00052 Doors=0.00009 IC=0.00000 CO2_BC=0.00006 LR=1.21e-04 nu=0.01 NSraw=1.509 alpha(W1/W8/all)=0.59/0.39/0.48 | 0.86 it/s
[Iter 40060/50000] Total=0.02481 | NS=0.01901 CO2(scaled)=0.00075 CO2_weight=1.00 guide_w=21.1 Walls=0.00040(x10) g_ns/g_walls=3.36 Windows=0.00090 Doors=0.00006 IC=0.00000 CO2_BC=0.00006 LR=1.21e-04 nu=0.01 NSraw=0.02739 alpha(W1/W8/all)=0.59/0.39/0.48 | 0.86 it/s
[Iter 40070/50000] Total=0.07748 | NS=0.07290 CO2(scaled)=0.00050 CO2_weight=1.00 guide_w=21.1 Walls=0.00033(x10) g_ns/g_walls=3.36 Windows=0.00063 Doors=0.00009 IC=0.00000 CO2_BC=0.00006 LR=1.21e-04 nu=0.01 NSraw=0.2388 alpha(W1/W8/all)=0.59/0.39/0.48 | 0.86 it/s
[Iter 40080/50000] Total=0.05125 | NS=0.03929 CO2(scaled)=0.00065 CO2_weight=1.00 guide_w=21.1 Walls=0.00097(x10) g_ns/g_walls=3.36 Windows=0.00141 Doors=0.00013 IC=0.00000 CO2_BC=0.00005 LR=1.21e-04 nu=0.01 NSraw=0.1846 alpha(W1/W8/all)=0.59/0.39/0.48 | 0.86 it/s
[Iter 40090/50000] Total=0.08390 | NS=0.08030 CO2(scaled)=0.00061 CO2_weight=1.00 guide_w=21.1 Walls=0.00020(x10) g_ns/g_walls=3.36 Windows=0.00078 Doors=0.00014 IC=0.00000 CO2_BC=0.00005 LR=1.21e-04 nu=0.01 NSraw=0.6039 alpha(W1/W8/all)=0.59/0.39/0.48 | 0.86 it/s
[Iter 40100/50000] Total=0.11904 | NS=0.10104 CO2(scaled)=0.00057 CO2_weight=1.00 guide_w=96.5 Walls=0.00153(x10) g_ns/g_walls=1.56 Windows=0.00195 Doors=0.00011 IC=0.00000 CO2_BC=0.00006 LR=1.21e-04 nu=0.01 NSraw=1.41 alpha(W1/W8/all)=0.59/0.39/0.48 | 0.86 it/s
[Iter 40110/50000] Total=0.03194 | NS=0.02695 CO2(scaled)=0.00058 CO2_weight=1.00 guide_w=96.5 Walls=0.00034(x10) g_ns/g_walls=1.56 Windows=0.00081 Doors=0.00012 IC=0.00000 CO2_BC=0.00006 LR=1.21e-04 nu=0.01 NSraw=0.1008 alpha(W1/W8/all)=0.59/0.39/0.48 | 0.86 it/s
[Iter 40120/50000] Total=0.07152 | NS=0.06816 CO2(scaled)=0.00061 CO2_weight=1.00 guide_w=96.5 Walls=0.00021(x10) g_ns/g_walls=1.56 Windows=0.00054 Doors=0.00011 IC=0.00000 CO2_BC=0.00005 LR=1.21e-04 nu=0.01 NSraw=0.3543 alpha(W1/W8/all)=0.59/0.39/0.48 | 0.86 it/s
[Iter 40130/50000] Total=0.02856 | NS=0.02590 CO2(scaled)=0.00054 CO2_weight=1.00 guide_w=96.5 Walls=0.00014(x10) g_ns/g_walls=1.56 Windows=0.00050 Doors=0.00014 IC=0.00000 CO2_BC=0.00005 LR=1.21e-04 nu=0.01 NSraw=0.04592 alpha(W1/W8/all)=0.59/0.39/0.48 | 0.86 it/s
[Iter 40140/50000] Total=0.11300 | NS=0.10906 CO2(scaled)=0.00047 CO2_weight=1.00 guide_w=96.5 Walls=0.00025(x10) g_ns/g_walls=1.56 Windows=0.00077 Doors=0.00012 IC=0.00000 CO2_BC=0.00005 LR=1.21e-04 nu=0.01 NSraw=2.052 alpha(W1/W8/all)=0.59/0.39/0.48 | 0.86 it/s
[Iter 40150/50000] Total=0.11994 | NS=0.11695 CO2(scaled)=0.00052 CO2_weight=1.00 guide_w=96.5 Walls=0.00019(x10) g_ns/g_walls=1.56 Windows=0.00043 Doors=0.00010 IC=0.00000 CO2_BC=0.00005 LR=1.21e-04 nu=0.01 NSraw=1.917 alpha(W1/W8/all)=0.59/0.39/0.48 | 0.86 it/s
[Iter 40160/50000] Total=0.16865 | NS=0.16356 CO2(scaled)=0.00061 CO2_weight=1.00 guide_w=96.5 Walls=0.00035(x10) g_ns/g_walls=1.56 Windows=0.00082 Doors=0.00015 IC=0.00000 CO2_BC=0.00006 LR=1.21e-04 nu=0.01 NSraw=4.452 alpha(W1/W8/all)=0.59/0.39/0.48 | 0.86 it/s
[Iter 40170/50000] Total=0.07386 | NS=0.06724 CO2(scaled)=0.00059 CO2_weight=1.00 guide_w=96.5 Walls=0.00052(x10) g_ns/g_walls=1.56 Windows=0.00063 Doors=0.00011 IC=0.00000 CO2_BC=0.00006 LR=1.20e-04 nu=0.01 NSraw=0.2083 alpha(W1/W8/all)=0.59/0.39/0.48 | 0.86 it/s
[Iter 40180/50000] Total=0.03874 | NS=0.03433 CO2(scaled)=0.00052 CO2_weight=1.00 guide_w=96.5 Walls=0.00032(x10) g_ns/g_walls=1.56 Windows=0.00053 Doors=0.00011 IC=0.00000 CO2_BC=0.00006 LR=1.20e-04 nu=0.01 NSraw=0.07633 alpha(W1/W8/all)=0.59/0.39/0.48 | 0.86 it/s
[Iter 40190/50000] Total=0.21983 | NS=0.21368 CO2(scaled)=0.00057 CO2_weight=1.00 guide_w=96.5 Walls=0.00047(x10) g_ns/g_walls=1.56 Windows=0.00073 Doors=0.00012 IC=0.00000 CO2_BC=0.00005 LR=1.20e-04 nu=0.01 NSraw=6.503 alpha(W1/W8/all)=0.59/0.39/0.48 | 0.86 it/s
[Iter 40200/50000] Total=0.05073 | NS=0.04411 CO2(scaled)=0.00079 CO2_weight=1.00 guide_w=8.18 Walls=0.00049(x10) g_ns/g_walls=1.21 Windows=0.00076 Doors=0.00012 IC=0.00000 CO2_BC=0.00006 LR=1.20e-04 nu=0.01 NSraw=0.118 alpha(W1/W8/all)=0.59/0.39/0.48 | 0.86 it/s
[Iter 40210/50000] Total=0.13389 | NS=0.13006 CO2(scaled)=0.00087 CO2_weight=1.00 guide_w=8.18 Walls=0.00023(x10) g_ns/g_walls=1.21 Windows=0.00050 Doors=0.00012 IC=0.00000 CO2_BC=0.00006 LR=1.20e-04 nu=0.01 NSraw=2.643 alpha(W1/W8/all)=0.59/0.39/0.48 | 0.86 it/s
[Iter 40220/50000] Total=0.03560 | NS=0.03072 CO2(scaled)=0.00070 CO2_weight=1.00 guide_w=8.18 Walls=0.00034(x10) g_ns/g_walls=1.21 Windows=0.00059 Doors=0.00016 IC=0.00000 CO2_BC=0.00005 LR=1.20e-04 nu=0.01 NSraw=0.08742 alpha(W1/W8/all)=0.59/0.39/0.48 | 0.86 it/s
[Iter 40230/50000] Total=0.04259 | NS=0.03781 CO2(scaled)=0.00064 CO2_weight=1.00 guide_w=8.18 Walls=0.00034(x10) g_ns/g_walls=1.21 Windows=0.00061 Doors=0.00011 IC=0.00000 CO2_BC=0.00006 LR=1.20e-04 nu=0.01 NSraw=0.1183 alpha(W1/W8/all)=0.59/0.39/0.48 | 0.86 it/s
[Iter 40240/50000] Total=0.06012 | NS=0.05529 CO2(scaled)=0.00046 CO2_weight=1.00 guide_w=8.18 Walls=0.00034(x10) g_ns/g_walls=1.21 Windows=0.00075 Doors=0.00013 IC=0.00000 CO2_BC=0.00005 LR=1.20e-04 nu=0.01 NSraw=0.2322 alpha(W1/W8/all)=0.59/0.39/0.48 | 0.86 it/s
[Iter 40250/50000] Total=0.06508 | NS=0.06236 CO2(scaled)=0.00060 CO2_weight=1.00 guide_w=8.18 Walls=0.00015(x10) g_ns/g_walls=1.21 Windows=0.00050 Doors=0.00009 IC=0.00000 CO2_BC=0.00006 LR=1.20e-04 nu=0.01 NSraw=0.2764 alpha(W1/W8/all)=0.59/0.39/0.48 | 0.86 it/s
[Iter 40260/50000] Total=0.07105 | NS=0.06667 CO2(scaled)=0.00062 CO2_weight=1.00 guide_w=8.18 Walls=0.00028(x10) g_ns/g_walls=1.21 Windows=0.00071 Doors=0.00016 IC=0.00000 CO2_BC=0.00005 LR=1.20e-04 nu=0.01 NSraw=0.2016 alpha(W1/W8/all)=0.59/0.39/0.48 | 0.86 it/s
[Iter 40270/50000] Total=0.11697 | NS=0.11290 CO2(scaled)=0.00066 CO2_weight=1.00 guide_w=8.18 Walls=0.00027(x10) g_ns/g_walls=1.21 Windows=0.00053 Doors=0.00011 IC=0.00000 CO2_BC=0.00006 LR=1.20e-04 nu=0.01 NSraw=0.9298 alpha(W1/W8/all)=0.59/0.39/0.48 | 0.86 it/s
[Iter 40280/50000] Total=0.11858 | NS=0.11226 CO2(scaled)=0.00056 CO2_weight=1.00 guide_w=8.18 Walls=0.00050(x10) g_ns/g_walls=1.21 Windows=0.00058 Doors=0.00012 IC=0.00000 CO2_BC=0.00005 LR=1.20e-04 nu=0.01 NSraw=2.009 alpha(W1/W8/all)=0.59/0.39/0.48 | 0.86 it/s
[Iter 40290/50000] Total=0.01367 | NS=0.01042 CO2(scaled)=0.00055 CO2_weight=1.00 guide_w=8.18 Walls=0.00020(x10) g_ns/g_walls=1.21 Windows=0.00051 Doors=0.00011 IC=0.00000 CO2_BC=0.00005 LR=1.20e-04 nu=0.01 NSraw=0.01169 alpha(W1/W8/all)=0.59/0.39/0.48 | 0.86 it/s
[Iter 40300/50000] Total=0.01565 | NS=0.01127 CO2(scaled)=0.00050 CO2_weight=1.00 guide_w=6.81 Walls=0.00030(x10) g_ns/g_walls=0.204 Windows=0.00071 Doors=0.00011 IC=0.00000 CO2_BC=0.00006 LR=1.20e-04 nu=0.01 NSraw=0.01325 alpha(W1/W8/all)=0.59/0.39/0.48 | 0.86 it/s
[Iter 40310/50000] Total=0.02165 | NS=0.01887 CO2(scaled)=0.00058 CO2_weight=1.00 guide_w=6.81 Walls=0.00015(x10) g_ns/g_walls=0.204 Windows=0.00054 Doors=0.00007 IC=0.00000 CO2_BC=0.00006 LR=1.20e-04 nu=0.01 NSraw=0.02706 alpha(W1/W8/all)=0.59/0.39/0.48 | 0.86 it/s
[Iter 40320/50000] Total=0.04553 | NS=0.04184 CO2(scaled)=0.00059 CO2_weight=1.00 guide_w=6.81 Walls=0.00023(x10) g_ns/g_walls=0.204 Windows=0.00063 Doors=0.00011 IC=0.00000 CO2_BC=0.00005 LR=1.20e-04 nu=0.01 NSraw=0.1124 alpha(W1/W8/all)=0.59/0.39/0.48 | 0.86 it/s
[Iter 40330/50000] Total=0.03469 | NS=0.03031 CO2(scaled)=0.00068 CO2_weight=1.00 guide_w=6.81 Walls=0.00029(x10) g_ns/g_walls=0.204 Windows=0.00066 Doors=0.00014 IC=0.00000 CO2_BC=0.00005 LR=1.19e-04 nu=0.01 NSraw=0.04814 alpha(W1/W8/all)=0.59/0.39/0.48 | 0.86 it/s
[Iter 40340/50000] Total=0.06355 | NS=0.06082 CO2(scaled)=0.00055 CO2_weight=1.00 guide_w=6.81 Walls=0.00016(x10) g_ns/g_walls=0.204 Windows=0.00044 Doors=0.00009 IC=0.00000 CO2_BC=0.00006 LR=1.19e-04 nu=0.01 NSraw=0.253 alpha(W1/W8/all)=0.59/0.39/0.48 | 0.86 it/s
[Iter 40350/50000] Total=0.03457 | NS=0.02631 CO2(scaled)=0.00077 CO2_weight=1.00 guide_w=6.81 Walls=0.00063(x10) g_ns/g_walls=0.204 Windows=0.00104 Doors=0.00014 IC=0.00000 CO2_BC=0.00005 LR=1.19e-04 nu=0.01 NSraw=0.06367 alpha(W1/W8/all)=0.59/0.39/0.48 | 0.86 it/s
[Iter 40360/50000] Total=0.19061 | NS=0.18186 CO2(scaled)=0.00054 CO2_weight=1.00 guide_w=6.81 Walls=0.00069(x10) g_ns/g_walls=0.204 Windows=0.00114 Doors=0.00016 IC=0.00000 CO2_BC=0.00005 LR=1.19e-04 nu=0.01 NSraw=5.335 alpha(W1/W8/all)=0.59/0.39/0.48 | 0.86 it/s
[Iter 40370/50000] Total=0.10500 | NS=0.10008 CO2(scaled)=0.00078 CO2_weight=1.00 guide_w=6.81 Walls=0.00032(x10) g_ns/g_walls=0.204 Windows=0.00077 Doors=0.00013 IC=0.00000 CO2_BC=0.00006 LR=1.19e-04 nu=0.01 NSraw=0.8357 alpha(W1/W8/all)=0.59/0.39/0.48 | 0.86 it/s
[Iter 40380/50000] Total=0.05118 | NS=0.04526 CO2(scaled)=0.00048 CO2_weight=1.00 guide_w=6.81 Walls=0.00045(x10) g_ns/g_walls=0.204 Windows=0.00075 Doors=0.00014 IC=0.00000 CO2_BC=0.00007 LR=1.19e-04 nu=0.01 NSraw=0.2443 alpha(W1/W8/all)=0.59/0.39/0.48 | 0.86 it/s
[Iter 40390/50000] Total=0.03674 | NS=0.03249 CO2(scaled)=0.00097 CO2_weight=1.00 guide_w=6.81 Walls=0.00027(x10) g_ns/g_walls=0.204 Windows=0.00043 Doors=0.00010 IC=0.00000 CO2_BC=0.00006 LR=1.19e-04 nu=0.01 NSraw=0.07251 alpha(W1/W8/all)=0.59/0.39/0.48 | 0.86 it/s
[Iter 40400/50000] Total=0.05106 | NS=0.04772 CO2(scaled)=0.00056 CO2_weight=1.00 guide_w=2.16 Walls=0.00021(x10) g_ns/g_walls=0.56 Windows=0.00057 Doors=0.00007 IC=0.00000 CO2_BC=0.00006 LR=1.19e-04 nu=0.01 NSraw=0.1854 alpha(W1/W8/all)=0.59/0.39/0.48 | 0.86 it/s
[Iter 40410/50000] Total=0.13455 | NS=0.13134 CO2(scaled)=0.00057 CO2_weight=1.00 guide_w=2.16 Walls=0.00019(x10) g_ns/g_walls=0.56 Windows=0.00059 Doors=0.00006 IC=0.00000 CO2_BC=0.00005 LR=1.19e-04 nu=0.01 NSraw=2.601 alpha(W1/W8/all)=0.59/0.39/0.48 | 0.86 it/s
[Iter 40420/50000] Total=0.05550 | NS=0.05281 CO2(scaled)=0.00054 CO2_weight=1.00 guide_w=2.16 Walls=0.00015(x10) g_ns/g_walls=0.56 Windows=0.00052 Doors=0.00012 IC=0.00000 CO2_BC=0.00006 LR=1.19e-04 nu=0.01 NSraw=0.223 alpha(W1/W8/all)=0.59/0.39/0.48 | 0.86 it/s
[Iter 40430/50000] Total=0.13940 | NS=0.13559 CO2(scaled)=0.00051 CO2_weight=1.00 guide_w=2.16 Walls=0.00024(x10) g_ns/g_walls=0.56 Windows=0.00071 Doors=0.00012 IC=0.00000 CO2_BC=0.00005 LR=1.19e-04 nu=0.01 NSraw=3.453 alpha(W1/W8/all)=0.59/0.39/0.48 | 0.86 it/s
[Iter 40440/50000] Total=0.21508 | NS=0.21221 CO2(scaled)=0.00052 CO2_weight=1.00 guide_w=2.16 Walls=0.00016(x10) g_ns/g_walls=0.56 Windows=0.00056 Doors=0.00013 IC=0.00000 CO2_BC=0.00006 LR=1.19e-04 nu=0.01 NSraw=5.804 alpha(W1/W8/all)=0.59/0.39/0.48 | 0.86 it/s
[Iter 40450/50000] Total=0.06007 | NS=0.05325 CO2(scaled)=0.00046 CO2_weight=1.00 guide_w=2.16 Walls=0.00054(x10) g_ns/g_walls=0.56 Windows=0.00076 Doors=0.00015 IC=0.00000 CO2_BC=0.00005 LR=1.19e-04 nu=0.01 NSraw=0.2134 alpha(W1/W8/all)=0.59/0.39/0.48 | 0.86 it/s
[Iter 40460/50000] Total=0.12690 | NS=0.11577 CO2(scaled)=0.00074 CO2_weight=1.00 guide_w=2.16 Walls=0.00091(x10) g_ns/g_walls=0.56 Windows=0.00113 Doors=0.00010 IC=0.00000 CO2_BC=0.00005 LR=1.19e-04 nu=0.01 NSraw=2.716 alpha(W1/W8/all)=0.59/0.39/0.48 | 0.86 it/s
[Iter 40470/50000] Total=0.06043 | NS=0.05779 CO2(scaled)=0.00053 CO2_weight=1.00 guide_w=2.16 Walls=0.00015(x10) g_ns/g_walls=0.56 Windows=0.00040 Doors=0.00012 IC=0.00000 CO2_BC=0.00006 LR=1.19e-04 nu=0.01 NSraw=0.4003 alpha(W1/W8/all)=0.59/0.39/0.48 | 0.86 it/s
[Iter 40480/50000] Total=0.11283 | NS=0.10939 CO2(scaled)=0.00043 CO2_weight=1.00 guide_w=2.16 Walls=0.00023(x10) g_ns/g_walls=0.56 Windows=0.00056 Doors=0.00014 IC=0.00000 CO2_BC=0.00006 LR=1.19e-04 nu=0.01 NSraw=1.037 alpha(W1/W8/all)=0.59/0.39/0.48 | 0.86 it/s
[Iter 40490/50000] Total=0.14492 | NS=0.14168 CO2(scaled)=0.00042 CO2_weight=1.00 guide_w=2.16 Walls=0.00022(x10) g_ns/g_walls=0.56 Windows=0.00048 Doors=0.00013 IC=0.00000 CO2_BC=0.00006 LR=1.18e-04 nu=0.01 NSraw=3.575 alpha(W1/W8/all)=0.59/0.39/0.48 | 0.86 it/s
[Iter 40500/50000] Total=0.04449 | NS=0.04103 CO2(scaled)=0.00053 CO2_weight=1.00 guide_w=5.88 Walls=0.00022(x10) g_ns/g_walls=2.16 Windows=0.00062 Doors=0.00008 IC=0.00000 CO2_BC=0.00006 LR=1.18e-04 nu=0.01 NSraw=0.1097 alpha(W1/W8/all)=0.59/0.39/0.48 | 0.86 it/s
[Iter 40510/50000] Total=0.02468 | NS=0.02084 CO2(scaled)=0.00080 CO2_weight=1.00 guide_w=5.88 Walls=0.00023(x10) g_ns/g_walls=2.16 Windows=0.00058 Doors=0.00010 IC=0.00000 CO2_BC=0.00006 LR=1.18e-04 nu=0.01 NSraw=0.04103 alpha(W1/W8/all)=0.59/0.39/0.48 | 0.86 it/s
[Iter 40520/50000] Total=0.30552 | NS=0.29806 CO2(scaled)=0.00069 CO2_weight=1.00 guide_w=5.88 Walls=0.00056(x10) g_ns/g_walls=2.16 Windows=0.00103 Doors=0.00009 IC=0.00000 CO2_BC=0.00007 LR=1.18e-04 nu=0.01 NSraw=4.799 alpha(W1/W8/all)=0.59/0.39/0.48 | 0.86 it/s
[Iter 40530/50000] Total=0.04839 | NS=0.04436 CO2(scaled)=0.00060 CO2_weight=1.00 guide_w=5.88 Walls=0.00026(x10) g_ns/g_walls=2.16 Windows=0.00071 Doors=0.00009 IC=0.00000 CO2_BC=0.00006 LR=1.18e-04 nu=0.01 NSraw=0.2169 alpha(W1/W8/all)=0.59/0.39/0.48 | 0.86 it/s
[Iter 40540/50000] Total=0.07627 | NS=0.07321 CO2(scaled)=0.00067 CO2_weight=1.00 guide_w=5.88 Walls=0.00017(x10) g_ns/g_walls=2.16 Windows=0.00050 Doors=0.00009 IC=0.00000 CO2_BC=0.00006 LR=1.18e-04 nu=0.01 NSraw=0.426 alpha(W1/W8/all)=0.59/0.39/0.48 | 0.86 it/s
[Iter 40550/50000] Total=0.01523 | NS=0.01105 CO2(scaled)=0.00057 CO2_weight=1.00 guide_w=5.88 Walls=0.00029(x10) g_ns/g_walls=2.16 Windows=0.00053 Doors=0.00011 IC=0.00000 CO2_BC=0.00004 LR=1.18e-04 nu=0.01 NSraw=0.01592 alpha(W1/W8/all)=0.59/0.39/0.48 | 0.86 it/s
[Iter 40560/50000] Total=0.03837 | NS=0.03383 CO2(scaled)=0.00054 CO2_weight=1.00 guide_w=5.88 Walls=0.00032(x10) g_ns/g_walls=2.16 Windows=0.00059 Doors=0.00011 IC=0.00000 CO2_BC=0.00006 LR=1.18e-04 nu=0.01 NSraw=0.1235 alpha(W1/W8/all)=0.59/0.39/0.48 | 0.86 it/s
[Iter 40570/50000] Total=0.09759 | NS=0.09329 CO2(scaled)=0.00067 CO2_weight=1.00 guide_w=5.88 Walls=0.00029(x10) g_ns/g_walls=2.16 Windows=0.00053 Doors=0.00014 IC=0.00000 CO2_BC=0.00006 LR=1.18e-04 nu=0.01 NSraw=0.78 alpha(W1/W8/all)=0.59/0.39/0.48 | 0.86 it/s
[Iter 40580/50000] Total=0.10701 | NS=0.10381 CO2(scaled)=0.00059 CO2_weight=1.00 guide_w=5.88 Walls=0.00018(x10) g_ns/g_walls=2.16 Windows=0.00056 Doors=0.00015 IC=0.00000 CO2_BC=0.00006 LR=1.18e-04 nu=0.01 NSraw=0.6715 alpha(W1/W8/all)=0.59/0.39/0.48 | 0.86 it/s
[Iter 40590/50000] Total=0.02915 | NS=0.02656 CO2(scaled)=0.00053 CO2_weight=1.00 guide_w=5.88 Walls=0.00014(x10) g_ns/g_walls=2.16 Windows=0.00050 Doors=0.00015 IC=0.00000 CO2_BC=0.00006 LR=1.18e-04 nu=0.01 NSraw=0.04642 alpha(W1/W8/all)=0.59/0.39/0.48 | 0.86 it/s
[Iter 40600/50000] Total=0.01903 | NS=0.01567 CO2(scaled)=0.00057 CO2_weight=1.00 guide_w=1.97 Walls=0.00020(x10) g_ns/g_walls=0.38 Windows=0.00052 Doors=0.00016 IC=0.00000 CO2_BC=0.00007 LR=1.18e-04 nu=0.01 NSraw=0.02127 alpha(W1/W8/all)=0.59/0.39/0.48 | 0.86 it/s
[Iter 40610/50000] Total=0.05540 | NS=0.04991 CO2(scaled)=0.00047 CO2_weight=1.00 guide_w=1.97 Walls=0.00042(x10) g_ns/g_walls=0.38 Windows=0.00066 Doors=0.00015 IC=0.00000 CO2_BC=0.00006 LR=1.18e-04 nu=0.01 NSraw=0.2195 alpha(W1/W8/all)=0.59/0.39/0.48 | 0.86 it/s
[Iter 40620/50000] Total=0.04293 | NS=0.03759 CO2(scaled)=0.00054 CO2_weight=1.00 guide_w=1.97 Walls=0.00039(x10) g_ns/g_walls=0.38 Windows=0.00078 Doors=0.00010 IC=0.00000 CO2_BC=0.00005 LR=1.18e-04 nu=0.01 NSraw=0.1272 alpha(W1/W8/all)=0.59/0.39/0.48 | 0.86 it/s
[Iter 40630/50000] Total=0.01907 | NS=0.01544 CO2(scaled)=0.00069 CO2_weight=1.00 guide_w=1.97 Walls=0.00023(x10) g_ns/g_walls=0.38 Windows=0.00040 Doors=0.00013 IC=0.00000 CO2_BC=0.00006 LR=1.18e-04 nu=0.01 NSraw=0.01883 alpha(W1/W8/all)=0.59/0.39/0.48 | 0.86 it/s
[Iter 40640/50000] Total=0.02504 | NS=0.02189 CO2(scaled)=0.00046 CO2_weight=1.00 guide_w=1.97 Walls=0.00019(x10) g_ns/g_walls=0.38 Windows=0.00066 Doors=0.00011 IC=0.00000 CO2_BC=0.00006 LR=1.18e-04 nu=0.01 NSraw=0.04282 alpha(W1/W8/all)=0.59/0.39/0.48 | 0.86 it/s
[Iter 40650/50000] Total=0.05928 | NS=0.05459 CO2(scaled)=0.00057 CO2_weight=1.00 guide_w=1.97 Walls=0.00033(x10) g_ns/g_walls=0.38 Windows=0.00066 Doors=0.00010 IC=0.00000 CO2_BC=0.00006 LR=1.17e-04 nu=0.01 NSraw=0.1215 alpha(W1/W8/all)=0.59/0.39/0.48 | 0.86 it/s
[Iter 40660/50000] Total=0.13601 | NS=0.13322 CO2(scaled)=0.00053 CO2_weight=1.00 guide_w=1.97 Walls=0.00017(x10) g_ns/g_walls=0.38 Windows=0.00039 Doors=0.00011 IC=0.00000 CO2_BC=0.00006 LR=1.17e-04 nu=0.01 NSraw=1.668 alpha(W1/W8/all)=0.59/0.39/0.48 | 0.86 it/s
[Iter 40670/50000] Total=0.05287 | NS=0.04854 CO2(scaled)=0.00070 CO2_weight=1.00 guide_w=1.97 Walls=0.00027(x10) g_ns/g_walls=0.38 Windows=0.00066 Doors=0.00016 IC=0.00000 CO2_BC=0.00005 LR=1.17e-04 nu=0.01 NSraw=0.2219 alpha(W1/W8/all)=0.59/0.39/0.48 | 0.86 it/s
[Iter 40680/50000] Total=0.02750 | NS=0.02367 CO2(scaled)=0.00066 CO2_weight=1.00 guide_w=1.97 Walls=0.00025(x10) g_ns/g_walls=0.38 Windows=0.00053 Doors=0.00012 IC=0.00000 CO2_BC=0.00005 LR=1.17e-04 nu=0.01 NSraw=0.04204 alpha(W1/W8/all)=0.59/0.39/0.48 | 0.86 it/s
[Iter 40690/50000] Total=0.13007 | NS=0.12694 CO2(scaled)=0.00057 CO2_weight=1.00 guide_w=1.97 Walls=0.00019(x10) g_ns/g_walls=0.38 Windows=0.00050 Doors=0.00012 IC=0.00000 CO2_BC=0.00006 LR=1.17e-04 nu=0.01 NSraw=1.975 alpha(W1/W8/all)=0.59/0.39/0.48 | 0.86 it/s
[Iter 40700/50000] Total=0.05178 | NS=0.04351 CO2(scaled)=0.00059 CO2_weight=1.00 guide_w=8.01 Walls=0.00063(x10) g_ns/g_walls=0.384 Windows=0.00122 Doors=0.00011 IC=0.00000 CO2_BC=0.00005 LR=1.17e-04 nu=0.01 NSraw=0.1015 alpha(W1/W8/all)=0.59/0.39/0.48 | 0.86 it/s
[Iter 40710/50000] Total=0.04246 | NS=0.02786 CO2(scaled)=0.00050 CO2_weight=1.00 guide_w=8.01 Walls=0.00124(x10) g_ns/g_walls=0.384 Windows=0.00149 Doors=0.00015 IC=0.00000 CO2_BC=0.00005 LR=1.17e-04 nu=0.01 NSraw=0.05539 alpha(W1/W8/all)=0.59/0.39/0.48 | 0.86 it/s
[Iter 40720/50000] Total=0.05015 | NS=0.04344 CO2(scaled)=0.00045 CO2_weight=1.00 guide_w=8.01 Walls=0.00052(x10) g_ns/g_walls=0.384 Windows=0.00083 Doors=0.00013 IC=0.00000 CO2_BC=0.00006 LR=1.17e-04 nu=0.01 NSraw=0.1609 alpha(W1/W8/all)=0.59/0.39/0.48 | 0.86 it/s
[Iter 40730/50000] Total=0.03828 | NS=0.03368 CO2(scaled)=0.00056 CO2_weight=1.00 guide_w=8.01 Walls=0.00032(x10) g_ns/g_walls=0.384 Windows=0.00072 Doors=0.00013 IC=0.00000 CO2_BC=0.00004 LR=1.17e-04 nu=0.01 NSraw=0.1046 alpha(W1/W8/all)=0.59/0.39/0.48 | 0.86 it/s
[Iter 40740/50000] Total=0.09377 | NS=0.08510 CO2(scaled)=0.00107 CO2_weight=1.00 guide_w=8.01 Walls=0.00065(x10) g_ns/g_walls=0.384 Windows=0.00095 Doors=0.00014 IC=0.00000 CO2_BC=0.00005 LR=1.17e-04 nu=0.01 NSraw=0.3934 alpha(W1/W8/all)=0.59/0.39/0.48 | 0.86 it/s
[Iter 40750/50000] Total=0.03399 | NS=0.02758 CO2(scaled)=0.00049 CO2_weight=1.00 guide_w=8.01 Walls=0.00048(x10) g_ns/g_walls=0.384 Windows=0.00097 Doors=0.00011 IC=0.00000 CO2_BC=0.00005 LR=1.17e-04 nu=0.01 NSraw=0.06744 alpha(W1/W8/all)=0.59/0.39/0.48 | 0.86 it/s
[Iter 40760/50000] Total=0.04686 | NS=0.04409 CO2(scaled)=0.00053 CO2_weight=1.00 guide_w=8.01 Walls=0.00016(x10) g_ns/g_walls=0.384 Windows=0.00049 Doors=0.00010 IC=0.00000 CO2_BC=0.00005 LR=1.17e-04 nu=0.01 NSraw=0.1455 alpha(W1/W8/all)=0.59/0.39/0.48 | 0.86 it/s
[Iter 40770/50000] Total=0.12080 | NS=0.11750 CO2(scaled)=0.00067 CO2_weight=1.00 guide_w=8.01 Walls=0.00019(x10) g_ns/g_walls=0.384 Windows=0.00051 Doors=0.00016 IC=0.00000 CO2_BC=0.00006 LR=1.17e-04 nu=0.01 NSraw=2.375 alpha(W1/W8/all)=0.59/0.39/0.48 | 0.86 it/s
[Iter 40780/50000] Total=0.10737 | NS=0.10438 CO2(scaled)=0.00053 CO2_weight=1.00 guide_w=8.01 Walls=0.00016(x10) g_ns/g_walls=0.384 Windows=0.00063 Doors=0.00014 IC=0.00000 CO2_BC=0.00006 LR=1.17e-04 nu=0.01 NSraw=1.789 alpha(W1/W8/all)=0.59/0.39/0.48 | 0.86 it/s
[Iter 40790/50000] Total=0.02359 | NS=0.02028 CO2(scaled)=0.00072 CO2_weight=1.00 guide_w=8.01 Walls=0.00018(x10) g_ns/g_walls=0.384 Windows=0.00059 Doors=0.00015 IC=0.00000 CO2_BC=0.00005 LR=1.17e-04 nu=0.01 NSraw=0.03752 alpha(W1/W8/all)=0.59/0.39/0.48 | 0.86 it/s
[Iter 40800/50000] Total=0.23344 | NS=0.22924 CO2(scaled)=0.00054 CO2_weight=1.00 guide_w=180 Walls=0.00031(x10) g_ns/g_walls=57.7 Windows=0.00036 Doors=0.00017 IC=0.00000 CO2_BC=0.00006 LR=1.17e-04 nu=0.01 NSraw=10.06 alpha(W1/W8/all)=0.59/0.39/0.48 | 0.86 it/s
[Iter 40810/50000] Total=0.01991 | NS=0.01642 CO2(scaled)=0.00053 CO2_weight=1.00 guide_w=180 Walls=0.00021(x10) g_ns/g_walls=57.7 Windows=0.00063 Doors=0.00015 IC=0.00000 CO2_BC=0.00005 LR=1.16e-04 nu=0.01 NSraw=0.02156 alpha(W1/W8/all)=0.59/0.39/0.48 | 0.86 it/s
[Iter 40820/50000] Total=0.04672 | NS=0.04327 CO2(scaled)=0.00057 CO2_weight=1.00 guide_w=180 Walls=0.00021(x10) g_ns/g_walls=57.7 Windows=0.00057 Doors=0.00013 IC=0.00000 CO2_BC=0.00005 LR=1.16e-04 nu=0.01 NSraw=0.1014 alpha(W1/W8/all)=0.59/0.39/0.48 | 0.86 it/s
[Iter 40830/50000] Total=0.15240 | NS=0.14592 CO2(scaled)=0.00067 CO2_weight=1.00 guide_w=180 Walls=0.00047(x10) g_ns/g_walls=57.7 Windows=0.00095 Doors=0.00013 IC=0.00000 CO2_BC=0.00005 LR=1.16e-04 nu=0.01 NSraw=3.715 alpha(W1/W8/all)=0.59/0.39/0.48 | 0.86 it/s
[Iter 40840/50000] Total=0.02049 | NS=0.01768 CO2(scaled)=0.00051 CO2_weight=1.00 guide_w=180 Walls=0.00016(x10) g_ns/g_walls=57.7 Windows=0.00055 Doors=0.00013 IC=0.00000 CO2_BC=0.00006 LR=1.16e-04 nu=0.01 NSraw=0.02133 alpha(W1/W8/all)=0.59/0.39/0.48 | 0.86 it/s
[Iter 40850/50000] Total=0.05598 | NS=0.05248 CO2(scaled)=0.00054 CO2_weight=1.00 guide_w=180 Walls=0.00021(x10) g_ns/g_walls=57.7 Windows=0.00069 Doors=0.00014 IC=0.00000 CO2_BC=0.00005 LR=1.16e-04 nu=0.01 NSraw=0.2173 alpha(W1/W8/all)=0.59/0.39/0.48 | 0.86 it/s
[Iter 40860/50000] Total=0.09465 | NS=0.09100 CO2(scaled)=0.00057 CO2_weight=1.00 guide_w=180 Walls=0.00022(x10) g_ns/g_walls=57.7 Windows=0.00068 Doors=0.00014 IC=0.00000 CO2_BC=0.00006 LR=1.16e-04 nu=0.01 NSraw=0.3886 alpha(W1/W8/all)=0.59/0.39/0.48 | 0.86 it/s
[Iter 40870/50000] Total=0.02215 | NS=0.01973 CO2(scaled)=0.00066 CO2_weight=1.00 guide_w=180 Walls=0.00011(x10) g_ns/g_walls=57.7 Windows=0.00054 Doors=0.00009 IC=0.00000 CO2_BC=0.00006 LR=1.16e-04 nu=0.01 NSraw=0.03194 alpha(W1/W8/all)=0.59/0.39/0.48 | 0.86 it/s
[Iter 40880/50000] Total=0.56409 | NS=0.56066 CO2(scaled)=0.00059 CO2_weight=1.00 guide_w=180 Walls=0.00021(x10) g_ns/g_walls=57.7 Windows=0.00056 Doors=0.00013 IC=0.00000 CO2_BC=0.00007 LR=1.16e-04 nu=0.01 NSraw=60.19 alpha(W1/W8/all)=0.59/0.39/0.48 | 0.86 it/s
[Iter 40890/50000] Total=0.02956 | NS=0.02682 CO2(scaled)=0.00045 CO2_weight=1.00 guide_w=180 Walls=0.00015(x10) g_ns/g_walls=57.7 Windows=0.00059 Doors=0.00016 IC=0.00000 CO2_BC=0.00005 LR=1.16e-04 nu=0.01 NSraw=0.04904 alpha(W1/W8/all)=0.59/0.39/0.48 | 0.86 it/s
[Iter 40900/50000] Total=0.03580 | NS=0.03285 CO2(scaled)=0.00059 CO2_weight=1.00 guide_w=1.82 Walls=0.00017(x10) g_ns/g_walls=0.481 Windows=0.00051 Doors=0.00013 IC=0.00000 CO2_BC=0.00005 LR=1.16e-04 nu=0.01 NSraw=0.1463 alpha(W1/W8/all)=0.59/0.39/0.48 | 0.86 it/s
[Iter 40910/50000] Total=0.03387 | NS=0.03092 CO2(scaled)=0.00060 CO2_weight=1.00 guide_w=1.82 Walls=0.00015(x10) g_ns/g_walls=0.481 Windows=0.00066 Doors=0.00011 IC=0.00000 CO2_BC=0.00006 LR=1.16e-04 nu=0.01 NSraw=0.07845 alpha(W1/W8/all)=0.59/0.39/0.48 | 0.86 it/s
[Iter 40920/50000] Total=0.04054 | NS=0.03626 CO2(scaled)=0.00075 CO2_weight=1.00 guide_w=1.82 Walls=0.00027(x10) g_ns/g_walls=0.481 Windows=0.00065 Doors=0.00010 IC=0.00000 CO2_BC=0.00006 LR=1.16e-04 nu=0.01 NSraw=0.06057 alpha(W1/W8/all)=0.59/0.39/0.48 | 0.86 it/s
[Iter 40930/50000] Total=0.17545 | NS=0.16893 CO2(scaled)=0.00061 CO2_weight=1.00 guide_w=1.82 Walls=0.00048(x10) g_ns/g_walls=0.481 Windows=0.00091 Doors=0.00011 IC=0.00000 CO2_BC=0.00005 LR=1.16e-04 nu=0.01 NSraw=3.165 alpha(W1/W8/all)=0.59/0.39/0.48 | 0.86 it/s
[Iter 40940/50000] Total=0.21885 | NS=0.21263 CO2(scaled)=0.00055 CO2_weight=1.00 guide_w=1.82 Walls=0.00048(x10) g_ns/g_walls=0.481 Windows=0.00072 Doors=0.00011 IC=0.00000 CO2_BC=0.00005 LR=1.16e-04 nu=0.01 NSraw=5.559 alpha(W1/W8/all)=0.59/0.39/0.48 | 0.86 it/s
[Iter 40950/50000] Total=0.13484 | NS=0.13051 CO2(scaled)=0.00050 CO2_weight=1.00 guide_w=1.82 Walls=0.00030(x10) g_ns/g_walls=0.481 Windows=0.00065 Doors=0.00017 IC=0.00000 CO2_BC=0.00005 LR=1.16e-04 nu=0.01 NSraw=2.638 alpha(W1/W8/all)=0.59/0.39/0.48 | 0.86 it/s
[Iter 40960/50000] Total=0.13778 | NS=0.13292 CO2(scaled)=0.00116 CO2_weight=1.00 guide_w=1.82 Walls=0.00026(x10) g_ns/g_walls=0.481 Windows=0.00093 Doors=0.00012 IC=0.00000 CO2_BC=0.00005 LR=1.16e-04 nu=0.01 NSraw=1.858 alpha(W1/W8/all)=0.59/0.39/0.48 | 0.86 it/s
[Iter 40970/50000] Total=0.08380 | NS=0.08019 CO2(scaled)=0.00070 CO2_weight=1.00 guide_w=1.82 Walls=0.00023(x10) g_ns/g_walls=0.481 Windows=0.00045 Doors=0.00013 IC=0.00000 CO2_BC=0.00005 LR=1.16e-04 nu=0.01 NSraw=0.6691 alpha(W1/W8/all)=0.59/0.39/0.48 | 0.86 it/s
[Iter 40980/50000] Total=0.24181 | NS=0.23598 CO2(scaled)=0.00062 CO2_weight=1.00 guide_w=1.82 Walls=0.00042(x10) g_ns/g_walls=0.481 Windows=0.00081 Doors=0.00016 IC=0.00000 CO2_BC=0.00005 LR=1.15e-04 nu=0.01 NSraw=6.684 alpha(W1/W8/all)=0.59/0.39/0.48 | 0.86 it/s
[Iter 40990/50000] Total=0.16350 | NS=0.16077 CO2(scaled)=0.00043 CO2_weight=1.00 guide_w=1.82 Walls=0.00016(x10) g_ns/g_walls=0.481 Windows=0.00047 Doors=0.00014 IC=0.00000 CO2_BC=0.00005 LR=1.15e-04 nu=0.01 NSraw=4.414 alpha(W1/W8/all)=0.59/0.39/0.48 | 0.86 it/s
[Iter 41000/50000] Total=0.57650 | NS=0.56979 CO2(scaled)=0.00093 CO2_weight=1.00 guide_w=66.1 Walls=0.00048(x10) g_ns/g_walls=11.2 Windows=0.00082 Doors=0.00013 IC=0.00000 CO2_BC=0.00006 LR=1.15e-04 nu=0.01 NSraw=33.57 alpha(W1/W8/all)=0.59/0.39/0.48 | 0.86 it/s
  -> saved checkpoint: /home/iai-labor/BuildingControlCFD/experiments/gnot/checkpoints/v24_fixedalpha_r50k/gnot_v24_fixedalpha_r50k_iter41000.pth
[Iter 41010/50000] Total=0.02731 | NS=0.02245 CO2(scaled)=0.00058 CO2_weight=1.00 guide_w=66.1 Walls=0.00033(x10) g_ns/g_walls=11.2 Windows=0.00077 Doors=0.00011 IC=0.00000 CO2_BC=0.00006 LR=1.15e-04 nu=0.01 NSraw=0.03876 alpha(W1/W8/all)=0.59/0.39/0.48 | 0.86 it/s
[Iter 41020/50000] Total=0.07174 | NS=0.06683 CO2(scaled)=0.00065 CO2_weight=1.00 guide_w=66.1 Walls=0.00036(x10) g_ns/g_walls=11.2 Windows=0.00051 Doors=0.00011 IC=0.00000 CO2_BC=0.00005 LR=1.15e-04 nu=0.01 NSraw=0.2318 alpha(W1/W8/all)=0.59/0.39/0.48 | 0.86 it/s
[Iter 41030/50000] Total=0.02871 | NS=0.02408 CO2(scaled)=0.00084 CO2_weight=1.00 guide_w=66.1 Walls=0.00031(x10) g_ns/g_walls=11.2 Windows=0.00054 Doors=0.00010 IC=0.00000 CO2_BC=0.00006 LR=1.15e-04 nu=0.01 NSraw=0.05737 alpha(W1/W8/all)=0.59/0.39/0.48 | 0.86 it/s
[Iter 41040/50000] Total=0.03512 | NS=0.02910 CO2(scaled)=0.00065 CO2_weight=1.00 guide_w=66.1 Walls=0.00043(x10) g_ns/g_walls=11.2 Windows=0.00093 Doors=0.00010 IC=0.00000 CO2_BC=0.00005 LR=1.15e-04 nu=0.01 NSraw=0.04818 alpha(W1/W8/all)=0.59/0.39/0.48 | 0.86 it/s
[Iter 41050/50000] Total=0.04139 | NS=0.03639 CO2(scaled)=0.00060 CO2_weight=1.00 guide_w=66.1 Walls=0.00034(x10) g_ns/g_walls=11.2 Windows=0.00081 Doors=0.00013 IC=0.00000 CO2_BC=0.00006 LR=1.15e-04 nu=0.01 NSraw=0.07302 alpha(W1/W8/all)=0.59/0.39/0.48 | 0.86 it/s
[Iter 41060/50000] Total=0.07673 | NS=0.07138 CO2(scaled)=0.00064 CO2_weight=1.00 guide_w=66.1 Walls=0.00039(x10) g_ns/g_walls=11.2 Windows=0.00059 Doors=0.00013 IC=0.00000 CO2_BC=0.00006 LR=1.15e-04 nu=0.01 NSraw=0.2278 alpha(W1/W8/all)=0.59/0.39/0.48 | 0.86 it/s
[Iter 41070/50000] Total=0.55041 | NS=0.54377 CO2(scaled)=0.00147 CO2_weight=1.00 guide_w=66.1 Walls=0.00042(x10) g_ns/g_walls=11.2 Windows=0.00078 Doors=0.00012 IC=0.00000 CO2_BC=0.00006 LR=1.15e-04 nu=0.01 NSraw=55.36 alpha(W1/W8/all)=0.59/0.39/0.48 | 0.86 it/s
[Iter 41080/50000] Total=0.10296 | NS=0.09919 CO2(scaled)=0.00075 CO2_weight=1.00 guide_w=66.1 Walls=0.00022(x10) g_ns/g_walls=11.2 Windows=0.00061 Doors=0.00015 IC=0.00000 CO2_BC=0.00008 LR=1.15e-04 nu=0.01 NSraw=0.6187 alpha(W1/W8/all)=0.59/0.39/0.48 | 0.86 it/s
[Iter 41090/50000] Total=0.06366 | NS=0.06010 CO2(scaled)=0.00078 CO2_weight=1.00 guide_w=66.1 Walls=0.00017(x10) g_ns/g_walls=11.2 Windows=0.00070 Doors=0.00016 IC=0.00000 CO2_BC=0.00017 LR=1.15e-04 nu=0.01 NSraw=0.2331 alpha(W1/W8/all)=0.59/0.39/0.48 | 0.86 it/s
[Iter 41100/50000] Total=0.02407 | NS=0.02093 CO2(scaled)=0.00058 CO2_weight=1.00 guide_w=2.04 Walls=0.00017(x10) g_ns/g_walls=0.289 Windows=0.00068 Doors=0.00012 IC=0.00000 CO2_BC=0.00007 LR=1.15e-04 nu=0.01 NSraw=0.0375 alpha(W1/W8/all)=0.59/0.39/0.48 | 0.86 it/s
[Iter 41110/50000] Total=0.05001 | NS=0.04731 CO2(scaled)=0.00083 CO2_weight=1.00 guide_w=2.04 Walls=0.00011(x10) g_ns/g_walls=0.289 Windows=0.00055 Doors=0.00013 IC=0.00000 CO2_BC=0.00005 LR=1.15e-04 nu=0.01 NSraw=0.2473 alpha(W1/W8/all)=0.59/0.39/0.48 | 0.86 it/s
[Iter 41120/50000] Total=0.11221 | NS=0.10907 CO2(scaled)=0.00060 CO2_weight=1.00 guide_w=2.04 Walls=0.00016(x10) g_ns/g_walls=0.289 Windows=0.00072 Doors=0.00016 IC=0.00000 CO2_BC=0.00005 LR=1.15e-04 nu=0.01 NSraw=1.444 alpha(W1/W8/all)=0.59/0.39/0.48 | 0.86 it/s
[Iter 41130/50000] Total=0.07400 | NS=0.07070 CO2(scaled)=0.00062 CO2_weight=1.00 guide_w=2.04 Walls=0.00017(x10) g_ns/g_walls=0.289 Windows=0.00076 Doors=0.00014 IC=0.00000 CO2_BC=0.00005 LR=1.15e-04 nu=0.01 NSraw=0.3466 alpha(W1/W8/all)=0.59/0.39/0.48 | 0.86 it/s
[Iter 41140/50000] Total=0.07981 | NS=0.07621 CO2(scaled)=0.00059 CO2_weight=1.00 guide_w=2.04 Walls=0.00022(x10) g_ns/g_walls=0.289 Windows=0.00055 Doors=0.00013 IC=0.00000 CO2_BC=0.00008 LR=1.14e-04 nu=0.01 NSraw=0.4344 alpha(W1/W8/all)=0.59/0.39/0.48 | 0.86 it/s
[Iter 41150/50000] Total=0.11297 | NS=0.10959 CO2(scaled)=0.00046 CO2_weight=1.00 guide_w=2.04 Walls=0.00021(x10) g_ns/g_walls=0.289 Windows=0.00069 Doors=0.00010 IC=0.00000 CO2_BC=0.00006 LR=1.14e-04 nu=0.01 NSraw=1.304 alpha(W1/W8/all)=0.59/0.39/0.48 | 0.86 it/s
[Iter 41160/50000] Total=0.05817 | NS=0.05442 CO2(scaled)=0.00061 CO2_weight=1.00 guide_w=2.04 Walls=0.00024(x10) g_ns/g_walls=0.289 Windows=0.00059 Doors=0.00013 IC=0.00000 CO2_BC=0.00005 LR=1.14e-04 nu=0.01 NSraw=0.1934 alpha(W1/W8/all)=0.59/0.39/0.48 | 0.86 it/s
[Iter 41170/50000] Total=0.04812 | NS=0.04396 CO2(scaled)=0.00075 CO2_weight=1.00 guide_w=2.04 Walls=0.00025(x10) g_ns/g_walls=0.289 Windows=0.00074 Doors=0.00013 IC=0.00000 CO2_BC=0.00006 LR=1.14e-04 nu=0.01 NSraw=0.1729 alpha(W1/W8/all)=0.59/0.39/0.48 | 0.86 it/s
[Iter 41180/50000] Total=0.08764 | NS=0.08525 CO2(scaled)=0.00048 CO2_weight=1.00 guide_w=2.04 Walls=0.00012(x10) g_ns/g_walls=0.289 Windows=0.00054 Doors=0.00013 IC=0.00000 CO2_BC=0.00006 LR=1.14e-04 nu=0.01 NSraw=0.7167 alpha(W1/W8/all)=0.59/0.39/0.48 | 0.86 it/s
[Iter 41190/50000] Total=0.05701 | NS=0.05396 CO2(scaled)=0.00066 CO2_weight=1.00 guide_w=2.04 Walls=0.00017(x10) g_ns/g_walls=0.289 Windows=0.00049 Doors=0.00012 IC=0.00000 CO2_BC=0.00005 LR=1.14e-04 nu=0.01 NSraw=0.313 alpha(W1/W8/all)=0.59/0.39/0.48 | 0.86 it/s
[Iter 41200/50000] Total=0.05678 | NS=0.05290 CO2(scaled)=0.00054 CO2_weight=1.00 guide_w=6.64 Walls=0.00025(x10) g_ns/g_walls=1.52 Windows=0.00065 Doors=0.00009 IC=0.00000 CO2_BC=0.00005 LR=1.14e-04 nu=0.01 NSraw=0.2903 alpha(W1/W8/all)=0.59/0.39/0.48 | 0.86 it/s
[Iter 41210/50000] Total=0.06432 | NS=0.05991 CO2(scaled)=0.00082 CO2_weight=1.00 guide_w=6.64 Walls=0.00027(x10) g_ns/g_walls=1.52 Windows=0.00066 Doors=0.00012 IC=0.00000 CO2_BC=0.00006 LR=1.14e-04 nu=0.01 NSraw=0.2125 alpha(W1/W8/all)=0.59/0.39/0.48 | 0.86 it/s
[Iter 41220/50000] Total=0.03541 | NS=0.02973 CO2(scaled)=0.00058 CO2_weight=1.00 guide_w=6.64 Walls=0.00040(x10) g_ns/g_walls=1.52 Windows=0.00090 Doors=0.00012 IC=0.00000 CO2_BC=0.00007 LR=1.14e-04 nu=0.01 NSraw=0.06804 alpha(W1/W8/all)=0.59/0.39/0.48 | 0.86 it/s
[Iter 41230/50000] Total=0.15133 | NS=0.14790 CO2(scaled)=0.00067 CO2_weight=1.00 guide_w=6.64 Walls=0.00021(x10) g_ns/g_walls=1.52 Windows=0.00047 Doors=0.00019 IC=0.00000 CO2_BC=0.00005 LR=1.14e-04 nu=0.01 NSraw=2.117 alpha(W1/W8/all)=0.59/0.39/0.48 | 0.86 it/s
[Iter 41240/50000] Total=0.08149 | NS=0.07769 CO2(scaled)=0.00077 CO2_weight=1.00 guide_w=6.64 Walls=0.00021(x10) g_ns/g_walls=1.52 Windows=0.00068 Doors=0.00019 IC=0.00000 CO2_BC=0.00005 LR=1.14e-04 nu=0.01 NSraw=0.4712 alpha(W1/W8/all)=0.59/0.39/0.48 | 0.86 it/s
[Iter 41250/50000] Total=0.05019 | NS=0.04229 CO2(scaled)=0.00071 CO2_weight=1.00 guide_w=6.64 Walls=0.00063(x10) g_ns/g_walls=1.52 Windows=0.00072 Doors=0.00013 IC=0.00000 CO2_BC=0.00005 LR=1.14e-04 nu=0.01 NSraw=0.1416 alpha(W1/W8/all)=0.59/0.39/0.48 | 0.86 it/s
[Iter 41260/50000] Total=0.03678 | NS=0.02958 CO2(scaled)=0.00087 CO2_weight=1.00 guide_w=6.64 Walls=0.00052(x10) g_ns/g_walls=1.52 Windows=0.00088 Doors=0.00015 IC=0.00000 CO2_BC=0.00005 LR=1.14e-04 nu=0.01 NSraw=0.04936 alpha(W1/W8/all)=0.59/0.39/0.48 | 0.86 it/s
[Iter 41270/50000] Total=0.01549 | NS=0.01150 CO2(scaled)=0.00067 CO2_weight=1.00 guide_w=6.64 Walls=0.00025(x10) g_ns/g_walls=1.52 Windows=0.00057 Doors=0.00016 IC=0.00000 CO2_BC=0.00006 LR=1.14e-04 nu=0.01 NSraw=0.01362 alpha(W1/W8/all)=0.59/0.39/0.48 | 0.86 it/s
[Iter 41280/50000] Total=0.04959 | NS=0.04445 CO2(scaled)=0.00048 CO2_weight=1.00 guide_w=6.64 Walls=0.00036(x10) g_ns/g_walls=1.52 Windows=0.00085 Doors=0.00014 IC=0.00000 CO2_BC=0.00005 LR=1.14e-04 nu=0.01 NSraw=0.1464 alpha(W1/W8/all)=0.59/0.39/0.48 | 0.86 it/s
[Iter 41290/50000] Total=0.06578 | NS=0.05311 CO2(scaled)=0.00075 CO2_weight=1.00 guide_w=6.64 Walls=0.00110(x10) g_ns/g_walls=1.52 Windows=0.00075 Doors=0.00012 IC=0.00000 CO2_BC=0.00007 LR=1.14e-04 nu=0.01 NSraw=0.1463 alpha(W1/W8/all)=0.59/0.39/0.48 | 0.86 it/s
[Iter 41300/50000] Total=0.03791 | NS=0.03099 CO2(scaled)=0.00086 CO2_weight=1.00 guide_w=0.885 Walls=0.00048(x10) g_ns/g_walls=0.134 Windows=0.00094 Doors=0.00019 IC=0.00000 CO2_BC=0.00011 LR=1.14e-04 nu=0.01 NSraw=0.0663 alpha(W1/W8/all)=0.59/0.39/0.48 | 0.86 it/s
[Iter 41310/50000] Total=0.23370 | NS=0.23113 CO2(scaled)=0.00043 CO2_weight=1.00 guide_w=0.885 Walls=0.00014(x10) g_ns/g_walls=0.134 Windows=0.00054 Doors=0.00017 IC=0.00000 CO2_BC=0.00006 LR=1.13e-04 nu=0.01 NSraw=11.51 alpha(W1/W8/all)=0.59/0.39/0.48 | 0.86 it/s
[Iter 41320/50000] Total=0.04286 | NS=0.03356 CO2(scaled)=0.00052 CO2_weight=1.00 guide_w=0.885 Walls=0.00077(x10) g_ns/g_walls=0.134 Windows=0.00080 Doors=0.00020 IC=0.00000 CO2_BC=0.00006 LR=1.13e-04 nu=0.01 NSraw=0.06058 alpha(W1/W8/all)=0.59/0.39/0.48 | 0.86 it/s
[Iter 41330/50000] Total=0.02973 | NS=0.02110 CO2(scaled)=0.00059 CO2_weight=1.00 guide_w=0.885 Walls=0.00068(x10) g_ns/g_walls=0.134 Windows=0.00108 Doors=0.00015 IC=0.00000 CO2_BC=0.00006 LR=1.13e-04 nu=0.01 NSraw=0.0383 alpha(W1/W8/all)=0.59/0.39/0.48 | 0.86 it/s
[Iter 41340/50000] Total=0.05739 | NS=0.05191 CO2(scaled)=0.00063 CO2_weight=1.00 guide_w=0.885 Walls=0.00038(x10) g_ns/g_walls=0.134 Windows=0.00079 Doors=0.00024 IC=0.00000 CO2_BC=0.00005 LR=1.13e-04 nu=0.01 NSraw=0.2681 alpha(W1/W8/all)=0.59/0.39/0.48 | 0.86 it/s
[Iter 41350/50000] Total=0.03115 | NS=0.02592 CO2(scaled)=0.00063 CO2_weight=1.00 guide_w=0.885 Walls=0.00038(x10) g_ns/g_walls=0.134 Windows=0.00054 Doors=0.00015 IC=0.00000 CO2_BC=0.00006 LR=1.13e-04 nu=0.01 NSraw=0.0565 alpha(W1/W8/all)=0.59/0.39/0.48 | 0.86 it/s
[Iter 41360/50000] Total=0.05884 | NS=0.05573 CO2(scaled)=0.00069 CO2_weight=1.00 guide_w=0.885 Walls=0.00016(x10) g_ns/g_walls=0.134 Windows=0.00057 Doors=0.00018 IC=0.00000 CO2_BC=0.00006 LR=1.13e-04 nu=0.01 NSraw=0.3558 alpha(W1/W8/all)=0.59/0.39/0.48 | 0.86 it/s
[Iter 41370/50000] Total=0.04736 | NS=0.03913 CO2(scaled)=0.00064 CO2_weight=1.00 guide_w=0.885 Walls=0.00065(x10) g_ns/g_walls=0.134 Windows=0.00087 Doors=0.00012 IC=0.00000 CO2_BC=0.00006 LR=1.13e-04 nu=0.01 NSraw=0.1076 alpha(W1/W8/all)=0.59/0.39/0.48 | 0.86 it/s
[Iter 41380/50000] Total=0.04506 | NS=0.03825 CO2(scaled)=0.00053 CO2_weight=1.00 guide_w=0.885 Walls=0.00051(x10) g_ns/g_walls=0.134 Windows=0.00101 Doors=0.00013 IC=0.00000 CO2_BC=0.00006 LR=1.13e-04 nu=0.01 NSraw=0.08377 alpha(W1/W8/all)=0.59/0.39/0.48 | 0.86 it/s
[Iter 41390/50000] Total=0.08811 | NS=0.08321 CO2(scaled)=0.00052 CO2_weight=1.00 guide_w=0.885 Walls=0.00035(x10) g_ns/g_walls=0.134 Windows=0.00069 Doors=0.00014 IC=0.00000 CO2_BC=0.00007 LR=1.13e-04 nu=0.01 NSraw=0.5643 alpha(W1/W8/all)=0.59/0.39/0.48 | 0.86 it/s
[Iter 41400/50000] Total=0.14198 | NS=0.13374 CO2(scaled)=0.00060 CO2_weight=1.00 guide_w=603 Walls=0.00066(x10) g_ns/g_walls=15.5 Windows=0.00081 Doors=0.00011 IC=0.00000 CO2_BC=0.00007 LR=1.13e-04 nu=0.01 NSraw=3.026 alpha(W1/W8/all)=0.59/0.39/0.48 | 0.86 it/s
[Iter 41410/50000] Total=0.04565 | NS=0.03551 CO2(scaled)=0.00056 CO2_weight=1.00 guide_w=603 Walls=0.00078(x10) g_ns/g_walls=15.5 Windows=0.00161 Doors=0.00012 IC=0.00000 CO2_BC=0.00006 LR=1.13e-04 nu=0.01 NSraw=0.1235 alpha(W1/W8/all)=0.59/0.39/0.48 | 0.86 it/s
[Iter 41420/50000] Total=0.03647 | NS=0.03018 CO2(scaled)=0.00058 CO2_weight=1.00 guide_w=603 Walls=0.00048(x10) g_ns/g_walls=15.5 Windows=0.00067 Doors=0.00013 IC=0.00000 CO2_BC=0.00006 LR=1.13e-04 nu=0.01 NSraw=0.07205 alpha(W1/W8/all)=0.59/0.39/0.48 | 0.86 it/s
[Iter 41430/50000] Total=0.22752 | NS=0.22378 CO2(scaled)=0.00057 CO2_weight=1.00 guide_w=603 Walls=0.00025(x10) g_ns/g_walls=15.5 Windows=0.00053 Doors=0.00012 IC=0.00000 CO2_BC=0.00006 LR=1.13e-04 nu=0.01 NSraw=6.256 alpha(W1/W8/all)=0.59/0.39/0.48 | 0.86 it/s
[Iter 41440/50000] Total=0.04052 | NS=0.03486 CO2(scaled)=0.00058 CO2_weight=1.00 guide_w=603 Walls=0.00041(x10) g_ns/g_walls=15.5 Windows=0.00080 Doors=0.00012 IC=0.00000 CO2_BC=0.00005 LR=1.13e-04 nu=0.01 NSraw=0.06225 alpha(W1/W8/all)=0.59/0.39/0.48 | 0.86 it/s
[Iter 41450/50000] Total=0.11081 | NS=0.09324 CO2(scaled)=0.00061 CO2_weight=1.00 guide_w=603 Walls=0.00152(x10) g_ns/g_walls=15.5 Windows=0.00156 Doors=0.00016 IC=0.00000 CO2_BC=0.00006 LR=1.13e-04 nu=0.01 NSraw=0.639 alpha(W1/W8/all)=0.59/0.39/0.48 | 0.86 it/s
[Iter 41460/50000] Total=0.09034 | NS=0.08431 CO2(scaled)=0.00063 CO2_weight=1.00 guide_w=603 Walls=0.00043(x10) g_ns/g_walls=15.5 Windows=0.00097 Doors=0.00012 IC=0.00000 CO2_BC=0.00005 LR=1.13e-04 nu=0.01 NSraw=0.3591 alpha(W1/W8/all)=0.59/0.39/0.48 | 0.86 it/s
[Iter 41470/50000] Total=0.05538 | NS=0.05232 CO2(scaled)=0.00051 CO2_weight=1.00 guide_w=603 Walls=0.00019(x10) g_ns/g_walls=15.5 Windows=0.00049 Doors=0.00012 IC=0.00000 CO2_BC=0.00006 LR=1.13e-04 nu=0.01 NSraw=0.144 alpha(W1/W8/all)=0.59/0.39/0.48 | 0.86 it/s
[Iter 41480/50000] Total=0.04191 | NS=0.03755 CO2(scaled)=0.00074 CO2_weight=1.00 guide_w=603 Walls=0.00029(x10) g_ns/g_walls=15.5 Windows=0.00058 Doors=0.00011 IC=0.00000 CO2_BC=0.00008 LR=1.12e-04 nu=0.01 NSraw=0.08375 alpha(W1/W8/all)=0.59/0.39/0.48 | 0.86 it/s
[Iter 41490/50000] Total=0.08601 | NS=0.08190 CO2(scaled)=0.00061 CO2_weight=1.00 guide_w=603 Walls=0.00025(x10) g_ns/g_walls=15.5 Windows=0.00082 Doors=0.00013 IC=0.00000 CO2_BC=0.00007 LR=1.12e-04 nu=0.01 NSraw=0.4396 alpha(W1/W8/all)=0.59/0.39/0.48 | 0.86 it/s
[Iter 41500/50000] Total=0.01457 | NS=0.00999 CO2(scaled)=0.00063 CO2_weight=1.00 guide_w=3.03 Walls=0.00032(x10) g_ns/g_walls=0.38 Windows=0.00060 Doors=0.00013 IC=0.00000 CO2_BC=0.00005 LR=1.12e-04 nu=0.01 NSraw=0.01153 alpha(W1/W8/all)=0.59/0.39/0.48 | 0.86 it/s
[Iter 41510/50000] Total=0.05687 | NS=0.01998 CO2(scaled)=0.00045 CO2_weight=1.00 guide_w=3.03 Walls=0.00355(x10) g_ns/g_walls=0.38 Windows=0.00071 Doors=0.00013 IC=0.00000 CO2_BC=0.00005 LR=1.12e-04 nu=0.01 NSraw=0.03042 alpha(W1/W8/all)=0.59/0.39/0.48 | 0.86 it/s
[Iter 41520/50000] Total=0.32184 | NS=0.31760 CO2(scaled)=0.00054 CO2_weight=1.00 guide_w=3.03 Walls=0.00026(x10) g_ns/g_walls=0.38 Windows=0.00092 Doors=0.00010 IC=0.00000 CO2_BC=0.00006 LR=1.12e-04 nu=0.01 NSraw=19.06 alpha(W1/W8/all)=0.59/0.39/0.48 | 0.86 it/s
[Iter 41530/50000] Total=0.43148 | NS=0.41924 CO2(scaled)=0.00133 CO2_weight=1.00 guide_w=3.03 Walls=0.00094(x10) g_ns/g_walls=0.38 Windows=0.00126 Doors=0.00015 IC=0.00000 CO2_BC=0.00007 LR=1.12e-04 nu=0.01 NSraw=38.93 alpha(W1/W8/all)=0.59/0.39/0.48 | 0.86 it/s
[Iter 41540/50000] Total=0.06909 | NS=0.06597 CO2(scaled)=0.00059 CO2_weight=1.00 guide_w=3.03 Walls=0.00020(x10) g_ns/g_walls=0.38 Windows=0.00031 Doors=0.00015 IC=0.00000 CO2_BC=0.00006 LR=1.12e-04 nu=0.01 NSraw=0.3744 alpha(W1/W8/all)=0.59/0.39/0.48 | 0.86 it/s
[Iter 41550/50000] Total=0.09241 | NS=0.08518 CO2(scaled)=0.00083 CO2_weight=1.00 guide_w=3.03 Walls=0.00054(x10) g_ns/g_walls=0.38 Windows=0.00085 Doors=0.00010 IC=0.00000 CO2_BC=0.00005 LR=1.12e-04 nu=0.01 NSraw=0.4739 alpha(W1/W8/all)=0.59/0.39/0.48 | 0.86 it/s
[Iter 41560/50000] Total=0.04390 | NS=0.03522 CO2(scaled)=0.00062 CO2_weight=1.00 guide_w=3.03 Walls=0.00067(x10) g_ns/g_walls=0.38 Windows=0.00116 Doors=0.00010 IC=0.00000 CO2_BC=0.00006 LR=1.12e-04 nu=0.01 NSraw=0.08034 alpha(W1/W8/all)=0.59/0.39/0.48 | 0.86 it/s
[Iter 41570/50000] Total=0.08355 | NS=0.07712 CO2(scaled)=0.00080 CO2_weight=1.00 guide_w=3.03 Walls=0.00044(x10) g_ns/g_walls=0.38 Windows=0.00102 Doors=0.00016 IC=0.00000 CO2_BC=0.00005 LR=1.12e-04 nu=0.01 NSraw=0.477 alpha(W1/W8/all)=0.59/0.39/0.48 | 0.86 it/s
[Iter 41580/50000] Total=0.11806 | NS=0.11415 CO2(scaled)=0.00062 CO2_weight=1.00 guide_w=3.03 Walls=0.00024(x10) g_ns/g_walls=0.38 Windows=0.00066 Doors=0.00014 IC=0.00000 CO2_BC=0.00005 LR=1.12e-04 nu=0.01 NSraw=1.651 alpha(W1/W8/all)=0.59/0.39/0.48 | 0.86 it/s
[Iter 41590/50000] Total=0.35639 | NS=0.35276 CO2(scaled)=0.00081 CO2_weight=1.00 guide_w=3.03 Walls=0.00020(x10) g_ns/g_walls=0.38 Windows=0.00063 Doors=0.00013 IC=0.00000 CO2_BC=0.00005 LR=1.12e-04 nu=0.01 NSraw=17.46 alpha(W1/W8/all)=0.59/0.39/0.48 | 0.86 it/s
[Iter 41600/50000] Total=0.03134 | NS=0.02772 CO2(scaled)=0.00057 CO2_weight=1.00 guide_w=6.44 Walls=0.00023(x10) g_ns/g_walls=1.74 Windows=0.00060 Doors=0.00012 IC=0.00000 CO2_BC=0.00005 LR=1.12e-04 nu=0.01 NSraw=0.04951 alpha(W1/W8/all)=0.59/0.39/0.48 | 0.86 it/s
[Iter 41610/50000] Total=0.32540 | NS=0.32141 CO2(scaled)=0.00047 CO2_weight=1.00 guide_w=6.44 Walls=0.00028(x10) g_ns/g_walls=1.74 Windows=0.00056 Doors=0.00014 IC=0.00000 CO2_BC=0.00005 LR=1.12e-04 nu=0.01 NSraw=21.52 alpha(W1/W8/all)=0.59/0.39/0.48 | 0.86 it/s
[Iter 41620/50000] Total=0.01840 | NS=0.01394 CO2(scaled)=0.00043 CO2_weight=1.00 guide_w=6.44 Walls=0.00034(x10) g_ns/g_walls=1.74 Windows=0.00043 Doors=0.00013 IC=0.00000 CO2_BC=0.00005 LR=1.12e-04 nu=0.01 NSraw=0.01722 alpha(W1/W8/all)=0.59/0.39/0.48 | 0.86 it/s
[Iter 41630/50000] Total=0.08336 | NS=0.07973 CO2(scaled)=0.00051 CO2_weight=1.00 guide_w=6.44 Walls=0.00025(x10) g_ns/g_walls=1.74 Windows=0.00044 Doors=0.00014 IC=0.00000 CO2_BC=0.00005 LR=1.12e-04 nu=0.01 NSraw=0.2872 alpha(W1/W8/all)=0.59/0.39/0.48 | 0.86 it/s
[Iter 41640/50000] Total=0.06959 | NS=0.06492 CO2(scaled)=0.00065 CO2_weight=1.00 guide_w=6.44 Walls=0.00030(x10) g_ns/g_walls=1.74 Windows=0.00081 Doors=0.00015 IC=0.00000 CO2_BC=0.00005 LR=1.12e-04 nu=0.01 NSraw=0.2131 alpha(W1/W8/all)=0.59/0.39/0.48 | 0.86 it/s
[Iter 41650/50000] Total=0.06304 | NS=0.05517 CO2(scaled)=0.00047 CO2_weight=1.00 guide_w=6.44 Walls=0.00064(x10) g_ns/g_walls=1.74 Windows=0.00086 Doors=0.00011 IC=0.00000 CO2_BC=0.00005 LR=1.11e-04 nu=0.01 NSraw=0.2189 alpha(W1/W8/all)=0.59/0.39/0.48 | 0.86 it/s
[Iter 41660/50000] Total=0.02192 | NS=0.01829 CO2(scaled)=0.00076 CO2_weight=1.00 guide_w=6.44 Walls=0.00021(x10) g_ns/g_walls=1.74 Windows=0.00055 Doors=0.00014 IC=0.00000 CO2_BC=0.00006 LR=1.11e-04 nu=0.01 NSraw=0.02409 alpha(W1/W8/all)=0.59/0.39/0.48 | 0.86 it/s
[Iter 41670/50000] Total=0.04570 | NS=0.04196 CO2(scaled)=0.00082 CO2_weight=1.00 guide_w=6.44 Walls=0.00021(x10) g_ns/g_walls=1.74 Windows=0.00062 Doors=0.00013 IC=0.00000 CO2_BC=0.00005 LR=1.11e-04 nu=0.01 NSraw=0.1081 alpha(W1/W8/all)=0.59/0.39/0.48 | 0.86 it/s
[Iter 41680/50000] Total=0.20487 | NS=0.19887 CO2(scaled)=0.00060 CO2_weight=1.00 guide_w=6.44 Walls=0.00046(x10) g_ns/g_walls=1.74 Windows=0.00059 Doors=0.00014 IC=0.00000 CO2_BC=0.00006 LR=1.11e-04 nu=0.01 NSraw=6.19 alpha(W1/W8/all)=0.59/0.39/0.48 | 0.86 it/s
[Iter 41690/50000] Total=0.26755 | NS=0.25789 CO2(scaled)=0.00074 CO2_weight=1.00 guide_w=6.44 Walls=0.00076(x10) g_ns/g_walls=1.74 Windows=0.00104 Doors=0.00021 IC=0.00000 CO2_BC=0.00005 LR=1.11e-04 nu=0.01 NSraw=5.958 alpha(W1/W8/all)=0.59/0.39/0.48 | 0.86 it/s
[Iter 41700/50000] Total=0.05906 | NS=0.04975 CO2(scaled)=0.00146 CO2_weight=1.00 guide_w=1.37 Walls=0.00066(x10) g_ns/g_walls=0.308 Windows=0.00100 Doors=0.00017 IC=0.00000 CO2_BC=0.00005 LR=1.11e-04 nu=0.01 NSraw=0.1394 alpha(W1/W8/all)=0.59/0.39/0.48 | 0.86 it/s
[Iter 41710/50000] Total=0.09295 | NS=0.08984 CO2(scaled)=0.00079 CO2_weight=1.00 guide_w=1.37 Walls=0.00015(x10) g_ns/g_walls=0.308 Windows=0.00066 Doors=0.00014 IC=0.00000 CO2_BC=0.00005 LR=1.11e-04 nu=0.01 NSraw=0.4008 alpha(W1/W8/all)=0.59/0.39/0.48 | 0.86 it/s
[Iter 41720/50000] Total=0.03918 | NS=0.03365 CO2(scaled)=0.00063 CO2_weight=1.00 guide_w=1.37 Walls=0.00040(x10) g_ns/g_walls=0.308 Windows=0.00069 Doors=0.00014 IC=0.00000 CO2_BC=0.00004 LR=1.11e-04 nu=0.01 NSraw=0.08074 alpha(W1/W8/all)=0.59/0.39/0.48 | 0.86 it/s
[Iter 41730/50000] Total=0.15109 | NS=0.14645 CO2(scaled)=0.00087 CO2_weight=1.00 guide_w=1.37 Walls=0.00029(x10) g_ns/g_walls=0.308 Windows=0.00066 Doors=0.00016 IC=0.00000 CO2_BC=0.00006 LR=1.11e-04 nu=0.01 NSraw=1.813 alpha(W1/W8/all)=0.59/0.39/0.48 | 0.86 it/s
[Iter 41740/50000] Total=0.05297 | NS=0.04851 CO2(scaled)=0.00068 CO2_weight=1.00 guide_w=1.37 Walls=0.00030(x10) g_ns/g_walls=0.308 Windows=0.00056 Doors=0.00013 IC=0.00000 CO2_BC=0.00006 LR=1.11e-04 nu=0.01 NSraw=0.1677 alpha(W1/W8/all)=0.59/0.39/0.48 | 0.86 it/s
[Iter 41750/50000] Total=0.07503 | NS=0.06387 CO2(scaled)=0.00056 CO2_weight=1.00 guide_w=1.37 Walls=0.00092(x10) g_ns/g_walls=0.308 Windows=0.00116 Doors=0.00014 IC=0.00000 CO2_BC=0.00005 LR=1.11e-04 nu=0.01 NSraw=0.4834 alpha(W1/W8/all)=0.59/0.39/0.48 | 0.86 it/s
[Iter 41760/50000] Total=0.03349 | NS=0.02416 CO2(scaled)=0.00051 CO2_weight=1.00 guide_w=1.37 Walls=0.00075(x10) g_ns/g_walls=0.308 Windows=0.00111 Doors=0.00016 IC=0.00000 CO2_BC=0.00005 LR=1.11e-04 nu=0.01 NSraw=0.03592 alpha(W1/W8/all)=0.59/0.39/0.48 | 0.86 it/s
[Iter 41770/50000] Total=0.02806 | NS=0.02117 CO2(scaled)=0.00117 CO2_weight=1.00 guide_w=1.37 Walls=0.00048(x10) g_ns/g_walls=0.308 Windows=0.00075 Doors=0.00010 IC=0.00000 CO2_BC=0.00006 LR=1.11e-04 nu=0.01 NSraw=0.03588 alpha(W1/W8/all)=0.59/0.39/0.48 | 0.86 it/s
[Iter 41780/50000] Total=0.06282 | NS=0.05850 CO2(scaled)=0.00065 CO2_weight=1.00 guide_w=1.37 Walls=0.00030(x10) g_ns/g_walls=0.308 Windows=0.00052 Doors=0.00013 IC=0.00000 CO2_BC=0.00006 LR=1.11e-04 nu=0.01 NSraw=0.2364 alpha(W1/W8/all)=0.59/0.39/0.48 | 0.86 it/s
[Iter 41790/50000] Total=0.02128 | NS=0.01847 CO2(scaled)=0.00055 CO2_weight=1.00 guide_w=1.37 Walls=0.00017(x10) g_ns/g_walls=0.308 Windows=0.00041 Doors=0.00014 IC=0.00000 CO2_BC=0.00004 LR=1.11e-04 nu=0.01 NSraw=0.0233 alpha(W1/W8/all)=0.59/0.39/0.48 | 0.86 it/s
[Iter 41800/50000] Total=0.15722 | NS=0.15403 CO2(scaled)=0.00056 CO2_weight=1.00 guide_w=108 Walls=0.00018(x10) g_ns/g_walls=8.52 Windows=0.00061 Doors=0.00015 IC=0.00000 CO2_BC=0.00005 LR=1.11e-04 nu=0.01 NSraw=3.316 alpha(W1/W8/all)=0.59/0.39/0.48 | 0.86 it/s
[Iter 41810/50000] Total=0.04443 | NS=0.04003 CO2(scaled)=0.00062 CO2_weight=1.00 guide_w=108 Walls=0.00029(x10) g_ns/g_walls=8.52 Windows=0.00069 Doors=0.00013 IC=0.00000 CO2_BC=0.00005 LR=1.11e-04 nu=0.01 NSraw=0.1377 alpha(W1/W8/all)=0.59/0.39/0.48 | 0.86 it/s
[Iter 41820/50000] Total=0.09228 | NS=0.08838 CO2(scaled)=0.00079 CO2_weight=1.00 guide_w=108 Walls=0.00024(x10) g_ns/g_walls=8.52 Windows=0.00052 Doors=0.00014 IC=0.00000 CO2_BC=0.00006 LR=1.10e-04 nu=0.01 NSraw=0.8045 alpha(W1/W8/all)=0.59/0.39/0.48 | 0.86 it/s
[Iter 41830/50000] Total=0.04860 | NS=0.04127 CO2(scaled)=0.00119 CO2_weight=1.00 guide_w=108 Walls=0.00051(x10) g_ns/g_walls=8.52 Windows=0.00089 Doors=0.00013 IC=0.00000 CO2_BC=0.00005 LR=1.10e-04 nu=0.01 NSraw=0.224 alpha(W1/W8/all)=0.59/0.39/0.48 | 0.86 it/s
[Iter 41840/50000] Total=0.05513 | NS=0.04979 CO2(scaled)=0.00053 CO2_weight=1.00 guide_w=108 Walls=0.00039(x10) g_ns/g_walls=8.52 Windows=0.00076 Doors=0.00013 IC=0.00000 CO2_BC=0.00005 LR=1.10e-04 nu=0.01 NSraw=0.2194 alpha(W1/W8/all)=0.59/0.39/0.48 | 0.86 it/s
[Iter 41850/50000] Total=0.06002 | NS=0.05513 CO2(scaled)=0.00061 CO2_weight=1.00 guide_w=108 Walls=0.00035(x10) g_ns/g_walls=8.52 Windows=0.00061 Doors=0.00014 IC=0.00000 CO2_BC=0.00005 LR=1.10e-04 nu=0.01 NSraw=0.4005 alpha(W1/W8/all)=0.59/0.39/0.48 | 0.86 it/s
[Iter 41860/50000] Total=0.23898 | NS=0.23312 CO2(scaled)=0.00050 CO2_weight=1.00 guide_w=108 Walls=0.00045(x10) g_ns/g_walls=8.52 Windows=0.00063 Doors=0.00015 IC=0.00000 CO2_BC=0.00005 LR=1.10e-04 nu=0.01 NSraw=11.78 alpha(W1/W8/all)=0.59/0.39/0.48 | 0.86 it/s
[Iter 41870/50000] Total=0.04550 | NS=0.04239 CO2(scaled)=0.00053 CO2_weight=1.00 guide_w=108 Walls=0.00018(x10) g_ns/g_walls=8.52 Windows=0.00057 Doors=0.00014 IC=0.00000 CO2_BC=0.00006 LR=1.10e-04 nu=0.01 NSraw=0.115 alpha(W1/W8/all)=0.59/0.39/0.48 | 0.86 it/s
[Iter 41880/50000] Total=0.03495 | NS=0.03142 CO2(scaled)=0.00044 CO2_weight=1.00 guide_w=108 Walls=0.00023(x10) g_ns/g_walls=8.52 Windows=0.00063 Doors=0.00015 IC=0.00000 CO2_BC=0.00004 LR=1.10e-04 nu=0.01 NSraw=0.09625 alpha(W1/W8/all)=0.59/0.39/0.48 | 0.86 it/s
[Iter 41890/50000] Total=0.13746 | NS=0.13121 CO2(scaled)=0.00067 CO2_weight=1.00 guide_w=108 Walls=0.00049(x10) g_ns/g_walls=8.52 Windows=0.00047 Doors=0.00016 IC=0.00000 CO2_BC=0.00005 LR=1.10e-04 nu=0.01 NSraw=0.6202 alpha(W1/W8/all)=0.59/0.39/0.48 | 0.86 it/s
[Iter 41900/50000] Total=0.26595 | NS=0.26099 CO2(scaled)=0.00072 CO2_weight=1.00 guide_w=19.5 Walls=0.00034(x10) g_ns/g_walls=3.69 Windows=0.00060 Doors=0.00015 IC=0.00000 CO2_BC=0.00007 LR=1.10e-04 nu=0.01 NSraw=14.95 alpha(W1/W8/all)=0.59/0.39/0.48 | 0.86 it/s
[Iter 41910/50000] Total=0.70809 | NS=0.70429 CO2(scaled)=0.00072 CO2_weight=1.00 guide_w=19.5 Walls=0.00023(x10) g_ns/g_walls=3.69 Windows=0.00058 Doors=0.00016 IC=0.00000 CO2_BC=0.00005 LR=1.10e-04 nu=0.01 NSraw=67.03 alpha(W1/W8/all)=0.59/0.39/0.48 | 0.86 it/s
[Iter 41920/50000] Total=0.03315 | NS=0.03042 CO2(scaled)=0.00044 CO2_weight=1.00 guide_w=19.5 Walls=0.00014(x10) g_ns/g_walls=3.69 Windows=0.00071 Doors=0.00014 IC=0.00000 CO2_BC=0.00005 LR=1.10e-04 nu=0.01 NSraw=0.08668 alpha(W1/W8/all)=0.59/0.39/0.48 | 0.86 it/s
[Iter 41930/50000] Total=0.02622 | NS=0.02359 CO2(scaled)=0.00056 CO2_weight=1.00 guide_w=19.5 Walls=0.00014(x10) g_ns/g_walls=3.69 Windows=0.00042 Doors=0.00014 IC=0.00000 CO2_BC=0.00006 LR=1.10e-04 nu=0.01 NSraw=0.03313 alpha(W1/W8/all)=0.59/0.39/0.48 | 0.86 it/s
[Iter 41940/50000] Total=0.01404 | NS=0.01008 CO2(scaled)=0.00077 CO2_weight=1.00 guide_w=19.5 Walls=0.00023(x10) g_ns/g_walls=3.69 Windows=0.00064 Doors=0.00015 IC=0.00000 CO2_BC=0.00007 LR=1.10e-04 nu=0.01 NSraw=0.01168 alpha(W1/W8/all)=0.59/0.39/0.48 | 0.86 it/s
[Iter 41950/50000] Total=0.06991 | NS=0.06242 CO2(scaled)=0.00090 CO2_weight=1.00 guide_w=19.5 Walls=0.00058(x10) g_ns/g_walls=3.69 Windows=0.00058 Doors=0.00014 IC=0.00000 CO2_BC=0.00005 LR=1.10e-04 nu=0.01 NSraw=0.2248 alpha(W1/W8/all)=0.59/0.39/0.48 | 0.86 it/s
[Iter 41960/50000] Total=0.06829 | NS=0.05857 CO2(scaled)=0.00153 CO2_weight=1.00 guide_w=19.5 Walls=0.00072(x10) g_ns/g_walls=3.69 Windows=0.00089 Doors=0.00010 IC=0.00000 CO2_BC=0.00004 LR=1.10e-04 nu=0.01 NSraw=0.2798 alpha(W1/W8/all)=0.59/0.39/0.48 | 0.86 it/s
[Iter 41970/50000] Total=0.01614 | NS=0.01096 CO2(scaled)=0.00089 CO2_weight=1.00 guide_w=19.5 Walls=0.00035(x10) g_ns/g_walls=3.69 Windows=0.00059 Doors=0.00012 IC=0.00000 CO2_BC=0.00005 LR=1.10e-04 nu=0.01 NSraw=0.01286 alpha(W1/W8/all)=0.59/0.39/0.48 | 0.86 it/s
[Iter 41980/50000] Total=0.05902 | NS=0.05115 CO2(scaled)=0.00156 CO2_weight=1.00 guide_w=19.5 Walls=0.00053(x10) g_ns/g_walls=3.69 Windows=0.00082 Doors=0.00011 IC=0.00000 CO2_BC=0.00005 LR=1.10e-04 nu=0.01 NSraw=0.198 alpha(W1/W8/all)=0.59/0.39/0.48 | 0.86 it/s
[Iter 41990/50000] Total=0.05484 | NS=0.05154 CO2(scaled)=0.00050 CO2_weight=1.00 guide_w=19.5 Walls=0.00022(x10) g_ns/g_walls=3.69 Windows=0.00040 Doors=0.00010 IC=0.00000 CO2_BC=0.00005 LR=1.09e-04 nu=0.01 NSraw=0.3125 alpha(W1/W8/all)=0.59/0.39/0.48 | 0.86 it/s
[Iter 42000/50000] Total=0.05551 | NS=0.05249 CO2(scaled)=0.00039 CO2_weight=1.00 guide_w=8.87 Walls=0.00019(x10) g_ns/g_walls=0.996 Windows=0.00054 Doors=0.00011 IC=0.00000 CO2_BC=0.00005 LR=1.09e-04 nu=0.01 NSraw=0.2534 alpha(W1/W8/all)=0.59/0.39/0.48 | 0.86 it/s
  -> saved checkpoint: /home/iai-labor/BuildingControlCFD/experiments/gnot/checkpoints/v24_fixedalpha_r50k/gnot_v24_fixedalpha_r50k_iter42000.pth
[Iter 42010/50000] Total=0.10571 | NS=0.09983 CO2(scaled)=0.00103 CO2_weight=1.00 guide_w=8.87 Walls=0.00040(x10) g_ns/g_walls=0.996 Windows=0.00064 Doors=0.00010 IC=0.00000 CO2_BC=0.00006 LR=1.09e-04 nu=0.01 NSraw=1.105 alpha(W1/W8/all)=0.59/0.39/0.48 | 0.86 it/s
[Iter 42020/50000] Total=0.06571 | NS=0.05810 CO2(scaled)=0.00098 CO2_weight=1.00 guide_w=8.87 Walls=0.00055(x10) g_ns/g_walls=0.996 Windows=0.00097 Doors=0.00015 IC=0.00000 CO2_BC=0.00005 LR=1.09e-04 nu=0.01 NSraw=0.1968 alpha(W1/W8/all)=0.59/0.39/0.48 | 0.86 it/s
[Iter 42030/50000] Total=0.14997 | NS=0.14536 CO2(scaled)=0.00095 CO2_weight=1.00 guide_w=8.87 Walls=0.00029(x10) g_ns/g_walls=0.996 Windows=0.00062 Doors=0.00013 IC=0.00000 CO2_BC=0.00005 LR=1.09e-04 nu=0.01 NSraw=1.79 alpha(W1/W8/all)=0.59/0.39/0.48 | 0.86 it/s
[Iter 42040/50000] Total=0.02751 | NS=0.02319 CO2(scaled)=0.00087 CO2_weight=1.00 guide_w=8.87 Walls=0.00025(x10) g_ns/g_walls=0.996 Windows=0.00072 Doors=0.00012 IC=0.00000 CO2_BC=0.00006 LR=1.09e-04 nu=0.01 NSraw=0.03309 alpha(W1/W8/all)=0.59/0.39/0.48 | 0.86 it/s
[Iter 42050/50000] Total=0.15001 | NS=0.14163 CO2(scaled)=0.00056 CO2_weight=1.00 guide_w=8.87 Walls=0.00069(x10) g_ns/g_walls=0.996 Windows=0.00066 Doors=0.00017 IC=0.00000 CO2_BC=0.00006 LR=1.09e-04 nu=0.01 NSraw=2.383 alpha(W1/W8/all)=0.59/0.39/0.48 | 0.86 it/s
[Iter 42060/50000] Total=0.03719 | NS=0.03353 CO2(scaled)=0.00059 CO2_weight=1.00 guide_w=8.87 Walls=0.00023(x10) g_ns/g_walls=0.996 Windows=0.00060 Doors=0.00013 IC=0.00000 CO2_BC=0.00005 LR=1.09e-04 nu=0.01 NSraw=0.1477 alpha(W1/W8/all)=0.59/0.39/0.48 | 0.86 it/s
[Iter 42070/50000] Total=0.02537 | NS=0.02093 CO2(scaled)=0.00053 CO2_weight=1.00 guide_w=8.87 Walls=0.00031(x10) g_ns/g_walls=0.996 Windows=0.00064 Doors=0.00012 IC=0.00000 CO2_BC=0.00006 LR=1.09e-04 nu=0.01 NSraw=0.03102 alpha(W1/W8/all)=0.59/0.39/0.48 | 0.86 it/s
[Iter 42080/50000] Total=0.03988 | NS=0.03653 CO2(scaled)=0.00067 CO2_weight=1.00 guide_w=8.87 Walls=0.00019(x10) g_ns/g_walls=0.996 Windows=0.00051 Doors=0.00018 IC=0.00000 CO2_BC=0.00005 LR=1.09e-04 nu=0.01 NSraw=0.114 alpha(W1/W8/all)=0.59/0.39/0.48 | 0.86 it/s
[Iter 42090/50000] Total=0.11409 | NS=0.11043 CO2(scaled)=0.00080 CO2_weight=1.00 guide_w=8.87 Walls=0.00021(x10) g_ns/g_walls=0.996 Windows=0.00060 Doors=0.00012 IC=0.00000 CO2_BC=0.00005 LR=1.09e-04 nu=0.01 NSraw=1.873 alpha(W1/W8/all)=0.59/0.39/0.48 | 0.86 it/s
[Iter 42100/50000] Total=0.19197 | NS=0.18865 CO2(scaled)=0.00048 CO2_weight=1.00 guide_w=10.6 Walls=0.00020(x10) g_ns/g_walls=1.62 Windows=0.00060 Doors=0.00017 IC=0.00000 CO2_BC=0.00005 LR=1.09e-04 nu=0.01 NSraw=3.741 alpha(W1/W8/all)=0.59/0.39/0.48 | 0.86 it/s
[Iter 42110/50000] Total=0.15845 | NS=0.15527 CO2(scaled)=0.00052 CO2_weight=1.00 guide_w=10.6 Walls=0.00019(x10) g_ns/g_walls=1.62 Windows=0.00065 Doors=0.00009 IC=0.00000 CO2_BC=0.00005 LR=1.09e-04 nu=0.01 NSraw=4.721 alpha(W1/W8/all)=0.59/0.39/0.48 | 0.86 it/s
[Iter 42120/50000] Total=0.02566 | NS=0.01734 CO2(scaled)=0.00065 CO2_weight=1.00 guide_w=10.6 Walls=0.00066(x10) g_ns/g_walls=1.62 Windows=0.00089 Doors=0.00011 IC=0.00000 CO2_BC=0.00005 LR=1.09e-04 nu=0.01 NSraw=0.02188 alpha(W1/W8/all)=0.59/0.39/0.48 | 0.86 it/s
[Iter 42130/50000] Total=0.03764 | NS=0.03435 CO2(scaled)=0.00061 CO2_weight=1.00 guide_w=10.6 Walls=0.00018(x10) g_ns/g_walls=1.62 Windows=0.00075 Doors=0.00013 IC=0.00000 CO2_BC=0.00005 LR=1.09e-04 nu=0.01 NSraw=0.06113 alpha(W1/W8/all)=0.59/0.39/0.48 | 0.86 it/s
[Iter 42140/50000] Total=0.10174 | NS=0.09665 CO2(scaled)=0.00060 CO2_weight=1.00 guide_w=10.6 Walls=0.00036(x10) g_ns/g_walls=1.62 Windows=0.00077 Doors=0.00009 IC=0.00000 CO2_BC=0.00005 LR=1.09e-04 nu=0.01 NSraw=1.587 alpha(W1/W8/all)=0.59/0.39/0.48 | 0.86 it/s
[Iter 42150/50000] Total=0.02409 | NS=0.02115 CO2(scaled)=0.00052 CO2_weight=1.00 guide_w=10.6 Walls=0.00018(x10) g_ns/g_walls=1.62 Windows=0.00048 Doors=0.00013 IC=0.00000 CO2_BC=0.00005 LR=1.09e-04 nu=0.01 NSraw=0.03644 alpha(W1/W8/all)=0.59/0.39/0.48 | 0.86 it/s
[Iter 42160/50000] Total=0.04055 | NS=0.03546 CO2(scaled)=0.00047 CO2_weight=1.00 guide_w=10.6 Walls=0.00038(x10) g_ns/g_walls=1.62 Windows=0.00059 Doors=0.00014 IC=0.00000 CO2_BC=0.00006 LR=1.09e-04 nu=0.01 NSraw=0.08833 alpha(W1/W8/all)=0.59/0.39/0.48 | 0.86 it/s
[Iter 42170/50000] Total=0.09946 | NS=0.08934 CO2(scaled)=0.00044 CO2_weight=1.00 guide_w=10.6 Walls=0.00083(x10) g_ns/g_walls=1.62 Windows=0.00118 Doors=0.00011 IC=0.00000 CO2_BC=0.00006 LR=1.08e-04 nu=0.01 NSraw=1.16 alpha(W1/W8/all)=0.59/0.39/0.48 | 0.86 it/s
[Iter 42180/50000] Total=0.05609 | NS=0.05252 CO2(scaled)=0.00069 CO2_weight=1.00 guide_w=10.6 Walls=0.00020(x10) g_ns/g_walls=1.62 Windows=0.00073 Doors=0.00008 IC=0.00000 CO2_BC=0.00005 LR=1.08e-04 nu=0.01 NSraw=0.1953 alpha(W1/W8/all)=0.59/0.39/0.48 | 0.86 it/s
[Iter 42190/50000] Total=0.05958 | NS=0.05466 CO2(scaled)=0.00072 CO2_weight=1.00 guide_w=10.6 Walls=0.00034(x10) g_ns/g_walls=1.62 Windows=0.00061 Doors=0.00011 IC=0.00000 CO2_BC=0.00005 LR=1.08e-04 nu=0.01 NSraw=0.1848 alpha(W1/W8/all)=0.59/0.39/0.48 | 0.86 it/s
[Iter 42200/50000] Total=0.02823 | NS=0.02489 CO2(scaled)=0.00058 CO2_weight=1.00 guide_w=2.27 Walls=0.00019(x10) g_ns/g_walls=0.558 Windows=0.00068 Doors=0.00011 IC=0.00000 CO2_BC=0.00006 LR=1.08e-04 nu=0.01 NSraw=0.05446 alpha(W1/W8/all)=0.59/0.39/0.48 | 0.86 it/s
[Iter 42210/50000] Total=0.07384 | NS=0.06790 CO2(scaled)=0.00051 CO2_weight=1.00 guide_w=2.27 Walls=0.00048(x10) g_ns/g_walls=0.558 Windows=0.00045 Doors=0.00013 IC=0.00000 CO2_BC=0.00006 LR=1.08e-04 nu=0.01 NSraw=0.2697 alpha(W1/W8/all)=0.59/0.39/0.48 | 0.86 it/s
[Iter 42220/50000] Total=0.06662 | NS=0.06368 CO2(scaled)=0.00060 CO2_weight=1.00 guide_w=2.27 Walls=0.00016(x10) g_ns/g_walls=0.558 Windows=0.00055 Doors=0.00010 IC=0.00000 CO2_BC=0.00005 LR=1.08e-04 nu=0.01 NSraw=0.2391 alpha(W1/W8/all)=0.59/0.39/0.48 | 0.86 it/s
[Iter 42230/50000] Total=0.03594 | NS=0.03265 CO2(scaled)=0.00048 CO2_weight=1.00 guide_w=2.27 Walls=0.00021(x10) g_ns/g_walls=0.558 Windows=0.00051 Doors=0.00011 IC=0.00000 CO2_BC=0.00005 LR=1.08e-04 nu=0.01 NSraw=0.06757 alpha(W1/W8/all)=0.59/0.39/0.48 | 0.86 it/s
[Iter 42240/50000] Total=0.05962 | NS=0.05506 CO2(scaled)=0.00088 CO2_weight=1.00 guide_w=2.27 Walls=0.00030(x10) g_ns/g_walls=0.558 Windows=0.00049 Doors=0.00011 IC=0.00000 CO2_BC=0.00005 LR=1.08e-04 nu=0.01 NSraw=0.2408 alpha(W1/W8/all)=0.59/0.39/0.48 | 0.86 it/s
[Iter 42250/50000] Total=0.02900 | NS=0.02590 CO2(scaled)=0.00061 CO2_weight=1.00 guide_w=2.27 Walls=0.00017(x10) g_ns/g_walls=0.558 Windows=0.00063 Doors=0.00014 IC=0.00000 CO2_BC=0.00006 LR=1.08e-04 nu=0.01 NSraw=0.07224 alpha(W1/W8/all)=0.59/0.39/0.48 | 0.86 it/s
[Iter 42260/50000] Total=0.01458 | NS=0.01028 CO2(scaled)=0.00066 CO2_weight=1.00 guide_w=2.27 Walls=0.00027(x10) g_ns/g_walls=0.558 Windows=0.00075 Doors=0.00012 IC=0.00000 CO2_BC=0.00005 LR=1.08e-04 nu=0.01 NSraw=0.01344 alpha(W1/W8/all)=0.59/0.39/0.48 | 0.86 it/s
[Iter 42270/50000] Total=0.21630 | NS=0.21177 CO2(scaled)=0.00065 CO2_weight=1.00 guide_w=2.27 Walls=0.00029(x10) g_ns/g_walls=0.558 Windows=0.00079 Doors=0.00012 IC=0.00000 CO2_BC=0.00005 LR=1.08e-04 nu=0.01 NSraw=8.978 alpha(W1/W8/all)=0.59/0.39/0.48 | 0.86 it/s
[Iter 42280/50000] Total=0.05038 | NS=0.04558 CO2(scaled)=0.00057 CO2_weight=1.00 guide_w=2.27 Walls=0.00036(x10) g_ns/g_walls=0.558 Windows=0.00043 Doors=0.00013 IC=0.00000 CO2_BC=0.00005 LR=1.08e-04 nu=0.01 NSraw=0.1295 alpha(W1/W8/all)=0.59/0.39/0.48 | 0.86 it/s
[Iter 42290/50000] Total=0.09198 | NS=0.08489 CO2(scaled)=0.00086 CO2_weight=1.00 guide_w=2.27 Walls=0.00056(x10) g_ns/g_walls=0.558 Windows=0.00046 Doors=0.00011 IC=0.00000 CO2_BC=0.00005 LR=1.08e-04 nu=0.01 NSraw=0.5825 alpha(W1/W8/all)=0.59/0.39/0.48 | 0.86 it/s
[Iter 42300/50000] Total=0.06549 | NS=0.06007 CO2(scaled)=0.00058 CO2_weight=1.00 guide_w=9.41 Walls=0.00041(x10) g_ns/g_walls=2.62 Windows=0.00055 Doors=0.00013 IC=0.00000 CO2_BC=0.00005 LR=1.08e-04 nu=0.01 NSraw=0.3952 alpha(W1/W8/all)=0.59/0.39/0.48 | 0.86 it/s
[Iter 42310/50000] Total=0.10803 | NS=0.10099 CO2(scaled)=0.00057 CO2_weight=1.00 guide_w=9.41 Walls=0.00055(x10) g_ns/g_walls=2.62 Windows=0.00074 Doors=0.00013 IC=0.00000 CO2_BC=0.00006 LR=1.08e-04 nu=0.01 NSraw=1.256 alpha(W1/W8/all)=0.59/0.39/0.48 | 0.86 it/s
[Iter 42320/50000] Total=0.03365 | NS=0.02777 CO2(scaled)=0.00051 CO2_weight=1.00 guide_w=9.41 Walls=0.00041(x10) g_ns/g_walls=2.62 Windows=0.00109 Doors=0.00015 IC=0.00000 CO2_BC=0.00006 LR=1.08e-04 nu=0.01 NSraw=0.06249 alpha(W1/W8/all)=0.59/0.39/0.48 | 0.86 it/s
[Iter 42330/50000] Total=0.08471 | NS=0.08200 CO2(scaled)=0.00054 CO2_weight=1.00 guide_w=9.41 Walls=0.00014(x10) g_ns/g_walls=2.62 Windows=0.00063 Doors=0.00014 IC=0.00000 CO2_BC=0.00005 LR=1.08e-04 nu=0.01 NSraw=0.4463 alpha(W1/W8/all)=0.59/0.39/0.48 | 0.86 it/s
[Iter 42340/50000] Total=0.03220 | NS=0.02952 CO2(scaled)=0.00050 CO2_weight=1.00 guide_w=9.41 Walls=0.00014(x10) g_ns/g_walls=2.62 Windows=0.00057 Doors=0.00012 IC=0.00000 CO2_BC=0.00005 LR=1.07e-04 nu=0.01 NSraw=0.06316 alpha(W1/W8/all)=0.59/0.39/0.48 | 0.86 it/s
[Iter 42350/50000] Total=0.21484 | NS=0.20823 CO2(scaled)=0.00056 CO2_weight=1.00 guide_w=9.41 Walls=0.00055(x10) g_ns/g_walls=2.62 Windows=0.00041 Doors=0.00013 IC=0.00000 CO2_BC=0.00006 LR=1.07e-04 nu=0.01 NSraw=6.236 alpha(W1/W8/all)=0.59/0.39/0.48 | 0.86 it/s
[Iter 42360/50000] Total=0.02656 | NS=0.02084 CO2(scaled)=0.00078 CO2_weight=1.00 guide_w=9.41 Walls=0.00040(x10) g_ns/g_walls=2.62 Windows=0.00073 Doors=0.00014 IC=0.00000 CO2_BC=0.00005 LR=1.07e-04 nu=0.01 NSraw=0.03701 alpha(W1/W8/all)=0.59/0.39/0.48 | 0.86 it/s
[Iter 42370/50000] Total=0.08231 | NS=0.07054 CO2(scaled)=0.00063 CO2_weight=1.00 guide_w=9.41 Walls=0.00096(x10) g_ns/g_walls=2.62 Windows=0.00136 Doors=0.00012 IC=0.00000 CO2_BC=0.00005 LR=1.07e-04 nu=0.01 NSraw=0.5835 alpha(W1/W8/all)=0.59/0.39/0.48 | 0.86 it/s
[Iter 42380/50000] Total=0.05473 | NS=0.04915 CO2(scaled)=0.00076 CO2_weight=1.00 guide_w=9.41 Walls=0.00038(x10) g_ns/g_walls=2.62 Windows=0.00085 Doors=0.00014 IC=0.00000 CO2_BC=0.00005 LR=1.07e-04 nu=0.01 NSraw=0.1703 alpha(W1/W8/all)=0.59/0.39/0.48 | 0.86 it/s
[Iter 42390/50000] Total=0.04543 | NS=0.03942 CO2(scaled)=0.00101 CO2_weight=1.00 guide_w=9.41 Walls=0.00043(x10) g_ns/g_walls=2.62 Windows=0.00054 Doors=0.00013 IC=0.00000 CO2_BC=0.00005 LR=1.07e-04 nu=0.01 NSraw=0.07537 alpha(W1/W8/all)=0.59/0.39/0.48 | 0.86 it/s
[Iter 42400/50000] Total=0.02488 | NS=0.02069 CO2(scaled)=0.00061 CO2_weight=1.00 guide_w=2.19 Walls=0.00026(x10) g_ns/g_walls=0.386 Windows=0.00080 Doors=0.00013 IC=0.00000 CO2_BC=0.00005 LR=1.07e-04 nu=0.01 NSraw=0.03617 alpha(W1/W8/all)=0.59/0.39/0.48 | 0.86 it/s
[Iter 42410/50000] Total=0.04768 | NS=0.04489 CO2(scaled)=0.00048 CO2_weight=1.00 guide_w=2.19 Walls=0.00017(x10) g_ns/g_walls=0.386 Windows=0.00043 Doors=0.00013 IC=0.00000 CO2_BC=0.00005 LR=1.07e-04 nu=0.01 NSraw=0.2299 alpha(W1/W8/all)=0.59/0.39/0.48 | 0.86 it/s
[Iter 42420/50000] Total=0.02423 | NS=0.01954 CO2(scaled)=0.00064 CO2_weight=1.00 guide_w=2.19 Walls=0.00035(x10) g_ns/g_walls=0.386 Windows=0.00045 Doors=0.00011 IC=0.00000 CO2_BC=0.00005 LR=1.07e-04 nu=0.01 NSraw=0.02467 alpha(W1/W8/all)=0.59/0.39/0.48 | 0.86 it/s
[Iter 42430/50000] Total=0.05596 | NS=0.05048 CO2(scaled)=0.00075 CO2_weight=1.00 guide_w=2.19 Walls=0.00039(x10) g_ns/g_walls=0.386 Windows=0.00062 Doors=0.00014 IC=0.00000 CO2_BC=0.00005 LR=1.07e-04 nu=0.01 NSraw=0.1898 alpha(W1/W8/all)=0.59/0.39/0.48 | 0.86 it/s
[Iter 42440/50000] Total=0.10489 | NS=0.10221 CO2(scaled)=0.00053 CO2_weight=1.00 guide_w=2.19 Walls=0.00014(x10) g_ns/g_walls=0.386 Windows=0.00050 Doors=0.00017 IC=0.00000 CO2_BC=0.00005 LR=1.07e-04 nu=0.01 NSraw=1.05 alpha(W1/W8/all)=0.59/0.39/0.48 | 0.86 it/s
[Iter 42450/50000] Total=0.03666 | NS=0.03270 CO2(scaled)=0.00059 CO2_weight=1.00 guide_w=2.19 Walls=0.00026(x10) g_ns/g_walls=0.386 Windows=0.00063 Doors=0.00011 IC=0.00000 CO2_BC=0.00005 LR=1.07e-04 nu=0.01 NSraw=0.08833 alpha(W1/W8/all)=0.59/0.39/0.48 | 0.86 it/s
[Iter 42460/50000] Total=0.07849 | NS=0.07390 CO2(scaled)=0.00046 CO2_weight=1.00 guide_w=2.19 Walls=0.00033(x10) g_ns/g_walls=0.386 Windows=0.00064 Doors=0.00013 IC=0.00000 CO2_BC=0.00005 LR=1.07e-04 nu=0.01 NSraw=0.4303 alpha(W1/W8/all)=0.59/0.39/0.48 | 0.86 it/s
[Iter 42470/50000] Total=0.12869 | NS=0.11457 CO2(scaled)=0.00082 CO2_weight=1.00 guide_w=2.19 Walls=0.00118(x10) g_ns/g_walls=0.386 Windows=0.00125 Doors=0.00015 IC=0.00000 CO2_BC=0.00006 LR=1.07e-04 nu=0.01 NSraw=1.652 alpha(W1/W8/all)=0.59/0.39/0.48 | 0.86 it/s
[Iter 42480/50000] Total=0.18775 | NS=0.18265 CO2(scaled)=0.00066 CO2_weight=1.00 guide_w=2.19 Walls=0.00034(x10) g_ns/g_walls=0.386 Windows=0.00079 Doors=0.00019 IC=0.00000 CO2_BC=0.00005 LR=1.07e-04 nu=0.01 NSraw=4.89 alpha(W1/W8/all)=0.59/0.39/0.48 | 0.86 it/s
[Iter 42490/50000] Total=0.01957 | NS=0.01598 CO2(scaled)=0.00064 CO2_weight=1.00 guide_w=2.19 Walls=0.00023(x10) g_ns/g_walls=0.386 Windows=0.00046 Doors=0.00010 IC=0.00000 CO2_BC=0.00005 LR=1.07e-04 nu=0.01 NSraw=0.02145 alpha(W1/W8/all)=0.59/0.39/0.48 | 0.86 it/s
[Iter 42500/50000] Total=0.06800 | NS=0.06341 CO2(scaled)=0.00088 CO2_weight=1.00 guide_w=3.82 Walls=0.00031(x10) g_ns/g_walls=1.38 Windows=0.00048 Doors=0.00011 IC=0.00000 CO2_BC=0.00005 LR=1.07e-04 nu=0.01 NSraw=0.5436 alpha(W1/W8/all)=0.59/0.39/0.48 | 0.86 it/s
[Iter 42510/50000] Total=0.09206 | NS=0.08866 CO2(scaled)=0.00058 CO2_weight=1.00 guide_w=3.82 Walls=0.00022(x10) g_ns/g_walls=1.38 Windows=0.00041 Doors=0.00013 IC=0.00000 CO2_BC=0.00006 LR=1.07e-04 nu=0.01 NSraw=0.9492 alpha(W1/W8/all)=0.59/0.39/0.48 | 0.86 it/s
[Iter 42520/50000] Total=0.06734 | NS=0.06395 CO2(scaled)=0.00063 CO2_weight=1.00 guide_w=3.82 Walls=0.00021(x10) g_ns/g_walls=1.38 Windows=0.00049 Doors=0.00011 IC=0.00000 CO2_BC=0.00006 LR=1.06e-04 nu=0.01 NSraw=0.3317 alpha(W1/W8/all)=0.59/0.39/0.48 | 0.86 it/s
[Iter 42530/50000] Total=0.22780 | NS=0.22511 CO2(scaled)=0.00057 CO2_weight=1.00 guide_w=3.82 Walls=0.00015(x10) g_ns/g_walls=1.38 Windows=0.00046 Doors=0.00015 IC=0.00000 CO2_BC=0.00006 LR=1.06e-04 nu=0.01 NSraw=8.769 alpha(W1/W8/all)=0.59/0.39/0.48 | 0.86 it/s
[Iter 42540/50000] Total=0.08222 | NS=0.07583 CO2(scaled)=0.00066 CO2_weight=1.00 guide_w=3.82 Walls=0.00047(x10) g_ns/g_walls=1.38 Windows=0.00087 Doors=0.00014 IC=0.00000 CO2_BC=0.00005 LR=1.06e-04 nu=0.01 NSraw=0.6862 alpha(W1/W8/all)=0.59/0.39/0.48 | 0.86 it/s
[Iter 42550/50000] Total=0.18058 | NS=0.17724 CO2(scaled)=0.00054 CO2_weight=1.00 guide_w=3.82 Walls=0.00020(x10) g_ns/g_walls=1.38 Windows=0.00063 Doors=0.00015 IC=0.00000 CO2_BC=0.00006 LR=1.06e-04 nu=0.01 NSraw=4.26 alpha(W1/W8/all)=0.59/0.39/0.48 | 0.86 it/s
[Iter 42560/50000] Total=0.17409 | NS=0.16886 CO2(scaled)=0.00066 CO2_weight=1.00 guide_w=3.82 Walls=0.00038(x10) g_ns/g_walls=1.38 Windows=0.00062 Doors=0.00013 IC=0.00000 CO2_BC=0.00006 LR=1.06e-04 nu=0.01 NSraw=4.013 alpha(W1/W8/all)=0.59/0.39/0.48 | 0.86 it/s
[Iter 42570/50000] Total=0.05458 | NS=0.04679 CO2(scaled)=0.00054 CO2_weight=1.00 guide_w=3.82 Walls=0.00063(x10) g_ns/g_walls=1.38 Windows=0.00072 Doors=0.00014 IC=0.00000 CO2_BC=0.00005 LR=1.06e-04 nu=0.01 NSraw=0.149 alpha(W1/W8/all)=0.59/0.39/0.48 | 0.86 it/s
[Iter 42580/50000] Total=0.11018 | NS=0.10652 CO2(scaled)=0.00069 CO2_weight=1.00 guide_w=3.82 Walls=0.00023(x10) g_ns/g_walls=1.38 Windows=0.00051 Doors=0.00014 IC=0.00000 CO2_BC=0.00006 LR=1.06e-04 nu=0.01 NSraw=1.656 alpha(W1/W8/all)=0.59/0.39/0.48 | 0.86 it/s
[Iter 42590/50000] Total=0.02357 | NS=0.01885 CO2(scaled)=0.00051 CO2_weight=1.00 guide_w=3.82 Walls=0.00032(x10) g_ns/g_walls=1.38 Windows=0.00079 Doors=0.00015 IC=0.00000 CO2_BC=0.00005 LR=1.06e-04 nu=0.01 NSraw=0.02417 alpha(W1/W8/all)=0.59/0.39/0.48 | 0.86 it/s
[Iter 42600/50000] Total=0.06171 | NS=0.05707 CO2(scaled)=0.00059 CO2_weight=1.00 guide_w=13 Walls=0.00030(x10) g_ns/g_walls=1.33 Windows=0.00085 Doors=0.00013 IC=0.00000 CO2_BC=0.00006 LR=1.06e-04 nu=0.01 NSraw=0.1944 alpha(W1/W8/all)=0.59/0.39/0.48 | 0.86 it/s
[Iter 42610/50000] Total=0.02636 | NS=0.02000 CO2(scaled)=0.00057 CO2_weight=1.00 guide_w=13 Walls=0.00049(x10) g_ns/g_walls=1.33 Windows=0.00068 Doors=0.00012 IC=0.00000 CO2_BC=0.00005 LR=1.06e-04 nu=0.01 NSraw=0.04008 alpha(W1/W8/all)=0.59/0.39/0.48 | 0.86 it/s
[Iter 42620/50000] Total=0.04360 | NS=0.03988 CO2(scaled)=0.00062 CO2_weight=1.00 guide_w=13 Walls=0.00024(x10) g_ns/g_walls=1.33 Windows=0.00055 Doors=0.00012 IC=0.00000 CO2_BC=0.00005 LR=1.06e-04 nu=0.01 NSraw=0.1434 alpha(W1/W8/all)=0.59/0.39/0.48 | 0.86 it/s
[Iter 42630/50000] Total=0.04306 | NS=0.03334 CO2(scaled)=0.00056 CO2_weight=1.00 guide_w=13 Walls=0.00078(x10) g_ns/g_walls=1.33 Windows=0.00123 Doors=0.00011 IC=0.00000 CO2_BC=0.00005 LR=1.06e-04 nu=0.01 NSraw=0.08534 alpha(W1/W8/all)=0.59/0.39/0.48 | 0.86 it/s
[Iter 42640/50000] Total=0.03185 | NS=0.02247 CO2(scaled)=0.00082 CO2_weight=1.00 guide_w=13 Walls=0.00073(x10) g_ns/g_walls=1.33 Windows=0.00111 Doors=0.00012 IC=0.00000 CO2_BC=0.00006 LR=1.06e-04 nu=0.01 NSraw=0.0385 alpha(W1/W8/all)=0.59/0.39/0.48 | 0.86 it/s
[Iter 42650/50000] Total=0.12340 | NS=0.11899 CO2(scaled)=0.00062 CO2_weight=1.00 guide_w=13 Walls=0.00029(x10) g_ns/g_walls=1.33 Windows=0.00070 Doors=0.00013 IC=0.00000 CO2_BC=0.00006 LR=1.06e-04 nu=0.01 NSraw=2.059 alpha(W1/W8/all)=0.59/0.39/0.48 | 0.86 it/s
[Iter 42660/50000] Total=0.12378 | NS=0.11919 CO2(scaled)=0.00075 CO2_weight=1.00 guide_w=13 Walls=0.00031(x10) g_ns/g_walls=1.33 Windows=0.00057 Doors=0.00014 IC=0.00000 CO2_BC=0.00005 LR=1.06e-04 nu=0.01 NSraw=3.227 alpha(W1/W8/all)=0.59/0.39/0.48 | 0.86 it/s
[Iter 42670/50000] Total=0.10200 | NS=0.09663 CO2(scaled)=0.00067 CO2_weight=1.00 guide_w=13 Walls=0.00037(x10) g_ns/g_walls=1.33 Windows=0.00083 Doors=0.00013 IC=0.00000 CO2_BC=0.00006 LR=1.06e-04 nu=0.01 NSraw=0.7249 alpha(W1/W8/all)=0.59/0.39/0.48 | 0.86 it/s
[Iter 42680/50000] Total=0.13875 | NS=0.13554 CO2(scaled)=0.00060 CO2_weight=1.00 guide_w=13 Walls=0.00019(x10) g_ns/g_walls=1.33 Windows=0.00054 Doors=0.00014 IC=0.00000 CO2_BC=0.00006 LR=1.06e-04 nu=0.01 NSraw=1.158 alpha(W1/W8/all)=0.59/0.39/0.48 | 0.86 it/s
[Iter 42690/50000] Total=0.02779 | NS=0.02466 CO2(scaled)=0.00054 CO2_weight=1.00 guide_w=13 Walls=0.00018(x10) g_ns/g_walls=1.33 Windows=0.00060 Doors=0.00013 IC=0.00000 CO2_BC=0.00006 LR=1.06e-04 nu=0.01 NSraw=0.05675 alpha(W1/W8/all)=0.59/0.39/0.48 | 0.86 it/s
[Iter 42700/50000] Total=0.03725 | NS=0.03361 CO2(scaled)=0.00056 CO2_weight=1.00 guide_w=3.34 Walls=0.00025(x10) g_ns/g_walls=0.723 Windows=0.00042 Doors=0.00010 IC=0.00000 CO2_BC=0.00006 LR=1.05e-04 nu=0.01 NSraw=0.08801 alpha(W1/W8/all)=0.59/0.39/0.48 | 0.86 it/s
[Iter 42710/50000] Total=0.09105 | NS=0.08391 CO2(scaled)=0.00052 CO2_weight=1.00 guide_w=3.34 Walls=0.00058(x10) g_ns/g_walls=0.723 Windows=0.00059 Doors=0.00013 IC=0.00000 CO2_BC=0.00005 LR=1.05e-04 nu=0.01 NSraw=1.363 alpha(W1/W8/all)=0.59/0.39/0.48 | 0.86 it/s
[Iter 42720/50000] Total=0.15853 | NS=0.15575 CO2(scaled)=0.00046 CO2_weight=1.00 guide_w=3.34 Walls=0.00016(x10) g_ns/g_walls=0.723 Windows=0.00054 Doors=0.00017 IC=0.00000 CO2_BC=0.00005 LR=1.05e-04 nu=0.01 NSraw=3.295 alpha(W1/W8/all)=0.59/0.39/0.48 | 0.86 it/s
[Iter 42730/50000] Total=0.03211 | NS=0.02621 CO2(scaled)=0.00051 CO2_weight=1.00 guide_w=3.34 Walls=0.00045(x10) g_ns/g_walls=0.723 Windows=0.00066 Doors=0.00015 IC=0.00000 CO2_BC=0.00005 LR=1.05e-04 nu=0.01 NSraw=0.07166 alpha(W1/W8/all)=0.59/0.39/0.48 | 0.86 it/s
[Iter 42740/50000] Total=0.08489 | NS=0.08117 CO2(scaled)=0.00049 CO2_weight=1.00 guide_w=3.34 Walls=0.00024(x10) g_ns/g_walls=0.723 Windows=0.00065 Doors=0.00012 IC=0.00000 CO2_BC=0.00006 LR=1.05e-04 nu=0.01 NSraw=1.024 alpha(W1/W8/all)=0.59/0.39/0.48 | 0.86 it/s
[Iter 42750/50000] Total=0.03566 | NS=0.03162 CO2(scaled)=0.00067 CO2_weight=1.00 guide_w=3.34 Walls=0.00025(x10) g_ns/g_walls=0.723 Windows=0.00067 Doors=0.00011 IC=0.00000 CO2_BC=0.00006 LR=1.05e-04 nu=0.01 NSraw=0.09692 alpha(W1/W8/all)=0.59/0.39/0.48 | 0.86 it/s
[Iter 42760/50000] Total=0.22878 | NS=0.21754 CO2(scaled)=0.00052 CO2_weight=1.00 guide_w=3.34 Walls=0.00094(x10) g_ns/g_walls=0.723 Windows=0.00116 Doors=0.00012 IC=0.00000 CO2_BC=0.00005 LR=1.05e-04 nu=0.01 NSraw=9.26 alpha(W1/W8/all)=0.59/0.39/0.48 | 0.86 it/s
[Iter 42770/50000] Total=0.07480 | NS=0.07220 CO2(scaled)=0.00045 CO2_weight=1.00 guide_w=3.34 Walls=0.00013(x10) g_ns/g_walls=0.723 Windows=0.00063 Doors=0.00014 IC=0.00000 CO2_BC=0.00006 LR=1.05e-04 nu=0.01 NSraw=0.2671 alpha(W1/W8/all)=0.59/0.39/0.48 | 0.86 it/s
[Iter 42780/50000] Total=0.05674 | NS=0.05356 CO2(scaled)=0.00045 CO2_weight=1.00 guide_w=3.34 Walls=0.00021(x10) g_ns/g_walls=0.723 Windows=0.00047 Doors=0.00013 IC=0.00000 CO2_BC=0.00007 LR=1.05e-04 nu=0.01 NSraw=0.172 alpha(W1/W8/all)=0.59/0.39/0.48 | 0.86 it/s
[Iter 42790/50000] Total=0.07086 | NS=0.05908 CO2(scaled)=0.00100 CO2_weight=1.00 guide_w=3.34 Walls=0.00097(x10) g_ns/g_walls=0.723 Windows=0.00089 Doors=0.00013 IC=0.00000 CO2_BC=0.00005 LR=1.05e-04 nu=0.01 NSraw=0.3157 alpha(W1/W8/all)=0.59/0.39/0.48 | 0.86 it/s
[Iter 42800/50000] Total=0.02834 | NS=0.02498 CO2(scaled)=0.00077 CO2_weight=1.00 guide_w=1.9 Walls=0.00019(x10) g_ns/g_walls=0.506 Windows=0.00059 Doors=0.00008 IC=0.00000 CO2_BC=0.00005 LR=1.05e-04 nu=0.01 NSraw=0.03868 alpha(W1/W8/all)=0.59/0.39/0.48 | 0.86 it/s
[Iter 42810/50000] Total=0.09781 | NS=0.09394 CO2(scaled)=0.00070 CO2_weight=1.00 guide_w=1.9 Walls=0.00024(x10) g_ns/g_walls=0.506 Windows=0.00063 Doors=0.00012 IC=0.00000 CO2_BC=0.00005 LR=1.05e-04 nu=0.01 NSraw=0.4647 alpha(W1/W8/all)=0.59/0.39/0.48 | 0.86 it/s
[Iter 42820/50000] Total=0.05975 | NS=0.05436 CO2(scaled)=0.00058 CO2_weight=1.00 guide_w=1.9 Walls=0.00040(x10) g_ns/g_walls=0.506 Windows=0.00063 Doors=0.00011 IC=0.00000 CO2_BC=0.00005 LR=1.05e-04 nu=0.01 NSraw=0.1829 alpha(W1/W8/all)=0.59/0.39/0.48 | 0.86 it/s
[Iter 42830/50000] Total=0.05020 | NS=0.04665 CO2(scaled)=0.00058 CO2_weight=1.00 guide_w=1.9 Walls=0.00022(x10) g_ns/g_walls=0.506 Windows=0.00050 Doors=0.00018 IC=0.00000 CO2_BC=0.00006 LR=1.05e-04 nu=0.01 NSraw=0.1891 alpha(W1/W8/all)=0.59/0.39/0.48 | 0.86 it/s
[Iter 42840/50000] Total=0.04130 | NS=0.03623 CO2(scaled)=0.00048 CO2_weight=1.00 guide_w=1.9 Walls=0.00037(x10) g_ns/g_walls=0.506 Windows=0.00067 Doors=0.00014 IC=0.00000 CO2_BC=0.00005 LR=1.05e-04 nu=0.01 NSraw=0.1115 alpha(W1/W8/all)=0.59/0.39/0.48 | 0.86 it/s
[Iter 42850/50000] Total=0.13745 | NS=0.13365 CO2(scaled)=0.00142 CO2_weight=1.00 guide_w=1.9 Walls=0.00017(x10) g_ns/g_walls=0.506 Windows=0.00051 Doors=0.00014 IC=0.00000 CO2_BC=0.00005 LR=1.05e-04 nu=0.01 NSraw=2.395 alpha(W1/W8/all)=0.59/0.39/0.48 | 0.86 it/s
[Iter 42860/50000] Total=0.02358 | NS=0.01913 CO2(scaled)=0.00060 CO2_weight=1.00 guide_w=1.9 Walls=0.00031(x10) g_ns/g_walls=0.506 Windows=0.00061 Doors=0.00010 IC=0.00000 CO2_BC=0.00006 LR=1.05e-04 nu=0.01 NSraw=0.03653 alpha(W1/W8/all)=0.59/0.39/0.48 | 0.86 it/s
[Iter 42870/50000] Total=0.02097 | NS=0.01728 CO2(scaled)=0.00049 CO2_weight=1.00 guide_w=1.9 Walls=0.00022(x10) g_ns/g_walls=0.506 Windows=0.00080 Doors=0.00017 IC=0.00000 CO2_BC=0.00006 LR=1.05e-04 nu=0.01 NSraw=0.02313 alpha(W1/W8/all)=0.59/0.39/0.48 | 0.86 it/s
[Iter 42880/50000] Total=0.10117 | NS=0.09702 CO2(scaled)=0.00083 CO2_weight=1.00 guide_w=1.9 Walls=0.00026(x10) g_ns/g_walls=0.506 Windows=0.00054 Doors=0.00011 IC=0.00000 CO2_BC=0.00005 LR=1.04e-04 nu=0.01 NSraw=0.6043 alpha(W1/W8/all)=0.59/0.39/0.48 | 0.86 it/s
[Iter 42890/50000] Total=0.01929 | NS=0.01447 CO2(scaled)=0.00054 CO2_weight=1.00 guide_w=1.9 Walls=0.00033(x10) g_ns/g_walls=0.506 Windows=0.00075 Doors=0.00016 IC=0.00000 CO2_BC=0.00006 LR=1.04e-04 nu=0.01 NSraw=0.01825 alpha(W1/W8/all)=0.59/0.39/0.48 | 0.86 it/s
[Iter 42900/50000] Total=0.04185 | NS=0.03676 CO2(scaled)=0.00090 CO2_weight=1.00 guide_w=2.05 Walls=0.00034(x10) g_ns/g_walls=0.597 Windows=0.00065 Doors=0.00012 IC=0.00000 CO2_BC=0.00006 LR=1.04e-04 nu=0.01 NSraw=0.1021 alpha(W1/W8/all)=0.59/0.39/0.48 | 0.86 it/s
[Iter 42910/50000] Total=0.04544 | NS=0.03996 CO2(scaled)=0.00052 CO2_weight=1.00 guide_w=2.05 Walls=0.00042(x10) g_ns/g_walls=0.597 Windows=0.00062 Doors=0.00012 IC=0.00000 CO2_BC=0.00006 LR=1.04e-04 nu=0.01 NSraw=0.1131 alpha(W1/W8/all)=0.59/0.39/0.48 | 0.86 it/s
[Iter 42920/50000] Total=0.06670 | NS=0.06203 CO2(scaled)=0.00064 CO2_weight=1.00 guide_w=2.05 Walls=0.00032(x10) g_ns/g_walls=0.597 Windows=0.00062 Doors=0.00009 IC=0.00000 CO2_BC=0.00008 LR=1.04e-04 nu=0.01 NSraw=0.4431 alpha(W1/W8/all)=0.59/0.39/0.48 | 0.86 it/s
[Iter 42930/50000] Total=0.03717 | NS=0.03390 CO2(scaled)=0.00057 CO2_weight=1.00 guide_w=2.05 Walls=0.00019(x10) g_ns/g_walls=0.597 Windows=0.00071 Doors=0.00007 IC=0.00000 CO2_BC=0.00005 LR=1.04e-04 nu=0.01 NSraw=0.06581 alpha(W1/W8/all)=0.59/0.39/0.48 | 0.86 it/s
[Iter 42940/50000] Total=0.03877 | NS=0.03534 CO2(scaled)=0.00060 CO2_weight=1.00 guide_w=2.05 Walls=0.00020(x10) g_ns/g_walls=0.597 Windows=0.00062 Doors=0.00019 IC=0.00000 CO2_BC=0.00006 LR=1.04e-04 nu=0.01 NSraw=0.1113 alpha(W1/W8/all)=0.59/0.39/0.48 | 0.86 it/s
[Iter 42950/50000] Total=0.06983 | NS=0.06566 CO2(scaled)=0.00078 CO2_weight=1.00 guide_w=2.05 Walls=0.00025(x10) g_ns/g_walls=0.597 Windows=0.00071 Doors=0.00014 IC=0.00000 CO2_BC=0.00007 LR=1.04e-04 nu=0.01 NSraw=0.3412 alpha(W1/W8/all)=0.59/0.39/0.48 | 0.86 it/s
[Iter 42960/50000] Total=0.01565 | NS=0.01234 CO2(scaled)=0.00060 CO2_weight=1.00 guide_w=2.05 Walls=0.00019(x10) g_ns/g_walls=0.597 Windows=0.00057 Doors=0.00012 IC=0.00000 CO2_BC=0.00010 LR=1.04e-04 nu=0.01 NSraw=0.01464 alpha(W1/W8/all)=0.59/0.39/0.48 | 0.86 it/s
[Iter 42970/50000] Total=0.32967 | NS=0.32203 CO2(scaled)=0.00072 CO2_weight=1.00 guide_w=2.05 Walls=0.00060(x10) g_ns/g_walls=0.597 Windows=0.00069 Doors=0.00016 IC=0.00000 CO2_BC=0.00007 LR=1.04e-04 nu=0.01 NSraw=22.39 alpha(W1/W8/all)=0.59/0.39/0.48 | 0.86 it/s
[Iter 42980/50000] Total=0.10011 | NS=0.09529 CO2(scaled)=0.00089 CO2_weight=1.00 guide_w=2.05 Walls=0.00031(x10) g_ns/g_walls=0.597 Windows=0.00057 Doors=0.00013 IC=0.00000 CO2_BC=0.00009 LR=1.04e-04 nu=0.01 NSraw=0.9372 alpha(W1/W8/all)=0.59/0.39/0.48 | 0.86 it/s
[Iter 42990/50000] Total=0.02092 | NS=0.01565 CO2(scaled)=0.00055 CO2_weight=1.00 guide_w=2.05 Walls=0.00039(x10) g_ns/g_walls=0.597 Windows=0.00061 Doors=0.00011 IC=0.00000 CO2_BC=0.00006 LR=1.04e-04 nu=0.01 NSraw=0.02473 alpha(W1/W8/all)=0.59/0.39/0.48 | 0.86 it/s
[Iter 43000/50000] Total=0.05370 | NS=0.04830 CO2(scaled)=0.00068 CO2_weight=1.00 guide_w=2.89 Walls=0.00036(x10) g_ns/g_walls=0.486 Windows=0.00088 Doors=0.00016 IC=0.00000 CO2_BC=0.00005 LR=1.04e-04 nu=0.01 NSraw=0.1915 alpha(W1/W8/all)=0.59/0.39/0.48 | 0.86 it/s
  -> saved checkpoint: /home/iai-labor/BuildingControlCFD/experiments/gnot/checkpoints/v24_fixedalpha_r50k/gnot_v24_fixedalpha_r50k_iter43000.pth
[Iter 43010/50000] Total=0.03436 | NS=0.02358 CO2(scaled)=0.00057 CO2_weight=1.00 guide_w=2.89 Walls=0.00093(x10) g_ns/g_walls=0.486 Windows=0.00069 Doors=0.00016 IC=0.00000 CO2_BC=0.00006 LR=1.04e-04 nu=0.01 NSraw=0.03439 alpha(W1/W8/all)=0.59/0.39/0.48 | 0.86 it/s
[Iter 43020/50000] Total=0.02178 | NS=0.01871 CO2(scaled)=0.00055 CO2_weight=1.00 guide_w=2.89 Walls=0.00016(x10) g_ns/g_walls=0.486 Windows=0.00068 Doors=0.00017 IC=0.00000 CO2_BC=0.00006 LR=1.04e-04 nu=0.01 NSraw=0.02864 alpha(W1/W8/all)=0.59/0.39/0.48 | 0.86 it/s
[Iter 43030/50000] Total=0.04394 | NS=0.03873 CO2(scaled)=0.00050 CO2_weight=1.00 guide_w=2.89 Walls=0.00038(x10) g_ns/g_walls=0.486 Windows=0.00068 Doors=0.00015 IC=0.00000 CO2_BC=0.00004 LR=1.04e-04 nu=0.01 NSraw=0.1553 alpha(W1/W8/all)=0.59/0.39/0.48 | 0.86 it/s
[Iter 43040/50000] Total=0.13398 | NS=0.13087 CO2(scaled)=0.00060 CO2_weight=1.00 guide_w=2.89 Walls=0.00020(x10) g_ns/g_walls=0.486 Windows=0.00035 Doors=0.00016 IC=0.00000 CO2_BC=0.00005 LR=1.04e-04 nu=0.01 NSraw=2.899 alpha(W1/W8/all)=0.59/0.39/0.48 | 0.86 it/s
[Iter 43050/50000] Total=0.10686 | NS=0.10118 CO2(scaled)=0.00057 CO2_weight=1.00 guide_w=2.89 Walls=0.00040(x10) g_ns/g_walls=0.486 Windows=0.00090 Doors=0.00015 IC=0.00000 CO2_BC=0.00005 LR=1.04e-04 nu=0.01 NSraw=1.156 alpha(W1/W8/all)=0.59/0.39/0.48 | 0.86 it/s
[Iter 43060/50000] Total=0.07952 | NS=0.07451 CO2(scaled)=0.00058 CO2_weight=1.00 guide_w=2.89 Walls=0.00036(x10) g_ns/g_walls=0.486 Windows=0.00063 Doors=0.00012 IC=0.00000 CO2_BC=0.00006 LR=1.03e-04 nu=0.01 NSraw=0.8164 alpha(W1/W8/all)=0.59/0.39/0.48 | 0.86 it/s
[Iter 43070/50000] Total=0.04816 | NS=0.04054 CO2(scaled)=0.00065 CO2_weight=1.00 guide_w=2.89 Walls=0.00059(x10) g_ns/g_walls=0.486 Windows=0.00091 Doors=0.00015 IC=0.00000 CO2_BC=0.00006 LR=1.03e-04 nu=0.01 NSraw=0.08911 alpha(W1/W8/all)=0.59/0.39/0.48 | 0.86 it/s
[Iter 43080/50000] Total=0.07145 | NS=0.05783 CO2(scaled)=0.00113 CO2_weight=1.00 guide_w=2.89 Walls=0.00106(x10) g_ns/g_walls=0.486 Windows=0.00169 Doors=0.00013 IC=0.00000 CO2_BC=0.00007 LR=1.03e-04 nu=0.01 NSraw=0.2004 alpha(W1/W8/all)=0.59/0.39/0.48 | 0.86 it/s
[Iter 43090/50000] Total=0.03110 | NS=0.02699 CO2(scaled)=0.00050 CO2_weight=1.00 guide_w=2.89 Walls=0.00029(x10) g_ns/g_walls=0.486 Windows=0.00055 Doors=0.00014 IC=0.00000 CO2_BC=0.00005 LR=1.03e-04 nu=0.01 NSraw=0.04423 alpha(W1/W8/all)=0.59/0.39/0.48 | 0.86 it/s
[Iter 43100/50000] Total=0.19020 | NS=0.18450 CO2(scaled)=0.00062 CO2_weight=1.00 guide_w=15.3 Walls=0.00041(x10) g_ns/g_walls=1.36 Windows=0.00078 Doors=0.00013 IC=0.00000 CO2_BC=0.00006 LR=1.03e-04 nu=0.01 NSraw=6.072 alpha(W1/W8/all)=0.59/0.39/0.48 | 0.86 it/s
[Iter 43110/50000] Total=0.05071 | NS=0.04779 CO2(scaled)=0.00060 CO2_weight=1.00 guide_w=15.3 Walls=0.00017(x10) g_ns/g_walls=1.36 Windows=0.00049 Doors=0.00011 IC=0.00000 CO2_BC=0.00005 LR=1.03e-04 nu=0.01 NSraw=0.1042 alpha(W1/W8/all)=0.59/0.39/0.48 | 0.86 it/s
[Iter 43120/50000] Total=0.13522 | NS=0.13277 CO2(scaled)=0.00050 CO2_weight=1.00 guide_w=15.3 Walls=0.00012(x10) g_ns/g_walls=1.36 Windows=0.00054 Doors=0.00015 IC=0.00000 CO2_BC=0.00005 LR=1.03e-04 nu=0.01 NSraw=2.041 alpha(W1/W8/all)=0.59/0.39/0.48 | 0.86 it/s
[Iter 43130/50000] Total=0.03954 | NS=0.03319 CO2(scaled)=0.00055 CO2_weight=1.00 guide_w=15.3 Walls=0.00049(x10) g_ns/g_walls=1.36 Windows=0.00065 Doors=0.00016 IC=0.00000 CO2_BC=0.00005 LR=1.03e-04 nu=0.01 NSraw=0.08885 alpha(W1/W8/all)=0.59/0.39/0.48 | 0.86 it/s
[Iter 43140/50000] Total=0.04237 | NS=0.03976 CO2(scaled)=0.00051 CO2_weight=1.00 guide_w=15.3 Walls=0.00015(x10) g_ns/g_walls=1.36 Windows=0.00044 Doors=0.00010 IC=0.00000 CO2_BC=0.00006 LR=1.03e-04 nu=0.01 NSraw=0.06986 alpha(W1/W8/all)=0.59/0.39/0.48 | 0.86 it/s
[Iter 43150/50000] Total=0.05619 | NS=0.05129 CO2(scaled)=0.00077 CO2_weight=1.00 guide_w=15.3 Walls=0.00032(x10) g_ns/g_walls=1.36 Windows=0.00073 Doors=0.00012 IC=0.00000 CO2_BC=0.00006 LR=1.03e-04 nu=0.01 NSraw=0.2105 alpha(W1/W8/all)=0.59/0.39/0.48 | 0.85 it/s
[Iter 43160/50000] Total=0.08288 | NS=0.07873 CO2(scaled)=0.00068 CO2_weight=1.00 guide_w=15.3 Walls=0.00027(x10) g_ns/g_walls=1.36 Windows=0.00060 Doors=0.00012 IC=0.00000 CO2_BC=0.00006 LR=1.03e-04 nu=0.01 NSraw=0.346 alpha(W1/W8/all)=0.59/0.39/0.48 | 0.85 it/s
[Iter 43170/50000] Total=0.03464 | NS=0.03133 CO2(scaled)=0.00068 CO2_weight=1.00 guide_w=15.3 Walls=0.00019(x10) g_ns/g_walls=1.36 Windows=0.00059 Doors=0.00011 IC=0.00000 CO2_BC=0.00006 LR=1.03e-04 nu=0.01 NSraw=0.05659 alpha(W1/W8/all)=0.59/0.39/0.48 | 0.85 it/s
[Iter 43180/50000] Total=0.02662 | NS=0.02323 CO2(scaled)=0.00056 CO2_weight=1.00 guide_w=15.3 Walls=0.00020(x10) g_ns/g_walls=1.36 Windows=0.00058 Doors=0.00014 IC=0.00000 CO2_BC=0.00006 LR=1.03e-04 nu=0.01 NSraw=0.03944 alpha(W1/W8/all)=0.59/0.39/0.48 | 0.85 it/s
[Iter 43190/50000] Total=0.04578 | NS=0.04268 CO2(scaled)=0.00047 CO2_weight=1.00 guide_w=15.3 Walls=0.00019(x10) g_ns/g_walls=1.36 Windows=0.00048 Doors=0.00019 IC=0.00000 CO2_BC=0.00006 LR=1.03e-04 nu=0.01 NSraw=0.2376 alpha(W1/W8/all)=0.59/0.39/0.48 | 0.85 it/s
[Iter 43200/50000] Total=0.18236 | NS=0.17845 CO2(scaled)=0.00092 CO2_weight=1.00 guide_w=44.5 Walls=0.00021(x10) g_ns/g_walls=13.5 Windows=0.00073 Doors=0.00015 IC=0.00000 CO2_BC=0.00006 LR=1.03e-04 nu=0.01 NSraw=3.953 alpha(W1/W8/all)=0.59/0.39/0.48 | 0.85 it/s
[Iter 43210/50000] Total=0.02715 | NS=0.02390 CO2(scaled)=0.00067 CO2_weight=1.00 guide_w=44.5 Walls=0.00017(x10) g_ns/g_walls=13.5 Windows=0.00066 Doors=0.00014 IC=0.00000 CO2_BC=0.00005 LR=1.03e-04 nu=0.01 NSraw=0.0447 alpha(W1/W8/all)=0.59/0.39/0.48 | 0.85 it/s
[Iter 43220/50000] Total=0.37571 | NS=0.37137 CO2(scaled)=0.00065 CO2_weight=1.00 guide_w=44.5 Walls=0.00030(x10) g_ns/g_walls=13.5 Windows=0.00054 Doors=0.00010 IC=0.00000 CO2_BC=0.00005 LR=1.03e-04 nu=0.01 NSraw=15.88 alpha(W1/W8/all)=0.59/0.39/0.48 | 0.85 it/s
[Iter 43230/50000] Total=0.02707 | NS=0.02112 CO2(scaled)=0.00067 CO2_weight=1.00 guide_w=44.5 Walls=0.00043(x10) g_ns/g_walls=13.5 Windows=0.00074 Doors=0.00016 IC=0.00000 CO2_BC=0.00006 LR=1.03e-04 nu=0.01 NSraw=0.03124 alpha(W1/W8/all)=0.59/0.39/0.48 | 0.85 it/s
[Iter 43240/50000] Total=0.06276 | NS=0.05830 CO2(scaled)=0.00069 CO2_weight=1.00 guide_w=44.5 Walls=0.00030(x10) g_ns/g_walls=13.5 Windows=0.00062 Doors=0.00013 IC=0.00000 CO2_BC=0.00006 LR=1.02e-04 nu=0.01 NSraw=0.1978 alpha(W1/W8/all)=0.59/0.39/0.48 | 0.85 it/s
[Iter 43250/50000] Total=0.08343 | NS=0.08060 CO2(scaled)=0.00047 CO2_weight=1.00 guide_w=44.5 Walls=0.00017(x10) g_ns/g_walls=13.5 Windows=0.00050 Doors=0.00016 IC=0.00000 CO2_BC=0.00006 LR=1.02e-04 nu=0.01 NSraw=0.8903 alpha(W1/W8/all)=0.59/0.39/0.48 | 0.85 it/s
[Iter 43260/50000] Total=0.04380 | NS=0.04000 CO2(scaled)=0.00053 CO2_weight=1.00 guide_w=44.5 Walls=0.00026(x10) g_ns/g_walls=13.5 Windows=0.00053 Doors=0.00014 IC=0.00000 CO2_BC=0.00005 LR=1.02e-04 nu=0.01 NSraw=0.07303 alpha(W1/W8/all)=0.59/0.39/0.48 | 0.85 it/s
[Iter 43270/50000] Total=0.05625 | NS=0.05223 CO2(scaled)=0.00061 CO2_weight=1.00 guide_w=44.5 Walls=0.00026(x10) g_ns/g_walls=13.5 Windows=0.00061 Doors=0.00014 IC=0.00000 CO2_BC=0.00005 LR=1.02e-04 nu=0.01 NSraw=0.2246 alpha(W1/W8/all)=0.59/0.39/0.48 | 0.85 it/s
[Iter 43280/50000] Total=0.04226 | NS=0.03695 CO2(scaled)=0.00051 CO2_weight=1.00 guide_w=44.5 Walls=0.00042(x10) g_ns/g_walls=13.5 Windows=0.00034 Doors=0.00017 IC=0.00000 CO2_BC=0.00005 LR=1.02e-04 nu=0.01 NSraw=0.1127 alpha(W1/W8/all)=0.59/0.39/0.48 | 0.85 it/s
[Iter 43290/50000] Total=0.04972 | NS=0.03474 CO2(scaled)=0.00078 CO2_weight=1.00 guide_w=44.5 Walls=0.00127(x10) g_ns/g_walls=13.5 Windows=0.00131 Doors=0.00013 IC=0.00000 CO2_BC=0.00006 LR=1.02e-04 nu=0.01 NSraw=0.07462 alpha(W1/W8/all)=0.59/0.39/0.48 | 0.85 it/s
[Iter 43300/50000] Total=0.04026 | NS=0.03135 CO2(scaled)=0.00076 CO2_weight=1.00 guide_w=0.656 Walls=0.00069(x10) g_ns/g_walls=0.0938 Windows=0.00110 Doors=0.00011 IC=0.00000 CO2_BC=0.00006 LR=1.02e-04 nu=0.01 NSraw=0.08388 alpha(W1/W8/all)=0.59/0.39/0.48 | 0.85 it/s
[Iter 43310/50000] Total=0.03158 | NS=0.02834 CO2(scaled)=0.00067 CO2_weight=1.00 guide_w=0.656 Walls=0.00020(x10) g_ns/g_walls=0.0938 Windows=0.00044 Doors=0.00013 IC=0.00000 CO2_BC=0.00006 LR=1.02e-04 nu=0.01 NSraw=0.08016 alpha(W1/W8/all)=0.59/0.39/0.48 | 0.85 it/s
[Iter 43320/50000] Total=0.07265 | NS=0.06638 CO2(scaled)=0.00049 CO2_weight=1.00 guide_w=0.656 Walls=0.00048(x10) g_ns/g_walls=0.0938 Windows=0.00074 Doors=0.00014 IC=0.00000 CO2_BC=0.00006 LR=1.02e-04 nu=0.01 NSraw=0.3187 alpha(W1/W8/all)=0.59/0.39/0.48 | 0.85 it/s
[Iter 43330/50000] Total=0.01137 | NS=0.00852 CO2(scaled)=0.00046 CO2_weight=1.00 guide_w=0.656 Walls=0.00017(x10) g_ns/g_walls=0.0938 Windows=0.00057 Doors=0.00011 IC=0.00000 CO2_BC=0.00006 LR=1.02e-04 nu=0.01 NSraw=0.009499 alpha(W1/W8/all)=0.59/0.39/0.48 | 0.85 it/s
[Iter 43340/50000] Total=0.06894 | NS=0.06585 CO2(scaled)=0.00046 CO2_weight=1.00 guide_w=0.656 Walls=0.00019(x10) g_ns/g_walls=0.0938 Windows=0.00048 Doors=0.00013 IC=0.00000 CO2_BC=0.00006 LR=1.02e-04 nu=0.01 NSraw=0.3055 alpha(W1/W8/all)=0.59/0.39/0.48 | 0.85 it/s
[Iter 43350/50000] Total=0.05381 | NS=0.05077 CO2(scaled)=0.00054 CO2_weight=1.00 guide_w=0.656 Walls=0.00018(x10) g_ns/g_walls=0.0938 Windows=0.00045 Doors=0.00013 IC=0.00000 CO2_BC=0.00007 LR=1.02e-04 nu=0.01 NSraw=0.2493 alpha(W1/W8/all)=0.59/0.39/0.48 | 0.85 it/s
[Iter 43360/50000] Total=0.02022 | NS=0.01594 CO2(scaled)=0.00052 CO2_weight=1.00 guide_w=0.656 Walls=0.00029(x10) g_ns/g_walls=0.0938 Windows=0.00066 Doors=0.00014 IC=0.00000 CO2_BC=0.00006 LR=1.02e-04 nu=0.01 NSraw=0.02219 alpha(W1/W8/all)=0.59/0.39/0.48 | 0.85 it/s
[Iter 43370/50000] Total=0.09548 | NS=0.09047 CO2(scaled)=0.00057 CO2_weight=1.00 guide_w=0.656 Walls=0.00037(x10) g_ns/g_walls=0.0938 Windows=0.00057 Doors=0.00011 IC=0.00000 CO2_BC=0.00006 LR=1.02e-04 nu=0.01 NSraw=0.401 alpha(W1/W8/all)=0.59/0.39/0.48 | 0.85 it/s
[Iter 43380/50000] Total=0.03248 | NS=0.02825 CO2(scaled)=0.00087 CO2_weight=1.00 guide_w=0.656 Walls=0.00025(x10) g_ns/g_walls=0.0938 Windows=0.00068 Doors=0.00009 IC=0.00000 CO2_BC=0.00005 LR=1.02e-04 nu=0.01 NSraw=0.06071 alpha(W1/W8/all)=0.59/0.39/0.48 | 0.85 it/s
[Iter 43390/50000] Total=0.03703 | NS=0.03205 CO2(scaled)=0.00053 CO2_weight=1.00 guide_w=0.656 Walls=0.00036(x10) g_ns/g_walls=0.0938 Windows=0.00072 Doors=0.00011 IC=0.00000 CO2_BC=0.00005 LR=1.02e-04 nu=0.01 NSraw=0.06229 alpha(W1/W8/all)=0.59/0.39/0.48 | 0.85 it/s
[Iter 43400/50000] Total=0.06995 | NS=0.06537 CO2(scaled)=0.00054 CO2_weight=1.00 guide_w=15.9 Walls=0.00033(x10) g_ns/g_walls=2.6 Windows=0.00058 Doors=0.00008 IC=0.00000 CO2_BC=0.00005 LR=1.02e-04 nu=0.01 NSraw=0.2501 alpha(W1/W8/all)=0.59/0.39/0.48 | 0.85 it/s
[Iter 43410/50000] Total=0.21419 | NS=0.21039 CO2(scaled)=0.00050 CO2_weight=1.00 guide_w=15.9 Walls=0.00027(x10) g_ns/g_walls=2.6 Windows=0.00047 Doors=0.00012 IC=0.00000 CO2_BC=0.00006 LR=1.02e-04 nu=0.01 NSraw=7.544 alpha(W1/W8/all)=0.59/0.39/0.48 | 0.85 it/s
[Iter 43420/50000] Total=0.04816 | NS=0.04412 CO2(scaled)=0.00048 CO2_weight=1.00 guide_w=15.9 Walls=0.00028(x10) g_ns/g_walls=2.6 Windows=0.00056 Doors=0.00011 IC=0.00000 CO2_BC=0.00007 LR=1.02e-04 nu=0.01 NSraw=0.109 alpha(W1/W8/all)=0.59/0.39/0.48 | 0.85 it/s
[Iter 43430/50000] Total=0.07984 | NS=0.06927 CO2(scaled)=0.00063 CO2_weight=1.00 guide_w=15.9 Walls=0.00088(x10) g_ns/g_walls=2.6 Windows=0.00100 Doors=0.00011 IC=0.00000 CO2_BC=0.00006 LR=1.01e-04 nu=0.01 NSraw=0.2928 alpha(W1/W8/all)=0.59/0.39/0.48 | 0.85 it/s
[Iter 43440/50000] Total=0.17933 | NS=0.17610 CO2(scaled)=0.00074 CO2_weight=1.00 guide_w=15.9 Walls=0.00018(x10) g_ns/g_walls=2.6 Windows=0.00055 Doors=0.00013 IC=0.00000 CO2_BC=0.00005 LR=1.01e-04 nu=0.01 NSraw=5.943 alpha(W1/W8/all)=0.59/0.39/0.48 | 0.85 it/s
[Iter 43450/50000] Total=0.05859 | NS=0.05502 CO2(scaled)=0.00053 CO2_weight=1.00 guide_w=15.9 Walls=0.00022(x10) g_ns/g_walls=2.6 Windows=0.00067 Doors=0.00015 IC=0.00000 CO2_BC=0.00005 LR=1.01e-04 nu=0.01 NSraw=0.2782 alpha(W1/W8/all)=0.59/0.39/0.48 | 0.85 it/s
[Iter 43460/50000] Total=0.09243 | NS=0.08974 CO2(scaled)=0.00053 CO2_weight=1.00 guide_w=15.9 Walls=0.00016(x10) g_ns/g_walls=2.6 Windows=0.00041 Doors=0.00013 IC=0.00000 CO2_BC=0.00006 LR=1.01e-04 nu=0.01 NSraw=1.079 alpha(W1/W8/all)=0.59/0.39/0.48 | 0.85 it/s
[Iter 43470/50000] Total=0.05067 | NS=0.04681 CO2(scaled)=0.00061 CO2_weight=1.00 guide_w=15.9 Walls=0.00023(x10) g_ns/g_walls=2.6 Windows=0.00076 Doors=0.00010 IC=0.00000 CO2_BC=0.00006 LR=1.01e-04 nu=0.01 NSraw=0.1436 alpha(W1/W8/all)=0.59/0.39/0.48 | 0.85 it/s
[Iter 43480/50000] Total=0.05029 | NS=0.04521 CO2(scaled)=0.00061 CO2_weight=1.00 guide_w=15.9 Walls=0.00038(x10) g_ns/g_walls=2.6 Windows=0.00048 Doors=0.00012 IC=0.00000 CO2_BC=0.00005 LR=1.01e-04 nu=0.01 NSraw=0.1783 alpha(W1/W8/all)=0.59/0.39/0.48 | 0.85 it/s
[Iter 43490/50000] Total=0.06401 | NS=0.06087 CO2(scaled)=0.00074 CO2_weight=1.00 guide_w=15.9 Walls=0.00018(x10) g_ns/g_walls=2.6 Windows=0.00043 Doors=0.00012 IC=0.00000 CO2_BC=0.00006 LR=1.01e-04 nu=0.01 NSraw=0.3611 alpha(W1/W8/all)=0.59/0.39/0.48 | 0.85 it/s
[Iter 43500/50000] Total=0.10220 | NS=0.09834 CO2(scaled)=0.00060 CO2_weight=1.00 guide_w=3.14 Walls=0.00026(x10) g_ns/g_walls=0.402 Windows=0.00051 Doors=0.00014 IC=0.00000 CO2_BC=0.00005 LR=1.01e-04 nu=0.01 NSraw=0.4779 alpha(W1/W8/all)=0.59/0.39/0.48 | 0.85 it/s
[Iter 43510/50000] Total=0.05248 | NS=0.04958 CO2(scaled)=0.00060 CO2_weight=1.00 guide_w=3.14 Walls=0.00015(x10) g_ns/g_walls=0.402 Windows=0.00064 Doors=0.00011 IC=0.00000 CO2_BC=0.00005 LR=1.01e-04 nu=0.01 NSraw=0.2396 alpha(W1/W8/all)=0.59/0.39/0.48 | 0.85 it/s
[Iter 43520/50000] Total=0.02274 | NS=0.01843 CO2(scaled)=0.00058 CO2_weight=1.00 guide_w=3.14 Walls=0.00029(x10) g_ns/g_walls=0.402 Windows=0.00072 Doors=0.00011 IC=0.00000 CO2_BC=0.00005 LR=1.01e-04 nu=0.01 NSraw=0.0397 alpha(W1/W8/all)=0.59/0.39/0.48 | 0.85 it/s
[Iter 43530/50000] Total=0.05435 | NS=0.05071 CO2(scaled)=0.00095 CO2_weight=1.00 guide_w=3.14 Walls=0.00018(x10) g_ns/g_walls=0.402 Windows=0.00074 Doors=0.00012 IC=0.00000 CO2_BC=0.00005 LR=1.01e-04 nu=0.01 NSraw=0.2387 alpha(W1/W8/all)=0.59/0.39/0.48 | 0.85 it/s
[Iter 43540/50000] Total=0.05445 | NS=0.05065 CO2(scaled)=0.00053 CO2_weight=1.00 guide_w=3.14 Walls=0.00024(x10) g_ns/g_walls=0.402 Windows=0.00073 Doors=0.00009 IC=0.00000 CO2_BC=0.00006 LR=1.01e-04 nu=0.01 NSraw=0.2019 alpha(W1/W8/all)=0.59/0.39/0.48 | 0.85 it/s
[Iter 43550/50000] Total=0.08402 | NS=0.07907 CO2(scaled)=0.00087 CO2_weight=1.00 guide_w=3.14 Walls=0.00032(x10) g_ns/g_walls=0.402 Windows=0.00070 Doors=0.00012 IC=0.00000 CO2_BC=0.00006 LR=1.01e-04 nu=0.01 NSraw=0.547 alpha(W1/W8/all)=0.59/0.39/0.48 | 0.85 it/s
[Iter 43560/50000] Total=0.05459 | NS=0.05048 CO2(scaled)=0.00049 CO2_weight=1.00 guide_w=3.14 Walls=0.00028(x10) g_ns/g_walls=0.402 Windows=0.00068 Doors=0.00013 IC=0.00000 CO2_BC=0.00006 LR=1.01e-04 nu=0.01 NSraw=0.1173 alpha(W1/W8/all)=0.59/0.39/0.48 | 0.85 it/s
[Iter 43570/50000] Total=0.11750 | NS=0.11389 CO2(scaled)=0.00062 CO2_weight=1.00 guide_w=3.14 Walls=0.00022(x10) g_ns/g_walls=0.402 Windows=0.00055 Doors=0.00015 IC=0.00000 CO2_BC=0.00007 LR=1.01e-04 nu=0.01 NSraw=0.931 alpha(W1/W8/all)=0.59/0.39/0.48 | 0.85 it/s
[Iter 43580/50000] Total=0.02540 | NS=0.02147 CO2(scaled)=0.00049 CO2_weight=1.00 guide_w=3.14 Walls=0.00026(x10) g_ns/g_walls=0.402 Windows=0.00058 Doors=0.00017 IC=0.00000 CO2_BC=0.00005 LR=1.01e-04 nu=0.01 NSraw=0.04252 alpha(W1/W8/all)=0.59/0.39/0.48 | 0.85 it/s
[Iter 43590/50000] Total=0.10513 | NS=0.10232 CO2(scaled)=0.00044 CO2_weight=1.00 guide_w=3.14 Walls=0.00016(x10) g_ns/g_walls=0.402 Windows=0.00060 Doors=0.00014 IC=0.00000 CO2_BC=0.00005 LR=1.01e-04 nu=0.01 NSraw=1.144 alpha(W1/W8/all)=0.59/0.39/0.48 | 0.85 it/s
[Iter 43600/50000] Total=0.09739 | NS=0.09327 CO2(scaled)=0.00066 CO2_weight=1.00 guide_w=32.3 Walls=0.00026(x10) g_ns/g_walls=8.02 Windows=0.00063 Doors=0.00017 IC=0.00000 CO2_BC=0.00005 LR=1.01e-04 nu=0.01 NSraw=0.4454 alpha(W1/W8/all)=0.59/0.39/0.48 | 0.85 it/s
[Iter 43610/50000] Total=0.05598 | NS=0.04979 CO2(scaled)=0.00074 CO2_weight=1.00 guide_w=32.3 Walls=0.00045(x10) g_ns/g_walls=8.02 Windows=0.00080 Doors=0.00014 IC=0.00000 CO2_BC=0.00005 LR=1.01e-04 nu=0.01 NSraw=0.1911 alpha(W1/W8/all)=0.59/0.39/0.48 | 0.85 it/s
[Iter 43620/50000] Total=0.08284 | NS=0.07728 CO2(scaled)=0.00056 CO2_weight=1.00 guide_w=32.3 Walls=0.00041(x10) g_ns/g_walls=8.02 Windows=0.00078 Doors=0.00011 IC=0.00000 CO2_BC=0.00005 LR=1.00e-04 nu=0.01 NSraw=0.2784 alpha(W1/W8/all)=0.59/0.39/0.48 | 0.85 it/s
[Iter 43630/50000] Total=0.03103 | NS=0.02824 CO2(scaled)=0.00051 CO2_weight=1.00 guide_w=32.3 Walls=0.00017(x10) g_ns/g_walls=8.02 Windows=0.00045 Doors=0.00011 IC=0.00000 CO2_BC=0.00005 LR=1.00e-04 nu=0.01 NSraw=0.06513 alpha(W1/W8/all)=0.59/0.39/0.48 | 0.85 it/s
[Iter 43640/50000] Total=0.09027 | NS=0.08584 CO2(scaled)=0.00078 CO2_weight=1.00 guide_w=32.3 Walls=0.00029(x10) g_ns/g_walls=8.02 Windows=0.00057 Doors=0.00013 IC=0.00000 CO2_BC=0.00004 LR=1.00e-04 nu=0.01 NSraw=0.4378 alpha(W1/W8/all)=0.59/0.39/0.48 | 0.85 it/s
[Iter 43650/50000] Total=0.04902 | NS=0.04582 CO2(scaled)=0.00064 CO2_weight=1.00 guide_w=32.3 Walls=0.00018(x10) g_ns/g_walls=8.02 Windows=0.00061 Doors=0.00012 IC=0.00000 CO2_BC=0.00005 LR=1.00e-04 nu=0.01 NSraw=0.1017 alpha(W1/W8/all)=0.59/0.39/0.48 | 0.85 it/s
[Iter 43660/50000] Total=0.03217 | NS=0.02715 CO2(scaled)=0.00047 CO2_weight=1.00 guide_w=32.3 Walls=0.00037(x10) g_ns/g_walls=8.02 Windows=0.00060 Doors=0.00016 IC=0.00000 CO2_BC=0.00005 LR=1.00e-04 nu=0.01 NSraw=0.04822 alpha(W1/W8/all)=0.59/0.39/0.48 | 0.85 it/s
[Iter 43670/50000] Total=0.17304 | NS=0.17041 CO2(scaled)=0.00061 CO2_weight=1.00 guide_w=32.3 Walls=0.00013(x10) g_ns/g_walls=8.02 Windows=0.00056 Doors=0.00014 IC=0.00000 CO2_BC=0.00006 LR=1.00e-04 nu=0.01 NSraw=3.165 alpha(W1/W8/all)=0.59/0.39/0.48 | 0.85 it/s
[Iter 43680/50000] Total=0.02289 | NS=0.01978 CO2(scaled)=0.00045 CO2_weight=1.00 guide_w=32.3 Walls=0.00019(x10) g_ns/g_walls=8.02 Windows=0.00050 Doors=0.00015 IC=0.00000 CO2_BC=0.00006 LR=1.00e-04 nu=0.01 NSraw=0.02854 alpha(W1/W8/all)=0.59/0.39/0.48 | 0.85 it/s
[Iter 43690/50000] Total=0.01393 | NS=0.01006 CO2(scaled)=0.00051 CO2_weight=1.00 guide_w=32.3 Walls=0.00024(x10) g_ns/g_walls=8.02 Windows=0.00073 Doors=0.00014 IC=0.00000 CO2_BC=0.00005 LR=1.00e-04 nu=0.01 NSraw=0.01147 alpha(W1/W8/all)=0.59/0.39/0.48 | 0.85 it/s
[Iter 43700/50000] Total=0.06676 | NS=0.06205 CO2(scaled)=0.00061 CO2_weight=1.00 guide_w=3.5 Walls=0.00032(x10) g_ns/g_walls=0.401 Windows=0.00070 Doors=0.00013 IC=0.00000 CO2_BC=0.00005 LR=1.00e-04 nu=0.01 NSraw=0.1997 alpha(W1/W8/all)=0.59/0.39/0.48 | 0.85 it/s
[Iter 43710/50000] Total=0.06778 | NS=0.06415 CO2(scaled)=0.00052 CO2_weight=1.00 guide_w=3.5 Walls=0.00024(x10) g_ns/g_walls=0.401 Windows=0.00055 Doors=0.00013 IC=0.00000 CO2_BC=0.00005 LR=1.00e-04 nu=0.01 NSraw=0.3476 alpha(W1/W8/all)=0.59/0.39/0.48 | 0.85 it/s
[Iter 43720/50000] Total=0.05103 | NS=0.04552 CO2(scaled)=0.00058 CO2_weight=1.00 guide_w=3.5 Walls=0.00040(x10) g_ns/g_walls=0.401 Windows=0.00077 Doors=0.00011 IC=0.00000 CO2_BC=0.00005 LR=9.99e-05 nu=0.01 NSraw=0.1127 alpha(W1/W8/all)=0.59/0.39/0.48 | 0.85 it/s
[Iter 43730/50000] Total=0.02768 | NS=0.02432 CO2(scaled)=0.00046 CO2_weight=1.00 guide_w=3.5 Walls=0.00021(x10) g_ns/g_walls=0.401 Windows=0.00056 Doors=0.00014 IC=0.00000 CO2_BC=0.00006 LR=9.99e-05 nu=0.01 NSraw=0.06165 alpha(W1/W8/all)=0.59/0.39/0.48 | 0.85 it/s
[Iter 43740/50000] Total=0.28989 | NS=0.28714 CO2(scaled)=0.00053 CO2_weight=1.00 guide_w=3.5 Walls=0.00015(x10) g_ns/g_walls=0.401 Windows=0.00061 Doors=0.00011 IC=0.00000 CO2_BC=0.00006 LR=9.98e-05 nu=0.01 NSraw=16.99 alpha(W1/W8/all)=0.59/0.39/0.48 | 0.85 it/s
[Iter 43750/50000] Total=0.05363 | NS=0.04875 CO2(scaled)=0.00076 CO2_weight=1.00 guide_w=3.5 Walls=0.00033(x10) g_ns/g_walls=0.401 Windows=0.00068 Doors=0.00013 IC=0.00000 CO2_BC=0.00006 LR=9.98e-05 nu=0.01 NSraw=0.1408 alpha(W1/W8/all)=0.59/0.39/0.48 | 0.85 it/s
[Iter 43760/50000] Total=0.11105 | NS=0.10768 CO2(scaled)=0.00062 CO2_weight=1.00 guide_w=3.5 Walls=0.00020(x10) g_ns/g_walls=0.401 Windows=0.00054 Doors=0.00012 IC=0.00000 CO2_BC=0.00005 LR=9.97e-05 nu=0.01 NSraw=2.361 alpha(W1/W8/all)=0.59/0.39/0.48 | 0.85 it/s
[Iter 43770/50000] Total=0.05514 | NS=0.05110 CO2(scaled)=0.00058 CO2_weight=1.00 guide_w=3.5 Walls=0.00025(x10) g_ns/g_walls=0.401 Windows=0.00072 Doors=0.00017 IC=0.00000 CO2_BC=0.00006 LR=9.97e-05 nu=0.01 NSraw=0.1872 alpha(W1/W8/all)=0.59/0.39/0.48 | 0.85 it/s
[Iter 43780/50000] Total=0.03676 | NS=0.03351 CO2(scaled)=0.00060 CO2_weight=1.00 guide_w=3.5 Walls=0.00018(x10) g_ns/g_walls=0.401 Windows=0.00068 Doors=0.00011 IC=0.00000 CO2_BC=0.00005 LR=9.96e-05 nu=0.01 NSraw=0.06903 alpha(W1/W8/all)=0.59/0.39/0.48 | 0.85 it/s
[Iter 43790/50000] Total=0.07370 | NS=0.06948 CO2(scaled)=0.00045 CO2_weight=1.00 guide_w=3.5 Walls=0.00028(x10) g_ns/g_walls=0.401 Windows=0.00076 Doors=0.00013 IC=0.00000 CO2_BC=0.00004 LR=9.96e-05 nu=0.01 NSraw=0.2904 alpha(W1/W8/all)=0.59/0.39/0.48 | 0.85 it/s
[Iter 43800/50000] Total=0.06223 | NS=0.05932 CO2(scaled)=0.00046 CO2_weight=1.00 guide_w=28 Walls=0.00017(x10) g_ns/g_walls=4.43 Windows=0.00051 Doors=0.00014 IC=0.00000 CO2_BC=0.00005 LR=9.95e-05 nu=0.01 NSraw=0.2052 alpha(W1/W8/all)=0.59/0.39/0.48 | 0.85 it/s
[Iter 43810/50000] Total=0.12157 | NS=0.11801 CO2(scaled)=0.00050 CO2_weight=1.00 guide_w=28 Walls=0.00024(x10) g_ns/g_walls=4.43 Windows=0.00046 Doors=0.00013 IC=0.00000 CO2_BC=0.00005 LR=9.95e-05 nu=0.01 NSraw=1.221 alpha(W1/W8/all)=0.59/0.39/0.48 | 0.85 it/s
[Iter 43820/50000] Total=0.05328 | NS=0.04967 CO2(scaled)=0.00043 CO2_weight=1.00 guide_w=28 Walls=0.00025(x10) g_ns/g_walls=4.43 Windows=0.00051 Doors=0.00013 IC=0.00000 CO2_BC=0.00005 LR=9.94e-05 nu=0.01 NSraw=0.1417 alpha(W1/W8/all)=0.59/0.39/0.48 | 0.85 it/s
[Iter 43830/50000] Total=0.02718 | NS=0.02250 CO2(scaled)=0.00047 CO2_weight=1.00 guide_w=28 Walls=0.00035(x10) g_ns/g_walls=4.43 Windows=0.00055 Doors=0.00011 IC=0.00000 CO2_BC=0.00006 LR=9.94e-05 nu=0.01 NSraw=0.04326 alpha(W1/W8/all)=0.59/0.39/0.48 | 0.85 it/s
[Iter 43840/50000] Total=0.04329 | NS=0.03994 CO2(scaled)=0.00058 CO2_weight=1.00 guide_w=28 Walls=0.00022(x10) g_ns/g_walls=4.43 Windows=0.00043 Doors=0.00011 IC=0.00000 CO2_BC=0.00005 LR=9.93e-05 nu=0.01 NSraw=0.0965 alpha(W1/W8/all)=0.59/0.39/0.48 | 0.85 it/s
[Iter 43850/50000] Total=0.01530 | NS=0.01262 CO2(scaled)=0.00054 CO2_weight=1.00 guide_w=28 Walls=0.00015(x10) g_ns/g_walls=4.43 Windows=0.00047 Doors=0.00010 IC=0.00000 CO2_BC=0.00005 LR=9.93e-05 nu=0.01 NSraw=0.01645 alpha(W1/W8/all)=0.59/0.39/0.48 | 0.85 it/s
[Iter 43860/50000] Total=0.17687 | NS=0.17288 CO2(scaled)=0.00068 CO2_weight=1.00 guide_w=28 Walls=0.00026(x10) g_ns/g_walls=4.43 Windows=0.00056 Doors=0.00013 IC=0.00000 CO2_BC=0.00006 LR=9.92e-05 nu=0.01 NSraw=4.814 alpha(W1/W8/all)=0.59/0.39/0.48 | 0.85 it/s
[Iter 43870/50000] Total=0.04756 | NS=0.04444 CO2(scaled)=0.00048 CO2_weight=1.00 guide_w=28 Walls=0.00020(x10) g_ns/g_walls=4.43 Windows=0.00047 Doors=0.00013 IC=0.00000 CO2_BC=0.00005 LR=9.92e-05 nu=0.01 NSraw=0.1451 alpha(W1/W8/all)=0.59/0.39/0.48 | 0.85 it/s
[Iter 43880/50000] Total=0.05648 | NS=0.05362 CO2(scaled)=0.00050 CO2_weight=1.00 guide_w=28 Walls=0.00017(x10) g_ns/g_walls=4.43 Windows=0.00047 Doors=0.00011 IC=0.00000 CO2_BC=0.00006 LR=9.91e-05 nu=0.01 NSraw=0.5846 alpha(W1/W8/all)=0.59/0.39/0.48 | 0.85 it/s
[Iter 43890/50000] Total=0.03866 | NS=0.03225 CO2(scaled)=0.00071 CO2_weight=1.00 guide_w=28 Walls=0.00048(x10) g_ns/g_walls=4.43 Windows=0.00069 Doors=0.00012 IC=0.00000 CO2_BC=0.00005 LR=9.90e-05 nu=0.01 NSraw=0.06249 alpha(W1/W8/all)=0.59/0.39/0.48 | 0.85 it/s
[Iter 43900/50000] Total=0.05010 | NS=0.04052 CO2(scaled)=0.00056 CO2_weight=1.00 guide_w=3.43 Walls=0.00078(x10) g_ns/g_walls=0.307 Windows=0.00100 Doors=0.00012 IC=0.00000 CO2_BC=0.00005 LR=9.90e-05 nu=0.01 NSraw=0.1986 alpha(W1/W8/all)=0.59/0.39/0.48 | 0.85 it/s
[Iter 43910/50000] Total=0.03674 | NS=0.03369 CO2(scaled)=0.00050 CO2_weight=1.00 guide_w=3.43 Walls=0.00017(x10) g_ns/g_walls=0.307 Windows=0.00063 Doors=0.00014 IC=0.00000 CO2_BC=0.00006 LR=9.89e-05 nu=0.01 NSraw=0.07376 alpha(W1/W8/all)=0.59/0.39/0.48 | 0.85 it/s
[Iter 43920/50000] Total=0.12353 | NS=0.11955 CO2(scaled)=0.00063 CO2_weight=1.00 guide_w=3.43 Walls=0.00025(x10) g_ns/g_walls=0.307 Windows=0.00062 Doors=0.00013 IC=0.00000 CO2_BC=0.00006 LR=9.89e-05 nu=0.01 NSraw=1.93 alpha(W1/W8/all)=0.59/0.39/0.48 | 0.85 it/s
[Iter 43930/50000] Total=0.04888 | NS=0.04407 CO2(scaled)=0.00067 CO2_weight=1.00 guide_w=3.43 Walls=0.00032(x10) g_ns/g_walls=0.307 Windows=0.00074 Doors=0.00016 IC=0.00000 CO2_BC=0.00006 LR=9.88e-05 nu=0.01 NSraw=0.1229 alpha(W1/W8/all)=0.59/0.39/0.48 | 0.85 it/s
[Iter 43940/50000] Total=0.03540 | NS=0.03263 CO2(scaled)=0.00064 CO2_weight=1.00 guide_w=3.43 Walls=0.00014(x10) g_ns/g_walls=0.307 Windows=0.00048 Doors=0.00016 IC=0.00000 CO2_BC=0.00006 LR=9.88e-05 nu=0.01 NSraw=0.07606 alpha(W1/W8/all)=0.59/0.39/0.48 | 0.85 it/s
[Iter 43950/50000] Total=0.06177 | NS=0.05844 CO2(scaled)=0.00070 CO2_weight=1.00 guide_w=3.43 Walls=0.00018(x10) g_ns/g_walls=0.307 Windows=0.00061 Doors=0.00013 IC=0.00000 CO2_BC=0.00006 LR=9.87e-05 nu=0.01 NSraw=0.2209 alpha(W1/W8/all)=0.59/0.39/0.48 | 0.85 it/s
[Iter 43960/50000] Total=0.26809 | NS=0.26380 CO2(scaled)=0.00200 CO2_weight=1.00 guide_w=3.43 Walls=0.00017(x10) g_ns/g_walls=0.307 Windows=0.00042 Doors=0.00011 IC=0.00000 CO2_BC=0.00005 LR=9.87e-05 nu=0.01 NSraw=13.43 alpha(W1/W8/all)=0.59/0.39/0.48 | 0.85 it/s
[Iter 43970/50000] Total=0.08354 | NS=0.08049 CO2(scaled)=0.00056 CO2_weight=1.00 guide_w=3.43 Walls=0.00018(x10) g_ns/g_walls=0.307 Windows=0.00049 Doors=0.00012 IC=0.00000 CO2_BC=0.00004 LR=9.86e-05 nu=0.01 NSraw=0.3156 alpha(W1/W8/all)=0.59/0.39/0.48 | 0.85 it/s
[Iter 43980/50000] Total=0.05725 | NS=0.05386 CO2(scaled)=0.00049 CO2_weight=1.00 guide_w=3.43 Walls=0.00022(x10) g_ns/g_walls=0.307 Windows=0.00053 Doors=0.00014 IC=0.00000 CO2_BC=0.00005 LR=9.86e-05 nu=0.01 NSraw=0.1571 alpha(W1/W8/all)=0.59/0.39/0.48 | 0.85 it/s
[Iter 43990/50000] Total=0.06628 | NS=0.06233 CO2(scaled)=0.00048 CO2_weight=1.00 guide_w=3.43 Walls=0.00028(x10) g_ns/g_walls=0.307 Windows=0.00051 Doors=0.00012 IC=0.00000 CO2_BC=0.00004 LR=9.85e-05 nu=0.01 NSraw=0.4947 alpha(W1/W8/all)=0.59/0.39/0.48 | 0.85 it/s
[Iter 44000/50000] Total=0.01711 | NS=0.01403 CO2(scaled)=0.00069 CO2_weight=1.00 guide_w=1.63 Walls=0.00018(x10) g_ns/g_walls=0.565 Windows=0.00038 Doors=0.00016 IC=0.00000 CO2_BC=0.00006 LR=9.85e-05 nu=0.01 NSraw=0.01716 alpha(W1/W8/all)=0.59/0.39/0.48 | 0.85 it/s
  -> saved checkpoint: /home/iai-labor/BuildingControlCFD/experiments/gnot/checkpoints/v24_fixedalpha_r50k/gnot_v24_fixedalpha_r50k_iter44000.pth
[Iter 44010/50000] Total=0.09072 | NS=0.08768 CO2(scaled)=0.00060 CO2_weight=1.00 guide_w=1.63 Walls=0.00017(x10) g_ns/g_walls=0.565 Windows=0.00056 Doors=0.00011 IC=0.00000 CO2_BC=0.00005 LR=9.84e-05 nu=0.01 NSraw=1.162 alpha(W1/W8/all)=0.59/0.39/0.48 | 0.85 it/s
[Iter 44020/50000] Total=0.04657 | NS=0.04341 CO2(scaled)=0.00045 CO2_weight=1.00 guide_w=1.63 Walls=0.00020(x10) g_ns/g_walls=0.565 Windows=0.00053 Doors=0.00008 IC=0.00000 CO2_BC=0.00006 LR=9.84e-05 nu=0.01 NSraw=0.1427 alpha(W1/W8/all)=0.59/0.39/0.48 | 0.85 it/s
[Iter 44030/50000] Total=0.06342 | NS=0.05901 CO2(scaled)=0.00060 CO2_weight=1.00 guide_w=1.63 Walls=0.00030(x10) g_ns/g_walls=0.565 Windows=0.00063 Doors=0.00011 IC=0.00000 CO2_BC=0.00006 LR=9.83e-05 nu=0.01 NSraw=0.447 alpha(W1/W8/all)=0.59/0.39/0.48 | 0.85 it/s
[Iter 44040/50000] Total=0.04989 | NS=0.04672 CO2(scaled)=0.00068 CO2_weight=1.00 guide_w=1.63 Walls=0.00018(x10) g_ns/g_walls=0.565 Windows=0.00052 Doors=0.00015 IC=0.00000 CO2_BC=0.00005 LR=9.83e-05 nu=0.01 NSraw=0.2393 alpha(W1/W8/all)=0.59/0.39/0.48 | 0.85 it/s
[Iter 44050/50000] Total=0.13045 | NS=0.11758 CO2(scaled)=0.00086 CO2_weight=1.00 guide_w=1.63 Walls=0.00104(x10) g_ns/g_walls=0.565 Windows=0.00142 Doors=0.00017 IC=0.00000 CO2_BC=0.00004 LR=9.82e-05 nu=0.01 NSraw=0.6027 alpha(W1/W8/all)=0.59/0.39/0.48 | 0.85 it/s
[Iter 44060/50000] Total=0.03673 | NS=0.03200 CO2(scaled)=0.00059 CO2_weight=1.00 guide_w=1.63 Walls=0.00032(x10) g_ns/g_walls=0.565 Windows=0.00069 Doors=0.00017 IC=0.00000 CO2_BC=0.00006 LR=9.82e-05 nu=0.01 NSraw=0.0605 alpha(W1/W8/all)=0.59/0.39/0.48 | 0.85 it/s
[Iter 44070/50000] Total=0.06740 | NS=0.06168 CO2(scaled)=0.00059 CO2_weight=1.00 guide_w=1.63 Walls=0.00041(x10) g_ns/g_walls=0.565 Windows=0.00079 Doors=0.00016 IC=0.00000 CO2_BC=0.00006 LR=9.81e-05 nu=0.01 NSraw=0.347 alpha(W1/W8/all)=0.59/0.39/0.48 | 0.85 it/s
[Iter 44080/50000] Total=0.15605 | NS=0.15288 CO2(scaled)=0.00049 CO2_weight=1.00 guide_w=1.63 Walls=0.00018(x10) g_ns/g_walls=0.565 Windows=0.00062 Doors=0.00018 IC=0.00000 CO2_BC=0.00005 LR=9.81e-05 nu=0.01 NSraw=4.159 alpha(W1/W8/all)=0.59/0.39/0.48 | 0.85 it/s
[Iter 44090/50000] Total=0.36965 | NS=0.36620 CO2(scaled)=0.00061 CO2_weight=1.00 guide_w=1.63 Walls=0.00021(x10) g_ns/g_walls=0.565 Windows=0.00060 Doors=0.00014 IC=0.00000 CO2_BC=0.00005 LR=9.80e-05 nu=0.01 NSraw=12.82 alpha(W1/W8/all)=0.59/0.39/0.48 | 0.85 it/s
[Iter 44100/50000] Total=0.10122 | NS=0.09378 CO2(scaled)=0.00053 CO2_weight=1.00 guide_w=78.1 Walls=0.00060(x10) g_ns/g_walls=2.94 Windows=0.00076 Doors=0.00012 IC=0.00000 CO2_BC=0.00005 LR=9.80e-05 nu=0.01 NSraw=0.5126 alpha(W1/W8/all)=0.59/0.39/0.48 | 0.85 it/s
[Iter 44110/50000] Total=0.10951 | NS=0.10488 CO2(scaled)=0.00060 CO2_weight=1.00 guide_w=78.1 Walls=0.00031(x10) g_ns/g_walls=2.94 Windows=0.00072 Doors=0.00012 IC=0.00000 CO2_BC=0.00005 LR=9.79e-05 nu=0.01 NSraw=1.966 alpha(W1/W8/all)=0.59/0.39/0.48 | 0.85 it/s
[Iter 44120/50000] Total=0.03245 | NS=0.02757 CO2(scaled)=0.00046 CO2_weight=1.00 guide_w=78.1 Walls=0.00036(x10) g_ns/g_walls=2.94 Windows=0.00066 Doors=0.00014 IC=0.00000 CO2_BC=0.00005 LR=9.79e-05 nu=0.01 NSraw=0.04254 alpha(W1/W8/all)=0.59/0.39/0.48 | 0.85 it/s
[Iter 44130/50000] Total=0.12760 | NS=0.12420 CO2(scaled)=0.00054 CO2_weight=1.00 guide_w=78.1 Walls=0.00022(x10) g_ns/g_walls=2.94 Windows=0.00052 Doors=0.00014 IC=0.00000 CO2_BC=0.00005 LR=9.78e-05 nu=0.01 NSraw=1.912 alpha(W1/W8/all)=0.59/0.39/0.48 | 0.85 it/s
[Iter 44140/50000] Total=0.17655 | NS=0.17327 CO2(scaled)=0.00053 CO2_weight=1.00 guide_w=78.1 Walls=0.00021(x10) g_ns/g_walls=2.94 Windows=0.00051 Doors=0.00011 IC=0.00000 CO2_BC=0.00005 LR=9.78e-05 nu=0.01 NSraw=5.006 alpha(W1/W8/all)=0.59/0.39/0.48 | 0.85 it/s
[Iter 44150/50000] Total=0.03277 | NS=0.03011 CO2(scaled)=0.00058 CO2_weight=1.00 guide_w=78.1 Walls=0.00015(x10) g_ns/g_walls=2.94 Windows=0.00037 Doors=0.00013 IC=0.00000 CO2_BC=0.00005 LR=9.77e-05 nu=0.01 NSraw=0.05463 alpha(W1/W8/all)=0.59/0.39/0.48 | 0.85 it/s
[Iter 44160/50000] Total=0.11873 | NS=0.11635 CO2(scaled)=0.00043 CO2_weight=1.00 guide_w=78.1 Walls=0.00012(x10) g_ns/g_walls=2.94 Windows=0.00050 Doors=0.00019 IC=0.00000 CO2_BC=0.00006 LR=9.77e-05 nu=0.01 NSraw=1.058 alpha(W1/W8/all)=0.59/0.39/0.48 | 0.85 it/s
[Iter 44170/50000] Total=0.02021 | NS=0.01727 CO2(scaled)=0.00049 CO2_weight=1.00 guide_w=78.1 Walls=0.00019(x10) g_ns/g_walls=2.94 Windows=0.00039 Doors=0.00012 IC=0.00000 CO2_BC=0.00005 LR=9.76e-05 nu=0.01 NSraw=0.0226 alpha(W1/W8/all)=0.59/0.39/0.48 | 0.85 it/s
[Iter 44180/50000] Total=0.05727 | NS=0.05450 CO2(scaled)=0.00072 CO2_weight=1.00 guide_w=78.1 Walls=0.00013(x10) g_ns/g_walls=2.94 Windows=0.00058 Doors=0.00014 IC=0.00000 CO2_BC=0.00005 LR=9.75e-05 nu=0.01 NSraw=0.1511 alpha(W1/W8/all)=0.59/0.39/0.48 | 0.85 it/s
[Iter 44190/50000] Total=0.03303 | NS=0.02925 CO2(scaled)=0.00064 CO2_weight=1.00 guide_w=78.1 Walls=0.00025(x10) g_ns/g_walls=2.94 Windows=0.00047 Doors=0.00013 IC=0.00000 CO2_BC=0.00006 LR=9.75e-05 nu=0.01 NSraw=0.06187 alpha(W1/W8/all)=0.59/0.39/0.48 | 0.85 it/s
[Iter 44200/50000] Total=0.03770 | NS=0.03465 CO2(scaled)=0.00054 CO2_weight=1.00 guide_w=8.87 Walls=0.00018(x10) g_ns/g_walls=1.62 Windows=0.00046 Doors=0.00015 IC=0.00000 CO2_BC=0.00006 LR=9.74e-05 nu=0.01 NSraw=0.06606 alpha(W1/W8/all)=0.59/0.39/0.48 | 0.85 it/s
[Iter 44210/50000] Total=0.09860 | NS=0.09512 CO2(scaled)=0.00077 CO2_weight=1.00 guide_w=8.87 Walls=0.00019(x10) g_ns/g_walls=1.62 Windows=0.00058 Doors=0.00020 IC=0.00000 CO2_BC=0.00005 LR=9.74e-05 nu=0.01 NSraw=1.126 alpha(W1/W8/all)=0.59/0.39/0.48 | 0.85 it/s
[Iter 44220/50000] Total=0.18996 | NS=0.18506 CO2(scaled)=0.00061 CO2_weight=1.00 guide_w=8.87 Walls=0.00035(x10) g_ns/g_walls=1.62 Windows=0.00054 Doors=0.00014 IC=0.00000 CO2_BC=0.00005 LR=9.73e-05 nu=0.01 NSraw=5.71 alpha(W1/W8/all)=0.59/0.39/0.48 | 0.85 it/s
[Iter 44230/50000] Total=0.06389 | NS=0.05946 CO2(scaled)=0.00051 CO2_weight=1.00 guide_w=8.87 Walls=0.00030(x10) g_ns/g_walls=1.62 Windows=0.00067 Doors=0.00013 IC=0.00000 CO2_BC=0.00007 LR=9.73e-05 nu=0.01 NSraw=0.27 alpha(W1/W8/all)=0.59/0.39/0.48 | 0.85 it/s
[Iter 44240/50000] Total=0.15181 | NS=0.14721 CO2(scaled)=0.00044 CO2_weight=1.00 guide_w=8.87 Walls=0.00032(x10) g_ns/g_walls=1.62 Windows=0.00073 Doors=0.00014 IC=0.00000 CO2_BC=0.00005 LR=9.72e-05 nu=0.01 NSraw=3.617 alpha(W1/W8/all)=0.59/0.39/0.48 | 0.85 it/s
[Iter 44250/50000] Total=0.19866 | NS=0.19465 CO2(scaled)=0.00059 CO2_weight=1.00 guide_w=8.87 Walls=0.00026(x10) g_ns/g_walls=1.62 Windows=0.00064 Doors=0.00012 IC=0.00000 CO2_BC=0.00005 LR=9.72e-05 nu=0.01 NSraw=2.096 alpha(W1/W8/all)=0.59/0.39/0.48 | 0.85 it/s
[Iter 44260/50000] Total=0.04579 | NS=0.04323 CO2(scaled)=0.00051 CO2_weight=1.00 guide_w=8.87 Walls=0.00014(x10) g_ns/g_walls=1.62 Windows=0.00044 Doors=0.00013 IC=0.00000 CO2_BC=0.00005 LR=9.71e-05 nu=0.01 NSraw=0.1656 alpha(W1/W8/all)=0.59/0.39/0.48 | 0.85 it/s
[Iter 44270/50000] Total=0.03996 | NS=0.03610 CO2(scaled)=0.00055 CO2_weight=1.00 guide_w=8.87 Walls=0.00026(x10) g_ns/g_walls=1.62 Windows=0.00048 Doors=0.00016 IC=0.00000 CO2_BC=0.00006 LR=9.71e-05 nu=0.01 NSraw=0.1099 alpha(W1/W8/all)=0.59/0.39/0.48 | 0.85 it/s
[Iter 44280/50000] Total=0.04686 | NS=0.04305 CO2(scaled)=0.00066 CO2_weight=1.00 guide_w=8.87 Walls=0.00023(x10) g_ns/g_walls=1.62 Windows=0.00061 Doors=0.00014 IC=0.00000 CO2_BC=0.00005 LR=9.70e-05 nu=0.01 NSraw=0.1513 alpha(W1/W8/all)=0.59/0.39/0.48 | 0.85 it/s
[Iter 44290/50000] Total=0.05432 | NS=0.04980 CO2(scaled)=0.00048 CO2_weight=1.00 guide_w=8.87 Walls=0.00034(x10) g_ns/g_walls=1.62 Windows=0.00044 Doors=0.00015 IC=0.00000 CO2_BC=0.00006 LR=9.70e-05 nu=0.01 NSraw=0.2723 alpha(W1/W8/all)=0.59/0.39/0.48 | 0.85 it/s
[Iter 44300/50000] Total=0.03784 | NS=0.03268 CO2(scaled)=0.00107 CO2_weight=1.00 guide_w=0.948 Walls=0.00032(x10) g_ns/g_walls=0.35 Windows=0.00074 Doors=0.00011 IC=0.00000 CO2_BC=0.00006 LR=9.69e-05 nu=0.01 NSraw=0.06653 alpha(W1/W8/all)=0.59/0.39/0.48 | 0.85 it/s
[Iter 44310/50000] Total=0.35465 | NS=0.34979 CO2(scaled)=0.00054 CO2_weight=1.00 guide_w=0.948 Walls=0.00036(x10) g_ns/g_walls=0.35 Windows=0.00050 Doors=0.00012 IC=0.00000 CO2_BC=0.00005 LR=9.69e-05 nu=0.01 NSraw=26.68 alpha(W1/W8/all)=0.59/0.39/0.48 | 0.85 it/s
[Iter 44320/50000] Total=0.06550 | NS=0.06057 CO2(scaled)=0.00106 CO2_weight=1.00 guide_w=0.948 Walls=0.00031(x10) g_ns/g_walls=0.35 Windows=0.00057 Doors=0.00010 IC=0.00000 CO2_BC=0.00007 LR=9.68e-05 nu=0.01 NSraw=0.4336 alpha(W1/W8/all)=0.59/0.39/0.48 | 0.85 it/s
[Iter 44330/50000] Total=0.04961 | NS=0.04549 CO2(scaled)=0.00054 CO2_weight=1.00 guide_w=0.948 Walls=0.00027(x10) g_ns/g_walls=0.35 Windows=0.00073 Doors=0.00013 IC=0.00000 CO2_BC=0.00006 LR=9.68e-05 nu=0.01 NSraw=0.2297 alpha(W1/W8/all)=0.59/0.39/0.48 | 0.85 it/s
[Iter 44340/50000] Total=0.07188 | NS=0.06676 CO2(scaled)=0.00067 CO2_weight=1.00 guide_w=0.948 Walls=0.00035(x10) g_ns/g_walls=0.35 Windows=0.00067 Doors=0.00017 IC=0.00000 CO2_BC=0.00006 LR=9.67e-05 nu=0.01 NSraw=0.268 alpha(W1/W8/all)=0.59/0.39/0.48 | 0.85 it/s
[Iter 44350/50000] Total=0.02696 | NS=0.02342 CO2(scaled)=0.00062 CO2_weight=1.00 guide_w=0.948 Walls=0.00020(x10) g_ns/g_walls=0.35 Windows=0.00070 Doors=0.00013 IC=0.00000 CO2_BC=0.00006 LR=9.67e-05 nu=0.01 NSraw=0.05811 alpha(W1/W8/all)=0.59/0.39/0.48 | 0.85 it/s
[Iter 44360/50000] Total=0.23575 | NS=0.22873 CO2(scaled)=0.00091 CO2_weight=1.00 guide_w=0.948 Walls=0.00052(x10) g_ns/g_walls=0.35 Windows=0.00074 Doors=0.00013 IC=0.00000 CO2_BC=0.00005 LR=9.66e-05 nu=0.01 NSraw=8.337 alpha(W1/W8/all)=0.59/0.39/0.48 | 0.85 it/s
[Iter 44370/50000] Total=0.02934 | NS=0.02553 CO2(scaled)=0.00045 CO2_weight=1.00 guide_w=0.948 Walls=0.00026(x10) g_ns/g_walls=0.35 Windows=0.00058 Doors=0.00015 IC=0.00000 CO2_BC=0.00006 LR=9.66e-05 nu=0.01 NSraw=0.05041 alpha(W1/W8/all)=0.59/0.39/0.48 | 0.85 it/s
[Iter 44380/50000] Total=0.32253 | NS=0.31861 CO2(scaled)=0.00091 CO2_weight=1.00 guide_w=0.948 Walls=0.00021(x10) g_ns/g_walls=0.35 Windows=0.00069 Doors=0.00021 IC=0.00000 CO2_BC=0.00005 LR=9.65e-05 nu=0.01 NSraw=20.39 alpha(W1/W8/all)=0.59/0.39/0.48 | 0.85 it/s
[Iter 44390/50000] Total=0.05069 | NS=0.04690 CO2(scaled)=0.00067 CO2_weight=1.00 guide_w=0.948 Walls=0.00023(x10) g_ns/g_walls=0.35 Windows=0.00059 Doors=0.00016 IC=0.00000 CO2_BC=0.00005 LR=9.65e-05 nu=0.01 NSraw=0.2174 alpha(W1/W8/all)=0.59/0.39/0.48 | 0.85 it/s
[Iter 44400/50000] Total=0.21195 | NS=0.20737 CO2(scaled)=0.00064 CO2_weight=1.00 guide_w=227 Walls=0.00032(x10) g_ns/g_walls=41 Windows=0.00052 Doors=0.00015 IC=0.00000 CO2_BC=0.00005 LR=9.64e-05 nu=0.01 NSraw=3.447 alpha(W1/W8/all)=0.59/0.39/0.48 | 0.85 it/s
[Iter 44410/50000] Total=0.27767 | NS=0.26939 CO2(scaled)=0.00057 CO2_weight=1.00 guide_w=227 Walls=0.00063(x10) g_ns/g_walls=41 Windows=0.00121 Doors=0.00014 IC=0.00000 CO2_BC=0.00005 LR=9.64e-05 nu=0.01 NSraw=11.42 alpha(W1/W8/all)=0.59/0.39/0.48 | 0.85 it/s
[Iter 44420/50000] Total=0.06352 | NS=0.06015 CO2(scaled)=0.00058 CO2_weight=1.00 guide_w=227 Walls=0.00021(x10) g_ns/g_walls=41 Windows=0.00049 Doors=0.00013 IC=0.00000 CO2_BC=0.00006 LR=9.63e-05 nu=0.01 NSraw=0.2258 alpha(W1/W8/all)=0.59/0.39/0.48 | 0.85 it/s
[Iter 44430/50000] Total=0.11193 | NS=0.10561 CO2(scaled)=0.00060 CO2_weight=1.00 guide_w=227 Walls=0.00048(x10) g_ns/g_walls=41 Windows=0.00078 Doors=0.00012 IC=0.00000 CO2_BC=0.00006 LR=9.63e-05 nu=0.01 NSraw=1.441 alpha(W1/W8/all)=0.59/0.39/0.48 | 0.85 it/s
[Iter 44440/50000] Total=0.06544 | NS=0.05969 CO2(scaled)=0.00051 CO2_weight=1.00 guide_w=227 Walls=0.00043(x10) g_ns/g_walls=41 Windows=0.00072 Doors=0.00017 IC=0.00000 CO2_BC=0.00005 LR=9.62e-05 nu=0.01 NSraw=0.3307 alpha(W1/W8/all)=0.59/0.39/0.48 | 0.85 it/s
[Iter 44450/50000] Total=0.05856 | NS=0.05530 CO2(scaled)=0.00041 CO2_weight=1.00 guide_w=227 Walls=0.00021(x10) g_ns/g_walls=41 Windows=0.00061 Doors=0.00013 IC=0.00000 CO2_BC=0.00005 LR=9.62e-05 nu=0.01 NSraw=0.2305 alpha(W1/W8/all)=0.59/0.39/0.48 | 0.85 it/s
[Iter 44460/50000] Total=0.12110 | NS=0.11822 CO2(scaled)=0.00050 CO2_weight=1.00 guide_w=227 Walls=0.00017(x10) g_ns/g_walls=41 Windows=0.00052 Doors=0.00013 IC=0.00000 CO2_BC=0.00006 LR=9.61e-05 nu=0.01 NSraw=1.355 alpha(W1/W8/all)=0.59/0.39/0.48 | 0.85 it/s
[Iter 44470/50000] Total=0.06584 | NS=0.06192 CO2(scaled)=0.00050 CO2_weight=1.00 guide_w=227 Walls=0.00025(x10) g_ns/g_walls=41 Windows=0.00075 Doors=0.00014 IC=0.00000 CO2_BC=0.00005 LR=9.61e-05 nu=0.01 NSraw=0.2635 alpha(W1/W8/all)=0.59/0.39/0.48 | 0.85 it/s
[Iter 44480/50000] Total=0.04151 | NS=0.03466 CO2(scaled)=0.00062 CO2_weight=1.00 guide_w=227 Walls=0.00056(x10) g_ns/g_walls=41 Windows=0.00050 Doors=0.00009 IC=0.00000 CO2_BC=0.00005 LR=9.60e-05 nu=0.01 NSraw=0.06842 alpha(W1/W8/all)=0.59/0.39/0.48 | 0.85 it/s
[Iter 44490/50000] Total=0.56974 | NS=0.56659 CO2(scaled)=0.00056 CO2_weight=1.00 guide_w=227 Walls=0.00018(x10) g_ns/g_walls=41 Windows=0.00058 Doors=0.00011 IC=0.00000 CO2_BC=0.00005 LR=9.60e-05 nu=0.01 NSraw=38.27 alpha(W1/W8/all)=0.59/0.39/0.48 | 0.85 it/s
[Iter 44500/50000] Total=0.27195 | NS=0.26799 CO2(scaled)=0.00064 CO2_weight=1.00 guide_w=65.6 Walls=0.00027(x10) g_ns/g_walls=15.9 Windows=0.00047 Doors=0.00012 IC=0.00000 CO2_BC=0.00005 LR=9.59e-05 nu=0.01 NSraw=10.07 alpha(W1/W8/all)=0.59/0.39/0.48 | 0.85 it/s
[Iter 44510/50000] Total=0.03193 | NS=0.02881 CO2(scaled)=0.00051 CO2_weight=1.00 guide_w=65.6 Walls=0.00018(x10) g_ns/g_walls=15.9 Windows=0.00063 Doors=0.00013 IC=0.00000 CO2_BC=0.00006 LR=9.59e-05 nu=0.01 NSraw=0.0705 alpha(W1/W8/all)=0.59/0.39/0.48 | 0.85 it/s
[Iter 44520/50000] Total=0.02949 | NS=0.02613 CO2(scaled)=0.00060 CO2_weight=1.00 guide_w=65.6 Walls=0.00021(x10) g_ns/g_walls=15.9 Windows=0.00046 Doors=0.00011 IC=0.00000 CO2_BC=0.00005 LR=9.58e-05 nu=0.01 NSraw=0.06135 alpha(W1/W8/all)=0.59/0.39/0.48 | 0.85 it/s
[Iter 44530/50000] Total=0.15370 | NS=0.14943 CO2(scaled)=0.00052 CO2_weight=1.00 guide_w=65.6 Walls=0.00030(x10) g_ns/g_walls=15.9 Windows=0.00057 Doors=0.00015 IC=0.00000 CO2_BC=0.00005 LR=9.58e-05 nu=0.01 NSraw=3.683 alpha(W1/W8/all)=0.59/0.39/0.48 | 0.85 it/s
[Iter 44540/50000] Total=0.05773 | NS=0.05423 CO2(scaled)=0.00053 CO2_weight=1.00 guide_w=65.6 Walls=0.00023(x10) g_ns/g_walls=15.9 Windows=0.00050 Doors=0.00011 IC=0.00000 CO2_BC=0.00005 LR=9.57e-05 nu=0.01 NSraw=0.2108 alpha(W1/W8/all)=0.59/0.39/0.48 | 0.85 it/s
[Iter 44550/50000] Total=0.06170 | NS=0.05353 CO2(scaled)=0.00061 CO2_weight=1.00 guide_w=65.6 Walls=0.00065(x10) g_ns/g_walls=15.9 Windows=0.00080 Doors=0.00018 IC=0.00000 CO2_BC=0.00005 LR=9.57e-05 nu=0.01 NSraw=0.2013 alpha(W1/W8/all)=0.59/0.39/0.48 | 0.85 it/s
[Iter 44560/50000] Total=0.36444 | NS=0.35047 CO2(scaled)=0.00050 CO2_weight=1.00 guide_w=65.6 Walls=0.00126(x10) g_ns/g_walls=15.9 Windows=0.00064 Doors=0.00013 IC=0.00000 CO2_BC=0.00005 LR=9.56e-05 nu=0.01 NSraw=26.46 alpha(W1/W8/all)=0.59/0.39/0.48 | 0.85 it/s
[Iter 44570/50000] Total=0.07846 | NS=0.07474 CO2(scaled)=0.00069 CO2_weight=1.00 guide_w=65.6 Walls=0.00022(x10) g_ns/g_walls=15.9 Windows=0.00063 Doors=0.00011 IC=0.00000 CO2_BC=0.00005 LR=9.56e-05 nu=0.01 NSraw=0.2756 alpha(W1/W8/all)=0.59/0.39/0.48 | 0.85 it/s
[Iter 44580/50000] Total=0.23284 | NS=0.22944 CO2(scaled)=0.00068 CO2_weight=1.00 guide_w=65.6 Walls=0.00019(x10) g_ns/g_walls=15.9 Windows=0.00067 Doors=0.00016 IC=0.00000 CO2_BC=0.00005 LR=9.55e-05 nu=0.01 NSraw=10 alpha(W1/W8/all)=0.59/0.39/0.48 | 0.85 it/s
[Iter 44590/50000] Total=0.03353 | NS=0.03078 CO2(scaled)=0.00043 CO2_weight=1.00 guide_w=65.6 Walls=0.00015(x10) g_ns/g_walls=15.9 Windows=0.00062 Doors=0.00013 IC=0.00000 CO2_BC=0.00005 LR=9.55e-05 nu=0.01 NSraw=0.08562 alpha(W1/W8/all)=0.59/0.39/0.48 | 0.85 it/s
[Iter 44600/50000] Total=0.05233 | NS=0.04797 CO2(scaled)=0.00077 CO2_weight=1.00 guide_w=3.28 Walls=0.00028(x10) g_ns/g_walls=0.993 Windows=0.00061 Doors=0.00012 IC=0.00000 CO2_BC=0.00006 LR=9.54e-05 nu=0.01 NSraw=0.1793 alpha(W1/W8/all)=0.59/0.39/0.48 | 0.85 it/s
[Iter 44610/50000] Total=0.03916 | NS=0.03676 CO2(scaled)=0.00048 CO2_weight=1.00 guide_w=3.28 Walls=0.00013(x10) g_ns/g_walls=0.993 Windows=0.00049 Doors=0.00012 IC=0.00000 CO2_BC=0.00005 LR=9.54e-05 nu=0.01 NSraw=0.1275 alpha(W1/W8/all)=0.59/0.39/0.48 | 0.85 it/s
[Iter 44620/50000] Total=0.02450 | NS=0.02086 CO2(scaled)=0.00069 CO2_weight=1.00 guide_w=3.28 Walls=0.00022(x10) g_ns/g_walls=0.993 Windows=0.00060 Doors=0.00009 IC=0.00000 CO2_BC=0.00006 LR=9.53e-05 nu=0.01 NSraw=0.04191 alpha(W1/W8/all)=0.59/0.39/0.48 | 0.85 it/s
[Iter 44630/50000] Total=0.06640 | NS=0.06371 CO2(scaled)=0.00061 CO2_weight=1.00 guide_w=3.28 Walls=0.00014(x10) g_ns/g_walls=0.993 Windows=0.00057 Doors=0.00012 IC=0.00000 CO2_BC=0.00005 LR=9.53e-05 nu=0.01 NSraw=0.4696 alpha(W1/W8/all)=0.59/0.39/0.48 | 0.85 it/s
[Iter 44640/50000] Total=0.07326 | NS=0.06548 CO2(scaled)=0.00051 CO2_weight=1.00 guide_w=3.28 Walls=0.00064(x10) g_ns/g_walls=0.993 Windows=0.00075 Doors=0.00008 IC=0.00000 CO2_BC=0.00005 LR=9.52e-05 nu=0.01 NSraw=0.283 alpha(W1/W8/all)=0.59/0.39/0.48 | 0.85 it/s
[Iter 44650/50000] Total=0.05163 | NS=0.04844 CO2(scaled)=0.00066 CO2_weight=1.00 guide_w=3.28 Walls=0.00018(x10) g_ns/g_walls=0.993 Windows=0.00054 Doors=0.00015 IC=0.00000 CO2_BC=0.00005 LR=9.52e-05 nu=0.01 NSraw=0.1732 alpha(W1/W8/all)=0.59/0.39/0.48 | 0.85 it/s
[Iter 44660/50000] Total=0.14674 | NS=0.14434 CO2(scaled)=0.00050 CO2_weight=1.00 guide_w=3.28 Walls=0.00012(x10) g_ns/g_walls=0.993 Windows=0.00049 Doors=0.00015 IC=0.00000 CO2_BC=0.00005 LR=9.51e-05 nu=0.01 NSraw=3.421 alpha(W1/W8/all)=0.59/0.39/0.48 | 0.85 it/s
[Iter 44670/50000] Total=0.06337 | NS=0.05966 CO2(scaled)=0.00083 CO2_weight=1.00 guide_w=3.28 Walls=0.00021(x10) g_ns/g_walls=0.993 Windows=0.00060 Doors=0.00014 IC=0.00000 CO2_BC=0.00005 LR=9.51e-05 nu=0.01 NSraw=0.2199 alpha(W1/W8/all)=0.59/0.39/0.48 | 0.85 it/s
[Iter 44680/50000] Total=0.02699 | NS=0.02450 CO2(scaled)=0.00055 CO2_weight=1.00 guide_w=3.28 Walls=0.00013(x10) g_ns/g_walls=0.993 Windows=0.00042 Doors=0.00014 IC=0.00000 CO2_BC=0.00005 LR=9.50e-05 nu=0.01 NSraw=0.05677 alpha(W1/W8/all)=0.59/0.39/0.48 | 0.85 it/s
[Iter 44690/50000] Total=0.07182 | NS=0.06852 CO2(scaled)=0.00072 CO2_weight=1.00 guide_w=3.28 Walls=0.00018(x10) g_ns/g_walls=0.993 Windows=0.00054 Doors=0.00013 IC=0.00000 CO2_BC=0.00006 LR=9.50e-05 nu=0.01 NSraw=0.3682 alpha(W1/W8/all)=0.59/0.39/0.48 | 0.85 it/s
[Iter 44700/50000] Total=0.04695 | NS=0.04125 CO2(scaled)=0.00047 CO2_weight=1.00 guide_w=16.4 Walls=0.00044(x10) g_ns/g_walls=1.21 Windows=0.00061 Doors=0.00017 IC=0.00000 CO2_BC=0.00005 LR=9.49e-05 nu=0.01 NSraw=0.1597 alpha(W1/W8/all)=0.59/0.39/0.48 | 0.85 it/s
[Iter 44710/50000] Total=0.04887 | NS=0.04641 CO2(scaled)=0.00049 CO2_weight=1.00 guide_w=16.4 Walls=0.00013(x10) g_ns/g_walls=1.21 Windows=0.00050 Doors=0.00016 IC=0.00000 CO2_BC=0.00005 LR=9.49e-05 nu=0.01 NSraw=0.1977 alpha(W1/W8/all)=0.59/0.39/0.48 | 0.85 it/s
[Iter 44720/50000] Total=0.04283 | NS=0.03810 CO2(scaled)=0.00057 CO2_weight=1.00 guide_w=16.4 Walls=0.00032(x10) g_ns/g_walls=1.21 Windows=0.00073 Doors=0.00020 IC=0.00000 CO2_BC=0.00006 LR=9.48e-05 nu=0.01 NSraw=0.1456 alpha(W1/W8/all)=0.59/0.39/0.48 | 0.85 it/s
[Iter 44730/50000] Total=0.02670 | NS=0.02454 CO2(scaled)=0.00049 CO2_weight=1.00 guide_w=16.4 Walls=0.00010(x10) g_ns/g_walls=1.21 Windows=0.00046 Doors=0.00011 IC=0.00000 CO2_BC=0.00005 LR=9.48e-05 nu=0.01 NSraw=0.04377 alpha(W1/W8/all)=0.59/0.39/0.48 | 0.85 it/s
[Iter 44740/50000] Total=0.03425 | NS=0.03059 CO2(scaled)=0.00058 CO2_weight=1.00 guide_w=16.4 Walls=0.00022(x10) g_ns/g_walls=1.21 Windows=0.00061 Doors=0.00018 IC=0.00000 CO2_BC=0.00005 LR=9.47e-05 nu=0.01 NSraw=0.07081 alpha(W1/W8/all)=0.59/0.39/0.48 | 0.85 it/s
[Iter 44750/50000] Total=0.06396 | NS=0.06113 CO2(scaled)=0.00069 CO2_weight=1.00 guide_w=16.4 Walls=0.00014(x10) g_ns/g_walls=1.21 Windows=0.00055 Doors=0.00014 IC=0.00000 CO2_BC=0.00005 LR=9.47e-05 nu=0.01 NSraw=0.2742 alpha(W1/W8/all)=0.59/0.39/0.48 | 0.85 it/s
[Iter 44760/50000] Total=0.17852 | NS=0.17517 CO2(scaled)=0.00080 CO2_weight=1.00 guide_w=16.4 Walls=0.00018(x10) g_ns/g_walls=1.21 Windows=0.00058 Doors=0.00012 IC=0.00000 CO2_BC=0.00005 LR=9.46e-05 nu=0.01 NSraw=3.367 alpha(W1/W8/all)=0.59/0.39/0.48 | 0.85 it/s
[Iter 44770/50000] Total=0.06775 | NS=0.06497 CO2(scaled)=0.00065 CO2_weight=1.00 guide_w=16.4 Walls=0.00013(x10) g_ns/g_walls=1.21 Windows=0.00064 Doors=0.00012 IC=0.00000 CO2_BC=0.00005 LR=9.46e-05 nu=0.01 NSraw=0.2142 alpha(W1/W8/all)=0.59/0.39/0.48 | 0.85 it/s
[Iter 44780/50000] Total=0.14734 | NS=0.14147 CO2(scaled)=0.00123 CO2_weight=1.00 guide_w=16.4 Walls=0.00038(x10) g_ns/g_walls=1.21 Windows=0.00066 Doors=0.00013 IC=0.00000 CO2_BC=0.00005 LR=9.45e-05 nu=0.01 NSraw=2.907 alpha(W1/W8/all)=0.59/0.39/0.48 | 0.85 it/s
[Iter 44790/50000] Total=0.03214 | NS=0.02714 CO2(scaled)=0.00092 CO2_weight=1.00 guide_w=16.4 Walls=0.00032(x10) g_ns/g_walls=1.21 Windows=0.00070 Doors=0.00014 IC=0.00000 CO2_BC=0.00005 LR=9.45e-05 nu=0.01 NSraw=0.06372 alpha(W1/W8/all)=0.59/0.39/0.48 | 0.85 it/s
[Iter 44800/50000] Total=0.05049 | NS=0.04605 CO2(scaled)=0.00058 CO2_weight=1.00 guide_w=4.73 Walls=0.00031(x10) g_ns/g_walls=0.866 Windows=0.00059 Doors=0.00014 IC=0.00000 CO2_BC=0.00004 LR=9.44e-05 nu=0.01 NSraw=0.1985 alpha(W1/W8/all)=0.59/0.39/0.48 | 0.85 it/s
[Iter 44810/50000] Total=0.02660 | NS=0.02388 CO2(scaled)=0.00047 CO2_weight=1.00 guide_w=4.73 Walls=0.00016(x10) g_ns/g_walls=0.866 Windows=0.00046 Doors=0.00013 IC=0.00000 CO2_BC=0.00005 LR=9.44e-05 nu=0.01 NSraw=0.03919 alpha(W1/W8/all)=0.59/0.39/0.48 | 0.85 it/s
[Iter 44820/50000] Total=0.04600 | NS=0.04228 CO2(scaled)=0.00061 CO2_weight=1.00 guide_w=4.73 Walls=0.00021(x10) g_ns/g_walls=0.866 Windows=0.00077 Doors=0.00015 IC=0.00000 CO2_BC=0.00006 LR=9.43e-05 nu=0.01 NSraw=0.1197 alpha(W1/W8/all)=0.59/0.39/0.48 | 0.85 it/s
[Iter 44830/50000] Total=0.07036 | NS=0.05743 CO2(scaled)=0.00080 CO2_weight=1.00 guide_w=4.73 Walls=0.00114(x10) g_ns/g_walls=0.866 Windows=0.00057 Doors=0.00011 IC=0.00000 CO2_BC=0.00006 LR=9.43e-05 nu=0.01 NSraw=0.1895 alpha(W1/W8/all)=0.59/0.39/0.48 | 0.85 it/s
[Iter 44840/50000] Total=0.03957 | NS=0.03543 CO2(scaled)=0.00045 CO2_weight=1.00 guide_w=4.73 Walls=0.00029(x10) g_ns/g_walls=0.866 Windows=0.00057 Doors=0.00013 IC=0.00000 CO2_BC=0.00006 LR=9.42e-05 nu=0.01 NSraw=0.1449 alpha(W1/W8/all)=0.59/0.39/0.48 | 0.85 it/s
[Iter 44850/50000] Total=0.06644 | NS=0.06296 CO2(scaled)=0.00057 CO2_weight=1.00 guide_w=4.73 Walls=0.00021(x10) g_ns/g_walls=0.866 Windows=0.00053 Doors=0.00022 IC=0.00000 CO2_BC=0.00006 LR=9.42e-05 nu=0.01 NSraw=0.3021 alpha(W1/W8/all)=0.59/0.39/0.48 | 0.85 it/s
[Iter 44860/50000] Total=0.03294 | NS=0.02705 CO2(scaled)=0.00061 CO2_weight=1.00 guide_w=4.73 Walls=0.00046(x10) g_ns/g_walls=0.866 Windows=0.00051 Doors=0.00015 IC=0.00000 CO2_BC=0.00005 LR=9.41e-05 nu=0.01 NSraw=0.05608 alpha(W1/W8/all)=0.59/0.39/0.48 | 0.85 it/s
[Iter 44870/50000] Total=0.03059 | NS=0.02673 CO2(scaled)=0.00061 CO2_weight=1.00 guide_w=4.73 Walls=0.00024(x10) g_ns/g_walls=0.866 Windows=0.00064 Doors=0.00013 IC=0.00000 CO2_BC=0.00005 LR=9.41e-05 nu=0.01 NSraw=0.06262 alpha(W1/W8/all)=0.59/0.39/0.48 | 0.85 it/s
[Iter 44880/50000] Total=0.04223 | NS=0.03667 CO2(scaled)=0.00058 CO2_weight=1.00 guide_w=4.73 Walls=0.00043(x10) g_ns/g_walls=0.866 Windows=0.00046 Doors=0.00016 IC=0.00000 CO2_BC=0.00006 LR=9.40e-05 nu=0.01 NSraw=0.08339 alpha(W1/W8/all)=0.59/0.39/0.48 | 0.85 it/s
[Iter 44890/50000] Total=0.02069 | NS=0.01603 CO2(scaled)=0.00086 CO2_weight=1.00 guide_w=4.73 Walls=0.00030(x10) g_ns/g_walls=0.866 Windows=0.00062 Doors=0.00010 IC=0.00000 CO2_BC=0.00005 LR=9.40e-05 nu=0.01 NSraw=0.01888 alpha(W1/W8/all)=0.59/0.39/0.48 | 0.85 it/s
[Iter 44900/50000] Total=0.05144 | NS=0.04427 CO2(scaled)=0.00073 CO2_weight=1.00 guide_w=4.41 Walls=0.00053(x10) g_ns/g_walls=0.773 Windows=0.00097 Doors=0.00015 IC=0.00000 CO2_BC=0.00006 LR=9.39e-05 nu=0.01 NSraw=0.2104 alpha(W1/W8/all)=0.59/0.39/0.48 | 0.85 it/s
[Iter 44910/50000] Total=0.02142 | NS=0.01830 CO2(scaled)=0.00058 CO2_weight=1.00 guide_w=4.41 Walls=0.00018(x10) g_ns/g_walls=0.773 Windows=0.00052 Doors=0.00013 IC=0.00000 CO2_BC=0.00006 LR=9.39e-05 nu=0.01 NSraw=0.02784 alpha(W1/W8/all)=0.59/0.39/0.48 | 0.85 it/s
[Iter 44920/50000] Total=0.31494 | NS=0.31121 CO2(scaled)=0.00079 CO2_weight=1.00 guide_w=4.41 Walls=0.00023(x10) g_ns/g_walls=0.773 Windows=0.00049 Doors=0.00009 IC=0.00000 CO2_BC=0.00005 LR=9.38e-05 nu=0.01 NSraw=18.82 alpha(W1/W8/all)=0.59/0.39/0.48 | 0.85 it/s
[Iter 44930/50000] Total=0.03592 | NS=0.03145 CO2(scaled)=0.00064 CO2_weight=1.00 guide_w=4.41 Walls=0.00030(x10) g_ns/g_walls=0.773 Windows=0.00071 Doors=0.00012 IC=0.00000 CO2_BC=0.00006 LR=9.38e-05 nu=0.01 NSraw=0.06385 alpha(W1/W8/all)=0.59/0.39/0.48 | 0.85 it/s
[Iter 44940/50000] Total=0.06786 | NS=0.06484 CO2(scaled)=0.00060 CO2_weight=1.00 guide_w=4.41 Walls=0.00018(x10) g_ns/g_walls=0.773 Windows=0.00048 Doors=0.00013 IC=0.00000 CO2_BC=0.00005 LR=9.37e-05 nu=0.01 NSraw=0.1594 alpha(W1/W8/all)=0.59/0.39/0.48 | 0.85 it/s
[Iter 44950/50000] Total=0.05419 | NS=0.04632 CO2(scaled)=0.00150 CO2_weight=1.00 guide_w=4.41 Walls=0.00055(x10) g_ns/g_walls=0.773 Windows=0.00070 Doors=0.00012 IC=0.00000 CO2_BC=0.00005 LR=9.37e-05 nu=0.01 NSraw=0.2855 alpha(W1/W8/all)=0.59/0.39/0.48 | 0.85 it/s
[Iter 44960/50000] Total=0.04449 | NS=0.04073 CO2(scaled)=0.00054 CO2_weight=1.00 guide_w=4.41 Walls=0.00025(x10) g_ns/g_walls=0.773 Windows=0.00050 Doors=0.00016 IC=0.00000 CO2_BC=0.00005 LR=9.36e-05 nu=0.01 NSraw=0.1206 alpha(W1/W8/all)=0.59/0.39/0.48 | 0.85 it/s
[Iter 44970/50000] Total=0.06917 | NS=0.06610 CO2(scaled)=0.00053 CO2_weight=1.00 guide_w=4.41 Walls=0.00019(x10) g_ns/g_walls=0.773 Windows=0.00047 Doors=0.00012 IC=0.00000 CO2_BC=0.00006 LR=9.36e-05 nu=0.01 NSraw=0.2982 alpha(W1/W8/all)=0.59/0.39/0.48 | 0.85 it/s
[Iter 44980/50000] Total=0.05668 | NS=0.05391 CO2(scaled)=0.00071 CO2_weight=1.00 guide_w=4.41 Walls=0.00013(x10) g_ns/g_walls=0.773 Windows=0.00062 Doors=0.00011 IC=0.00000 CO2_BC=0.00006 LR=9.35e-05 nu=0.01 NSraw=0.3924 alpha(W1/W8/all)=0.59/0.39/0.48 | 0.85 it/s
[Iter 44990/50000] Total=0.10012 | NS=0.09662 CO2(scaled)=0.00053 CO2_weight=1.00 guide_w=4.41 Walls=0.00021(x10) g_ns/g_walls=0.773 Windows=0.00066 Doors=0.00012 IC=0.00000 CO2_BC=0.00005 LR=9.35e-05 nu=0.01 NSraw=1.446 alpha(W1/W8/all)=0.59/0.39/0.48 | 0.85 it/s
[Iter 45000/50000] Total=0.18342 | NS=0.17799 CO2(scaled)=0.00057 CO2_weight=1.00 guide_w=31.1 Walls=0.00039(x10) g_ns/g_walls=1.92 Windows=0.00080 Doors=0.00012 IC=0.00000 CO2_BC=0.00006 LR=9.34e-05 nu=0.01 NSraw=4.78 alpha(W1/W8/all)=0.59/0.39/0.48 | 0.85 it/s
  -> saved checkpoint: /home/iai-labor/BuildingControlCFD/experiments/gnot/checkpoints/v24_fixedalpha_r50k/gnot_v24_fixedalpha_r50k_iter45000.pth
[Iter 45010/50000] Total=0.04778 | NS=0.03879 CO2(scaled)=0.00055 CO2_weight=1.00 guide_w=31.1 Walls=0.00071(x10) g_ns/g_walls=1.92 Windows=0.00114 Doors=0.00012 IC=0.00000 CO2_BC=0.00005 LR=9.34e-05 nu=0.01 NSraw=0.09582 alpha(W1/W8/all)=0.59/0.39/0.48 | 0.85 it/s
[Iter 45020/50000] Total=0.05235 | NS=0.04848 CO2(scaled)=0.00053 CO2_weight=1.00 guide_w=31.1 Walls=0.00025(x10) g_ns/g_walls=1.92 Windows=0.00063 Doors=0.00016 IC=0.00000 CO2_BC=0.00005 LR=9.33e-05 nu=0.01 NSraw=0.202 alpha(W1/W8/all)=0.59/0.39/0.48 | 0.85 it/s
[Iter 45030/50000] Total=0.02358 | NS=0.02051 CO2(scaled)=0.00057 CO2_weight=1.00 guide_w=31.1 Walls=0.00019(x10) g_ns/g_walls=1.92 Windows=0.00046 Doors=0.00011 IC=0.00000 CO2_BC=0.00005 LR=9.33e-05 nu=0.01 NSraw=0.03216 alpha(W1/W8/all)=0.59/0.39/0.48 | 0.85 it/s
[Iter 45040/50000] Total=0.03875 | NS=0.03365 CO2(scaled)=0.00082 CO2_weight=1.00 guide_w=31.1 Walls=0.00034(x10) g_ns/g_walls=1.92 Windows=0.00069 Doors=0.00015 IC=0.00000 CO2_BC=0.00005 LR=9.32e-05 nu=0.01 NSraw=0.07217 alpha(W1/W8/all)=0.59/0.39/0.48 | 0.85 it/s
[Iter 45050/50000] Total=0.16500 | NS=0.16109 CO2(scaled)=0.00067 CO2_weight=1.00 guide_w=31.1 Walls=0.00024(x10) g_ns/g_walls=1.92 Windows=0.00065 Doors=0.00014 IC=0.00000 CO2_BC=0.00005 LR=9.32e-05 nu=0.01 NSraw=4.417 alpha(W1/W8/all)=0.59/0.39/0.48 | 0.85 it/s
[Iter 45060/50000] Total=0.12527 | NS=0.12186 CO2(scaled)=0.00082 CO2_weight=1.00 guide_w=31.1 Walls=0.00019(x10) g_ns/g_walls=1.92 Windows=0.00052 Doors=0.00013 IC=0.00000 CO2_BC=0.00006 LR=9.31e-05 nu=0.01 NSraw=1.153 alpha(W1/W8/all)=0.59/0.39/0.48 | 0.85 it/s
[Iter 45070/50000] Total=0.07019 | NS=0.06603 CO2(scaled)=0.00076 CO2_weight=1.00 guide_w=31.1 Walls=0.00028(x10) g_ns/g_walls=1.92 Windows=0.00035 Doors=0.00016 IC=0.00000 CO2_BC=0.00006 LR=9.31e-05 nu=0.01 NSraw=0.3273 alpha(W1/W8/all)=0.59/0.39/0.48 | 0.85 it/s
[Iter 45080/50000] Total=0.02434 | NS=0.02073 CO2(scaled)=0.00056 CO2_weight=1.00 guide_w=31.1 Walls=0.00022(x10) g_ns/g_walls=1.92 Windows=0.00064 Doors=0.00013 IC=0.00000 CO2_BC=0.00006 LR=9.30e-05 nu=0.01 NSraw=0.03276 alpha(W1/W8/all)=0.59/0.39/0.48 | 0.85 it/s
[Iter 45090/50000] Total=0.10639 | NS=0.10167 CO2(scaled)=0.00065 CO2_weight=1.00 guide_w=31.1 Walls=0.00034(x10) g_ns/g_walls=1.92 Windows=0.00052 Doors=0.00011 IC=0.00000 CO2_BC=0.00006 LR=9.30e-05 nu=0.01 NSraw=0.8462 alpha(W1/W8/all)=0.59/0.39/0.48 | 0.85 it/s
[Iter 45100/50000] Total=0.02016 | NS=0.01655 CO2(scaled)=0.00066 CO2_weight=1.00 guide_w=2.13 Walls=0.00022(x10) g_ns/g_walls=0.428 Windows=0.00054 Doors=0.00012 IC=0.00000 CO2_BC=0.00005 LR=9.29e-05 nu=0.01 NSraw=0.02174 alpha(W1/W8/all)=0.59/0.39/0.48 | 0.85 it/s
[Iter 45110/50000] Total=0.03141 | NS=0.02738 CO2(scaled)=0.00078 CO2_weight=1.00 guide_w=2.13 Walls=0.00023(x10) g_ns/g_walls=0.428 Windows=0.00078 Doors=0.00013 IC=0.00000 CO2_BC=0.00005 LR=9.29e-05 nu=0.01 NSraw=0.05138 alpha(W1/W8/all)=0.59/0.39/0.48 | 0.85 it/s
[Iter 45120/50000] Total=0.02700 | NS=0.02381 CO2(scaled)=0.00053 CO2_weight=1.00 guide_w=2.13 Walls=0.00019(x10) g_ns/g_walls=0.428 Windows=0.00063 Doors=0.00013 IC=0.00000 CO2_BC=0.00005 LR=9.28e-05 nu=0.01 NSraw=0.04586 alpha(W1/W8/all)=0.59/0.39/0.48 | 0.85 it/s
[Iter 45130/50000] Total=0.06388 | NS=0.06095 CO2(scaled)=0.00043 CO2_weight=1.00 guide_w=2.13 Walls=0.00017(x10) g_ns/g_walls=0.428 Windows=0.00068 Doors=0.00009 IC=0.00000 CO2_BC=0.00005 LR=9.28e-05 nu=0.01 NSraw=0.2021 alpha(W1/W8/all)=0.59/0.39/0.48 | 0.85 it/s
[Iter 45140/50000] Total=0.38329 | NS=0.37944 CO2(scaled)=0.00060 CO2_weight=1.00 guide_w=2.13 Walls=0.00026(x10) g_ns/g_walls=0.428 Windows=0.00055 Doors=0.00009 IC=0.00000 CO2_BC=0.00006 LR=9.27e-05 nu=0.01 NSraw=15.57 alpha(W1/W8/all)=0.59/0.39/0.48 | 0.85 it/s
[Iter 45150/50000] Total=0.02755 | NS=0.02385 CO2(scaled)=0.00050 CO2_weight=1.00 guide_w=2.13 Walls=0.00025(x10) g_ns/g_walls=0.428 Windows=0.00057 Doors=0.00011 IC=0.00000 CO2_BC=0.00005 LR=9.27e-05 nu=0.01 NSraw=0.03629 alpha(W1/W8/all)=0.59/0.39/0.48 | 0.85 it/s
[Iter 45160/50000] Total=0.02652 | NS=0.02169 CO2(scaled)=0.00066 CO2_weight=1.00 guide_w=2.13 Walls=0.00036(x10) g_ns/g_walls=0.428 Windows=0.00041 Doors=0.00012 IC=0.00000 CO2_BC=0.00006 LR=9.26e-05 nu=0.01 NSraw=0.03593 alpha(W1/W8/all)=0.59/0.39/0.48 | 0.85 it/s
[Iter 45170/50000] Total=0.01832 | NS=0.01404 CO2(scaled)=0.00045 CO2_weight=1.00 guide_w=2.13 Walls=0.00030(x10) g_ns/g_walls=0.428 Windows=0.00069 Doors=0.00011 IC=0.00000 CO2_BC=0.00006 LR=9.26e-05 nu=0.01 NSraw=0.01846 alpha(W1/W8/all)=0.59/0.39/0.48 | 0.85 it/s
[Iter 45180/50000] Total=0.07321 | NS=0.06867 CO2(scaled)=0.00069 CO2_weight=1.00 guide_w=2.13 Walls=0.00032(x10) g_ns/g_walls=0.428 Windows=0.00047 Doors=0.00017 IC=0.00000 CO2_BC=0.00005 LR=9.25e-05 nu=0.01 NSraw=0.4254 alpha(W1/W8/all)=0.59/0.39/0.48 | 0.85 it/s
[Iter 45190/50000] Total=0.05584 | NS=0.05044 CO2(scaled)=0.00074 CO2_weight=1.00 guide_w=2.13 Walls=0.00037(x10) g_ns/g_walls=0.428 Windows=0.00076 Doors=0.00012 IC=0.00000 CO2_BC=0.00005 LR=9.25e-05 nu=0.01 NSraw=0.1305 alpha(W1/W8/all)=0.59/0.39/0.48 | 0.85 it/s
[Iter 45200/50000] Total=0.01903 | NS=0.01520 CO2(scaled)=0.00057 CO2_weight=1.00 guide_w=4.33 Walls=0.00025(x10) g_ns/g_walls=0.388 Windows=0.00057 Doors=0.00014 IC=0.00000 CO2_BC=0.00006 LR=9.24e-05 nu=0.01 NSraw=0.02079 alpha(W1/W8/all)=0.59/0.39/0.48 | 0.85 it/s
[Iter 45210/50000] Total=0.02777 | NS=0.02406 CO2(scaled)=0.00063 CO2_weight=1.00 guide_w=4.33 Walls=0.00024(x10) g_ns/g_walls=0.388 Windows=0.00049 Doors=0.00011 IC=0.00000 CO2_BC=0.00006 LR=9.24e-05 nu=0.01 NSraw=0.04495 alpha(W1/W8/all)=0.59/0.39/0.48 | 0.85 it/s
[Iter 45220/50000] Total=0.03126 | NS=0.02874 CO2(scaled)=0.00066 CO2_weight=1.00 guide_w=4.33 Walls=0.00012(x10) g_ns/g_walls=0.388 Windows=0.00046 Doors=0.00012 IC=0.00000 CO2_BC=0.00005 LR=9.23e-05 nu=0.01 NSraw=0.04318 alpha(W1/W8/all)=0.59/0.39/0.48 | 0.85 it/s
[Iter 45230/50000] Total=0.31313 | NS=0.30957 CO2(scaled)=0.00046 CO2_weight=1.00 guide_w=4.33 Walls=0.00024(x10) g_ns/g_walls=0.388 Windows=0.00056 Doors=0.00015 IC=0.00000 CO2_BC=0.00004 LR=9.23e-05 nu=0.01 NSraw=16.07 alpha(W1/W8/all)=0.59/0.39/0.48 | 0.85 it/s
[Iter 45240/50000] Total=0.05155 | NS=0.04963 CO2(scaled)=0.00042 CO2_weight=1.00 guide_w=4.33 Walls=0.00009(x10) g_ns/g_walls=0.388 Windows=0.00044 Doors=0.00013 IC=0.00000 CO2_BC=0.00005 LR=9.22e-05 nu=0.01 NSraw=0.1269 alpha(W1/W8/all)=0.59/0.39/0.48 | 0.85 it/s
[Iter 45250/50000] Total=0.05363 | NS=0.04937 CO2(scaled)=0.00053 CO2_weight=1.00 guide_w=4.33 Walls=0.00030(x10) g_ns/g_walls=0.388 Windows=0.00062 Doors=0.00009 IC=0.00000 CO2_BC=0.00005 LR=9.22e-05 nu=0.01 NSraw=0.1389 alpha(W1/W8/all)=0.59/0.39/0.48 | 0.85 it/s
[Iter 45260/50000] Total=0.02025 | NS=0.01381 CO2(scaled)=0.00056 CO2_weight=1.00 guide_w=4.33 Walls=0.00051(x10) g_ns/g_walls=0.388 Windows=0.00060 Doors=0.00012 IC=0.00000 CO2_BC=0.00005 LR=9.22e-05 nu=0.01 NSraw=0.01691 alpha(W1/W8/all)=0.59/0.39/0.48 | 0.85 it/s
[Iter 45270/50000] Total=0.01800 | NS=0.01461 CO2(scaled)=0.00065 CO2_weight=1.00 guide_w=4.33 Walls=0.00022(x10) g_ns/g_walls=0.388 Windows=0.00037 Doors=0.00016 IC=0.00000 CO2_BC=0.00006 LR=9.21e-05 nu=0.01 NSraw=0.01752 alpha(W1/W8/all)=0.59/0.39/0.48 | 0.85 it/s
[Iter 45280/50000] Total=0.06128 | NS=0.05876 CO2(scaled)=0.00061 CO2_weight=1.00 guide_w=4.33 Walls=0.00012(x10) g_ns/g_walls=0.388 Windows=0.00046 Doors=0.00017 IC=0.00000 CO2_BC=0.00005 LR=9.21e-05 nu=0.01 NSraw=0.3073 alpha(W1/W8/all)=0.59/0.39/0.48 | 0.85 it/s
[Iter 45290/50000] Total=0.02734 | NS=0.02411 CO2(scaled)=0.00057 CO2_weight=1.00 guide_w=4.33 Walls=0.00021(x10) g_ns/g_walls=0.388 Windows=0.00043 Doors=0.00011 IC=0.00000 CO2_BC=0.00006 LR=9.20e-05 nu=0.01 NSraw=0.04031 alpha(W1/W8/all)=0.59/0.39/0.48 | 0.85 it/s
[Iter 45300/50000] Total=0.07858 | NS=0.06686 CO2(scaled)=0.00053 CO2_weight=1.00 guide_w=6.48 Walls=0.00100(x10) g_ns/g_walls=0.305 Windows=0.00100 Doors=0.00012 IC=0.00000 CO2_BC=0.00004 LR=9.20e-05 nu=0.01 NSraw=0.6896 alpha(W1/W8/all)=0.59/0.39/0.48 | 0.85 it/s
[Iter 45310/50000] Total=0.03440 | NS=0.03025 CO2(scaled)=0.00051 CO2_weight=1.00 guide_w=6.48 Walls=0.00028(x10) g_ns/g_walls=0.305 Windows=0.00062 Doors=0.00012 IC=0.00000 CO2_BC=0.00005 LR=9.19e-05 nu=0.01 NSraw=0.0539 alpha(W1/W8/all)=0.59/0.39/0.48 | 0.85 it/s
[Iter 45320/50000] Total=0.10418 | NS=0.10146 CO2(scaled)=0.00043 CO2_weight=1.00 guide_w=6.48 Walls=0.00017(x10) g_ns/g_walls=0.305 Windows=0.00036 Doors=0.00016 IC=0.00000 CO2_BC=0.00005 LR=9.19e-05 nu=0.01 NSraw=0.5093 alpha(W1/W8/all)=0.59/0.39/0.48 | 0.85 it/s
[Iter 45330/50000] Total=0.04385 | NS=0.03990 CO2(scaled)=0.00051 CO2_weight=1.00 guide_w=6.48 Walls=0.00028(x10) g_ns/g_walls=0.305 Windows=0.00045 Doors=0.00014 IC=0.00000 CO2_BC=0.00005 LR=9.18e-05 nu=0.01 NSraw=0.1185 alpha(W1/W8/all)=0.59/0.39/0.48 | 0.85 it/s
[Iter 45340/50000] Total=0.02791 | NS=0.02457 CO2(scaled)=0.00045 CO2_weight=1.00 guide_w=6.48 Walls=0.00022(x10) g_ns/g_walls=0.305 Windows=0.00050 Doors=0.00011 IC=0.00000 CO2_BC=0.00005 LR=9.18e-05 nu=0.01 NSraw=0.06539 alpha(W1/W8/all)=0.59/0.39/0.48 | 0.85 it/s
[Iter 45350/50000] Total=0.11497 | NS=0.11107 CO2(scaled)=0.00062 CO2_weight=1.00 guide_w=6.48 Walls=0.00027(x10) g_ns/g_walls=0.305 Windows=0.00045 Doors=0.00013 IC=0.00000 CO2_BC=0.00004 LR=9.17e-05 nu=0.01 NSraw=0.7164 alpha(W1/W8/all)=0.59/0.39/0.48 | 0.85 it/s
[Iter 45360/50000] Total=0.06655 | NS=0.06261 CO2(scaled)=0.00069 CO2_weight=1.00 guide_w=6.48 Walls=0.00026(x10) g_ns/g_walls=0.305 Windows=0.00053 Doors=0.00012 IC=0.00000 CO2_BC=0.00005 LR=9.17e-05 nu=0.01 NSraw=0.2133 alpha(W1/W8/all)=0.59/0.39/0.48 | 0.85 it/s
[Iter 45370/50000] Total=0.04164 | NS=0.03805 CO2(scaled)=0.00049 CO2_weight=1.00 guide_w=6.48 Walls=0.00024(x10) g_ns/g_walls=0.305 Windows=0.00047 Doors=0.00015 IC=0.00000 CO2_BC=0.00005 LR=9.16e-05 nu=0.01 NSraw=0.1022 alpha(W1/W8/all)=0.59/0.39/0.48 | 0.85 it/s
[Iter 45380/50000] Total=0.02761 | NS=0.02479 CO2(scaled)=0.00043 CO2_weight=1.00 guide_w=6.48 Walls=0.00016(x10) g_ns/g_walls=0.305 Windows=0.00054 Doors=0.00017 IC=0.00000 CO2_BC=0.00005 LR=9.16e-05 nu=0.01 NSraw=0.04992 alpha(W1/W8/all)=0.59/0.39/0.48 | 0.85 it/s
[Iter 45390/50000] Total=0.04988 | NS=0.04725 CO2(scaled)=0.00049 CO2_weight=1.00 guide_w=6.48 Walls=0.00015(x10) g_ns/g_walls=0.305 Windows=0.00048 Doors=0.00016 IC=0.00000 CO2_BC=0.00005 LR=9.15e-05 nu=0.01 NSraw=0.1507 alpha(W1/W8/all)=0.59/0.39/0.48 | 0.85 it/s
[Iter 45400/50000] Total=0.09072 | NS=0.08674 CO2(scaled)=0.00052 CO2_weight=1.00 guide_w=168 Walls=0.00027(x10) g_ns/g_walls=18.6 Windows=0.00055 Doors=0.00012 IC=0.00000 CO2_BC=0.00005 LR=9.15e-05 nu=0.01 NSraw=0.7734 alpha(W1/W8/all)=0.59/0.39/0.48 | 0.85 it/s
[Iter 45410/50000] Total=0.03201 | NS=0.02415 CO2(scaled)=0.00057 CO2_weight=1.00 guide_w=168 Walls=0.00063(x10) g_ns/g_walls=18.6 Windows=0.00080 Doors=0.00010 IC=0.00000 CO2_BC=0.00006 LR=9.14e-05 nu=0.01 NSraw=0.04328 alpha(W1/W8/all)=0.59/0.39/0.48 | 0.85 it/s
[Iter 45420/50000] Total=0.05261 | NS=0.04776 CO2(scaled)=0.00069 CO2_weight=1.00 guide_w=168 Walls=0.00036(x10) g_ns/g_walls=18.6 Windows=0.00044 Doors=0.00011 IC=0.00000 CO2_BC=0.00005 LR=9.14e-05 nu=0.01 NSraw=0.1297 alpha(W1/W8/all)=0.59/0.39/0.48 | 0.85 it/s
[Iter 45430/50000] Total=0.05239 | NS=0.04663 CO2(scaled)=0.00093 CO2_weight=1.00 guide_w=168 Walls=0.00038(x10) g_ns/g_walls=18.6 Windows=0.00085 Doors=0.00011 IC=0.00000 CO2_BC=0.00005 LR=9.13e-05 nu=0.01 NSraw=0.1213 alpha(W1/W8/all)=0.59/0.39/0.48 | 0.85 it/s
[Iter 45440/50000] Total=0.71519 | NS=0.71081 CO2(scaled)=0.00083 CO2_weight=1.00 guide_w=168 Walls=0.00027(x10) g_ns/g_walls=18.6 Windows=0.00066 Doors=0.00015 IC=0.00000 CO2_BC=0.00006 LR=9.13e-05 nu=0.01 NSraw=67.01 alpha(W1/W8/all)=0.59/0.39/0.48 | 0.85 it/s
[Iter 45450/50000] Total=0.07319 | NS=0.06889 CO2(scaled)=0.00050 CO2_weight=1.00 guide_w=168 Walls=0.00031(x10) g_ns/g_walls=18.6 Windows=0.00050 Doors=0.00014 IC=0.00000 CO2_BC=0.00005 LR=9.12e-05 nu=0.01 NSraw=0.7609 alpha(W1/W8/all)=0.59/0.39/0.48 | 0.85 it/s
[Iter 45460/50000] Total=0.07262 | NS=0.06866 CO2(scaled)=0.00050 CO2_weight=1.00 guide_w=168 Walls=0.00028(x10) g_ns/g_walls=18.6 Windows=0.00049 Doors=0.00012 IC=0.00000 CO2_BC=0.00005 LR=9.12e-05 nu=0.01 NSraw=0.2393 alpha(W1/W8/all)=0.59/0.39/0.48 | 0.85 it/s
[Iter 45470/50000] Total=0.02769 | NS=0.02296 CO2(scaled)=0.00043 CO2_weight=1.00 guide_w=168 Walls=0.00034(x10) g_ns/g_walls=18.6 Windows=0.00070 Doors=0.00014 IC=0.00000 CO2_BC=0.00006 LR=9.11e-05 nu=0.01 NSraw=0.03966 alpha(W1/W8/all)=0.59/0.39/0.48 | 0.85 it/s
[Iter 45480/50000] Total=0.08409 | NS=0.08085 CO2(scaled)=0.00059 CO2_weight=1.00 guide_w=168 Walls=0.00019(x10) g_ns/g_walls=18.6 Windows=0.00053 Doors=0.00011 IC=0.00000 CO2_BC=0.00005 LR=9.11e-05 nu=0.01 NSraw=1.101 alpha(W1/W8/all)=0.59/0.39/0.48 | 0.85 it/s
[Iter 45490/50000] Total=0.15434 | NS=0.14929 CO2(scaled)=0.00065 CO2_weight=1.00 guide_w=168 Walls=0.00036(x10) g_ns/g_walls=18.6 Windows=0.00063 Doors=0.00011 IC=0.00000 CO2_BC=0.00006 LR=9.10e-05 nu=0.01 NSraw=3.869 alpha(W1/W8/all)=0.59/0.39/0.48 | 0.85 it/s
[Iter 45500/50000] Total=0.02344 | NS=0.01876 CO2(scaled)=0.00065 CO2_weight=1.00 guide_w=2.93 Walls=0.00031(x10) g_ns/g_walls=0.495 Windows=0.00073 Doors=0.00012 IC=0.00000 CO2_BC=0.00006 LR=9.10e-05 nu=0.01 NSraw=0.03838 alpha(W1/W8/all)=0.59/0.39/0.48 | 0.85 it/s
[Iter 45510/50000] Total=0.04251 | NS=0.03760 CO2(scaled)=0.00059 CO2_weight=1.00 guide_w=2.93 Walls=0.00035(x10) g_ns/g_walls=0.495 Windows=0.00064 Doors=0.00014 IC=0.00000 CO2_BC=0.00005 LR=9.09e-05 nu=0.01 NSraw=0.1176 alpha(W1/W8/all)=0.59/0.39/0.48 | 0.85 it/s
[Iter 45520/50000] Total=0.03988 | NS=0.03742 CO2(scaled)=0.00048 CO2_weight=1.00 guide_w=2.93 Walls=0.00012(x10) g_ns/g_walls=0.495 Windows=0.00051 Doors=0.00017 IC=0.00000 CO2_BC=0.00005 LR=9.09e-05 nu=0.01 NSraw=0.08329 alpha(W1/W8/all)=0.59/0.39/0.48 | 0.85 it/s
[Iter 45530/50000] Total=0.04125 | NS=0.03771 CO2(scaled)=0.00056 CO2_weight=1.00 guide_w=2.93 Walls=0.00022(x10) g_ns/g_walls=0.495 Windows=0.00060 Doors=0.00012 IC=0.00000 CO2_BC=0.00005 LR=9.09e-05 nu=0.01 NSraw=0.1742 alpha(W1/W8/all)=0.59/0.39/0.48 | 0.85 it/s
[Iter 45540/50000] Total=0.03472 | NS=0.03168 CO2(scaled)=0.00057 CO2_weight=1.00 guide_w=2.93 Walls=0.00019(x10) g_ns/g_walls=0.495 Windows=0.00043 Doors=0.00012 IC=0.00000 CO2_BC=0.00005 LR=9.08e-05 nu=0.01 NSraw=0.1147 alpha(W1/W8/all)=0.59/0.39/0.48 | 0.85 it/s
[Iter 45550/50000] Total=0.05064 | NS=0.04599 CO2(scaled)=0.00068 CO2_weight=1.00 guide_w=2.93 Walls=0.00031(x10) g_ns/g_walls=0.495 Windows=0.00069 Doors=0.00011 IC=0.00000 CO2_BC=0.00004 LR=9.08e-05 nu=0.01 NSraw=0.1723 alpha(W1/W8/all)=0.59/0.39/0.48 | 0.85 it/s
[Iter 45560/50000] Total=0.02443 | NS=0.02154 CO2(scaled)=0.00053 CO2_weight=1.00 guide_w=2.93 Walls=0.00017(x10) g_ns/g_walls=0.495 Windows=0.00053 Doors=0.00012 IC=0.00000 CO2_BC=0.00004 LR=9.07e-05 nu=0.01 NSraw=0.03757 alpha(W1/W8/all)=0.59/0.39/0.48 | 0.85 it/s
[Iter 45570/50000] Total=0.03656 | NS=0.03230 CO2(scaled)=0.00065 CO2_weight=1.00 guide_w=2.93 Walls=0.00030(x10) g_ns/g_walls=0.495 Windows=0.00044 Doors=0.00011 IC=0.00000 CO2_BC=0.00005 LR=9.07e-05 nu=0.01 NSraw=0.04987 alpha(W1/W8/all)=0.59/0.39/0.48 | 0.85 it/s
[Iter 45580/50000] Total=0.02646 | NS=0.02309 CO2(scaled)=0.00056 CO2_weight=1.00 guide_w=2.93 Walls=0.00022(x10) g_ns/g_walls=0.495 Windows=0.00048 Doors=0.00010 IC=0.00000 CO2_BC=0.00006 LR=9.06e-05 nu=0.01 NSraw=0.04759 alpha(W1/W8/all)=0.59/0.39/0.48 | 0.85 it/s
[Iter 45590/50000] Total=0.02536 | NS=0.01810 CO2(scaled)=0.00065 CO2_weight=1.00 guide_w=2.93 Walls=0.00056(x10) g_ns/g_walls=0.495 Windows=0.00078 Doors=0.00014 IC=0.00000 CO2_BC=0.00005 LR=9.06e-05 nu=0.01 NSraw=0.02832 alpha(W1/W8/all)=0.59/0.39/0.48 | 0.85 it/s
[Iter 45600/50000] Total=0.01503 | NS=0.01073 CO2(scaled)=0.00055 CO2_weight=1.00 guide_w=1.02 Walls=0.00033(x10) g_ns/g_walls=0.394 Windows=0.00030 Doors=0.00014 IC=0.00000 CO2_BC=0.00006 LR=9.05e-05 nu=0.01 NSraw=0.01318 alpha(W1/W8/all)=0.59/0.39/0.48 | 0.85 it/s
[Iter 45610/50000] Total=0.04878 | NS=0.04551 CO2(scaled)=0.00050 CO2_weight=1.00 guide_w=1.02 Walls=0.00019(x10) g_ns/g_walls=0.394 Windows=0.00070 Doors=0.00012 IC=0.00000 CO2_BC=0.00004 LR=9.05e-05 nu=0.01 NSraw=0.1309 alpha(W1/W8/all)=0.59/0.39/0.48 | 0.85 it/s
[Iter 45620/50000] Total=0.08071 | NS=0.07635 CO2(scaled)=0.00064 CO2_weight=1.00 guide_w=1.02 Walls=0.00028(x10) g_ns/g_walls=0.394 Windows=0.00071 Doors=0.00012 IC=0.00000 CO2_BC=0.00005 LR=9.04e-05 nu=0.01 NSraw=0.3034 alpha(W1/W8/all)=0.59/0.39/0.48 | 0.85 it/s
[Iter 45630/50000] Total=0.08668 | NS=0.08092 CO2(scaled)=0.00077 CO2_weight=1.00 guide_w=1.02 Walls=0.00041(x10) g_ns/g_walls=0.394 Windows=0.00067 Doors=0.00014 IC=0.00000 CO2_BC=0.00006 LR=9.04e-05 nu=0.01 NSraw=0.3552 alpha(W1/W8/all)=0.59/0.39/0.48 | 0.85 it/s
[Iter 45640/50000] Total=0.07974 | NS=0.07381 CO2(scaled)=0.00057 CO2_weight=1.00 guide_w=1.02 Walls=0.00047(x10) g_ns/g_walls=0.394 Windows=0.00051 Doors=0.00012 IC=0.00000 CO2_BC=0.00006 LR=9.03e-05 nu=0.01 NSraw=0.2952 alpha(W1/W8/all)=0.59/0.39/0.48 | 0.85 it/s
[Iter 45650/50000] Total=0.04515 | NS=0.04137 CO2(scaled)=0.00057 CO2_weight=1.00 guide_w=1.02 Walls=0.00025(x10) g_ns/g_walls=0.394 Windows=0.00053 Doors=0.00012 IC=0.00000 CO2_BC=0.00005 LR=9.03e-05 nu=0.01 NSraw=0.1568 alpha(W1/W8/all)=0.59/0.39/0.48 | 0.85 it/s
[Iter 45660/50000] Total=0.03808 | NS=0.03511 CO2(scaled)=0.00057 CO2_weight=1.00 guide_w=1.02 Walls=0.00018(x10) g_ns/g_walls=0.394 Windows=0.00036 Doors=0.00014 IC=0.00000 CO2_BC=0.00005 LR=9.02e-05 nu=0.01 NSraw=0.09771 alpha(W1/W8/all)=0.59/0.39/0.48 | 0.85 it/s
[Iter 45670/50000] Total=0.03667 | NS=0.03282 CO2(scaled)=0.00049 CO2_weight=1.00 guide_w=1.02 Walls=0.00025(x10) g_ns/g_walls=0.394 Windows=0.00065 Doors=0.00017 IC=0.00000 CO2_BC=0.00005 LR=9.02e-05 nu=0.01 NSraw=0.1012 alpha(W1/W8/all)=0.59/0.39/0.48 | 0.85 it/s
[Iter 45680/50000] Total=0.04146 | NS=0.03205 CO2(scaled)=0.00067 CO2_weight=1.00 guide_w=1.02 Walls=0.00076(x10) g_ns/g_walls=0.394 Windows=0.00093 Doors=0.00014 IC=0.00000 CO2_BC=0.00005 LR=9.01e-05 nu=0.01 NSraw=0.0873 alpha(W1/W8/all)=0.59/0.39/0.48 | 0.85 it/s
[Iter 45690/50000] Total=0.02592 | NS=0.02128 CO2(scaled)=0.00067 CO2_weight=1.00 guide_w=1.02 Walls=0.00034(x10) g_ns/g_walls=0.394 Windows=0.00043 Doors=0.00011 IC=0.00000 CO2_BC=0.00005 LR=9.01e-05 nu=0.01 NSraw=0.03669 alpha(W1/W8/all)=0.59/0.39/0.48 | 0.85 it/s
[Iter 45700/50000] Total=0.04250 | NS=0.03735 CO2(scaled)=0.00063 CO2_weight=1.00 guide_w=4.29 Walls=0.00036(x10) g_ns/g_walls=0.557 Windows=0.00078 Doors=0.00013 IC=0.00000 CO2_BC=0.00005 LR=9.00e-05 nu=0.01 NSraw=0.09684 alpha(W1/W8/all)=0.59/0.39/0.48 | 0.85 it/s
[Iter 45710/50000] Total=0.05126 | NS=0.04773 CO2(scaled)=0.00058 CO2_weight=1.00 guide_w=4.29 Walls=0.00021(x10) g_ns/g_walls=0.557 Windows=0.00069 Doors=0.00016 IC=0.00000 CO2_BC=0.00005 LR=9.00e-05 nu=0.01 NSraw=0.1257 alpha(W1/W8/all)=0.59/0.39/0.48 | 0.85 it/s
[Iter 45720/50000] Total=0.03664 | NS=0.03307 CO2(scaled)=0.00049 CO2_weight=1.00 guide_w=4.29 Walls=0.00022(x10) g_ns/g_walls=0.557 Windows=0.00064 Doors=0.00019 IC=0.00000 CO2_BC=0.00005 LR=8.99e-05 nu=0.01 NSraw=0.08021 alpha(W1/W8/all)=0.59/0.39/0.48 | 0.85 it/s
[Iter 45730/50000] Total=0.01412 | NS=0.01127 CO2(scaled)=0.00044 CO2_weight=1.00 guide_w=4.29 Walls=0.00016(x10) g_ns/g_walls=0.557 Windows=0.00060 Doors=0.00010 IC=0.00000 CO2_BC=0.00006 LR=8.99e-05 nu=0.01 NSraw=0.01271 alpha(W1/W8/all)=0.59/0.39/0.48 | 0.85 it/s
[Iter 45740/50000] Total=0.14916 | NS=0.14555 CO2(scaled)=0.00056 CO2_weight=1.00 guide_w=4.29 Walls=0.00022(x10) g_ns/g_walls=0.557 Windows=0.00061 Doors=0.00013 IC=0.00000 CO2_BC=0.00006 LR=8.99e-05 nu=0.01 NSraw=3.871 alpha(W1/W8/all)=0.59/0.39/0.48 | 0.85 it/s
[Iter 45750/50000] Total=0.01482 | NS=0.01048 CO2(scaled)=0.00050 CO2_weight=1.00 guide_w=4.29 Walls=0.00030(x10) g_ns/g_walls=0.557 Windows=0.00059 Doors=0.00014 IC=0.00000 CO2_BC=0.00005 LR=8.98e-05 nu=0.01 NSraw=0.01296 alpha(W1/W8/all)=0.59/0.39/0.48 | 0.85 it/s
[Iter 45760/50000] Total=0.05663 | NS=0.05079 CO2(scaled)=0.00076 CO2_weight=1.00 guide_w=4.29 Walls=0.00043(x10) g_ns/g_walls=0.557 Windows=0.00066 Doors=0.00011 IC=0.00000 CO2_BC=0.00005 LR=8.98e-05 nu=0.01 NSraw=0.2011 alpha(W1/W8/all)=0.59/0.39/0.48 | 0.85 it/s
[Iter 45770/50000] Total=0.02856 | NS=0.02038 CO2(scaled)=0.00132 CO2_weight=1.00 guide_w=4.29 Walls=0.00058(x10) g_ns/g_walls=0.557 Windows=0.00093 Doors=0.00010 IC=0.00000 CO2_BC=0.00006 LR=8.97e-05 nu=0.01 NSraw=0.04603 alpha(W1/W8/all)=0.59/0.39/0.48 | 0.85 it/s
[Iter 45780/50000] Total=0.01871 | NS=0.01209 CO2(scaled)=0.00088 CO2_weight=1.00 guide_w=4.29 Walls=0.00048(x10) g_ns/g_walls=0.557 Windows=0.00074 Doors=0.00011 IC=0.00000 CO2_BC=0.00006 LR=8.97e-05 nu=0.01 NSraw=0.01578 alpha(W1/W8/all)=0.59/0.39/0.48 | 0.85 it/s
[Iter 45790/50000] Total=0.47106 | NS=0.46752 CO2(scaled)=0.00075 CO2_weight=1.00 guide_w=4.29 Walls=0.00019(x10) g_ns/g_walls=0.557 Windows=0.00072 Doors=0.00014 IC=0.00000 CO2_BC=0.00007 LR=8.96e-05 nu=0.01 NSraw=34.58 alpha(W1/W8/all)=0.59/0.39/0.48 | 0.85 it/s
[Iter 45800/50000] Total=0.04519 | NS=0.03755 CO2(scaled)=0.00069 CO2_weight=1.00 guide_w=12.8 Walls=0.00057(x10) g_ns/g_walls=0.728 Windows=0.00100 Doors=0.00015 IC=0.00000 CO2_BC=0.00006 LR=8.96e-05 nu=0.01 NSraw=0.1145 alpha(W1/W8/all)=0.59/0.39/0.48 | 0.85 it/s
[Iter 45810/50000] Total=0.04508 | NS=0.04177 CO2(scaled)=0.00059 CO2_weight=1.00 guide_w=12.8 Walls=0.00019(x10) g_ns/g_walls=0.728 Windows=0.00063 Doors=0.00012 IC=0.00000 CO2_BC=0.00006 LR=8.95e-05 nu=0.01 NSraw=0.09868 alpha(W1/W8/all)=0.59/0.39/0.48 | 0.85 it/s
[Iter 45820/50000] Total=0.09319 | NS=0.08919 CO2(scaled)=0.00057 CO2_weight=1.00 guide_w=12.8 Walls=0.00027(x10) g_ns/g_walls=0.728 Windows=0.00053 Doors=0.00012 IC=0.00000 CO2_BC=0.00006 LR=8.95e-05 nu=0.01 NSraw=0.6438 alpha(W1/W8/all)=0.59/0.39/0.48 | 0.85 it/s
[Iter 45830/50000] Total=0.03798 | NS=0.03553 CO2(scaled)=0.00058 CO2_weight=1.00 guide_w=12.8 Walls=0.00012(x10) g_ns/g_walls=0.728 Windows=0.00050 Doors=0.00012 IC=0.00000 CO2_BC=0.00005 LR=8.94e-05 nu=0.01 NSraw=0.09726 alpha(W1/W8/all)=0.59/0.39/0.48 | 0.85 it/s
[Iter 45840/50000] Total=0.08677 | NS=0.08173 CO2(scaled)=0.00056 CO2_weight=1.00 guide_w=12.8 Walls=0.00036(x10) g_ns/g_walls=0.728 Windows=0.00069 Doors=0.00011 IC=0.00000 CO2_BC=0.00005 LR=8.94e-05 nu=0.01 NSraw=0.378 alpha(W1/W8/all)=0.59/0.39/0.48 | 0.85 it/s
[Iter 45850/50000] Total=0.07880 | NS=0.07684 CO2(scaled)=0.00048 CO2_weight=1.00 guide_w=12.8 Walls=0.00008(x10) g_ns/g_walls=0.728 Windows=0.00052 Doors=0.00011 IC=0.00000 CO2_BC=0.00005 LR=8.93e-05 nu=0.01 NSraw=0.8658 alpha(W1/W8/all)=0.59/0.39/0.48 | 0.85 it/s
[Iter 45860/50000] Total=0.02148 | NS=0.01919 CO2(scaled)=0.00047 CO2_weight=1.00 guide_w=12.8 Walls=0.00012(x10) g_ns/g_walls=0.728 Windows=0.00038 Doors=0.00013 IC=0.00000 CO2_BC=0.00007 LR=8.93e-05 nu=0.01 NSraw=0.03428 alpha(W1/W8/all)=0.59/0.39/0.48 | 0.85 it/s
[Iter 45870/50000] Total=0.03229 | NS=0.02916 CO2(scaled)=0.00078 CO2_weight=1.00 guide_w=12.8 Walls=0.00017(x10) g_ns/g_walls=0.728 Windows=0.00042 Doors=0.00014 IC=0.00000 CO2_BC=0.00005 LR=8.92e-05 nu=0.01 NSraw=0.05238 alpha(W1/W8/all)=0.59/0.39/0.48 | 0.85 it/s
[Iter 45880/50000] Total=0.18635 | NS=0.18254 CO2(scaled)=0.00109 CO2_weight=1.00 guide_w=12.8 Walls=0.00021(x10) g_ns/g_walls=0.728 Windows=0.00050 Doors=0.00010 IC=0.00000 CO2_BC=0.00005 LR=8.92e-05 nu=0.01 NSraw=6.717 alpha(W1/W8/all)=0.59/0.39/0.48 | 0.85 it/s
[Iter 45890/50000] Total=0.07739 | NS=0.07484 CO2(scaled)=0.00051 CO2_weight=1.00 guide_w=12.8 Walls=0.00013(x10) g_ns/g_walls=0.728 Windows=0.00058 Doors=0.00014 IC=0.00000 CO2_BC=0.00005 LR=8.91e-05 nu=0.01 NSraw=0.3116 alpha(W1/W8/all)=0.59/0.39/0.48 | 0.85 it/s
[Iter 45900/50000] Total=0.04448 | NS=0.03896 CO2(scaled)=0.00064 CO2_weight=1.00 guide_w=1.94 Walls=0.00041(x10) g_ns/g_walls=0.374 Windows=0.00058 Doors=0.00013 IC=0.00000 CO2_BC=0.00007 LR=8.91e-05 nu=0.01 NSraw=0.1057 alpha(W1/W8/all)=0.59/0.39/0.48 | 0.85 it/s
[Iter 45910/50000] Total=0.05375 | NS=0.05110 CO2(scaled)=0.00064 CO2_weight=1.00 guide_w=1.94 Walls=0.00013(x10) g_ns/g_walls=0.374 Windows=0.00048 Doors=0.00012 IC=0.00000 CO2_BC=0.00005 LR=8.91e-05 nu=0.01 NSraw=0.2256 alpha(W1/W8/all)=0.59/0.39/0.48 | 0.85 it/s
[Iter 45920/50000] Total=0.21334 | NS=0.20970 CO2(scaled)=0.00066 CO2_weight=1.00 guide_w=1.94 Walls=0.00023(x10) g_ns/g_walls=0.374 Windows=0.00046 Doors=0.00012 IC=0.00000 CO2_BC=0.00005 LR=8.90e-05 nu=0.01 NSraw=7.091 alpha(W1/W8/all)=0.59/0.39/0.48 | 0.85 it/s
[Iter 45930/50000] Total=0.33234 | NS=0.32901 CO2(scaled)=0.00051 CO2_weight=1.00 guide_w=1.94 Walls=0.00020(x10) g_ns/g_walls=0.374 Windows=0.00059 Doors=0.00015 IC=0.00000 CO2_BC=0.00006 LR=8.90e-05 nu=0.01 NSraw=21.29 alpha(W1/W8/all)=0.59/0.39/0.48 | 0.85 it/s
[Iter 45940/50000] Total=0.04671 | NS=0.04137 CO2(scaled)=0.00045 CO2_weight=1.00 guide_w=1.94 Walls=0.00042(x10) g_ns/g_walls=0.374 Windows=0.00057 Doors=0.00012 IC=0.00000 CO2_BC=0.00006 LR=8.89e-05 nu=0.01 NSraw=0.126 alpha(W1/W8/all)=0.59/0.39/0.48 | 0.85 it/s
[Iter 45950/50000] Total=0.08296 | NS=0.07961 CO2(scaled)=0.00093 CO2_weight=1.00 guide_w=1.94 Walls=0.00017(x10) g_ns/g_walls=0.374 Windows=0.00052 Doors=0.00014 IC=0.00000 CO2_BC=0.00005 LR=8.89e-05 nu=0.01 NSraw=0.6693 alpha(W1/W8/all)=0.59/0.39/0.48 | 0.85 it/s
[Iter 45960/50000] Total=0.14367 | NS=0.13781 CO2(scaled)=0.00070 CO2_weight=1.00 guide_w=1.94 Walls=0.00040(x10) g_ns/g_walls=0.374 Windows=0.00089 Doors=0.00018 IC=0.00000 CO2_BC=0.00006 LR=8.88e-05 nu=0.01 NSraw=1.74 alpha(W1/W8/all)=0.59/0.39/0.48 | 0.85 it/s
[Iter 45970/50000] Total=0.03820 | NS=0.03567 CO2(scaled)=0.00049 CO2_weight=1.00 guide_w=1.94 Walls=0.00013(x10) g_ns/g_walls=0.374 Windows=0.00056 Doors=0.00014 IC=0.00000 CO2_BC=0.00005 LR=8.88e-05 nu=0.01 NSraw=0.1094 alpha(W1/W8/all)=0.59/0.39/0.48 | 0.85 it/s
[Iter 45980/50000] Total=0.02430 | NS=0.02092 CO2(scaled)=0.00057 CO2_weight=1.00 guide_w=1.94 Walls=0.00021(x10) g_ns/g_walls=0.374 Windows=0.00054 Doors=0.00014 IC=0.00000 CO2_BC=0.00006 LR=8.87e-05 nu=0.01 NSraw=0.02648 alpha(W1/W8/all)=0.59/0.39/0.48 | 0.85 it/s
[Iter 45990/50000] Total=0.05481 | NS=0.05085 CO2(scaled)=0.00063 CO2_weight=1.00 guide_w=1.94 Walls=0.00026(x10) g_ns/g_walls=0.374 Windows=0.00051 Doors=0.00013 IC=0.00000 CO2_BC=0.00005 LR=8.87e-05 nu=0.01 NSraw=0.2737 alpha(W1/W8/all)=0.59/0.39/0.48 | 0.85 it/s
[Iter 46000/50000] Total=0.03264 | NS=0.02839 CO2(scaled)=0.00059 CO2_weight=1.00 guide_w=26.5 Walls=0.00028(x10) g_ns/g_walls=0.58 Windows=0.00069 Doors=0.00015 IC=0.00000 CO2_BC=0.00005 LR=8.86e-05 nu=0.01 NSraw=0.07361 alpha(W1/W8/all)=0.59/0.39/0.48 | 0.85 it/s
  -> saved checkpoint: /home/iai-labor/BuildingControlCFD/experiments/gnot/checkpoints/v24_fixedalpha_r50k/gnot_v24_fixedalpha_r50k_iter46000.pth
[Iter 46010/50000] Total=0.08740 | NS=0.07999 CO2(scaled)=0.00047 CO2_weight=1.00 guide_w=26.5 Walls=0.00061(x10) g_ns/g_walls=0.58 Windows=0.00069 Doors=0.00015 IC=0.00000 CO2_BC=0.00004 LR=8.86e-05 nu=0.01 NSraw=0.5768 alpha(W1/W8/all)=0.59/0.39/0.48 | 0.85 it/s
[Iter 46020/50000] Total=0.04758 | NS=0.04475 CO2(scaled)=0.00061 CO2_weight=1.00 guide_w=26.5 Walls=0.00016(x10) g_ns/g_walls=0.58 Windows=0.00043 Doors=0.00014 IC=0.00000 CO2_BC=0.00005 LR=8.85e-05 nu=0.01 NSraw=0.1481 alpha(W1/W8/all)=0.59/0.39/0.48 | 0.85 it/s
[Iter 46030/50000] Total=0.08754 | NS=0.08494 CO2(scaled)=0.00048 CO2_weight=1.00 guide_w=26.5 Walls=0.00015(x10) g_ns/g_walls=0.58 Windows=0.00042 Doors=0.00014 IC=0.00000 CO2_BC=0.00005 LR=8.85e-05 nu=0.01 NSraw=0.3628 alpha(W1/W8/all)=0.59/0.39/0.48 | 0.85 it/s
[Iter 46040/50000] Total=0.03062 | NS=0.02759 CO2(scaled)=0.00059 CO2_weight=1.00 guide_w=26.5 Walls=0.00017(x10) g_ns/g_walls=0.58 Windows=0.00049 Doors=0.00017 IC=0.00000 CO2_BC=0.00005 LR=8.84e-05 nu=0.01 NSraw=0.1062 alpha(W1/W8/all)=0.59/0.39/0.48 | 0.85 it/s
[Iter 46050/50000] Total=0.05496 | NS=0.05021 CO2(scaled)=0.00069 CO2_weight=1.00 guide_w=26.5 Walls=0.00034(x10) g_ns/g_walls=0.58 Windows=0.00052 Doors=0.00012 IC=0.00000 CO2_BC=0.00005 LR=8.84e-05 nu=0.01 NSraw=0.2651 alpha(W1/W8/all)=0.59/0.39/0.48 | 0.85 it/s
[Iter 46060/50000] Total=0.21760 | NS=0.20888 CO2(scaled)=0.00070 CO2_weight=1.00 guide_w=26.5 Walls=0.00068(x10) g_ns/g_walls=0.58 Windows=0.00098 Doors=0.00017 IC=0.00000 CO2_BC=0.00006 LR=8.83e-05 nu=0.01 NSraw=6.009 alpha(W1/W8/all)=0.59/0.39/0.48 | 0.85 it/s
[Iter 46070/50000] Total=0.04433 | NS=0.03641 CO2(scaled)=0.00061 CO2_weight=1.00 guide_w=26.5 Walls=0.00066(x10) g_ns/g_walls=0.58 Windows=0.00045 Doors=0.00019 IC=0.00000 CO2_BC=0.00005 LR=8.83e-05 nu=0.01 NSraw=0.07423 alpha(W1/W8/all)=0.59/0.39/0.48 | 0.85 it/s
[Iter 46080/50000] Total=0.01812 | NS=0.01414 CO2(scaled)=0.00048 CO2_weight=1.00 guide_w=26.5 Walls=0.00026(x10) g_ns/g_walls=0.58 Windows=0.00068 Doors=0.00012 IC=0.00000 CO2_BC=0.00005 LR=8.83e-05 nu=0.01 NSraw=0.01747 alpha(W1/W8/all)=0.59/0.39/0.48 | 0.85 it/s
[Iter 46090/50000] Total=0.17803 | NS=0.17541 CO2(scaled)=0.00050 CO2_weight=1.00 guide_w=26.5 Walls=0.00015(x10) g_ns/g_walls=0.58 Windows=0.00047 Doors=0.00013 IC=0.00000 CO2_BC=0.00005 LR=8.82e-05 nu=0.01 NSraw=4.773 alpha(W1/W8/all)=0.59/0.39/0.48 | 0.85 it/s
[Iter 46100/50000] Total=0.02572 | NS=0.02275 CO2(scaled)=0.00060 CO2_weight=1.00 guide_w=2.04 Walls=0.00017(x10) g_ns/g_walls=0.515 Windows=0.00044 Doors=0.00016 IC=0.00000 CO2_BC=0.00005 LR=8.82e-05 nu=0.01 NSraw=0.03646 alpha(W1/W8/all)=0.59/0.39/0.48 | 0.85 it/s
[Iter 46110/50000] Total=0.03232 | NS=0.02924 CO2(scaled)=0.00053 CO2_weight=1.00 guide_w=2.04 Walls=0.00018(x10) g_ns/g_walls=0.515 Windows=0.00053 Doors=0.00014 IC=0.00000 CO2_BC=0.00005 LR=8.81e-05 nu=0.01 NSraw=0.05927 alpha(W1/W8/all)=0.59/0.39/0.48 | 0.85 it/s
[Iter 46120/50000] Total=0.29607 | NS=0.29023 CO2(scaled)=0.00109 CO2_weight=1.00 guide_w=2.04 Walls=0.00039(x10) g_ns/g_walls=0.515 Windows=0.00061 Doors=0.00014 IC=0.00000 CO2_BC=0.00006 LR=8.81e-05 nu=0.01 NSraw=8.672 alpha(W1/W8/all)=0.59/0.39/0.48 | 0.85 it/s
[Iter 46130/50000] Total=0.04212 | NS=0.03718 CO2(scaled)=0.00076 CO2_weight=1.00 guide_w=2.04 Walls=0.00034(x10) g_ns/g_walls=0.515 Windows=0.00062 Doors=0.00011 IC=0.00000 CO2_BC=0.00006 LR=8.80e-05 nu=0.01 NSraw=0.0834 alpha(W1/W8/all)=0.59/0.39/0.48 | 0.85 it/s
[Iter 46140/50000] Total=0.18472 | NS=0.17945 CO2(scaled)=0.00058 CO2_weight=1.00 guide_w=2.04 Walls=0.00039(x10) g_ns/g_walls=0.515 Windows=0.00068 Doors=0.00009 IC=0.00000 CO2_BC=0.00005 LR=8.80e-05 nu=0.01 NSraw=3.531 alpha(W1/W8/all)=0.59/0.39/0.48 | 0.85 it/s
[Iter 46150/50000] Total=0.02105 | NS=0.01532 CO2(scaled)=0.00093 CO2_weight=1.00 guide_w=2.04 Walls=0.00038(x10) g_ns/g_walls=0.515 Windows=0.00077 Doors=0.00013 IC=0.00000 CO2_BC=0.00006 LR=8.79e-05 nu=0.01 NSraw=0.02176 alpha(W1/W8/all)=0.59/0.39/0.48 | 0.85 it/s
[Iter 46160/50000] Total=0.03148 | NS=0.02767 CO2(scaled)=0.00052 CO2_weight=1.00 guide_w=2.04 Walls=0.00027(x10) g_ns/g_walls=0.515 Windows=0.00044 Doors=0.00013 IC=0.00000 CO2_BC=0.00005 LR=8.79e-05 nu=0.01 NSraw=0.04325 alpha(W1/W8/all)=0.59/0.39/0.48 | 0.85 it/s
[Iter 46170/50000] Total=0.05821 | NS=0.04936 CO2(scaled)=0.00108 CO2_weight=1.00 guide_w=2.04 Walls=0.00068(x10) g_ns/g_walls=0.515 Windows=0.00078 Doors=0.00017 IC=0.00000 CO2_BC=0.00005 LR=8.78e-05 nu=0.01 NSraw=0.2244 alpha(W1/W8/all)=0.59/0.39/0.48 | 0.85 it/s
[Iter 46180/50000] Total=0.14926 | NS=0.14437 CO2(scaled)=0.00085 CO2_weight=1.00 guide_w=2.04 Walls=0.00033(x10) g_ns/g_walls=0.515 Windows=0.00058 Doors=0.00015 IC=0.00000 CO2_BC=0.00004 LR=8.78e-05 nu=0.01 NSraw=2.932 alpha(W1/W8/all)=0.59/0.39/0.48 | 0.85 it/s
[Iter 46190/50000] Total=0.03347 | NS=0.03096 CO2(scaled)=0.00045 CO2_weight=1.00 guide_w=2.04 Walls=0.00014(x10) g_ns/g_walls=0.515 Windows=0.00052 Doors=0.00010 IC=0.00000 CO2_BC=0.00007 LR=8.77e-05 nu=0.01 NSraw=0.0491 alpha(W1/W8/all)=0.59/0.39/0.48 | 0.85 it/s
[Iter 46200/50000] Total=0.02761 | NS=0.02349 CO2(scaled)=0.00067 CO2_weight=1.00 guide_w=1.48 Walls=0.00026(x10) g_ns/g_walls=0.416 Windows=0.00070 Doors=0.00013 IC=0.00000 CO2_BC=0.00004 LR=8.77e-05 nu=0.01 NSraw=0.04231 alpha(W1/W8/all)=0.59/0.39/0.48 | 0.85 it/s
[Iter 46210/50000] Total=0.04315 | NS=0.03893 CO2(scaled)=0.00052 CO2_weight=1.00 guide_w=1.48 Walls=0.00029(x10) g_ns/g_walls=0.416 Windows=0.00064 Doors=0.00012 IC=0.00000 CO2_BC=0.00005 LR=8.77e-05 nu=0.01 NSraw=0.07732 alpha(W1/W8/all)=0.59/0.39/0.48 | 0.85 it/s
[Iter 46220/50000] Total=0.17219 | NS=0.16536 CO2(scaled)=0.00084 CO2_weight=1.00 guide_w=1.48 Walls=0.00051(x10) g_ns/g_walls=0.416 Windows=0.00070 Doors=0.00012 IC=0.00000 CO2_BC=0.00005 LR=8.76e-05 nu=0.01 NSraw=3.917 alpha(W1/W8/all)=0.59/0.39/0.48 | 0.85 it/s
[Iter 46230/50000] Total=0.03945 | NS=0.03472 CO2(scaled)=0.00047 CO2_weight=1.00 guide_w=1.48 Walls=0.00034(x10) g_ns/g_walls=0.416 Windows=0.00059 Doors=0.00016 IC=0.00000 CO2_BC=0.00007 LR=8.76e-05 nu=0.01 NSraw=0.09304 alpha(W1/W8/all)=0.59/0.39/0.48 | 0.85 it/s
[Iter 46240/50000] Total=0.05250 | NS=0.04692 CO2(scaled)=0.00081 CO2_weight=1.00 guide_w=1.48 Walls=0.00040(x10) g_ns/g_walls=0.416 Windows=0.00053 Doors=0.00017 IC=0.00000 CO2_BC=0.00005 LR=8.75e-05 nu=0.01 NSraw=0.149 alpha(W1/W8/all)=0.59/0.39/0.48 | 0.85 it/s
[Iter 46250/50000] Total=0.05420 | NS=0.05074 CO2(scaled)=0.00076 CO2_weight=1.00 guide_w=1.48 Walls=0.00020(x10) g_ns/g_walls=0.416 Windows=0.00051 Doors=0.00017 IC=0.00000 CO2_BC=0.00005 LR=8.75e-05 nu=0.01 NSraw=0.1655 alpha(W1/W8/all)=0.59/0.39/0.48 | 0.85 it/s
[Iter 46260/50000] Total=0.11117 | NS=0.10582 CO2(scaled)=0.00057 CO2_weight=1.00 guide_w=1.48 Walls=0.00040(x10) g_ns/g_walls=0.416 Windows=0.00054 Doors=0.00014 IC=0.00000 CO2_BC=0.00005 LR=8.74e-05 nu=0.01 NSraw=1.109 alpha(W1/W8/all)=0.59/0.39/0.48 | 0.85 it/s
[Iter 46270/50000] Total=0.03177 | NS=0.02628 CO2(scaled)=0.00051 CO2_weight=1.00 guide_w=1.48 Walls=0.00043(x10) g_ns/g_walls=0.416 Windows=0.00047 Doors=0.00011 IC=0.00000 CO2_BC=0.00006 LR=8.74e-05 nu=0.01 NSraw=0.05881 alpha(W1/W8/all)=0.59/0.39/0.48 | 0.85 it/s
[Iter 46280/50000] Total=0.02538 | NS=0.02202 CO2(scaled)=0.00051 CO2_weight=1.00 guide_w=1.48 Walls=0.00021(x10) g_ns/g_walls=0.416 Windows=0.00057 Doors=0.00014 IC=0.00000 CO2_BC=0.00005 LR=8.73e-05 nu=0.01 NSraw=0.03381 alpha(W1/W8/all)=0.59/0.39/0.48 | 0.85 it/s
[Iter 46290/50000] Total=0.02959 | NS=0.02391 CO2(scaled)=0.00071 CO2_weight=1.00 guide_w=1.48 Walls=0.00039(x10) g_ns/g_walls=0.416 Windows=0.00093 Doors=0.00013 IC=0.00000 CO2_BC=0.00005 LR=8.73e-05 nu=0.01 NSraw=0.03581 alpha(W1/W8/all)=0.59/0.39/0.48 | 0.85 it/s
[Iter 46300/50000] Total=0.02300 | NS=0.01930 CO2(scaled)=0.00056 CO2_weight=1.00 guide_w=2.36 Walls=0.00023(x10) g_ns/g_walls=0.243 Windows=0.00060 Doors=0.00013 IC=0.00000 CO2_BC=0.00006 LR=8.72e-05 nu=0.01 NSraw=0.03744 alpha(W1/W8/all)=0.59/0.39/0.48 | 0.85 it/s
[Iter 46310/50000] Total=0.05273 | NS=0.04922 CO2(scaled)=0.00056 CO2_weight=1.00 guide_w=2.36 Walls=0.00022(x10) g_ns/g_walls=0.243 Windows=0.00055 Doors=0.00020 IC=0.00000 CO2_BC=0.00005 LR=8.72e-05 nu=0.01 NSraw=0.1744 alpha(W1/W8/all)=0.59/0.39/0.48 | 0.85 it/s
[Iter 46320/50000] Total=0.03044 | NS=0.02739 CO2(scaled)=0.00062 CO2_weight=1.00 guide_w=2.36 Walls=0.00018(x10) g_ns/g_walls=0.243 Windows=0.00046 Doors=0.00012 IC=0.00000 CO2_BC=0.00005 LR=8.71e-05 nu=0.01 NSraw=0.06967 alpha(W1/W8/all)=0.59/0.39/0.48 | 0.85 it/s
[Iter 46330/50000] Total=0.02959 | NS=0.02409 CO2(scaled)=0.00041 CO2_weight=1.00 guide_w=2.36 Walls=0.00042(x10) g_ns/g_walls=0.243 Windows=0.00069 Doors=0.00014 IC=0.00000 CO2_BC=0.00005 LR=8.71e-05 nu=0.01 NSraw=0.05873 alpha(W1/W8/all)=0.59/0.39/0.48 | 0.85 it/s
[Iter 46340/50000] Total=0.03033 | NS=0.02638 CO2(scaled)=0.00041 CO2_weight=1.00 guide_w=2.36 Walls=0.00028(x10) g_ns/g_walls=0.243 Windows=0.00057 Doors=0.00016 IC=0.00000 CO2_BC=0.00006 LR=8.71e-05 nu=0.01 NSraw=0.07005 alpha(W1/W8/all)=0.59/0.39/0.48 | 0.85 it/s
[Iter 46350/50000] Total=0.05536 | NS=0.04879 CO2(scaled)=0.00057 CO2_weight=1.00 guide_w=2.36 Walls=0.00050(x10) g_ns/g_walls=0.243 Windows=0.00079 Doors=0.00012 IC=0.00000 CO2_BC=0.00005 LR=8.70e-05 nu=0.01 NSraw=0.1773 alpha(W1/W8/all)=0.59/0.39/0.48 | 0.85 it/s
[Iter 46360/50000] Total=0.04638 | NS=0.04278 CO2(scaled)=0.00048 CO2_weight=1.00 guide_w=2.36 Walls=0.00024(x10) g_ns/g_walls=0.243 Windows=0.00051 Doors=0.00017 IC=0.00000 CO2_BC=0.00006 LR=8.70e-05 nu=0.01 NSraw=0.1345 alpha(W1/W8/all)=0.59/0.39/0.48 | 0.85 it/s
[Iter 46370/50000] Total=0.05776 | NS=0.04935 CO2(scaled)=0.00054 CO2_weight=1.00 guide_w=2.36 Walls=0.00072(x10) g_ns/g_walls=0.243 Windows=0.00040 Doors=0.00020 IC=0.00000 CO2_BC=0.00005 LR=8.69e-05 nu=0.01 NSraw=0.1229 alpha(W1/W8/all)=0.59/0.39/0.48 | 0.85 it/s
[Iter 46380/50000] Total=0.03997 | NS=0.03663 CO2(scaled)=0.00055 CO2_weight=1.00 guide_w=2.36 Walls=0.00021(x10) g_ns/g_walls=0.243 Windows=0.00044 Doors=0.00015 IC=0.00000 CO2_BC=0.00006 LR=8.69e-05 nu=0.01 NSraw=0.1022 alpha(W1/W8/all)=0.59/0.39/0.48 | 0.85 it/s
[Iter 46390/50000] Total=0.41468 | NS=0.41138 CO2(scaled)=0.00051 CO2_weight=1.00 guide_w=2.36 Walls=0.00019(x10) g_ns/g_walls=0.243 Windows=0.00064 Doors=0.00016 IC=0.00000 CO2_BC=0.00005 LR=8.68e-05 nu=0.01 NSraw=33.93 alpha(W1/W8/all)=0.59/0.39/0.48 | 0.85 it/s
[Iter 46400/50000] Total=0.06693 | NS=0.05823 CO2(scaled)=0.00052 CO2_weight=1.00 guide_w=49.8 Walls=0.00071(x10) g_ns/g_walls=2.01 Windows=0.00087 Doors=0.00014 IC=0.00000 CO2_BC=0.00006 LR=8.68e-05 nu=0.01 NSraw=0.2263 alpha(W1/W8/all)=0.59/0.39/0.48 | 0.85 it/s
[Iter 46410/50000] Total=0.08096 | NS=0.07575 CO2(scaled)=0.00053 CO2_weight=1.00 guide_w=49.8 Walls=0.00038(x10) g_ns/g_walls=2.01 Windows=0.00070 Doors=0.00014 IC=0.00000 CO2_BC=0.00005 LR=8.67e-05 nu=0.01 NSraw=0.3539 alpha(W1/W8/all)=0.59/0.39/0.48 | 0.85 it/s
[Iter 46420/50000] Total=0.20952 | NS=0.20356 CO2(scaled)=0.00044 CO2_weight=1.00 guide_w=49.8 Walls=0.00047(x10) g_ns/g_walls=2.01 Windows=0.00067 Doors=0.00010 IC=0.00000 CO2_BC=0.00006 LR=8.67e-05 nu=0.01 NSraw=4.033 alpha(W1/W8/all)=0.59/0.39/0.48 | 0.85 it/s
[Iter 46430/50000] Total=0.38183 | NS=0.37883 CO2(scaled)=0.00042 CO2_weight=1.00 guide_w=49.8 Walls=0.00020(x10) g_ns/g_walls=2.01 Windows=0.00043 Doors=0.00014 IC=0.00000 CO2_BC=0.00005 LR=8.66e-05 nu=0.01 NSraw=28.45 alpha(W1/W8/all)=0.59/0.39/0.48 | 0.85 it/s
[Iter 46440/50000] Total=0.06484 | NS=0.06112 CO2(scaled)=0.00045 CO2_weight=1.00 guide_w=49.8 Walls=0.00026(x10) g_ns/g_walls=2.01 Windows=0.00046 Doors=0.00013 IC=0.00000 CO2_BC=0.00005 LR=8.66e-05 nu=0.01 NSraw=0.2728 alpha(W1/W8/all)=0.59/0.39/0.48 | 0.85 it/s
[Iter 46450/50000] Total=0.03817 | NS=0.03584 CO2(scaled)=0.00053 CO2_weight=1.00 guide_w=49.8 Walls=0.00011(x10) g_ns/g_walls=2.01 Windows=0.00051 Doors=0.00012 IC=0.00000 CO2_BC=0.00005 LR=8.66e-05 nu=0.01 NSraw=0.08529 alpha(W1/W8/all)=0.59/0.39/0.48 | 0.85 it/s
[Iter 46460/50000] Total=0.03761 | NS=0.03340 CO2(scaled)=0.00055 CO2_weight=1.00 guide_w=49.8 Walls=0.00029(x10) g_ns/g_walls=2.01 Windows=0.00054 Doors=0.00015 IC=0.00000 CO2_BC=0.00005 LR=8.65e-05 nu=0.01 NSraw=0.08996 alpha(W1/W8/all)=0.59/0.39/0.48 | 0.85 it/s
[Iter 46470/50000] Total=0.02381 | NS=0.02079 CO2(scaled)=0.00055 CO2_weight=1.00 guide_w=49.8 Walls=0.00019(x10) g_ns/g_walls=2.01 Windows=0.00036 Doors=0.00013 IC=0.00000 CO2_BC=0.00006 LR=8.65e-05 nu=0.01 NSraw=0.03487 alpha(W1/W8/all)=0.59/0.39/0.48 | 0.85 it/s
[Iter 46480/50000] Total=0.07539 | NS=0.07287 CO2(scaled)=0.00045 CO2_weight=1.00 guide_w=49.8 Walls=0.00014(x10) g_ns/g_walls=2.01 Windows=0.00046 Doors=0.00016 IC=0.00000 CO2_BC=0.00005 LR=8.64e-05 nu=0.01 NSraw=0.2792 alpha(W1/W8/all)=0.59/0.39/0.48 | 0.85 it/s
[Iter 46490/50000] Total=0.04027 | NS=0.03658 CO2(scaled)=0.00060 CO2_weight=1.00 guide_w=49.8 Walls=0.00022(x10) g_ns/g_walls=2.01 Windows=0.00064 Doors=0.00017 IC=0.00000 CO2_BC=0.00006 LR=8.64e-05 nu=0.01 NSraw=0.09959 alpha(W1/W8/all)=0.59/0.39/0.48 | 0.85 it/s
[Iter 46500/50000] Total=0.03299 | NS=0.02974 CO2(scaled)=0.00079 CO2_weight=1.00 guide_w=2.39 Walls=0.00018(x10) g_ns/g_walls=0.77 Windows=0.00052 Doors=0.00013 IC=0.00000 CO2_BC=0.00005 LR=8.63e-05 nu=0.01 NSraw=0.06237 alpha(W1/W8/all)=0.59/0.39/0.48 | 0.85 it/s
[Iter 46510/50000] Total=0.09808 | NS=0.09282 CO2(scaled)=0.00053 CO2_weight=1.00 guide_w=2.39 Walls=0.00041(x10) g_ns/g_walls=0.77 Windows=0.00044 Doors=0.00015 IC=0.00000 CO2_BC=0.00004 LR=8.63e-05 nu=0.01 NSraw=0.4769 alpha(W1/W8/all)=0.59/0.39/0.48 | 0.85 it/s
[Iter 46520/50000] Total=0.03653 | NS=0.03165 CO2(scaled)=0.00060 CO2_weight=1.00 guide_w=2.39 Walls=0.00037(x10) g_ns/g_walls=0.77 Windows=0.00042 Doors=0.00014 IC=0.00000 CO2_BC=0.00005 LR=8.62e-05 nu=0.01 NSraw=0.06436 alpha(W1/W8/all)=0.59/0.39/0.48 | 0.85 it/s
[Iter 46530/50000] Total=0.04132 | NS=0.03686 CO2(scaled)=0.00064 CO2_weight=1.00 guide_w=2.39 Walls=0.00031(x10) g_ns/g_walls=0.77 Windows=0.00051 Doors=0.00015 IC=0.00000 CO2_BC=0.00006 LR=8.62e-05 nu=0.01 NSraw=0.1269 alpha(W1/W8/all)=0.59/0.39/0.48 | 0.85 it/s
[Iter 46540/50000] Total=0.02580 | NS=0.02332 CO2(scaled)=0.00055 CO2_weight=1.00 guide_w=2.39 Walls=0.00013(x10) g_ns/g_walls=0.77 Windows=0.00051 Doors=0.00010 IC=0.00000 CO2_BC=0.00005 LR=8.61e-05 nu=0.01 NSraw=0.03682 alpha(W1/W8/all)=0.59/0.39/0.48 | 0.85 it/s
[Iter 46550/50000] Total=0.12160 | NS=0.11868 CO2(scaled)=0.00054 CO2_weight=1.00 guide_w=2.39 Walls=0.00018(x10) g_ns/g_walls=0.77 Windows=0.00040 Doors=0.00014 IC=0.00000 CO2_BC=0.00005 LR=8.61e-05 nu=0.01 NSraw=1.155 alpha(W1/W8/all)=0.59/0.39/0.48 | 0.85 it/s
[Iter 46560/50000] Total=0.08915 | NS=0.08237 CO2(scaled)=0.00053 CO2_weight=1.00 guide_w=2.39 Walls=0.00053(x10) g_ns/g_walls=0.77 Windows=0.00081 Doors=0.00011 IC=0.00000 CO2_BC=0.00005 LR=8.61e-05 nu=0.01 NSraw=0.3598 alpha(W1/W8/all)=0.59/0.39/0.48 | 0.85 it/s
[Iter 46570/50000] Total=0.05158 | NS=0.04871 CO2(scaled)=0.00055 CO2_weight=1.00 guide_w=2.39 Walls=0.00015(x10) g_ns/g_walls=0.77 Windows=0.00062 Doors=0.00015 IC=0.00000 CO2_BC=0.00005 LR=8.60e-05 nu=0.01 NSraw=0.3332 alpha(W1/W8/all)=0.59/0.39/0.48 | 0.85 it/s
[Iter 46580/50000] Total=0.23710 | NS=0.23394 CO2(scaled)=0.00055 CO2_weight=1.00 guide_w=2.39 Walls=0.00019(x10) g_ns/g_walls=0.77 Windows=0.00048 Doors=0.00017 IC=0.00000 CO2_BC=0.00005 LR=8.60e-05 nu=0.01 NSraw=12.41 alpha(W1/W8/all)=0.59/0.39/0.48 | 0.85 it/s
[Iter 46590/50000] Total=0.12320 | NS=0.11964 CO2(scaled)=0.00057 CO2_weight=1.00 guide_w=2.39 Walls=0.00022(x10) g_ns/g_walls=0.77 Windows=0.00054 Doors=0.00024 IC=0.00000 CO2_BC=0.00004 LR=8.59e-05 nu=0.01 NSraw=1.814 alpha(W1/W8/all)=0.59/0.39/0.48 | 0.85 it/s
[Iter 46600/50000] Total=0.06595 | NS=0.05920 CO2(scaled)=0.00051 CO2_weight=1.00 guide_w=87.7 Walls=0.00053(x10) g_ns/g_walls=1.87 Windows=0.00059 Doors=0.00026 IC=0.00000 CO2_BC=0.00006 LR=8.59e-05 nu=0.01 NSraw=0.4819 alpha(W1/W8/all)=0.59/0.39/0.48 | 0.85 it/s
[Iter 46610/50000] Total=0.03679 | NS=0.03338 CO2(scaled)=0.00064 CO2_weight=1.00 guide_w=87.7 Walls=0.00020(x10) g_ns/g_walls=1.87 Windows=0.00055 Doors=0.00016 IC=0.00000 CO2_BC=0.00006 LR=8.58e-05 nu=0.01 NSraw=0.1109 alpha(W1/W8/all)=0.59/0.39/0.48 | 0.85 it/s
[Iter 46620/50000] Total=0.03093 | NS=0.02782 CO2(scaled)=0.00056 CO2_weight=1.00 guide_w=87.7 Walls=0.00020(x10) g_ns/g_walls=1.87 Windows=0.00037 Doors=0.00017 IC=0.00000 CO2_BC=0.00006 LR=8.58e-05 nu=0.01 NSraw=0.04266 alpha(W1/W8/all)=0.59/0.39/0.48 | 0.85 it/s
[Iter 46630/50000] Total=0.05745 | NS=0.05428 CO2(scaled)=0.00050 CO2_weight=1.00 guide_w=87.7 Walls=0.00021(x10) g_ns/g_walls=1.87 Windows=0.00041 Doors=0.00012 IC=0.00000 CO2_BC=0.00007 LR=8.57e-05 nu=0.01 NSraw=0.1602 alpha(W1/W8/all)=0.59/0.39/0.48 | 0.85 it/s
[Iter 46640/50000] Total=0.10811 | NS=0.10430 CO2(scaled)=0.00059 CO2_weight=1.00 guide_w=87.7 Walls=0.00028(x10) g_ns/g_walls=1.87 Windows=0.00027 Doors=0.00014 IC=0.00000 CO2_BC=0.00005 LR=8.57e-05 nu=0.01 NSraw=0.7357 alpha(W1/W8/all)=0.59/0.39/0.48 | 0.85 it/s
[Iter 46650/50000] Total=0.02202 | NS=0.01890 CO2(scaled)=0.00065 CO2_weight=1.00 guide_w=87.7 Walls=0.00017(x10) g_ns/g_walls=1.87 Windows=0.00056 Doors=0.00016 IC=0.00000 CO2_BC=0.00005 LR=8.56e-05 nu=0.01 NSraw=0.02772 alpha(W1/W8/all)=0.59/0.39/0.48 | 0.85 it/s
[Iter 46660/50000] Total=0.03082 | NS=0.02330 CO2(scaled)=0.00091 CO2_weight=1.00 guide_w=87.7 Walls=0.00059(x10) g_ns/g_walls=1.87 Windows=0.00054 Doors=0.00015 IC=0.00000 CO2_BC=0.00005 LR=8.56e-05 nu=0.01 NSraw=0.03668 alpha(W1/W8/all)=0.59/0.39/0.48 | 0.85 it/s
[Iter 46670/50000] Total=0.31284 | NS=0.30959 CO2(scaled)=0.00051 CO2_weight=1.00 guide_w=87.7 Walls=0.00020(x10) g_ns/g_walls=1.87 Windows=0.00058 Doors=0.00014 IC=0.00000 CO2_BC=0.00006 LR=8.56e-05 nu=0.01 NSraw=22.45 alpha(W1/W8/all)=0.59/0.39/0.48 | 0.85 it/s
[Iter 46680/50000] Total=0.04479 | NS=0.04170 CO2(scaled)=0.00060 CO2_weight=1.00 guide_w=87.7 Walls=0.00019(x10) g_ns/g_walls=1.87 Windows=0.00045 Doors=0.00013 IC=0.00000 CO2_BC=0.00005 LR=8.55e-05 nu=0.01 NSraw=0.1228 alpha(W1/W8/all)=0.59/0.39/0.48 | 0.85 it/s
[Iter 46690/50000] Total=0.07407 | NS=0.06754 CO2(scaled)=0.00065 CO2_weight=1.00 guide_w=87.7 Walls=0.00052(x10) g_ns/g_walls=1.87 Windows=0.00045 Doors=0.00017 IC=0.00000 CO2_BC=0.00006 LR=8.55e-05 nu=0.01 NSraw=0.3722 alpha(W1/W8/all)=0.59/0.39/0.48 | 0.85 it/s
[Iter 46700/50000] Total=0.03018 | NS=0.02727 CO2(scaled)=0.00047 CO2_weight=1.00 guide_w=61.7 Walls=0.00015(x10) g_ns/g_walls=7.08 Windows=0.00066 Doors=0.00025 IC=0.00000 CO2_BC=0.00006 LR=8.54e-05 nu=0.01 NSraw=0.04884 alpha(W1/W8/all)=0.59/0.39/0.48 | 0.85 it/s
[Iter 46710/50000] Total=0.01710 | NS=0.01464 CO2(scaled)=0.00041 CO2_weight=1.00 guide_w=61.7 Walls=0.00013(x10) g_ns/g_walls=7.08 Windows=0.00054 Doors=0.00018 IC=0.00000 CO2_BC=0.00005 LR=8.54e-05 nu=0.01 NSraw=0.01993 alpha(W1/W8/all)=0.59/0.39/0.48 | 0.85 it/s
[Iter 46720/50000] Total=0.03795 | NS=0.03164 CO2(scaled)=0.00057 CO2_weight=1.00 guide_w=61.7 Walls=0.00049(x10) g_ns/g_walls=7.08 Windows=0.00066 Doors=0.00016 IC=0.00000 CO2_BC=0.00005 LR=8.53e-05 nu=0.01 NSraw=0.07545 alpha(W1/W8/all)=0.59/0.39/0.48 | 0.85 it/s
[Iter 46730/50000] Total=0.26745 | NS=0.25781 CO2(scaled)=0.00046 CO2_weight=1.00 guide_w=61.7 Walls=0.00081(x10) g_ns/g_walls=7.08 Windows=0.00084 Doors=0.00018 IC=0.00000 CO2_BC=0.00006 LR=8.53e-05 nu=0.01 NSraw=9.028 alpha(W1/W8/all)=0.59/0.39/0.48 | 0.85 it/s
[Iter 46740/50000] Total=0.02887 | NS=0.02589 CO2(scaled)=0.00059 CO2_weight=1.00 guide_w=61.7 Walls=0.00017(x10) g_ns/g_walls=7.08 Windows=0.00047 Doors=0.00020 IC=0.00000 CO2_BC=0.00005 LR=8.52e-05 nu=0.01 NSraw=0.05765 alpha(W1/W8/all)=0.59/0.39/0.48 | 0.85 it/s
[Iter 46750/50000] Total=0.06977 | NS=0.04582 CO2(scaled)=0.00056 CO2_weight=1.00 guide_w=61.7 Walls=0.00227(x10) g_ns/g_walls=7.08 Windows=0.00046 Doors=0.00015 IC=0.00000 CO2_BC=0.00005 LR=8.52e-05 nu=0.01 NSraw=0.1206 alpha(W1/W8/all)=0.59/0.39/0.48 | 0.85 it/s
[Iter 46760/50000] Total=0.01912 | NS=0.01503 CO2(scaled)=0.00059 CO2_weight=1.00 guide_w=61.7 Walls=0.00028(x10) g_ns/g_walls=7.08 Windows=0.00052 Doors=0.00012 IC=0.00000 CO2_BC=0.00006 LR=8.52e-05 nu=0.01 NSraw=0.01875 alpha(W1/W8/all)=0.59/0.39/0.48 | 0.85 it/s
[Iter 46770/50000] Total=0.06050 | NS=0.05779 CO2(scaled)=0.00058 CO2_weight=1.00 guide_w=61.7 Walls=0.00014(x10) g_ns/g_walls=7.08 Windows=0.00057 Doors=0.00010 IC=0.00000 CO2_BC=0.00006 LR=8.51e-05 nu=0.01 NSraw=0.2892 alpha(W1/W8/all)=0.59/0.39/0.48 | 0.85 it/s
[Iter 46780/50000] Total=0.02035 | NS=0.01788 CO2(scaled)=0.00054 CO2_weight=1.00 guide_w=61.7 Walls=0.00014(x10) g_ns/g_walls=7.08 Windows=0.00040 Doors=0.00014 IC=0.00000 CO2_BC=0.00005 LR=8.51e-05 nu=0.01 NSraw=0.03333 alpha(W1/W8/all)=0.59/0.39/0.48 | 0.85 it/s
[Iter 46790/50000] Total=0.03314 | NS=0.02943 CO2(scaled)=0.00071 CO2_weight=1.00 guide_w=61.7 Walls=0.00023(x10) g_ns/g_walls=7.08 Windows=0.00053 Doors=0.00014 IC=0.00000 CO2_BC=0.00005 LR=8.50e-05 nu=0.01 NSraw=0.05272 alpha(W1/W8/all)=0.59/0.39/0.48 | 0.85 it/s
[Iter 46800/50000] Total=0.04318 | NS=0.03996 CO2(scaled)=0.00058 CO2_weight=1.00 guide_w=12 Walls=0.00018(x10) g_ns/g_walls=4.55 Windows=0.00058 Doors=0.00018 IC=0.00000 CO2_BC=0.00006 LR=8.50e-05 nu=0.01 NSraw=0.1044 alpha(W1/W8/all)=0.59/0.39/0.48 | 0.85 it/s
[Iter 46810/50000] Total=0.07896 | NS=0.07518 CO2(scaled)=0.00069 CO2_weight=1.00 guide_w=12 Walls=0.00024(x10) g_ns/g_walls=4.55 Windows=0.00054 Doors=0.00011 IC=0.00000 CO2_BC=0.00005 LR=8.49e-05 nu=0.01 NSraw=0.4295 alpha(W1/W8/all)=0.59/0.39/0.48 | 0.85 it/s
[Iter 46820/50000] Total=0.08734 | NS=0.08230 CO2(scaled)=0.00055 CO2_weight=1.00 guide_w=12 Walls=0.00038(x10) g_ns/g_walls=4.55 Windows=0.00051 Doors=0.00016 IC=0.00000 CO2_BC=0.00006 LR=8.49e-05 nu=0.01 NSraw=0.386 alpha(W1/W8/all)=0.59/0.39/0.48 | 0.85 it/s
[Iter 46830/50000] Total=0.10682 | NS=0.10054 CO2(scaled)=0.00057 CO2_weight=1.00 guide_w=12 Walls=0.00048(x10) g_ns/g_walls=4.55 Windows=0.00068 Doors=0.00014 IC=0.00000 CO2_BC=0.00007 LR=8.48e-05 nu=0.01 NSraw=1.134 alpha(W1/W8/all)=0.59/0.39/0.48 | 0.85 it/s
[Iter 46840/50000] Total=0.04151 | NS=0.03739 CO2(scaled)=0.00048 CO2_weight=1.00 guide_w=12 Walls=0.00029(x10) g_ns/g_walls=4.55 Windows=0.00054 Doors=0.00016 IC=0.00000 CO2_BC=0.00006 LR=8.48e-05 nu=0.01 NSraw=0.1214 alpha(W1/W8/all)=0.59/0.39/0.48 | 0.85 it/s
[Iter 46850/50000] Total=0.04162 | NS=0.03719 CO2(scaled)=0.00050 CO2_weight=1.00 guide_w=12 Walls=0.00032(x10) g_ns/g_walls=4.55 Windows=0.00053 Doors=0.00016 IC=0.00000 CO2_BC=0.00006 LR=8.47e-05 nu=0.01 NSraw=0.1289 alpha(W1/W8/all)=0.59/0.39/0.48 | 0.85 it/s
[Iter 46860/50000] Total=0.09847 | NS=0.09010 CO2(scaled)=0.00051 CO2_weight=1.00 guide_w=12 Walls=0.00068(x10) g_ns/g_walls=4.55 Windows=0.00082 Doors=0.00016 IC=0.00000 CO2_BC=0.00005 LR=8.47e-05 nu=0.01 NSraw=0.6816 alpha(W1/W8/all)=0.59/0.39/0.48 | 0.85 it/s
[Iter 46870/50000] Total=0.13186 | NS=0.12518 CO2(scaled)=0.00047 CO2_weight=1.00 guide_w=12 Walls=0.00051(x10) g_ns/g_walls=4.55 Windows=0.00090 Doors=0.00013 IC=0.00000 CO2_BC=0.00006 LR=8.47e-05 nu=0.01 NSraw=1.804 alpha(W1/W8/all)=0.59/0.39/0.48 | 0.85 it/s
[Iter 46880/50000] Total=0.04035 | NS=0.03425 CO2(scaled)=0.00054 CO2_weight=1.00 guide_w=12 Walls=0.00048(x10) g_ns/g_walls=4.55 Windows=0.00047 Doors=0.00019 IC=0.00000 CO2_BC=0.00006 LR=8.46e-05 nu=0.01 NSraw=0.06981 alpha(W1/W8/all)=0.59/0.39/0.48 | 0.85 it/s
[Iter 46890/50000] Total=0.16854 | NS=0.16426 CO2(scaled)=0.00061 CO2_weight=1.00 guide_w=12 Walls=0.00029(x10) g_ns/g_walls=4.55 Windows=0.00057 Doors=0.00017 IC=0.00000 CO2_BC=0.00005 LR=8.46e-05 nu=0.01 NSraw=2.505 alpha(W1/W8/all)=0.59/0.39/0.48 | 0.85 it/s
[Iter 46900/50000] Total=0.19832 | NS=0.19088 CO2(scaled)=0.00061 CO2_weight=1.00 guide_w=134 Walls=0.00061(x10) g_ns/g_walls=7.31 Windows=0.00047 Doors=0.00019 IC=0.00000 CO2_BC=0.00005 LR=8.45e-05 nu=0.01 NSraw=5.476 alpha(W1/W8/all)=0.59/0.39/0.48 | 0.85 it/s
[Iter 46910/50000] Total=0.39451 | NS=0.38706 CO2(scaled)=0.00055 CO2_weight=1.00 guide_w=134 Walls=0.00057(x10) g_ns/g_walls=7.31 Windows=0.00104 Doors=0.00016 IC=0.00000 CO2_BC=0.00006 LR=8.45e-05 nu=0.01 NSraw=30.6 alpha(W1/W8/all)=0.59/0.39/0.48 | 0.85 it/s
[Iter 46920/50000] Total=0.04963 | NS=0.04677 CO2(scaled)=0.00057 CO2_weight=1.00 guide_w=134 Walls=0.00015(x10) g_ns/g_walls=7.31 Windows=0.00062 Doors=0.00016 IC=0.00000 CO2_BC=0.00006 LR=8.44e-05 nu=0.01 NSraw=0.1629 alpha(W1/W8/all)=0.59/0.39/0.48 | 0.85 it/s
[Iter 46930/50000] Total=0.09472 | NS=0.09040 CO2(scaled)=0.00072 CO2_weight=1.00 guide_w=134 Walls=0.00026(x10) g_ns/g_walls=7.31 Windows=0.00069 Doors=0.00020 IC=0.00000 CO2_BC=0.00005 LR=8.44e-05 nu=0.01 NSraw=0.417 alpha(W1/W8/all)=0.59/0.39/0.48 | 0.85 it/s
[Iter 46940/50000] Total=0.02248 | NS=0.01897 CO2(scaled)=0.00046 CO2_weight=1.00 guide_w=134 Walls=0.00022(x10) g_ns/g_walls=7.31 Windows=0.00050 Doors=0.00025 IC=0.00000 CO2_BC=0.00006 LR=8.43e-05 nu=0.01 NSraw=0.0342 alpha(W1/W8/all)=0.59/0.39/0.48 | 0.85 it/s
[Iter 46950/50000] Total=0.02500 | NS=0.02222 CO2(scaled)=0.00056 CO2_weight=1.00 guide_w=134 Walls=0.00017(x10) g_ns/g_walls=7.31 Windows=0.00032 Doors=0.00020 IC=0.00000 CO2_BC=0.00005 LR=8.43e-05 nu=0.01 NSraw=0.05276 alpha(W1/W8/all)=0.59/0.39/0.48 | 0.85 it/s
[Iter 46960/50000] Total=0.01689 | NS=0.01399 CO2(scaled)=0.00064 CO2_weight=1.00 guide_w=134 Walls=0.00017(x10) g_ns/g_walls=7.31 Windows=0.00040 Doors=0.00013 IC=0.00000 CO2_BC=0.00006 LR=8.43e-05 nu=0.01 NSraw=0.0217 alpha(W1/W8/all)=0.59/0.39/0.48 | 0.85 it/s
[Iter 46970/50000] Total=0.02697 | NS=0.02343 CO2(scaled)=0.00046 CO2_weight=1.00 guide_w=134 Walls=0.00024(x10) g_ns/g_walls=7.31 Windows=0.00043 Doors=0.00016 IC=0.00000 CO2_BC=0.00005 LR=8.42e-05 nu=0.01 NSraw=0.04116 alpha(W1/W8/all)=0.59/0.39/0.48 | 0.85 it/s
[Iter 46980/50000] Total=0.03833 | NS=0.03423 CO2(scaled)=0.00055 CO2_weight=1.00 guide_w=134 Walls=0.00029(x10) g_ns/g_walls=7.31 Windows=0.00047 Doors=0.00017 IC=0.00000 CO2_BC=0.00005 LR=8.42e-05 nu=0.01 NSraw=0.1096 alpha(W1/W8/all)=0.59/0.39/0.48 | 0.85 it/s
[Iter 46990/50000] Total=0.05211 | NS=0.04859 CO2(scaled)=0.00060 CO2_weight=1.00 guide_w=134 Walls=0.00022(x10) g_ns/g_walls=7.31 Windows=0.00054 Doors=0.00016 IC=0.00000 CO2_BC=0.00005 LR=8.41e-05 nu=0.01 NSraw=0.1389 alpha(W1/W8/all)=0.59/0.39/0.48 | 0.85 it/s
[Iter 47000/50000] Total=0.02954 | NS=0.02662 CO2(scaled)=0.00062 CO2_weight=1.00 guide_w=2.66 Walls=0.00016(x10) g_ns/g_walls=1.25 Windows=0.00046 Doors=0.00018 IC=0.00000 CO2_BC=0.00006 LR=8.41e-05 nu=0.01 NSraw=0.03718 alpha(W1/W8/all)=0.59/0.39/0.48 | 0.85 it/s
  -> saved checkpoint: /home/iai-labor/BuildingControlCFD/experiments/gnot/checkpoints/v24_fixedalpha_r50k/gnot_v24_fixedalpha_r50k_iter47000.pth
[Iter 47010/50000] Total=0.05650 | NS=0.05150 CO2(scaled)=0.00051 CO2_weight=1.00 guide_w=2.66 Walls=0.00037(x10) g_ns/g_walls=1.25 Windows=0.00065 Doors=0.00012 IC=0.00000 CO2_BC=0.00006 LR=8.40e-05 nu=0.01 NSraw=0.1654 alpha(W1/W8/all)=0.59/0.39/0.48 | 0.85 it/s
[Iter 47020/50000] Total=0.10660 | NS=0.10321 CO2(scaled)=0.00054 CO2_weight=1.00 guide_w=2.66 Walls=0.00020(x10) g_ns/g_walls=1.25 Windows=0.00063 Doors=0.00018 IC=0.00000 CO2_BC=0.00005 LR=8.40e-05 nu=0.01 NSraw=0.6903 alpha(W1/W8/all)=0.59/0.39/0.48 | 0.85 it/s
[Iter 47030/50000] Total=0.02836 | NS=0.02417 CO2(scaled)=0.00051 CO2_weight=1.00 guide_w=2.66 Walls=0.00027(x10) g_ns/g_walls=1.25 Windows=0.00069 Doors=0.00021 IC=0.00000 CO2_BC=0.00005 LR=8.39e-05 nu=0.01 NSraw=0.03606 alpha(W1/W8/all)=0.59/0.39/0.48 | 0.85 it/s
[Iter 47040/50000] Total=0.06447 | NS=0.06095 CO2(scaled)=0.00062 CO2_weight=1.00 guide_w=2.66 Walls=0.00022(x10) g_ns/g_walls=1.25 Windows=0.00052 Doors=0.00016 IC=0.00000 CO2_BC=0.00005 LR=8.39e-05 nu=0.01 NSraw=0.2463 alpha(W1/W8/all)=0.59/0.39/0.48 | 0.85 it/s
[Iter 47050/50000] Total=0.03989 | NS=0.03676 CO2(scaled)=0.00050 CO2_weight=1.00 guide_w=2.66 Walls=0.00019(x10) g_ns/g_walls=1.25 Windows=0.00044 Doors=0.00015 IC=0.00000 CO2_BC=0.00009 LR=8.39e-05 nu=0.01 NSraw=0.09836 alpha(W1/W8/all)=0.59/0.39/0.48 | 0.85 it/s
[Iter 47060/50000] Total=0.05882 | NS=0.05370 CO2(scaled)=0.00060 CO2_weight=1.00 guide_w=2.66 Walls=0.00033(x10) g_ns/g_walls=1.25 Windows=0.00102 Doors=0.00016 IC=0.00000 CO2_BC=0.00005 LR=8.38e-05 nu=0.01 NSraw=0.1442 alpha(W1/W8/all)=0.59/0.39/0.48 | 0.85 it/s
[Iter 47070/50000] Total=0.03517 | NS=0.03314 CO2(scaled)=0.00051 CO2_weight=1.00 guide_w=2.66 Walls=0.00010(x10) g_ns/g_walls=1.25 Windows=0.00036 Doors=0.00013 IC=0.00000 CO2_BC=0.00005 LR=8.38e-05 nu=0.01 NSraw=0.05123 alpha(W1/W8/all)=0.59/0.39/0.48 | 0.85 it/s
[Iter 47080/50000] Total=0.01476 | NS=0.00848 CO2(scaled)=0.00064 CO2_weight=1.00 guide_w=2.66 Walls=0.00045(x10) g_ns/g_walls=1.25 Windows=0.00096 Doors=0.00017 IC=0.00000 CO2_BC=0.00006 LR=8.37e-05 nu=0.01 NSraw=0.009236 alpha(W1/W8/all)=0.59/0.39/0.48 | 0.85 it/s
[Iter 47090/50000] Total=0.08282 | NS=0.07944 CO2(scaled)=0.00068 CO2_weight=1.00 guide_w=2.66 Walls=0.00020(x10) g_ns/g_walls=1.25 Windows=0.00052 Doors=0.00012 IC=0.00000 CO2_BC=0.00005 LR=8.37e-05 nu=0.01 NSraw=0.5098 alpha(W1/W8/all)=0.59/0.39/0.48 | 0.85 it/s
[Iter 47100/50000] Total=0.02426 | NS=0.02071 CO2(scaled)=0.00049 CO2_weight=1.00 guide_w=5.44 Walls=0.00024(x10) g_ns/g_walls=0.8 Windows=0.00053 Doors=0.00013 IC=0.00000 CO2_BC=0.00005 LR=8.36e-05 nu=0.01 NSraw=0.02903 alpha(W1/W8/all)=0.59/0.39/0.48 | 0.85 it/s
[Iter 47110/50000] Total=0.08285 | NS=0.07947 CO2(scaled)=0.00059 CO2_weight=1.00 guide_w=5.44 Walls=0.00021(x10) g_ns/g_walls=0.8 Windows=0.00048 Doors=0.00011 IC=0.00000 CO2_BC=0.00005 LR=8.36e-05 nu=0.01 NSraw=0.569 alpha(W1/W8/all)=0.59/0.39/0.48 | 0.85 it/s
[Iter 47120/50000] Total=0.16743 | NS=0.16502 CO2(scaled)=0.00046 CO2_weight=1.00 guide_w=5.44 Walls=0.00013(x10) g_ns/g_walls=0.8 Windows=0.00047 Doors=0.00015 IC=0.00000 CO2_BC=0.00005 LR=8.36e-05 nu=0.01 NSraw=2.96 alpha(W1/W8/all)=0.59/0.39/0.48 | 0.85 it/s
[Iter 47130/50000] Total=0.05615 | NS=0.05187 CO2(scaled)=0.00050 CO2_weight=1.00 guide_w=5.44 Walls=0.00031(x10) g_ns/g_walls=0.8 Windows=0.00055 Doors=0.00011 IC=0.00000 CO2_BC=0.00006 LR=8.35e-05 nu=0.01 NSraw=0.2904 alpha(W1/W8/all)=0.59/0.39/0.48 | 0.85 it/s
[Iter 47140/50000] Total=0.02818 | NS=0.02474 CO2(scaled)=0.00047 CO2_weight=1.00 guide_w=5.44 Walls=0.00021(x10) g_ns/g_walls=0.8 Windows=0.00067 Doors=0.00013 IC=0.00000 CO2_BC=0.00007 LR=8.35e-05 nu=0.01 NSraw=0.08782 alpha(W1/W8/all)=0.59/0.39/0.48 | 0.85 it/s
[Iter 47150/50000] Total=0.00938 | NS=0.00696 CO2(scaled)=0.00051 CO2_weight=1.00 guide_w=5.44 Walls=0.00013(x10) g_ns/g_walls=0.8 Windows=0.00044 Doors=0.00015 IC=0.00000 CO2_BC=0.00006 LR=8.34e-05 nu=0.01 NSraw=0.007685 alpha(W1/W8/all)=0.59/0.39/0.48 | 0.85 it/s
[Iter 47160/50000] Total=0.05295 | NS=0.04952 CO2(scaled)=0.00052 CO2_weight=1.00 guide_w=5.44 Walls=0.00020(x10) g_ns/g_walls=0.8 Windows=0.00065 Doors=0.00016 IC=0.00000 CO2_BC=0.00006 LR=8.34e-05 nu=0.01 NSraw=0.2122 alpha(W1/W8/all)=0.59/0.39/0.48 | 0.85 it/s
[Iter 47170/50000] Total=0.15118 | NS=0.14789 CO2(scaled)=0.00056 CO2_weight=1.00 guide_w=5.44 Walls=0.00018(x10) g_ns/g_walls=0.8 Windows=0.00070 Doors=0.00014 IC=0.00000 CO2_BC=0.00005 LR=8.33e-05 nu=0.01 NSraw=2.101 alpha(W1/W8/all)=0.59/0.39/0.48 | 0.85 it/s
[Iter 47180/50000] Total=0.12292 | NS=0.11923 CO2(scaled)=0.00083 CO2_weight=1.00 guide_w=5.44 Walls=0.00023(x10) g_ns/g_walls=0.8 Windows=0.00045 Doors=0.00010 IC=0.00000 CO2_BC=0.00006 LR=8.33e-05 nu=0.01 NSraw=1.71 alpha(W1/W8/all)=0.59/0.39/0.48 | 0.85 it/s
[Iter 47190/50000] Total=0.03556 | NS=0.03062 CO2(scaled)=0.00065 CO2_weight=1.00 guide_w=5.44 Walls=0.00036(x10) g_ns/g_walls=0.8 Windows=0.00056 Doors=0.00011 IC=0.00000 CO2_BC=0.00006 LR=8.32e-05 nu=0.01 NSraw=0.1121 alpha(W1/W8/all)=0.59/0.39/0.48 | 0.85 it/s
[Iter 47200/50000] Total=0.03537 | NS=0.02778 CO2(scaled)=0.00070 CO2_weight=1.00 guide_w=1.68 Walls=0.00060(x10) g_ns/g_walls=0.211 Windows=0.00068 Doors=0.00016 IC=0.00000 CO2_BC=0.00006 LR=8.32e-05 nu=0.01 NSraw=0.05806 alpha(W1/W8/all)=0.59/0.39/0.48 | 0.85 it/s
[Iter 47210/50000] Total=0.15809 | NS=0.15455 CO2(scaled)=0.00079 CO2_weight=1.00 guide_w=1.68 Walls=0.00021(x10) g_ns/g_walls=0.211 Windows=0.00040 Doors=0.00019 IC=0.00000 CO2_BC=0.00004 LR=8.32e-05 nu=0.01 NSraw=3.522 alpha(W1/W8/all)=0.59/0.39/0.48 | 0.85 it/s
[Iter 47220/50000] Total=0.08326 | NS=0.07923 CO2(scaled)=0.00079 CO2_weight=1.00 guide_w=1.68 Walls=0.00025(x10) g_ns/g_walls=0.211 Windows=0.00050 Doors=0.00016 IC=0.00000 CO2_BC=0.00006 LR=8.31e-05 nu=0.01 NSraw=0.3436 alpha(W1/W8/all)=0.59/0.39/0.48 | 0.85 it/s
[Iter 47230/50000] Total=0.41398 | NS=0.41083 CO2(scaled)=0.00051 CO2_weight=1.00 guide_w=1.68 Walls=0.00019(x10) g_ns/g_walls=0.211 Windows=0.00051 Doors=0.00019 IC=0.00000 CO2_BC=0.00006 LR=8.31e-05 nu=0.01 NSraw=32.01 alpha(W1/W8/all)=0.59/0.39/0.48 | 0.85 it/s
[Iter 47240/50000] Total=0.07197 | NS=0.06687 CO2(scaled)=0.00051 CO2_weight=1.00 guide_w=1.68 Walls=0.00036(x10) g_ns/g_walls=0.211 Windows=0.00078 Doors=0.00018 IC=0.00000 CO2_BC=0.00005 LR=8.30e-05 nu=0.01 NSraw=0.364 alpha(W1/W8/all)=0.59/0.39/0.48 | 0.85 it/s
[Iter 47250/50000] Total=0.15314 | NS=0.14392 CO2(scaled)=0.00065 CO2_weight=1.00 guide_w=1.68 Walls=0.00074(x10) g_ns/g_walls=0.211 Windows=0.00097 Doors=0.00017 IC=0.00000 CO2_BC=0.00005 LR=8.30e-05 nu=0.01 NSraw=2.353 alpha(W1/W8/all)=0.59/0.39/0.48 | 0.85 it/s
[Iter 47260/50000] Total=0.06812 | NS=0.06336 CO2(scaled)=0.00056 CO2_weight=1.00 guide_w=1.68 Walls=0.00033(x10) g_ns/g_walls=0.211 Windows=0.00070 Doors=0.00016 IC=0.00000 CO2_BC=0.00005 LR=8.29e-05 nu=0.01 NSraw=0.2186 alpha(W1/W8/all)=0.59/0.39/0.48 | 0.85 it/s
[Iter 47270/50000] Total=0.06012 | NS=0.05588 CO2(scaled)=0.00070 CO2_weight=1.00 guide_w=1.68 Walls=0.00028(x10) g_ns/g_walls=0.211 Windows=0.00052 Doors=0.00013 IC=0.00000 CO2_BC=0.00005 LR=8.29e-05 nu=0.01 NSraw=0.1599 alpha(W1/W8/all)=0.59/0.39/0.48 | 0.85 it/s
[Iter 47280/50000] Total=0.04271 | NS=0.03915 CO2(scaled)=0.00047 CO2_weight=1.00 guide_w=1.68 Walls=0.00022(x10) g_ns/g_walls=0.211 Windows=0.00063 Doors=0.00019 IC=0.00000 CO2_BC=0.00005 LR=8.29e-05 nu=0.01 NSraw=0.1221 alpha(W1/W8/all)=0.59/0.39/0.48 | 0.85 it/s
[Iter 47290/50000] Total=0.07258 | NS=0.07024 CO2(scaled)=0.00054 CO2_weight=1.00 guide_w=1.68 Walls=0.00012(x10) g_ns/g_walls=0.211 Windows=0.00035 Doors=0.00016 IC=0.00000 CO2_BC=0.00005 LR=8.28e-05 nu=0.01 NSraw=0.4961 alpha(W1/W8/all)=0.59/0.39/0.48 | 0.85 it/s
[Iter 47300/50000] Total=0.03682 | NS=0.03336 CO2(scaled)=0.00061 CO2_weight=1.00 guide_w=2.46 Walls=0.00020(x10) g_ns/g_walls=0.548 Windows=0.00062 Doors=0.00013 IC=0.00000 CO2_BC=0.00006 LR=8.28e-05 nu=0.01 NSraw=0.062 alpha(W1/W8/all)=0.59/0.39/0.48 | 0.85 it/s
[Iter 47310/50000] Total=0.02575 | NS=0.02366 CO2(scaled)=0.00047 CO2_weight=1.00 guide_w=2.46 Walls=0.00011(x10) g_ns/g_walls=0.548 Windows=0.00032 Doors=0.00011 IC=0.00000 CO2_BC=0.00005 LR=8.27e-05 nu=0.01 NSraw=0.03509 alpha(W1/W8/all)=0.59/0.39/0.48 | 0.85 it/s
[Iter 47320/50000] Total=0.07369 | NS=0.07102 CO2(scaled)=0.00046 CO2_weight=1.00 guide_w=2.46 Walls=0.00016(x10) g_ns/g_walls=0.548 Windows=0.00043 Doors=0.00015 IC=0.00000 CO2_BC=0.00006 LR=8.27e-05 nu=0.01 NSraw=0.6933 alpha(W1/W8/all)=0.59/0.39/0.48 | 0.85 it/s
[Iter 47330/50000] Total=0.03966 | NS=0.03454 CO2(scaled)=0.00046 CO2_weight=1.00 guide_w=2.46 Walls=0.00037(x10) g_ns/g_walls=0.548 Windows=0.00081 Doors=0.00014 IC=0.00000 CO2_BC=0.00005 LR=8.26e-05 nu=0.01 NSraw=0.08907 alpha(W1/W8/all)=0.59/0.39/0.48 | 0.85 it/s
[Iter 47340/50000] Total=0.04682 | NS=0.04398 CO2(scaled)=0.00047 CO2_weight=1.00 guide_w=2.46 Walls=0.00016(x10) g_ns/g_walls=0.548 Windows=0.00053 Doors=0.00013 IC=0.00000 CO2_BC=0.00006 LR=8.26e-05 nu=0.01 NSraw=0.1028 alpha(W1/W8/all)=0.59/0.39/0.48 | 0.85 it/s
[Iter 47350/50000] Total=0.07472 | NS=0.07140 CO2(scaled)=0.00084 CO2_weight=1.00 guide_w=2.46 Walls=0.00018(x10) g_ns/g_walls=0.548 Windows=0.00048 Doors=0.00015 IC=0.00000 CO2_BC=0.00005 LR=8.25e-05 nu=0.01 NSraw=0.3065 alpha(W1/W8/all)=0.59/0.39/0.48 | 0.85 it/s
[Iter 47360/50000] Total=0.03546 | NS=0.03123 CO2(scaled)=0.00052 CO2_weight=1.00 guide_w=2.46 Walls=0.00031(x10) g_ns/g_walls=0.548 Windows=0.00043 Doors=0.00016 IC=0.00000 CO2_BC=0.00006 LR=8.25e-05 nu=0.01 NSraw=0.1021 alpha(W1/W8/all)=0.59/0.39/0.48 | 0.85 it/s
[Iter 47370/50000] Total=0.03368 | NS=0.02981 CO2(scaled)=0.00053 CO2_weight=1.00 guide_w=2.46 Walls=0.00026(x10) g_ns/g_walls=0.548 Windows=0.00052 Doors=0.00015 IC=0.00000 CO2_BC=0.00005 LR=8.25e-05 nu=0.01 NSraw=0.05954 alpha(W1/W8/all)=0.59/0.39/0.48 | 0.85 it/s
[Iter 47380/50000] Total=0.09287 | NS=0.08624 CO2(scaled)=0.00050 CO2_weight=1.00 guide_w=2.46 Walls=0.00052(x10) g_ns/g_walls=0.548 Windows=0.00077 Doors=0.00014 IC=0.00000 CO2_BC=0.00006 LR=8.24e-05 nu=0.01 NSraw=0.6017 alpha(W1/W8/all)=0.59/0.39/0.48 | 0.85 it/s
[Iter 47390/50000] Total=0.18135 | NS=0.17312 CO2(scaled)=0.00058 CO2_weight=1.00 guide_w=2.46 Walls=0.00067(x10) g_ns/g_walls=0.548 Windows=0.00078 Doors=0.00013 IC=0.00000 CO2_BC=0.00005 LR=8.24e-05 nu=0.01 NSraw=2.657 alpha(W1/W8/all)=0.59/0.39/0.48 | 0.85 it/s
[Iter 47400/50000] Total=0.03213 | NS=0.02910 CO2(scaled)=0.00048 CO2_weight=1.00 guide_w=14.6 Walls=0.00018(x10) g_ns/g_walls=1.56 Windows=0.00049 Doors=0.00016 IC=0.00000 CO2_BC=0.00005 LR=8.23e-05 nu=0.01 NSraw=0.06771 alpha(W1/W8/all)=0.59/0.39/0.48 | 0.85 it/s
[Iter 47410/50000] Total=0.05863 | NS=0.05424 CO2(scaled)=0.00048 CO2_weight=1.00 guide_w=14.6 Walls=0.00030(x10) g_ns/g_walls=1.56 Windows=0.00075 Doors=0.00012 IC=0.00000 CO2_BC=0.00006 LR=8.23e-05 nu=0.01 NSraw=0.1939 alpha(W1/W8/all)=0.59/0.39/0.48 | 0.85 it/s
[Iter 47420/50000] Total=0.04084 | NS=0.03795 CO2(scaled)=0.00048 CO2_weight=1.00 guide_w=14.6 Walls=0.00018(x10) g_ns/g_walls=1.56 Windows=0.00047 Doors=0.00012 IC=0.00000 CO2_BC=0.00005 LR=8.22e-05 nu=0.01 NSraw=0.07638 alpha(W1/W8/all)=0.59/0.39/0.48 | 0.85 it/s
[Iter 47430/50000] Total=0.04211 | NS=0.03859 CO2(scaled)=0.00047 CO2_weight=1.00 guide_w=14.6 Walls=0.00024(x10) g_ns/g_walls=1.56 Windows=0.00045 Doors=0.00013 IC=0.00000 CO2_BC=0.00006 LR=8.22e-05 nu=0.01 NSraw=0.1176 alpha(W1/W8/all)=0.59/0.39/0.48 | 0.85 it/s
[Iter 47440/50000] Total=0.28126 | NS=0.27778 CO2(scaled)=0.00055 CO2_weight=1.00 guide_w=14.6 Walls=0.00022(x10) g_ns/g_walls=1.56 Windows=0.00053 Doors=0.00014 IC=0.00000 CO2_BC=0.00005 LR=8.22e-05 nu=0.01 NSraw=17.17 alpha(W1/W8/all)=0.59/0.39/0.48 | 0.85 it/s
[Iter 47450/50000] Total=0.09023 | NS=0.08493 CO2(scaled)=0.00041 CO2_weight=1.00 guide_w=14.6 Walls=0.00044(x10) g_ns/g_walls=1.56 Windows=0.00029 Doors=0.00013 IC=0.00000 CO2_BC=0.00006 LR=8.21e-05 nu=0.01 NSraw=0.8718 alpha(W1/W8/all)=0.59/0.39/0.48 | 0.85 it/s
[Iter 47460/50000] Total=0.04783 | NS=0.04467 CO2(scaled)=0.00050 CO2_weight=1.00 guide_w=14.6 Walls=0.00019(x10) g_ns/g_walls=1.56 Windows=0.00058 Doors=0.00013 IC=0.00000 CO2_BC=0.00005 LR=8.21e-05 nu=0.01 NSraw=0.1729 alpha(W1/W8/all)=0.59/0.39/0.48 | 0.85 it/s
[Iter 47470/50000] Total=0.08007 | NS=0.07640 CO2(scaled)=0.00053 CO2_weight=1.00 guide_w=14.6 Walls=0.00024(x10) g_ns/g_walls=1.56 Windows=0.00058 Doors=0.00010 IC=0.00000 CO2_BC=0.00006 LR=8.20e-05 nu=0.01 NSraw=0.3751 alpha(W1/W8/all)=0.59/0.39/0.48 | 0.85 it/s
[Iter 47480/50000] Total=0.05703 | NS=0.05309 CO2(scaled)=0.00052 CO2_weight=1.00 guide_w=14.6 Walls=0.00027(x10) g_ns/g_walls=1.56 Windows=0.00054 Doors=0.00012 IC=0.00000 CO2_BC=0.00005 LR=8.20e-05 nu=0.01 NSraw=0.1449 alpha(W1/W8/all)=0.59/0.39/0.48 | 0.85 it/s
[Iter 47490/50000] Total=0.02747 | NS=0.02091 CO2(scaled)=0.00059 CO2_weight=1.00 guide_w=14.6 Walls=0.00049(x10) g_ns/g_walls=1.56 Windows=0.00092 Doors=0.00014 IC=0.00000 CO2_BC=0.00005 LR=8.19e-05 nu=0.01 NSraw=0.03183 alpha(W1/W8/all)=0.59/0.39/0.48 | 0.85 it/s
[Iter 47500/50000] Total=0.12828 | NS=0.12557 CO2(scaled)=0.00053 CO2_weight=1.00 guide_w=18.3 Walls=0.00016(x10) g_ns/g_walls=4.58 Windows=0.00044 Doors=0.00011 IC=0.00000 CO2_BC=0.00006 LR=8.19e-05 nu=0.01 NSraw=1.387 alpha(W1/W8/all)=0.59/0.39/0.48 | 0.85 it/s
[Iter 47510/50000] Total=0.10412 | NS=0.10067 CO2(scaled)=0.00051 CO2_weight=1.00 guide_w=18.3 Walls=0.00023(x10) g_ns/g_walls=4.58 Windows=0.00051 Doors=0.00011 IC=0.00000 CO2_BC=0.00006 LR=8.19e-05 nu=0.01 NSraw=1.276 alpha(W1/W8/all)=0.59/0.39/0.48 | 0.85 it/s
[Iter 47520/50000] Total=0.04524 | NS=0.03976 CO2(scaled)=0.00045 CO2_weight=1.00 guide_w=18.3 Walls=0.00042(x10) g_ns/g_walls=4.58 Windows=0.00068 Doors=0.00013 IC=0.00000 CO2_BC=0.00005 LR=8.18e-05 nu=0.01 NSraw=0.09607 alpha(W1/W8/all)=0.59/0.39/0.48 | 0.85 it/s
[Iter 47530/50000] Total=0.02664 | NS=0.02402 CO2(scaled)=0.00048 CO2_weight=1.00 guide_w=18.3 Walls=0.00016(x10) g_ns/g_walls=4.58 Windows=0.00034 Doors=0.00014 IC=0.00000 CO2_BC=0.00005 LR=8.18e-05 nu=0.01 NSraw=0.03606 alpha(W1/W8/all)=0.59/0.39/0.48 | 0.85 it/s
[Iter 47540/50000] Total=0.08733 | NS=0.08462 CO2(scaled)=0.00059 CO2_weight=1.00 guide_w=18.3 Walls=0.00016(x10) g_ns/g_walls=4.58 Windows=0.00033 Doors=0.00014 IC=0.00000 CO2_BC=0.00005 LR=8.17e-05 nu=0.01 NSraw=0.3528 alpha(W1/W8/all)=0.59/0.39/0.48 | 0.85 it/s
[Iter 47550/50000] Total=0.10162 | NS=0.09894 CO2(scaled)=0.00073 CO2_weight=1.00 guide_w=18.3 Walls=0.00014(x10) g_ns/g_walls=4.58 Windows=0.00037 Doors=0.00012 IC=0.00000 CO2_BC=0.00005 LR=8.17e-05 nu=0.01 NSraw=0.6888 alpha(W1/W8/all)=0.59/0.39/0.48 | 0.85 it/s
[Iter 47560/50000] Total=0.03455 | NS=0.03185 CO2(scaled)=0.00050 CO2_weight=1.00 guide_w=18.3 Walls=0.00016(x10) g_ns/g_walls=4.58 Windows=0.00043 Doors=0.00012 IC=0.00000 CO2_BC=0.00005 LR=8.16e-05 nu=0.01 NSraw=0.0775 alpha(W1/W8/all)=0.59/0.39/0.48 | 0.85 it/s
[Iter 47570/50000] Total=0.04861 | NS=0.04542 CO2(scaled)=0.00056 CO2_weight=1.00 guide_w=18.3 Walls=0.00020(x10) g_ns/g_walls=4.58 Windows=0.00044 Doors=0.00015 IC=0.00000 CO2_BC=0.00005 LR=8.16e-05 nu=0.01 NSraw=0.1504 alpha(W1/W8/all)=0.59/0.39/0.48 | 0.85 it/s
[Iter 47580/50000] Total=0.07905 | NS=0.07601 CO2(scaled)=0.00069 CO2_weight=1.00 guide_w=18.3 Walls=0.00017(x10) g_ns/g_walls=4.58 Windows=0.00043 Doors=0.00013 IC=0.00000 CO2_BC=0.00005 LR=8.16e-05 nu=0.01 NSraw=0.3286 alpha(W1/W8/all)=0.59/0.39/0.48 | 0.85 it/s
[Iter 47590/50000] Total=0.12307 | NS=0.12041 CO2(scaled)=0.00050 CO2_weight=1.00 guide_w=18.3 Walls=0.00015(x10) g_ns/g_walls=4.58 Windows=0.00052 Doors=0.00013 IC=0.00000 CO2_BC=0.00005 LR=8.15e-05 nu=0.01 NSraw=1.394 alpha(W1/W8/all)=0.59/0.39/0.48 | 0.85 it/s
[Iter 47600/50000] Total=0.02818 | NS=0.02522 CO2(scaled)=0.00049 CO2_weight=1.00 guide_w=40.2 Walls=0.00019(x10) g_ns/g_walls=2.85 Windows=0.00045 Doors=0.00013 IC=0.00000 CO2_BC=0.00005 LR=8.15e-05 nu=0.01 NSraw=0.04361 alpha(W1/W8/all)=0.59/0.39/0.48 | 0.85 it/s
[Iter 47610/50000] Total=0.02481 | NS=0.02217 CO2(scaled)=0.00052 CO2_weight=1.00 guide_w=40.2 Walls=0.00015(x10) g_ns/g_walls=2.85 Windows=0.00049 Doors=0.00013 IC=0.00000 CO2_BC=0.00005 LR=8.14e-05 nu=0.01 NSraw=0.03543 alpha(W1/W8/all)=0.59/0.39/0.48 | 0.85 it/s
[Iter 47620/50000] Total=0.19842 | NS=0.19024 CO2(scaled)=0.00062 CO2_weight=1.00 guide_w=40.2 Walls=0.00067(x10) g_ns/g_walls=2.85 Windows=0.00068 Doors=0.00014 IC=0.00000 CO2_BC=0.00005 LR=8.14e-05 nu=0.01 NSraw=7.288 alpha(W1/W8/all)=0.59/0.39/0.48 | 0.85 it/s
[Iter 47630/50000] Total=0.04550 | NS=0.04247 CO2(scaled)=0.00065 CO2_weight=1.00 guide_w=40.2 Walls=0.00018(x10) g_ns/g_walls=2.85 Windows=0.00043 Doors=0.00011 IC=0.00000 CO2_BC=0.00006 LR=8.13e-05 nu=0.01 NSraw=0.1253 alpha(W1/W8/all)=0.59/0.39/0.48 | 0.85 it/s
[Iter 47640/50000] Total=0.03206 | NS=0.02865 CO2(scaled)=0.00062 CO2_weight=1.00 guide_w=40.2 Walls=0.00021(x10) g_ns/g_walls=2.85 Windows=0.00055 Doors=0.00014 IC=0.00000 CO2_BC=0.00005 LR=8.13e-05 nu=0.01 NSraw=0.06735 alpha(W1/W8/all)=0.59/0.39/0.48 | 0.85 it/s
[Iter 47650/50000] Total=0.03991 | NS=0.03428 CO2(scaled)=0.00052 CO2_weight=1.00 guide_w=40.2 Walls=0.00044(x10) g_ns/g_walls=2.85 Windows=0.00057 Doors=0.00009 IC=0.00000 CO2_BC=0.00006 LR=8.13e-05 nu=0.01 NSraw=0.08857 alpha(W1/W8/all)=0.59/0.39/0.48 | 0.85 it/s
[Iter 47660/50000] Total=0.06592 | NS=0.06200 CO2(scaled)=0.00048 CO2_weight=1.00 guide_w=40.2 Walls=0.00027(x10) g_ns/g_walls=2.85 Windows=0.00060 Doors=0.00012 IC=0.00000 CO2_BC=0.00005 LR=8.12e-05 nu=0.01 NSraw=0.6538 alpha(W1/W8/all)=0.59/0.39/0.48 | 0.85 it/s
[Iter 47670/50000] Total=0.03976 | NS=0.03642 CO2(scaled)=0.00048 CO2_weight=1.00 guide_w=40.2 Walls=0.00021(x10) g_ns/g_walls=2.85 Windows=0.00056 Doors=0.00014 IC=0.00000 CO2_BC=0.00006 LR=8.12e-05 nu=0.01 NSraw=0.1033 alpha(W1/W8/all)=0.59/0.39/0.48 | 0.85 it/s
[Iter 47680/50000] Total=0.11090 | NS=0.10724 CO2(scaled)=0.00065 CO2_weight=1.00 guide_w=40.2 Walls=0.00023(x10) g_ns/g_walls=2.85 Windows=0.00051 Doors=0.00011 IC=0.00000 CO2_BC=0.00006 LR=8.11e-05 nu=0.01 NSraw=0.6986 alpha(W1/W8/all)=0.59/0.39/0.48 | 0.85 it/s
[Iter 47690/50000] Total=0.04465 | NS=0.04124 CO2(scaled)=0.00063 CO2_weight=1.00 guide_w=40.2 Walls=0.00021(x10) g_ns/g_walls=2.85 Windows=0.00055 Doors=0.00011 IC=0.00000 CO2_BC=0.00006 LR=8.11e-05 nu=0.01 NSraw=0.1191 alpha(W1/W8/all)=0.59/0.39/0.48 | 0.85 it/s
[Iter 47700/50000] Total=0.04315 | NS=0.03917 CO2(scaled)=0.00065 CO2_weight=1.00 guide_w=46.6 Walls=0.00026(x10) g_ns/g_walls=3 Windows=0.00053 Doors=0.00014 IC=0.00000 CO2_BC=0.00006 LR=8.10e-05 nu=0.01 NSraw=0.08686 alpha(W1/W8/all)=0.59/0.39/0.48 | 0.85 it/s
[Iter 47710/50000] Total=0.02263 | NS=0.01916 CO2(scaled)=0.00060 CO2_weight=1.00 guide_w=46.6 Walls=0.00021(x10) g_ns/g_walls=3 Windows=0.00060 Doors=0.00014 IC=0.00000 CO2_BC=0.00006 LR=8.10e-05 nu=0.01 NSraw=0.02423 alpha(W1/W8/all)=0.59/0.39/0.48 | 0.85 it/s
[Iter 47720/50000] Total=0.04156 | NS=0.03478 CO2(scaled)=0.00083 CO2_weight=1.00 guide_w=46.6 Walls=0.00051(x10) g_ns/g_walls=3 Windows=0.00065 Doors=0.00013 IC=0.00000 CO2_BC=0.00007 LR=8.10e-05 nu=0.01 NSraw=0.114 alpha(W1/W8/all)=0.59/0.39/0.48 | 0.85 it/s
[Iter 47730/50000] Total=0.03781 | NS=0.03388 CO2(scaled)=0.00072 CO2_weight=1.00 guide_w=46.6 Walls=0.00024(x10) g_ns/g_walls=3 Windows=0.00065 Doors=0.00010 IC=0.00000 CO2_BC=0.00006 LR=8.09e-05 nu=0.01 NSraw=0.06874 alpha(W1/W8/all)=0.59/0.39/0.48 | 0.85 it/s
[Iter 47740/50000] Total=0.06124 | NS=0.05757 CO2(scaled)=0.00069 CO2_weight=1.00 guide_w=46.6 Walls=0.00024(x10) g_ns/g_walls=3 Windows=0.00046 Doors=0.00011 IC=0.00000 CO2_BC=0.00006 LR=8.09e-05 nu=0.01 NSraw=0.4292 alpha(W1/W8/all)=0.59/0.39/0.48 | 0.85 it/s
[Iter 47750/50000] Total=0.05423 | NS=0.04643 CO2(scaled)=0.00064 CO2_weight=1.00 guide_w=46.6 Walls=0.00058(x10) g_ns/g_walls=3 Windows=0.00119 Doors=0.00011 IC=0.00000 CO2_BC=0.00006 LR=8.08e-05 nu=0.01 NSraw=0.2065 alpha(W1/W8/all)=0.59/0.39/0.48 | 0.85 it/s
[Iter 47760/50000] Total=0.07215 | NS=0.06854 CO2(scaled)=0.00046 CO2_weight=1.00 guide_w=46.6 Walls=0.00024(x10) g_ns/g_walls=3 Windows=0.00057 Doors=0.00012 IC=0.00000 CO2_BC=0.00005 LR=8.08e-05 nu=0.01 NSraw=0.2679 alpha(W1/W8/all)=0.59/0.39/0.48 | 0.85 it/s
[Iter 47770/50000] Total=0.09638 | NS=0.09020 CO2(scaled)=0.00051 CO2_weight=1.00 guide_w=46.6 Walls=0.00048(x10) g_ns/g_walls=3 Windows=0.00070 Doors=0.00011 IC=0.00000 CO2_BC=0.00005 LR=8.07e-05 nu=0.01 NSraw=0.3956 alpha(W1/W8/all)=0.59/0.39/0.48 | 0.85 it/s
[Iter 47780/50000] Total=0.02119 | NS=0.01474 CO2(scaled)=0.00050 CO2_weight=1.00 guide_w=46.6 Walls=0.00050(x10) g_ns/g_walls=3 Windows=0.00083 Doors=0.00010 IC=0.00000 CO2_BC=0.00006 LR=8.07e-05 nu=0.01 NSraw=0.01926 alpha(W1/W8/all)=0.59/0.39/0.48 | 0.85 it/s
[Iter 47790/50000] Total=0.01753 | NS=0.01241 CO2(scaled)=0.00049 CO2_weight=1.00 guide_w=46.6 Walls=0.00038(x10) g_ns/g_walls=3 Windows=0.00068 Doors=0.00012 IC=0.00000 CO2_BC=0.00006 LR=8.07e-05 nu=0.01 NSraw=0.01436 alpha(W1/W8/all)=0.59/0.39/0.48 | 0.85 it/s
[Iter 47800/50000] Total=0.08477 | NS=0.08195 CO2(scaled)=0.00048 CO2_weight=1.00 guide_w=31.7 Walls=0.00014(x10) g_ns/g_walls=5.52 Windows=0.00072 Doors=0.00012 IC=0.00000 CO2_BC=0.00006 LR=8.06e-05 nu=0.01 NSraw=0.3271 alpha(W1/W8/all)=0.59/0.39/0.48 | 0.85 it/s
[Iter 47810/50000] Total=0.18317 | NS=0.17958 CO2(scaled)=0.00056 CO2_weight=1.00 guide_w=31.7 Walls=0.00023(x10) g_ns/g_walls=5.52 Windows=0.00058 Doors=0.00011 IC=0.00000 CO2_BC=0.00005 LR=8.06e-05 nu=0.01 NSraw=2.959 alpha(W1/W8/all)=0.59/0.39/0.48 | 0.85 it/s
[Iter 47820/50000] Total=0.02560 | NS=0.02142 CO2(scaled)=0.00063 CO2_weight=1.00 guide_w=31.7 Walls=0.00027(x10) g_ns/g_walls=5.52 Windows=0.00073 Doors=0.00009 IC=0.00000 CO2_BC=0.00005 LR=8.05e-05 nu=0.01 NSraw=0.03197 alpha(W1/W8/all)=0.59/0.39/0.48 | 0.85 it/s
[Iter 47830/50000] Total=0.04542 | NS=0.03866 CO2(scaled)=0.00074 CO2_weight=1.00 guide_w=31.7 Walls=0.00050(x10) g_ns/g_walls=5.52 Windows=0.00085 Doors=0.00012 IC=0.00000 CO2_BC=0.00005 LR=8.05e-05 nu=0.01 NSraw=0.1095 alpha(W1/W8/all)=0.59/0.39/0.48 | 0.85 it/s
[Iter 47840/50000] Total=0.03482 | NS=0.03233 CO2(scaled)=0.00041 CO2_weight=1.00 guide_w=31.7 Walls=0.00014(x10) g_ns/g_walls=5.52 Windows=0.00050 Doors=0.00014 IC=0.00000 CO2_BC=0.00005 LR=8.04e-05 nu=0.01 NSraw=0.06731 alpha(W1/W8/all)=0.59/0.39/0.48 | 0.85 it/s
[Iter 47850/50000] Total=0.02476 | NS=0.02046 CO2(scaled)=0.00052 CO2_weight=1.00 guide_w=31.7 Walls=0.00032(x10) g_ns/g_walls=5.52 Windows=0.00043 Doors=0.00010 IC=0.00000 CO2_BC=0.00005 LR=8.04e-05 nu=0.01 NSraw=0.02985 alpha(W1/W8/all)=0.59/0.39/0.48 | 0.85 it/s
[Iter 47860/50000] Total=0.07451 | NS=0.07077 CO2(scaled)=0.00063 CO2_weight=1.00 guide_w=31.7 Walls=0.00023(x10) g_ns/g_walls=5.52 Windows=0.00057 Doors=0.00015 IC=0.00000 CO2_BC=0.00005 LR=8.04e-05 nu=0.01 NSraw=0.3118 alpha(W1/W8/all)=0.59/0.39/0.48 | 0.85 it/s
[Iter 47870/50000] Total=0.09470 | NS=0.09204 CO2(scaled)=0.00066 CO2_weight=1.00 guide_w=31.7 Walls=0.00014(x10) g_ns/g_walls=5.52 Windows=0.00045 Doors=0.00012 IC=0.00000 CO2_BC=0.00006 LR=8.03e-05 nu=0.01 NSraw=0.9461 alpha(W1/W8/all)=0.59/0.39/0.48 | 0.85 it/s
[Iter 47880/50000] Total=0.13063 | NS=0.12458 CO2(scaled)=0.00072 CO2_weight=1.00 guide_w=31.7 Walls=0.00042(x10) g_ns/g_walls=5.52 Windows=0.00093 Doors=0.00014 IC=0.00000 CO2_BC=0.00005 LR=8.03e-05 nu=0.01 NSraw=2.31 alpha(W1/W8/all)=0.59/0.39/0.48 | 0.85 it/s
[Iter 47890/50000] Total=0.02264 | NS=0.01880 CO2(scaled)=0.00057 CO2_weight=1.00 guide_w=31.7 Walls=0.00025(x10) g_ns/g_walls=5.52 Windows=0.00054 Doors=0.00016 IC=0.00000 CO2_BC=0.00005 LR=8.02e-05 nu=0.01 NSraw=0.03398 alpha(W1/W8/all)=0.59/0.39/0.48 | 0.85 it/s
[Iter 47900/50000] Total=0.02155 | NS=0.01665 CO2(scaled)=0.00090 CO2_weight=1.00 guide_w=1.55 Walls=0.00030(x10) g_ns/g_walls=0.275 Windows=0.00084 Doors=0.00013 IC=0.00000 CO2_BC=0.00006 LR=8.02e-05 nu=0.01 NSraw=0.02548 alpha(W1/W8/all)=0.59/0.39/0.48 | 0.85 it/s
[Iter 47910/50000] Total=0.02626 | NS=0.02115 CO2(scaled)=0.00052 CO2_weight=1.00 guide_w=1.55 Walls=0.00037(x10) g_ns/g_walls=0.275 Windows=0.00072 Doors=0.00014 IC=0.00000 CO2_BC=0.00007 LR=8.01e-05 nu=0.01 NSraw=0.03219 alpha(W1/W8/all)=0.59/0.39/0.48 | 0.85 it/s
[Iter 47920/50000] Total=0.02381 | NS=0.01944 CO2(scaled)=0.00059 CO2_weight=1.00 guide_w=1.55 Walls=0.00032(x10) g_ns/g_walls=0.275 Windows=0.00042 Doors=0.00012 IC=0.00000 CO2_BC=0.00005 LR=8.01e-05 nu=0.01 NSraw=0.0258 alpha(W1/W8/all)=0.59/0.39/0.48 | 0.85 it/s
[Iter 47930/50000] Total=0.01652 | NS=0.01349 CO2(scaled)=0.00050 CO2_weight=1.00 guide_w=1.55 Walls=0.00017(x10) g_ns/g_walls=0.275 Windows=0.00068 Doors=0.00012 IC=0.00000 CO2_BC=0.00005 LR=8.01e-05 nu=0.01 NSraw=0.02486 alpha(W1/W8/all)=0.59/0.39/0.48 | 0.85 it/s
[Iter 47940/50000] Total=0.07325 | NS=0.06820 CO2(scaled)=0.00066 CO2_weight=1.00 guide_w=1.55 Walls=0.00034(x10) g_ns/g_walls=0.275 Windows=0.00075 Doors=0.00017 IC=0.00000 CO2_BC=0.00005 LR=8.00e-05 nu=0.01 NSraw=0.7388 alpha(W1/W8/all)=0.59/0.39/0.48 | 0.85 it/s
[Iter 47950/50000] Total=0.06370 | NS=0.05982 CO2(scaled)=0.00059 CO2_weight=1.00 guide_w=1.55 Walls=0.00026(x10) g_ns/g_walls=0.275 Windows=0.00052 Doors=0.00011 IC=0.00000 CO2_BC=0.00005 LR=8.00e-05 nu=0.01 NSraw=0.1593 alpha(W1/W8/all)=0.59/0.39/0.48 | 0.85 it/s
[Iter 47960/50000] Total=0.02253 | NS=0.01941 CO2(scaled)=0.00060 CO2_weight=1.00 guide_w=1.55 Walls=0.00016(x10) g_ns/g_walls=0.275 Windows=0.00071 Doors=0.00014 IC=0.00000 CO2_BC=0.00005 LR=7.99e-05 nu=0.01 NSraw=0.0274 alpha(W1/W8/all)=0.59/0.39/0.48 | 0.85 it/s
[Iter 47970/50000] Total=0.01921 | NS=0.01648 CO2(scaled)=0.00049 CO2_weight=1.00 guide_w=1.55 Walls=0.00015(x10) g_ns/g_walls=0.275 Windows=0.00055 Doors=0.00012 IC=0.00000 CO2_BC=0.00006 LR=7.99e-05 nu=0.01 NSraw=0.0248 alpha(W1/W8/all)=0.59/0.39/0.48 | 0.85 it/s
[Iter 47980/50000] Total=0.18801 | NS=0.18514 CO2(scaled)=0.00070 CO2_weight=1.00 guide_w=1.55 Walls=0.00014(x10) g_ns/g_walls=0.275 Windows=0.00055 Doors=0.00011 IC=0.00000 CO2_BC=0.00006 LR=7.99e-05 nu=0.01 NSraw=4.244 alpha(W1/W8/all)=0.59/0.39/0.48 | 0.85 it/s
[Iter 47990/50000] Total=0.04851 | NS=0.04555 CO2(scaled)=0.00056 CO2_weight=1.00 guide_w=1.55 Walls=0.00018(x10) g_ns/g_walls=0.275 Windows=0.00038 Doors=0.00014 IC=0.00000 CO2_BC=0.00006 LR=7.98e-05 nu=0.01 NSraw=0.1583 alpha(W1/W8/all)=0.59/0.39/0.48 | 0.85 it/s
[Iter 48000/50000] Total=0.04218 | NS=0.03914 CO2(scaled)=0.00061 CO2_weight=1.00 guide_w=5.13 Walls=0.00014(x10) g_ns/g_walls=1.29 Windows=0.00077 Doors=0.00017 IC=0.00000 CO2_BC=0.00005 LR=7.98e-05 nu=0.01 NSraw=0.2 alpha(W1/W8/all)=0.59/0.39/0.48 | 0.85 it/s
  -> saved checkpoint: /home/iai-labor/BuildingControlCFD/experiments/gnot/checkpoints/v24_fixedalpha_r50k/gnot_v24_fixedalpha_r50k_iter48000.pth
[Iter 48010/50000] Total=0.03137 | NS=0.02608 CO2(scaled)=0.00077 CO2_weight=1.00 guide_w=5.13 Walls=0.00034(x10) g_ns/g_walls=1.29 Windows=0.00089 Doors=0.00014 IC=0.00000 CO2_BC=0.00006 LR=7.97e-05 nu=0.01 NSraw=0.0437 alpha(W1/W8/all)=0.59/0.39/0.48 | 0.85 it/s
[Iter 48020/50000] Total=0.09349 | NS=0.09008 CO2(scaled)=0.00054 CO2_weight=1.00 guide_w=5.13 Walls=0.00021(x10) g_ns/g_walls=1.29 Windows=0.00055 Doors=0.00015 IC=0.00000 CO2_BC=0.00005 LR=7.97e-05 nu=0.01 NSraw=0.5077 alpha(W1/W8/all)=0.59/0.39/0.48 | 0.85 it/s
[Iter 48030/50000] Total=0.04763 | NS=0.04181 CO2(scaled)=0.00050 CO2_weight=1.00 guide_w=5.13 Walls=0.00042(x10) g_ns/g_walls=1.29 Windows=0.00092 Doors=0.00012 IC=0.00000 CO2_BC=0.00005 LR=7.96e-05 nu=0.01 NSraw=0.138 alpha(W1/W8/all)=0.59/0.39/0.48 | 0.85 it/s
[Iter 48040/50000] Total=0.04895 | NS=0.04183 CO2(scaled)=0.00055 CO2_weight=1.00 guide_w=5.13 Walls=0.00057(x10) g_ns/g_walls=1.29 Windows=0.00073 Doors=0.00013 IC=0.00000 CO2_BC=0.00006 LR=7.96e-05 nu=0.01 NSraw=0.1605 alpha(W1/W8/all)=0.59/0.39/0.48 | 0.85 it/s
[Iter 48050/50000] Total=0.03511 | NS=0.03123 CO2(scaled)=0.00057 CO2_weight=1.00 guide_w=5.13 Walls=0.00024(x10) g_ns/g_walls=1.29 Windows=0.00074 Doors=0.00013 IC=0.00000 CO2_BC=0.00005 LR=7.96e-05 nu=0.01 NSraw=0.06525 alpha(W1/W8/all)=0.59/0.39/0.48 | 0.85 it/s
[Iter 48060/50000] Total=0.65503 | NS=0.64919 CO2(scaled)=0.00079 CO2_weight=1.00 guide_w=5.13 Walls=0.00040(x10) g_ns/g_walls=1.29 Windows=0.00082 Doors=0.00020 IC=0.00000 CO2_BC=0.00006 LR=7.95e-05 nu=0.01 NSraw=45.09 alpha(W1/W8/all)=0.59/0.39/0.48 | 0.85 it/s
[Iter 48070/50000] Total=0.06768 | NS=0.06306 CO2(scaled)=0.00055 CO2_weight=1.00 guide_w=5.13 Walls=0.00032(x10) g_ns/g_walls=1.29 Windows=0.00066 Doors=0.00016 IC=0.00000 CO2_BC=0.00004 LR=7.95e-05 nu=0.01 NSraw=0.275 alpha(W1/W8/all)=0.59/0.39/0.48 | 0.85 it/s
[Iter 48080/50000] Total=0.03254 | NS=0.02936 CO2(scaled)=0.00059 CO2_weight=1.00 guide_w=5.13 Walls=0.00018(x10) g_ns/g_walls=1.29 Windows=0.00062 Doors=0.00014 IC=0.00000 CO2_BC=0.00005 LR=7.94e-05 nu=0.01 NSraw=0.0553 alpha(W1/W8/all)=0.59/0.39/0.48 | 0.85 it/s
[Iter 48090/50000] Total=0.04251 | NS=0.03701 CO2(scaled)=0.00046 CO2_weight=1.00 guide_w=5.13 Walls=0.00040(x10) g_ns/g_walls=1.29 Windows=0.00085 Doors=0.00012 IC=0.00000 CO2_BC=0.00006 LR=7.94e-05 nu=0.01 NSraw=0.09754 alpha(W1/W8/all)=0.59/0.39/0.48 | 0.85 it/s
[Iter 48100/50000] Total=0.20470 | NS=0.20161 CO2(scaled)=0.00041 CO2_weight=1.00 guide_w=215 Walls=0.00019(x10) g_ns/g_walls=22.1 Windows=0.00054 Doors=0.00015 IC=0.00000 CO2_BC=0.00005 LR=7.93e-05 nu=0.01 NSraw=3.692 alpha(W1/W8/all)=0.59/0.39/0.48 | 0.85 it/s
[Iter 48110/50000] Total=0.01958 | NS=0.01579 CO2(scaled)=0.00054 CO2_weight=1.00 guide_w=215 Walls=0.00024(x10) g_ns/g_walls=22.1 Windows=0.00064 Doors=0.00016 IC=0.00000 CO2_BC=0.00006 LR=7.93e-05 nu=0.01 NSraw=0.02701 alpha(W1/W8/all)=0.59/0.39/0.48 | 0.85 it/s
[Iter 48120/50000] Total=0.01142 | NS=0.00860 CO2(scaled)=0.00047 CO2_weight=1.00 guide_w=215 Walls=0.00016(x10) g_ns/g_walls=22.1 Windows=0.00051 Doors=0.00014 IC=0.00000 CO2_BC=0.00006 LR=7.93e-05 nu=0.01 NSraw=0.009662 alpha(W1/W8/all)=0.59/0.39/0.48 | 0.85 it/s
[Iter 48130/50000] Total=0.02991 | NS=0.02693 CO2(scaled)=0.00054 CO2_weight=1.00 guide_w=215 Walls=0.00017(x10) g_ns/g_walls=22.1 Windows=0.00062 Doors=0.00011 IC=0.00000 CO2_BC=0.00006 LR=7.92e-05 nu=0.01 NSraw=0.04354 alpha(W1/W8/all)=0.59/0.39/0.48 | 0.85 it/s
[Iter 48140/50000] Total=0.13708 | NS=0.13465 CO2(scaled)=0.00057 CO2_weight=1.00 guide_w=215 Walls=0.00012(x10) g_ns/g_walls=22.1 Windows=0.00052 Doors=0.00011 IC=0.00000 CO2_BC=0.00005 LR=7.92e-05 nu=0.01 NSraw=2.106 alpha(W1/W8/all)=0.59/0.39/0.48 | 0.85 it/s
[Iter 48150/50000] Total=0.02007 | NS=0.01141 CO2(scaled)=0.00050 CO2_weight=1.00 guide_w=215 Walls=0.00069(x10) g_ns/g_walls=22.1 Windows=0.00111 Doors=0.00014 IC=0.00000 CO2_BC=0.00006 LR=7.91e-05 nu=0.01 NSraw=0.01506 alpha(W1/W8/all)=0.59/0.39/0.48 | 0.85 it/s
[Iter 48160/50000] Total=0.12674 | NS=0.12395 CO2(scaled)=0.00066 CO2_weight=1.00 guide_w=215 Walls=0.00012(x10) g_ns/g_walls=22.1 Windows=0.00072 Doors=0.00012 IC=0.00000 CO2_BC=0.00005 LR=7.91e-05 nu=0.01 NSraw=2.111 alpha(W1/W8/all)=0.59/0.39/0.48 | 0.85 it/s
[Iter 48170/50000] Total=0.02925 | NS=0.02537 CO2(scaled)=0.00043 CO2_weight=1.00 guide_w=215 Walls=0.00024(x10) g_ns/g_walls=22.1 Windows=0.00078 Doors=0.00016 IC=0.00000 CO2_BC=0.00005 LR=7.91e-05 nu=0.01 NSraw=0.06733 alpha(W1/W8/all)=0.59/0.39/0.48 | 0.85 it/s
[Iter 48180/50000] Total=0.02774 | NS=0.02480 CO2(scaled)=0.00054 CO2_weight=1.00 guide_w=215 Walls=0.00016(x10) g_ns/g_walls=22.1 Windows=0.00064 Doors=0.00015 IC=0.00000 CO2_BC=0.00005 LR=7.90e-05 nu=0.01 NSraw=0.06245 alpha(W1/W8/all)=0.59/0.39/0.48 | 0.85 it/s
[Iter 48190/50000] Total=0.01610 | NS=0.01330 CO2(scaled)=0.00048 CO2_weight=1.00 guide_w=215 Walls=0.00014(x10) g_ns/g_walls=22.1 Windows=0.00077 Doors=0.00011 IC=0.00000 CO2_BC=0.00005 LR=7.90e-05 nu=0.01 NSraw=0.01695 alpha(W1/W8/all)=0.59/0.39/0.48 | 0.85 it/s
[Iter 48200/50000] Total=0.01871 | NS=0.01348 CO2(scaled)=0.00057 CO2_weight=1.00 guide_w=1.62 Walls=0.00039(x10) g_ns/g_walls=0.639 Windows=0.00058 Doors=0.00011 IC=0.00000 CO2_BC=0.00006 LR=7.89e-05 nu=0.01 NSraw=0.01573 alpha(W1/W8/all)=0.59/0.39/0.48 | 0.85 it/s
[Iter 48210/50000] Total=0.01909 | NS=0.01660 CO2(scaled)=0.00053 CO2_weight=1.00 guide_w=1.62 Walls=0.00013(x10) g_ns/g_walls=0.639 Windows=0.00050 Doors=0.00015 IC=0.00000 CO2_BC=0.00006 LR=7.89e-05 nu=0.01 NSraw=0.02407 alpha(W1/W8/all)=0.59/0.39/0.48 | 0.85 it/s
[Iter 48220/50000] Total=0.12798 | NS=0.12499 CO2(scaled)=0.00060 CO2_weight=1.00 guide_w=1.62 Walls=0.00018(x10) g_ns/g_walls=0.639 Windows=0.00040 Doors=0.00012 IC=0.00000 CO2_BC=0.00006 LR=7.88e-05 nu=0.01 NSraw=0.7853 alpha(W1/W8/all)=0.59/0.39/0.48 | 0.85 it/s
[Iter 48230/50000] Total=0.03803 | NS=0.03527 CO2(scaled)=0.00051 CO2_weight=1.00 guide_w=1.62 Walls=0.00014(x10) g_ns/g_walls=0.639 Windows=0.00067 Doors=0.00012 IC=0.00000 CO2_BC=0.00005 LR=7.88e-05 nu=0.01 NSraw=0.146 alpha(W1/W8/all)=0.59/0.39/0.48 | 0.85 it/s
[Iter 48240/50000] Total=0.10746 | NS=0.10367 CO2(scaled)=0.00059 CO2_weight=1.00 guide_w=1.62 Walls=0.00024(x10) g_ns/g_walls=0.639 Windows=0.00069 Doors=0.00011 IC=0.00000 CO2_BC=0.00005 LR=7.88e-05 nu=0.01 NSraw=0.6262 alpha(W1/W8/all)=0.59/0.39/0.48 | 0.85 it/s
[Iter 48250/50000] Total=0.03952 | NS=0.03495 CO2(scaled)=0.00055 CO2_weight=1.00 guide_w=1.62 Walls=0.00033(x10) g_ns/g_walls=0.639 Windows=0.00057 Doors=0.00013 IC=0.00000 CO2_BC=0.00005 LR=7.87e-05 nu=0.01 NSraw=0.06947 alpha(W1/W8/all)=0.59/0.39/0.48 | 0.85 it/s
[Iter 48260/50000] Total=0.12701 | NS=0.12338 CO2(scaled)=0.00098 CO2_weight=1.00 guide_w=1.62 Walls=0.00020(x10) g_ns/g_walls=0.639 Windows=0.00043 Doors=0.00013 IC=0.00000 CO2_BC=0.00005 LR=7.87e-05 nu=0.01 NSraw=2.623 alpha(W1/W8/all)=0.59/0.39/0.48 | 0.85 it/s
[Iter 48270/50000] Total=0.06392 | NS=0.06113 CO2(scaled)=0.00048 CO2_weight=1.00 guide_w=1.62 Walls=0.00015(x10) g_ns/g_walls=0.639 Windows=0.00062 Doors=0.00013 IC=0.00000 CO2_BC=0.00006 LR=7.86e-05 nu=0.01 NSraw=0.5308 alpha(W1/W8/all)=0.59/0.39/0.48 | 0.85 it/s
[Iter 48280/50000] Total=0.03648 | NS=0.03205 CO2(scaled)=0.00051 CO2_weight=1.00 guide_w=1.62 Walls=0.00031(x10) g_ns/g_walls=0.639 Windows=0.00067 Doors=0.00013 IC=0.00000 CO2_BC=0.00005 LR=7.86e-05 nu=0.01 NSraw=0.1009 alpha(W1/W8/all)=0.59/0.39/0.48 | 0.85 it/s
[Iter 48290/50000] Total=0.03705 | NS=0.03060 CO2(scaled)=0.00064 CO2_weight=1.00 guide_w=1.62 Walls=0.00049(x10) g_ns/g_walls=0.639 Windows=0.00078 Doors=0.00010 IC=0.00000 CO2_BC=0.00005 LR=7.86e-05 nu=0.01 NSraw=0.06577 alpha(W1/W8/all)=0.59/0.39/0.48 | 0.85 it/s
[Iter 48300/50000] Total=0.02986 | NS=0.02445 CO2(scaled)=0.00070 CO2_weight=1.00 guide_w=2.29 Walls=0.00038(x10) g_ns/g_walls=0.343 Windows=0.00075 Doors=0.00014 IC=0.00000 CO2_BC=0.00005 LR=7.85e-05 nu=0.01 NSraw=0.04278 alpha(W1/W8/all)=0.59/0.39/0.48 | 0.85 it/s
[Iter 48310/50000] Total=0.02250 | NS=0.02003 CO2(scaled)=0.00048 CO2_weight=1.00 guide_w=2.29 Walls=0.00013(x10) g_ns/g_walls=0.343 Windows=0.00049 Doors=0.00016 IC=0.00000 CO2_BC=0.00006 LR=7.85e-05 nu=0.01 NSraw=0.04307 alpha(W1/W8/all)=0.59/0.39/0.48 | 0.85 it/s
[Iter 48320/50000] Total=0.01948 | NS=0.01702 CO2(scaled)=0.00050 CO2_weight=1.00 guide_w=2.29 Walls=0.00012(x10) g_ns/g_walls=0.343 Windows=0.00054 Doors=0.00014 IC=0.00000 CO2_BC=0.00005 LR=7.84e-05 nu=0.01 NSraw=0.02914 alpha(W1/W8/all)=0.59/0.39/0.48 | 0.85 it/s
[Iter 48330/50000] Total=0.04276 | NS=0.04008 CO2(scaled)=0.00055 CO2_weight=1.00 guide_w=2.29 Walls=0.00015(x10) g_ns/g_walls=0.343 Windows=0.00044 Doors=0.00013 IC=0.00000 CO2_BC=0.00005 LR=7.84e-05 nu=0.01 NSraw=0.1341 alpha(W1/W8/all)=0.59/0.39/0.48 | 0.85 it/s
[Iter 48340/50000] Total=0.09004 | NS=0.08678 CO2(scaled)=0.00046 CO2_weight=1.00 guide_w=2.29 Walls=0.00021(x10) g_ns/g_walls=0.343 Windows=0.00049 Doors=0.00014 IC=0.00000 CO2_BC=0.00005 LR=7.84e-05 nu=0.01 NSraw=0.4817 alpha(W1/W8/all)=0.59/0.39/0.48 | 0.85 it/s
[Iter 48350/50000] Total=0.33306 | NS=0.32747 CO2(scaled)=0.00050 CO2_weight=1.00 guide_w=2.29 Walls=0.00041(x10) g_ns/g_walls=0.343 Windows=0.00078 Doors=0.00017 IC=0.00000 CO2_BC=0.00006 LR=7.83e-05 nu=0.01 NSraw=23.18 alpha(W1/W8/all)=0.59/0.39/0.48 | 0.85 it/s
[Iter 48360/50000] Total=0.02432 | NS=0.02149 CO2(scaled)=0.00047 CO2_weight=1.00 guide_w=2.29 Walls=0.00016(x10) g_ns/g_walls=0.343 Windows=0.00054 Doors=0.00013 IC=0.00000 CO2_BC=0.00005 LR=7.83e-05 nu=0.01 NSraw=0.05392 alpha(W1/W8/all)=0.59/0.39/0.48 | 0.85 it/s
[Iter 48370/50000] Total=0.01672 | NS=0.01249 CO2(scaled)=0.00064 CO2_weight=1.00 guide_w=2.29 Walls=0.00026(x10) g_ns/g_walls=0.343 Windows=0.00084 Doors=0.00014 IC=0.00000 CO2_BC=0.00005 LR=7.82e-05 nu=0.01 NSraw=0.01675 alpha(W1/W8/all)=0.59/0.39/0.48 | 0.85 it/s
[Iter 48380/50000] Total=0.03984 | NS=0.03696 CO2(scaled)=0.00065 CO2_weight=1.00 guide_w=2.29 Walls=0.00014(x10) g_ns/g_walls=0.343 Windows=0.00055 Doors=0.00019 IC=0.00000 CO2_BC=0.00005 LR=7.82e-05 nu=0.01 NSraw=0.06024 alpha(W1/W8/all)=0.59/0.39/0.48 | 0.85 it/s
[Iter 48390/50000] Total=0.02294 | NS=0.01953 CO2(scaled)=0.00061 CO2_weight=1.00 guide_w=2.29 Walls=0.00021(x10) g_ns/g_walls=0.343 Windows=0.00055 Doors=0.00013 IC=0.00000 CO2_BC=0.00006 LR=7.81e-05 nu=0.01 NSraw=0.02649 alpha(W1/W8/all)=0.59/0.39/0.48 | 0.85 it/s
[Iter 48400/50000] Total=0.11336 | NS=0.11072 CO2(scaled)=0.00059 CO2_weight=1.00 guide_w=20.7 Walls=0.00014(x10) g_ns/g_walls=5.53 Windows=0.00054 Doors=0.00011 IC=0.00000 CO2_BC=0.00005 LR=7.81e-05 nu=0.01 NSraw=1.176 alpha(W1/W8/all)=0.59/0.39/0.48 | 0.85 it/s
[Iter 48410/50000] Total=0.05267 | NS=0.05001 CO2(scaled)=0.00045 CO2_weight=1.00 guide_w=20.7 Walls=0.00015(x10) g_ns/g_walls=5.53 Windows=0.00051 Doors=0.00012 IC=0.00000 CO2_BC=0.00005 LR=7.81e-05 nu=0.01 NSraw=0.157 alpha(W1/W8/all)=0.59/0.39/0.48 | 0.85 it/s
[Iter 48420/50000] Total=0.05414 | NS=0.05075 CO2(scaled)=0.00079 CO2_weight=1.00 guide_w=20.7 Walls=0.00019(x10) g_ns/g_walls=5.53 Windows=0.00054 Doors=0.00014 IC=0.00000 CO2_BC=0.00006 LR=7.80e-05 nu=0.01 NSraw=0.315 alpha(W1/W8/all)=0.59/0.39/0.48 | 0.85 it/s
[Iter 48430/50000] Total=0.03817 | NS=0.03486 CO2(scaled)=0.00043 CO2_weight=1.00 guide_w=20.7 Walls=0.00021(x10) g_ns/g_walls=5.53 Windows=0.00058 Doors=0.00016 IC=0.00000 CO2_BC=0.00005 LR=7.80e-05 nu=0.01 NSraw=0.08111 alpha(W1/W8/all)=0.59/0.39/0.48 | 0.85 it/s
[Iter 48440/50000] Total=0.05891 | NS=0.05499 CO2(scaled)=0.00047 CO2_weight=1.00 guide_w=20.7 Walls=0.00027(x10) g_ns/g_walls=5.53 Windows=0.00051 Doors=0.00018 IC=0.00000 CO2_BC=0.00005 LR=7.79e-05 nu=0.01 NSraw=0.2202 alpha(W1/W8/all)=0.59/0.39/0.48 | 0.85 it/s
[Iter 48450/50000] Total=0.03290 | NS=0.02929 CO2(scaled)=0.00049 CO2_weight=1.00 guide_w=20.7 Walls=0.00023(x10) g_ns/g_walls=5.53 Windows=0.00056 Doors=0.00018 IC=0.00000 CO2_BC=0.00004 LR=7.79e-05 nu=0.01 NSraw=0.06067 alpha(W1/W8/all)=0.59/0.39/0.48 | 0.85 it/s
[Iter 48460/50000] Total=0.04032 | NS=0.03770 CO2(scaled)=0.00055 CO2_weight=1.00 guide_w=20.7 Walls=0.00014(x10) g_ns/g_walls=5.53 Windows=0.00045 Doors=0.00013 IC=0.00000 CO2_BC=0.00006 LR=7.79e-05 nu=0.01 NSraw=0.1989 alpha(W1/W8/all)=0.59/0.39/0.48 | 0.85 it/s
[Iter 48470/50000] Total=0.10592 | NS=0.10355 CO2(scaled)=0.00067 CO2_weight=1.00 guide_w=20.7 Walls=0.00011(x10) g_ns/g_walls=5.53 Windows=0.00046 Doors=0.00014 IC=0.00000 CO2_BC=0.00005 LR=7.78e-05 nu=0.01 NSraw=1.244 alpha(W1/W8/all)=0.59/0.39/0.48 | 0.85 it/s
[Iter 48480/50000] Total=0.21129 | NS=0.20822 CO2(scaled)=0.00062 CO2_weight=1.00 guide_w=20.7 Walls=0.00017(x10) g_ns/g_walls=5.53 Windows=0.00056 Doors=0.00010 IC=0.00000 CO2_BC=0.00013 LR=7.78e-05 nu=0.01 NSraw=7.822 alpha(W1/W8/all)=0.59/0.39/0.48 | 0.85 it/s
[Iter 48490/50000] Total=0.01284 | NS=0.00875 CO2(scaled)=0.00045 CO2_weight=1.00 guide_w=20.7 Walls=0.00029(x10) g_ns/g_walls=5.53 Windows=0.00059 Doors=0.00011 IC=0.00000 CO2_BC=0.00006 LR=7.77e-05 nu=0.01 NSraw=0.01027 alpha(W1/W8/all)=0.59/0.39/0.48 | 0.85 it/s
[Iter 48500/50000] Total=0.03629 | NS=0.03362 CO2(scaled)=0.00054 CO2_weight=1.00 guide_w=16.7 Walls=0.00014(x10) g_ns/g_walls=1.2 Windows=0.00044 Doors=0.00018 IC=0.00000 CO2_BC=0.00005 LR=7.77e-05 nu=0.01 NSraw=0.1068 alpha(W1/W8/all)=0.59/0.39/0.48 | 0.85 it/s
[Iter 48510/50000] Total=0.09577 | NS=0.09282 CO2(scaled)=0.00043 CO2_weight=1.00 guide_w=16.7 Walls=0.00019(x10) g_ns/g_walls=1.2 Windows=0.00047 Doors=0.00012 IC=0.00000 CO2_BC=0.00005 LR=7.77e-05 nu=0.01 NSraw=0.7571 alpha(W1/W8/all)=0.59/0.39/0.48 | 0.85 it/s
[Iter 48520/50000] Total=0.03300 | NS=0.02862 CO2(scaled)=0.00056 CO2_weight=1.00 guide_w=16.7 Walls=0.00031(x10) g_ns/g_walls=1.2 Windows=0.00057 Doors=0.00013 IC=0.00000 CO2_BC=0.00005 LR=7.76e-05 nu=0.01 NSraw=0.06688 alpha(W1/W8/all)=0.59/0.39/0.48 | 0.85 it/s
[Iter 48530/50000] Total=0.15129 | NS=0.14842 CO2(scaled)=0.00055 CO2_weight=1.00 guide_w=16.7 Walls=0.00017(x10) g_ns/g_walls=1.2 Windows=0.00046 Doors=0.00014 IC=0.00000 CO2_BC=0.00005 LR=7.76e-05 nu=0.01 NSraw=2.796 alpha(W1/W8/all)=0.59/0.39/0.48 | 0.85 it/s
[Iter 48540/50000] Total=0.39480 | NS=0.39110 CO2(scaled)=0.00083 CO2_weight=1.00 guide_w=16.7 Walls=0.00022(x10) g_ns/g_walls=1.2 Windows=0.00051 Doors=0.00015 IC=0.00000 CO2_BC=0.00006 LR=7.75e-05 nu=0.01 NSraw=18.33 alpha(W1/W8/all)=0.59/0.39/0.48 | 0.85 it/s
[Iter 48550/50000] Total=0.15594 | NS=0.15227 CO2(scaled)=0.00052 CO2_weight=1.00 guide_w=16.7 Walls=0.00024(x10) g_ns/g_walls=1.2 Windows=0.00051 Doors=0.00013 IC=0.00000 CO2_BC=0.00007 LR=7.75e-05 nu=0.01 NSraw=3.544 alpha(W1/W8/all)=0.59/0.39/0.48 | 0.85 it/s
[Iter 48560/50000] Total=0.12347 | NS=0.12096 CO2(scaled)=0.00058 CO2_weight=1.00 guide_w=16.7 Walls=0.00013(x10) g_ns/g_walls=1.2 Windows=0.00047 Doors=0.00011 IC=0.00000 CO2_BC=0.00004 LR=7.74e-05 nu=0.01 NSraw=0.705 alpha(W1/W8/all)=0.59/0.39/0.48 | 0.85 it/s
[Iter 48570/50000] Total=0.03058 | NS=0.02674 CO2(scaled)=0.00064 CO2_weight=1.00 guide_w=16.7 Walls=0.00024(x10) g_ns/g_walls=1.2 Windows=0.00065 Doors=0.00012 IC=0.00000 CO2_BC=0.00005 LR=7.74e-05 nu=0.01 NSraw=0.04334 alpha(W1/W8/all)=0.59/0.39/0.48 | 0.85 it/s
[Iter 48580/50000] Total=0.05818 | NS=0.05437 CO2(scaled)=0.00050 CO2_weight=1.00 guide_w=16.7 Walls=0.00025(x10) g_ns/g_walls=1.2 Windows=0.00066 Doors=0.00011 IC=0.00000 CO2_BC=0.00006 LR=7.74e-05 nu=0.01 NSraw=0.3374 alpha(W1/W8/all)=0.59/0.39/0.48 | 0.85 it/s
[Iter 48590/50000] Total=0.04776 | NS=0.04484 CO2(scaled)=0.00054 CO2_weight=1.00 guide_w=16.7 Walls=0.00016(x10) g_ns/g_walls=1.2 Windows=0.00060 Doors=0.00013 IC=0.00000 CO2_BC=0.00006 LR=7.73e-05 nu=0.01 NSraw=0.09901 alpha(W1/W8/all)=0.59/0.39/0.48 | 0.85 it/s
[Iter 48600/50000] Total=0.07107 | NS=0.06696 CO2(scaled)=0.00088 CO2_weight=1.00 guide_w=3.18 Walls=0.00025(x10) g_ns/g_walls=0.677 Windows=0.00051 Doors=0.00015 IC=0.00000 CO2_BC=0.00005 LR=7.73e-05 nu=0.01 NSraw=0.3315 alpha(W1/W8/all)=0.59/0.39/0.48 | 0.85 it/s
[Iter 48610/50000] Total=0.05501 | NS=0.05076 CO2(scaled)=0.00054 CO2_weight=1.00 guide_w=3.18 Walls=0.00029(x10) g_ns/g_walls=0.677 Windows=0.00062 Doors=0.00016 IC=0.00000 CO2_BC=0.00006 LR=7.72e-05 nu=0.01 NSraw=0.3551 alpha(W1/W8/all)=0.59/0.39/0.48 | 0.85 it/s
[Iter 48620/50000] Total=0.04431 | NS=0.04065 CO2(scaled)=0.00054 CO2_weight=1.00 guide_w=3.18 Walls=0.00023(x10) g_ns/g_walls=0.677 Windows=0.00056 Doors=0.00016 IC=0.00000 CO2_BC=0.00005 LR=7.72e-05 nu=0.01 NSraw=0.08776 alpha(W1/W8/all)=0.59/0.39/0.48 | 0.85 it/s
[Iter 48630/50000] Total=0.06163 | NS=0.05759 CO2(scaled)=0.00071 CO2_weight=1.00 guide_w=3.18 Walls=0.00025(x10) g_ns/g_walls=0.677 Windows=0.00061 Doors=0.00016 IC=0.00000 CO2_BC=0.00006 LR=7.72e-05 nu=0.01 NSraw=0.3392 alpha(W1/W8/all)=0.59/0.39/0.48 | 0.85 it/s
[Iter 48640/50000] Total=0.02290 | NS=0.01925 CO2(scaled)=0.00046 CO2_weight=1.00 guide_w=3.18 Walls=0.00022(x10) g_ns/g_walls=0.677 Windows=0.00073 Doors=0.00018 IC=0.00000 CO2_BC=0.00005 LR=7.71e-05 nu=0.01 NSraw=0.03599 alpha(W1/W8/all)=0.59/0.39/0.48 | 0.85 it/s
[Iter 48650/50000] Total=0.02332 | NS=0.02074 CO2(scaled)=0.00059 CO2_weight=1.00 guide_w=3.18 Walls=0.00015(x10) g_ns/g_walls=0.677 Windows=0.00034 Doors=0.00015 IC=0.00000 CO2_BC=0.00005 LR=7.71e-05 nu=0.01 NSraw=0.03149 alpha(W1/W8/all)=0.59/0.39/0.48 | 0.85 it/s
[Iter 48660/50000] Total=0.09661 | NS=0.09360 CO2(scaled)=0.00053 CO2_weight=1.00 guide_w=3.18 Walls=0.00016(x10) g_ns/g_walls=0.677 Windows=0.00060 Doors=0.00018 IC=0.00000 CO2_BC=0.00005 LR=7.70e-05 nu=0.01 NSraw=1.002 alpha(W1/W8/all)=0.59/0.39/0.48 | 0.85 it/s
[Iter 48670/50000] Total=0.01709 | NS=0.01469 CO2(scaled)=0.00041 CO2_weight=1.00 guide_w=3.18 Walls=0.00012(x10) g_ns/g_walls=0.677 Windows=0.00056 Doors=0.00013 IC=0.00000 CO2_BC=0.00005 LR=7.70e-05 nu=0.01 NSraw=0.02046 alpha(W1/W8/all)=0.59/0.39/0.48 | 0.85 it/s
[Iter 48680/50000] Total=0.05320 | NS=0.04992 CO2(scaled)=0.00046 CO2_weight=1.00 guide_w=3.18 Walls=0.00021(x10) g_ns/g_walls=0.677 Windows=0.00057 Doors=0.00014 IC=0.00000 CO2_BC=0.00005 LR=7.70e-05 nu=0.01 NSraw=0.2409 alpha(W1/W8/all)=0.59/0.39/0.48 | 0.85 it/s
[Iter 48690/50000] Total=0.02019 | NS=0.01428 CO2(scaled)=0.00059 CO2_weight=1.00 guide_w=3.18 Walls=0.00045(x10) g_ns/g_walls=0.677 Windows=0.00060 Doors=0.00016 IC=0.00000 CO2_BC=0.00006 LR=7.69e-05 nu=0.01 NSraw=0.02002 alpha(W1/W8/all)=0.59/0.39/0.48 | 0.85 it/s
[Iter 48700/50000] Total=0.01632 | NS=0.01315 CO2(scaled)=0.00080 CO2_weight=1.00 guide_w=1.39 Walls=0.00017(x10) g_ns/g_walls=0.492 Windows=0.00048 Doors=0.00012 IC=0.00000 CO2_BC=0.00005 LR=7.69e-05 nu=0.01 NSraw=0.01549 alpha(W1/W8/all)=0.59/0.39/0.48 | 0.85 it/s
[Iter 48710/50000] Total=0.05121 | NS=0.04858 CO2(scaled)=0.00049 CO2_weight=1.00 guide_w=1.39 Walls=0.00015(x10) g_ns/g_walls=0.492 Windows=0.00046 Doors=0.00012 IC=0.00000 CO2_BC=0.00005 LR=7.68e-05 nu=0.01 NSraw=0.2877 alpha(W1/W8/all)=0.59/0.39/0.48 | 0.85 it/s
[Iter 48720/50000] Total=0.02542 | NS=0.02095 CO2(scaled)=0.00068 CO2_weight=1.00 guide_w=1.39 Walls=0.00029(x10) g_ns/g_walls=0.492 Windows=0.00065 Doors=0.00015 IC=0.00000 CO2_BC=0.00006 LR=7.68e-05 nu=0.01 NSraw=0.03429 alpha(W1/W8/all)=0.59/0.39/0.48 | 0.85 it/s
[Iter 48730/50000] Total=0.03049 | NS=0.02500 CO2(scaled)=0.00062 CO2_weight=1.00 guide_w=1.39 Walls=0.00040(x10) g_ns/g_walls=0.492 Windows=0.00069 Doors=0.00012 IC=0.00000 CO2_BC=0.00006 LR=7.68e-05 nu=0.01 NSraw=0.05271 alpha(W1/W8/all)=0.59/0.39/0.48 | 0.85 it/s
[Iter 48740/50000] Total=0.03755 | NS=0.03343 CO2(scaled)=0.00067 CO2_weight=1.00 guide_w=1.39 Walls=0.00026(x10) g_ns/g_walls=0.492 Windows=0.00062 Doors=0.00017 IC=0.00000 CO2_BC=0.00005 LR=7.67e-05 nu=0.01 NSraw=0.08576 alpha(W1/W8/all)=0.59/0.39/0.48 | 0.85 it/s
[Iter 48750/50000] Total=0.02291 | NS=0.01953 CO2(scaled)=0.00055 CO2_weight=1.00 guide_w=1.39 Walls=0.00022(x10) g_ns/g_walls=0.492 Windows=0.00044 Doors=0.00014 IC=0.00000 CO2_BC=0.00004 LR=7.67e-05 nu=0.01 NSraw=0.03529 alpha(W1/W8/all)=0.59/0.39/0.48 | 0.85 it/s
[Iter 48760/50000] Total=0.16508 | NS=0.16185 CO2(scaled)=0.00057 CO2_weight=1.00 guide_w=1.39 Walls=0.00019(x10) g_ns/g_walls=0.492 Windows=0.00052 Doors=0.00021 IC=0.00000 CO2_BC=0.00006 LR=7.66e-05 nu=0.01 NSraw=3.115 alpha(W1/W8/all)=0.59/0.39/0.48 | 0.85 it/s
[Iter 48770/50000] Total=0.03913 | NS=0.03622 CO2(scaled)=0.00047 CO2_weight=1.00 guide_w=1.39 Walls=0.00017(x10) g_ns/g_walls=0.492 Windows=0.00046 Doors=0.00024 IC=0.00000 CO2_BC=0.00006 LR=7.66e-05 nu=0.01 NSraw=0.08776 alpha(W1/W8/all)=0.59/0.39/0.48 | 0.85 it/s
[Iter 48780/50000] Total=0.02144 | NS=0.01890 CO2(scaled)=0.00059 CO2_weight=1.00 guide_w=1.39 Walls=0.00013(x10) g_ns/g_walls=0.492 Windows=0.00046 Doors=0.00015 IC=0.00000 CO2_BC=0.00005 LR=7.66e-05 nu=0.01 NSraw=0.03307 alpha(W1/W8/all)=0.59/0.39/0.48 | 0.85 it/s
[Iter 48790/50000] Total=0.03923 | NS=0.03577 CO2(scaled)=0.00056 CO2_weight=1.00 guide_w=1.39 Walls=0.00021(x10) g_ns/g_walls=0.492 Windows=0.00056 Doors=0.00022 IC=0.00000 CO2_BC=0.00006 LR=7.65e-05 nu=0.01 NSraw=0.09706 alpha(W1/W8/all)=0.59/0.39/0.48 | 0.85 it/s
[Iter 48800/50000] Total=0.03641 | NS=0.03314 CO2(scaled)=0.00076 CO2_weight=1.00 guide_w=1.42 Walls=0.00018(x10) g_ns/g_walls=0.438 Windows=0.00051 Doors=0.00019 IC=0.00000 CO2_BC=0.00005 LR=7.65e-05 nu=0.01 NSraw=0.09878 alpha(W1/W8/all)=0.59/0.39/0.48 | 0.85 it/s
[Iter 48810/50000] Total=0.04101 | NS=0.03774 CO2(scaled)=0.00061 CO2_weight=1.00 guide_w=1.42 Walls=0.00018(x10) g_ns/g_walls=0.438 Windows=0.00064 Doors=0.00015 IC=0.00000 CO2_BC=0.00005 LR=7.64e-05 nu=0.01 NSraw=0.09838 alpha(W1/W8/all)=0.59/0.39/0.48 | 0.85 it/s
[Iter 48820/50000] Total=0.02814 | NS=0.02524 CO2(scaled)=0.00051 CO2_weight=1.00 guide_w=1.42 Walls=0.00017(x10) g_ns/g_walls=0.438 Windows=0.00049 Doors=0.00016 IC=0.00000 CO2_BC=0.00005 LR=7.64e-05 nu=0.01 NSraw=0.0505 alpha(W1/W8/all)=0.59/0.39/0.48 | 0.85 it/s
[Iter 48830/50000] Total=0.04201 | NS=0.03753 CO2(scaled)=0.00061 CO2_weight=1.00 guide_w=1.42 Walls=0.00031(x10) g_ns/g_walls=0.438 Windows=0.00059 Doors=0.00015 IC=0.00000 CO2_BC=0.00006 LR=7.64e-05 nu=0.01 NSraw=0.1512 alpha(W1/W8/all)=0.59/0.39/0.48 | 0.85 it/s
[Iter 48840/50000] Total=0.07020 | NS=0.06703 CO2(scaled)=0.00046 CO2_weight=1.00 guide_w=1.42 Walls=0.00018(x10) g_ns/g_walls=0.438 Windows=0.00068 Doors=0.00016 IC=0.00000 CO2_BC=0.00005 LR=7.63e-05 nu=0.01 NSraw=0.3545 alpha(W1/W8/all)=0.59/0.39/0.48 | 0.85 it/s
[Iter 48850/50000] Total=0.06322 | NS=0.05238 CO2(scaled)=0.00056 CO2_weight=1.00 guide_w=1.42 Walls=0.00095(x10) g_ns/g_walls=0.438 Windows=0.00050 Doors=0.00019 IC=0.00000 CO2_BC=0.00006 LR=7.63e-05 nu=0.01 NSraw=0.3167 alpha(W1/W8/all)=0.59/0.39/0.48 | 0.85 it/s
[Iter 48860/50000] Total=0.19205 | NS=0.18596 CO2(scaled)=0.00076 CO2_weight=1.00 guide_w=1.42 Walls=0.00042(x10) g_ns/g_walls=0.438 Windows=0.00090 Doors=0.00015 IC=0.00000 CO2_BC=0.00005 LR=7.62e-05 nu=0.01 NSraw=6.282 alpha(W1/W8/all)=0.59/0.39/0.48 | 0.85 it/s
[Iter 48870/50000] Total=0.10752 | NS=0.10232 CO2(scaled)=0.00068 CO2_weight=1.00 guide_w=1.42 Walls=0.00036(x10) g_ns/g_walls=0.438 Windows=0.00071 Doors=0.00014 IC=0.00000 CO2_BC=0.00006 LR=7.62e-05 nu=0.01 NSraw=0.5061 alpha(W1/W8/all)=0.59/0.39/0.48 | 0.85 it/s
[Iter 48880/50000] Total=0.03514 | NS=0.03135 CO2(scaled)=0.00075 CO2_weight=1.00 guide_w=1.42 Walls=0.00023(x10) g_ns/g_walls=0.438 Windows=0.00056 Doors=0.00016 IC=0.00000 CO2_BC=0.00006 LR=7.62e-05 nu=0.01 NSraw=0.07425 alpha(W1/W8/all)=0.59/0.39/0.48 | 0.85 it/s
[Iter 48890/50000] Total=0.03670 | NS=0.03312 CO2(scaled)=0.00064 CO2_weight=1.00 guide_w=1.42 Walls=0.00022(x10) g_ns/g_walls=0.438 Windows=0.00055 Doors=0.00013 IC=0.00000 CO2_BC=0.00006 LR=7.61e-05 nu=0.01 NSraw=0.07571 alpha(W1/W8/all)=0.59/0.39/0.48 | 0.85 it/s
[Iter 48900/50000] Total=0.02066 | NS=0.01708 CO2(scaled)=0.00045 CO2_weight=1.00 guide_w=6.74 Walls=0.00024(x10) g_ns/g_walls=0.252 Windows=0.00048 Doors=0.00016 IC=0.00000 CO2_BC=0.00006 LR=7.61e-05 nu=0.01 NSraw=0.02066 alpha(W1/W8/all)=0.59/0.39/0.48 | 0.85 it/s
[Iter 48910/50000] Total=0.05526 | NS=0.05202 CO2(scaled)=0.00047 CO2_weight=1.00 guide_w=6.74 Walls=0.00021(x10) g_ns/g_walls=0.252 Windows=0.00051 Doors=0.00014 IC=0.00000 CO2_BC=0.00005 LR=7.60e-05 nu=0.01 NSraw=0.315 alpha(W1/W8/all)=0.59/0.39/0.48 | 0.85 it/s
[Iter 48920/50000] Total=0.03582 | NS=0.03281 CO2(scaled)=0.00064 CO2_weight=1.00 guide_w=6.74 Walls=0.00016(x10) g_ns/g_walls=0.252 Windows=0.00061 Doors=0.00010 IC=0.00000 CO2_BC=0.00005 LR=7.60e-05 nu=0.01 NSraw=0.06319 alpha(W1/W8/all)=0.59/0.39/0.48 | 0.85 it/s
[Iter 48930/50000] Total=0.04264 | NS=0.03951 CO2(scaled)=0.00061 CO2_weight=1.00 guide_w=6.74 Walls=0.00019(x10) g_ns/g_walls=0.252 Windows=0.00038 Doors=0.00020 IC=0.00000 CO2_BC=0.00006 LR=7.60e-05 nu=0.01 NSraw=0.1005 alpha(W1/W8/all)=0.59/0.39/0.48 | 0.85 it/s
[Iter 48940/50000] Total=0.02678 | NS=0.02399 CO2(scaled)=0.00050 CO2_weight=1.00 guide_w=6.74 Walls=0.00015(x10) g_ns/g_walls=0.252 Windows=0.00051 Doors=0.00017 IC=0.00000 CO2_BC=0.00007 LR=7.59e-05 nu=0.01 NSraw=0.06458 alpha(W1/W8/all)=0.59/0.39/0.48 | 0.85 it/s
[Iter 48950/50000] Total=0.03925 | NS=0.03611 CO2(scaled)=0.00058 CO2_weight=1.00 guide_w=6.74 Walls=0.00019(x10) g_ns/g_walls=0.252 Windows=0.00043 Doors=0.00017 IC=0.00000 CO2_BC=0.00006 LR=7.59e-05 nu=0.01 NSraw=0.07827 alpha(W1/W8/all)=0.59/0.39/0.48 | 0.85 it/s
[Iter 48960/50000] Total=0.05297 | NS=0.04992 CO2(scaled)=0.00056 CO2_weight=1.00 guide_w=6.74 Walls=0.00017(x10) g_ns/g_walls=0.252 Windows=0.00055 Doors=0.00021 IC=0.00000 CO2_BC=0.00006 LR=7.58e-05 nu=0.01 NSraw=0.2189 alpha(W1/W8/all)=0.59/0.39/0.48 | 0.85 it/s
[Iter 48970/50000] Total=0.15832 | NS=0.15230 CO2(scaled)=0.00043 CO2_weight=1.00 guide_w=6.74 Walls=0.00049(x10) g_ns/g_walls=0.252 Windows=0.00049 Doors=0.00019 IC=0.00000 CO2_BC=0.00004 LR=7.58e-05 nu=0.01 NSraw=3.269 alpha(W1/W8/all)=0.59/0.39/0.48 | 0.85 it/s
[Iter 48980/50000] Total=0.02802 | NS=0.02485 CO2(scaled)=0.00058 CO2_weight=1.00 guide_w=6.74 Walls=0.00019(x10) g_ns/g_walls=0.252 Windows=0.00048 Doors=0.00012 IC=0.00000 CO2_BC=0.00006 LR=7.58e-05 nu=0.01 NSraw=0.1226 alpha(W1/W8/all)=0.59/0.39/0.48 | 0.85 it/s
[Iter 48990/50000] Total=0.04273 | NS=0.03817 CO2(scaled)=0.00056 CO2_weight=1.00 guide_w=6.74 Walls=0.00033(x10) g_ns/g_walls=0.252 Windows=0.00056 Doors=0.00011 IC=0.00000 CO2_BC=0.00005 LR=7.57e-05 nu=0.01 NSraw=0.08576 alpha(W1/W8/all)=0.59/0.39/0.48 | 0.85 it/s
[Iter 49000/50000] Total=0.10750 | NS=0.09917 CO2(scaled)=0.00084 CO2_weight=1.00 guide_w=5.46 Walls=0.00069(x10) g_ns/g_walls=2.2 Windows=0.00045 Doors=0.00012 IC=0.00000 CO2_BC=0.00006 LR=7.57e-05 nu=0.01 NSraw=1.73 alpha(W1/W8/all)=0.59/0.39/0.48 | 0.85 it/s
  -> saved checkpoint: /home/iai-labor/BuildingControlCFD/experiments/gnot/checkpoints/v24_fixedalpha_r50k/gnot_v24_fixedalpha_r50k_iter49000.pth
[Iter 49010/50000] Total=0.03030 | NS=0.02737 CO2(scaled)=0.00061 CO2_weight=1.00 guide_w=5.46 Walls=0.00018(x10) g_ns/g_walls=2.2 Windows=0.00036 Doors=0.00012 IC=0.00000 CO2_BC=0.00006 LR=7.56e-05 nu=0.01 NSraw=0.04931 alpha(W1/W8/all)=0.59/0.39/0.48 | 0.85 it/s
[Iter 49020/50000] Total=0.03829 | NS=0.03507 CO2(scaled)=0.00049 CO2_weight=1.00 guide_w=5.46 Walls=0.00020(x10) g_ns/g_walls=2.2 Windows=0.00050 Doors=0.00014 IC=0.00000 CO2_BC=0.00005 LR=7.56e-05 nu=0.01 NSraw=0.08421 alpha(W1/W8/all)=0.59/0.39/0.48 | 0.85 it/s
[Iter 49030/50000] Total=0.01532 | NS=0.01244 CO2(scaled)=0.00047 CO2_weight=1.00 guide_w=5.46 Walls=0.00018(x10) g_ns/g_walls=2.2 Windows=0.00046 Doors=0.00012 IC=0.00000 CO2_BC=0.00005 LR=7.56e-05 nu=0.01 NSraw=0.01497 alpha(W1/W8/all)=0.59/0.39/0.48 | 0.85 it/s
[Iter 49040/50000] Total=0.07562 | NS=0.07287 CO2(scaled)=0.00054 CO2_weight=1.00 guide_w=5.46 Walls=0.00016(x10) g_ns/g_walls=2.2 Windows=0.00045 Doors=0.00011 IC=0.00000 CO2_BC=0.00005 LR=7.55e-05 nu=0.01 NSraw=0.5893 alpha(W1/W8/all)=0.59/0.39/0.48 | 0.85 it/s
[Iter 49050/50000] Total=0.02928 | NS=0.02661 CO2(scaled)=0.00051 CO2_weight=1.00 guide_w=5.46 Walls=0.00014(x10) g_ns/g_walls=2.2 Windows=0.00057 Doors=0.00011 IC=0.00000 CO2_BC=0.00006 LR=7.55e-05 nu=0.01 NSraw=0.06407 alpha(W1/W8/all)=0.59/0.39/0.48 | 0.85 it/s
[Iter 49060/50000] Total=0.02453 | NS=0.02117 CO2(scaled)=0.00059 CO2_weight=1.00 guide_w=5.46 Walls=0.00022(x10) g_ns/g_walls=2.2 Windows=0.00041 Doors=0.00011 IC=0.00000 CO2_BC=0.00006 LR=7.54e-05 nu=0.01 NSraw=0.02894 alpha(W1/W8/all)=0.59/0.39/0.48 | 0.85 it/s
[Iter 49070/50000] Total=0.16206 | NS=0.15932 CO2(scaled)=0.00059 CO2_weight=1.00 guide_w=5.46 Walls=0.00014(x10) g_ns/g_walls=2.2 Windows=0.00056 Doors=0.00011 IC=0.00000 CO2_BC=0.00010 LR=7.54e-05 nu=0.01 NSraw=3.741 alpha(W1/W8/all)=0.59/0.39/0.48 | 0.85 it/s
[Iter 49080/50000] Total=0.03050 | NS=0.02699 CO2(scaled)=0.00073 CO2_weight=1.00 guide_w=5.46 Walls=0.00021(x10) g_ns/g_walls=2.2 Windows=0.00052 Doors=0.00012 IC=0.00000 CO2_BC=0.00006 LR=7.54e-05 nu=0.01 NSraw=0.04331 alpha(W1/W8/all)=0.59/0.39/0.48 | 0.85 it/s
[Iter 49090/50000] Total=0.03695 | NS=0.03052 CO2(scaled)=0.00073 CO2_weight=1.00 guide_w=5.46 Walls=0.00049(x10) g_ns/g_walls=2.2 Windows=0.00065 Doors=0.00013 IC=0.00000 CO2_BC=0.00005 LR=7.53e-05 nu=0.01 NSraw=0.06391 alpha(W1/W8/all)=0.59/0.39/0.48 | 0.85 it/s
[Iter 49100/50000] Total=0.11797 | NS=0.11431 CO2(scaled)=0.00072 CO2_weight=1.00 guide_w=66.8 Walls=0.00022(x10) g_ns/g_walls=16.6 Windows=0.00050 Doors=0.00016 IC=0.00000 CO2_BC=0.00006 LR=7.53e-05 nu=0.01 NSraw=2.202 alpha(W1/W8/all)=0.59/0.39/0.48 | 0.85 it/s
[Iter 49110/50000] Total=0.01141 | NS=0.00857 CO2(scaled)=0.00049 CO2_weight=1.00 guide_w=66.8 Walls=0.00016(x10) g_ns/g_walls=16.6 Windows=0.00052 Doors=0.00013 IC=0.00000 CO2_BC=0.00006 LR=7.52e-05 nu=0.01 NSraw=0.009515 alpha(W1/W8/all)=0.59/0.39/0.48 | 0.85 it/s
[Iter 49120/50000] Total=0.04315 | NS=0.04071 CO2(scaled)=0.00044 CO2_weight=1.00 guide_w=66.8 Walls=0.00014(x10) g_ns/g_walls=16.6 Windows=0.00045 Doors=0.00014 IC=0.00000 CO2_BC=0.00005 LR=7.52e-05 nu=0.01 NSraw=0.1765 alpha(W1/W8/all)=0.59/0.39/0.48 | 0.85 it/s
[Iter 49130/50000] Total=0.11292 | NS=0.11007 CO2(scaled)=0.00051 CO2_weight=1.00 guide_w=66.8 Walls=0.00016(x10) g_ns/g_walls=16.6 Windows=0.00060 Doors=0.00014 IC=0.00000 CO2_BC=0.00006 LR=7.52e-05 nu=0.01 NSraw=0.735 alpha(W1/W8/all)=0.59/0.39/0.48 | 0.85 it/s
[Iter 49140/50000] Total=0.06737 | NS=0.06267 CO2(scaled)=0.00043 CO2_weight=1.00 guide_w=66.8 Walls=0.00037(x10) g_ns/g_walls=16.6 Windows=0.00039 Doors=0.00015 IC=0.00000 CO2_BC=0.00005 LR=7.51e-05 nu=0.01 NSraw=0.3871 alpha(W1/W8/all)=0.59/0.39/0.48 | 0.85 it/s
[Iter 49150/50000] Total=0.08226 | NS=0.07796 CO2(scaled)=0.00044 CO2_weight=1.00 guide_w=66.8 Walls=0.00031(x10) g_ns/g_walls=16.6 Windows=0.00062 Doors=0.00012 IC=0.00000 CO2_BC=0.00005 LR=7.51e-05 nu=0.01 NSraw=0.5207 alpha(W1/W8/all)=0.59/0.39/0.48 | 0.85 it/s
[Iter 49160/50000] Total=0.02991 | NS=0.02660 CO2(scaled)=0.00057 CO2_weight=1.00 guide_w=66.8 Walls=0.00020(x10) g_ns/g_walls=16.6 Windows=0.00051 Doors=0.00015 IC=0.00000 CO2_BC=0.00005 LR=7.50e-05 nu=0.01 NSraw=0.04544 alpha(W1/W8/all)=0.59/0.39/0.48 | 0.85 it/s
[Iter 49170/50000] Total=0.02411 | NS=0.02108 CO2(scaled)=0.00051 CO2_weight=1.00 guide_w=66.8 Walls=0.00019(x10) g_ns/g_walls=16.6 Windows=0.00047 Doors=0.00014 IC=0.00000 CO2_BC=0.00005 LR=7.50e-05 nu=0.01 NSraw=0.02898 alpha(W1/W8/all)=0.59/0.39/0.48 | 0.85 it/s
[Iter 49180/50000] Total=0.21119 | NS=0.20795 CO2(scaled)=0.00061 CO2_weight=1.00 guide_w=66.8 Walls=0.00019(x10) g_ns/g_walls=16.6 Windows=0.00058 Doors=0.00013 IC=0.00000 CO2_BC=0.00005 LR=7.50e-05 nu=0.01 NSraw=10.06 alpha(W1/W8/all)=0.59/0.39/0.48 | 0.85 it/s
[Iter 49190/50000] Total=0.02632 | NS=0.02287 CO2(scaled)=0.00078 CO2_weight=1.00 guide_w=66.8 Walls=0.00018(x10) g_ns/g_walls=16.6 Windows=0.00067 Doors=0.00012 IC=0.00000 CO2_BC=0.00006 LR=7.49e-05 nu=0.01 NSraw=0.03677 alpha(W1/W8/all)=0.59/0.39/0.48 | 0.85 it/s
[Iter 49200/50000] Total=0.04659 | NS=0.04136 CO2(scaled)=0.00080 CO2_weight=1.00 guide_w=0.948 Walls=0.00036(x10) g_ns/g_walls=0.196 Windows=0.00070 Doors=0.00010 IC=0.00000 CO2_BC=0.00006 LR=7.49e-05 nu=0.01 NSraw=0.132 alpha(W1/W8/all)=0.59/0.39/0.48 | 0.85 it/s
[Iter 49210/50000] Total=0.07047 | NS=0.06570 CO2(scaled)=0.00054 CO2_weight=1.00 guide_w=0.948 Walls=0.00034(x10) g_ns/g_walls=0.196 Windows=0.00063 Doors=0.00012 IC=0.00000 CO2_BC=0.00005 LR=7.48e-05 nu=0.01 NSraw=0.3169 alpha(W1/W8/all)=0.59/0.39/0.48 | 0.85 it/s
[Iter 49220/50000] Total=0.03830 | NS=0.03570 CO2(scaled)=0.00057 CO2_weight=1.00 guide_w=0.948 Walls=0.00012(x10) g_ns/g_walls=0.196 Windows=0.00055 Doors=0.00018 IC=0.00000 CO2_BC=0.00005 LR=7.48e-05 nu=0.01 NSraw=0.153 alpha(W1/W8/all)=0.59/0.39/0.48 | 0.85 it/s
[Iter 49230/50000] Total=0.05469 | NS=0.04865 CO2(scaled)=0.00052 CO2_weight=1.00 guide_w=0.948 Walls=0.00047(x10) g_ns/g_walls=0.196 Windows=0.00061 Doors=0.00013 IC=0.00000 CO2_BC=0.00005 LR=7.48e-05 nu=0.01 NSraw=0.1512 alpha(W1/W8/all)=0.59/0.39/0.48 | 0.85 it/s
[Iter 49240/50000] Total=0.02777 | NS=0.02441 CO2(scaled)=0.00053 CO2_weight=1.00 guide_w=0.948 Walls=0.00022(x10) g_ns/g_walls=0.196 Windows=0.00051 Doors=0.00010 IC=0.00000 CO2_BC=0.00004 LR=7.47e-05 nu=0.01 NSraw=0.06201 alpha(W1/W8/all)=0.59/0.39/0.48 | 0.85 it/s
[Iter 49250/50000] Total=0.10356 | NS=0.10100 CO2(scaled)=0.00052 CO2_weight=1.00 guide_w=0.948 Walls=0.00013(x10) g_ns/g_walls=0.196 Windows=0.00058 Doors=0.00013 IC=0.00000 CO2_BC=0.00006 LR=7.47e-05 nu=0.01 NSraw=1.452 alpha(W1/W8/all)=0.59/0.39/0.48 | 0.85 it/s
[Iter 49260/50000] Total=0.06652 | NS=0.06325 CO2(scaled)=0.00060 CO2_weight=1.00 guide_w=0.948 Walls=0.00019(x10) g_ns/g_walls=0.196 Windows=0.00057 Doors=0.00011 IC=0.00000 CO2_BC=0.00007 LR=7.46e-05 nu=0.01 NSraw=0.2808 alpha(W1/W8/all)=0.59/0.39/0.48 | 0.85 it/s
[Iter 49270/50000] Total=0.05344 | NS=0.04732 CO2(scaled)=0.00045 CO2_weight=1.00 guide_w=0.948 Walls=0.00049(x10) g_ns/g_walls=0.196 Windows=0.00062 Doors=0.00014 IC=0.00000 CO2_BC=0.00006 LR=7.46e-05 nu=0.01 NSraw=0.2003 alpha(W1/W8/all)=0.59/0.39/0.48 | 0.85 it/s
[Iter 49280/50000] Total=0.01805 | NS=0.01467 CO2(scaled)=0.00048 CO2_weight=1.00 guide_w=0.948 Walls=0.00022(x10) g_ns/g_walls=0.196 Windows=0.00052 Doors=0.00013 IC=0.00000 CO2_BC=0.00005 LR=7.46e-05 nu=0.01 NSraw=0.01836 alpha(W1/W8/all)=0.59/0.39/0.48 | 0.85 it/s
[Iter 49290/50000] Total=0.02109 | NS=0.01712 CO2(scaled)=0.00059 CO2_weight=1.00 guide_w=0.948 Walls=0.00024(x10) g_ns/g_walls=0.196 Windows=0.00077 Doors=0.00012 IC=0.00000 CO2_BC=0.00006 LR=7.45e-05 nu=0.01 NSraw=0.02378 alpha(W1/W8/all)=0.59/0.39/0.48 | 0.85 it/s
[Iter 49300/50000] Total=0.09390 | NS=0.09060 CO2(scaled)=0.00059 CO2_weight=1.00 guide_w=26.3 Walls=0.00020(x10) g_ns/g_walls=7.13 Windows=0.00055 Doors=0.00012 IC=0.00000 CO2_BC=0.00006 LR=7.45e-05 nu=0.01 NSraw=1.42 alpha(W1/W8/all)=0.59/0.39/0.48 | 0.85 it/s
[Iter 49310/50000] Total=0.04953 | NS=0.04511 CO2(scaled)=0.00054 CO2_weight=1.00 guide_w=26.3 Walls=0.00031(x10) g_ns/g_walls=7.13 Windows=0.00061 Doors=0.00012 IC=0.00000 CO2_BC=0.00006 LR=7.44e-05 nu=0.01 NSraw=0.09124 alpha(W1/W8/all)=0.59/0.39/0.48 | 0.85 it/s
[Iter 49320/50000] Total=0.04973 | NS=0.04332 CO2(scaled)=0.00055 CO2_weight=1.00 guide_w=26.3 Walls=0.00047(x10) g_ns/g_walls=7.13 Windows=0.00094 Doors=0.00014 IC=0.00000 CO2_BC=0.00006 LR=7.44e-05 nu=0.01 NSraw=0.1333 alpha(W1/W8/all)=0.59/0.39/0.48 | 0.85 it/s
[Iter 49330/50000] Total=0.15360 | NS=0.14914 CO2(scaled)=0.00048 CO2_weight=1.00 guide_w=26.3 Walls=0.00032(x10) g_ns/g_walls=7.13 Windows=0.00060 Doors=0.00015 IC=0.00000 CO2_BC=0.00007 LR=7.44e-05 nu=0.01 NSraw=4.703 alpha(W1/W8/all)=0.59/0.39/0.48 | 0.85 it/s
[Iter 49340/50000] Total=0.02872 | NS=0.02200 CO2(scaled)=0.00099 CO2_weight=1.00 guide_w=26.3 Walls=0.00047(x10) g_ns/g_walls=7.13 Windows=0.00076 Doors=0.00017 IC=0.00000 CO2_BC=0.00006 LR=7.43e-05 nu=0.01 NSraw=0.047 alpha(W1/W8/all)=0.59/0.39/0.48 | 0.85 it/s
[Iter 49350/50000] Total=0.01539 | NS=0.01202 CO2(scaled)=0.00049 CO2_weight=1.00 guide_w=26.3 Walls=0.00023(x10) g_ns/g_walls=7.13 Windows=0.00040 Doors=0.00011 IC=0.00000 CO2_BC=0.00006 LR=7.43e-05 nu=0.01 NSraw=0.01413 alpha(W1/W8/all)=0.59/0.39/0.48 | 0.85 it/s
[Iter 49360/50000] Total=0.10802 | NS=0.10377 CO2(scaled)=0.00066 CO2_weight=1.00 guide_w=26.3 Walls=0.00030(x10) g_ns/g_walls=7.13 Windows=0.00044 Doors=0.00013 IC=0.00000 CO2_BC=0.00006 LR=7.43e-05 nu=0.01 NSraw=1.686 alpha(W1/W8/all)=0.59/0.39/0.48 | 0.85 it/s
[Iter 49370/50000] Total=0.05319 | NS=0.04877 CO2(scaled)=0.00083 CO2_weight=1.00 guide_w=26.3 Walls=0.00026(x10) g_ns/g_walls=7.13 Windows=0.00070 Doors=0.00019 IC=0.00000 CO2_BC=0.00006 LR=7.42e-05 nu=0.01 NSraw=0.1704 alpha(W1/W8/all)=0.59/0.39/0.48 | 0.85 it/s
[Iter 49380/50000] Total=0.10183 | NS=0.09846 CO2(scaled)=0.00046 CO2_weight=1.00 guide_w=26.3 Walls=0.00021(x10) g_ns/g_walls=7.13 Windows=0.00065 Doors=0.00012 IC=0.00000 CO2_BC=0.00006 LR=7.42e-05 nu=0.01 NSraw=1.581 alpha(W1/W8/all)=0.59/0.39/0.48 | 0.85 it/s
[Iter 49390/50000] Total=0.03437 | NS=0.03185 CO2(scaled)=0.00056 CO2_weight=1.00 guide_w=26.3 Walls=0.00014(x10) g_ns/g_walls=7.13 Windows=0.00037 Doors=0.00015 IC=0.00000 CO2_BC=0.00005 LR=7.41e-05 nu=0.01 NSraw=0.09227 alpha(W1/W8/all)=0.59/0.39/0.48 | 0.85 it/s
[Iter 49400/50000] Total=0.12703 | NS=0.12368 CO2(scaled)=0.00057 CO2_weight=1.00 guide_w=37.3 Walls=0.00020(x10) g_ns/g_walls=10.6 Windows=0.00060 Doors=0.00015 IC=0.00000 CO2_BC=0.00005 LR=7.41e-05 nu=0.01 NSraw=2.434 alpha(W1/W8/all)=0.59/0.39/0.48 | 0.85 it/s
[Iter 49410/50000] Total=0.04258 | NS=0.03451 CO2(scaled)=0.00055 CO2_weight=1.00 guide_w=37.3 Walls=0.00065(x10) g_ns/g_walls=10.6 Windows=0.00084 Doors=0.00015 IC=0.00000 CO2_BC=0.00005 LR=7.41e-05 nu=0.01 NSraw=0.1017 alpha(W1/W8/all)=0.59/0.39/0.48 | 0.85 it/s
[Iter 49420/50000] Total=0.06127 | NS=0.05833 CO2(scaled)=0.00055 CO2_weight=1.00 guide_w=37.3 Walls=0.00018(x10) g_ns/g_walls=10.6 Windows=0.00041 Doors=0.00013 IC=0.00000 CO2_BC=0.00006 LR=7.40e-05 nu=0.01 NSraw=0.4106 alpha(W1/W8/all)=0.59/0.39/0.48 | 0.85 it/s
[Iter 49430/50000] Total=0.02804 | NS=0.02542 CO2(scaled)=0.00055 CO2_weight=1.00 guide_w=37.3 Walls=0.00013(x10) g_ns/g_walls=10.6 Windows=0.00060 Doors=0.00011 IC=0.00000 CO2_BC=0.00006 LR=7.40e-05 nu=0.01 NSraw=0.04066 alpha(W1/W8/all)=0.59/0.39/0.48 | 0.85 it/s
[Iter 49440/50000] Total=0.12990 | NS=0.12644 CO2(scaled)=0.00052 CO2_weight=1.00 guide_w=37.3 Walls=0.00023(x10) g_ns/g_walls=10.6 Windows=0.00046 Doors=0.00016 IC=0.00000 CO2_BC=0.00005 LR=7.39e-05 nu=0.01 NSraw=2.101 alpha(W1/W8/all)=0.59/0.39/0.48 | 0.85 it/s
[Iter 49450/50000] Total=0.29424 | NS=0.29096 CO2(scaled)=0.00053 CO2_weight=1.00 guide_w=37.3 Walls=0.00020(x10) g_ns/g_walls=10.6 Windows=0.00051 Doors=0.00015 IC=0.00000 CO2_BC=0.00006 LR=7.39e-05 nu=0.01 NSraw=16.56 alpha(W1/W8/all)=0.59/0.39/0.48 | 0.85 it/s
[Iter 49460/50000] Total=0.01740 | NS=0.01415 CO2(scaled)=0.00047 CO2_weight=1.00 guide_w=37.3 Walls=0.00020(x10) g_ns/g_walls=10.6 Windows=0.00057 Doors=0.00013 IC=0.00000 CO2_BC=0.00006 LR=7.39e-05 nu=0.01 NSraw=0.01772 alpha(W1/W8/all)=0.59/0.39/0.48 | 0.85 it/s
[Iter 49470/50000] Total=0.05538 | NS=0.05292 CO2(scaled)=0.00055 CO2_weight=1.00 guide_w=37.3 Walls=0.00012(x10) g_ns/g_walls=10.6 Windows=0.00057 Doors=0.00013 IC=0.00000 CO2_BC=0.00004 LR=7.38e-05 nu=0.01 NSraw=0.195 alpha(W1/W8/all)=0.59/0.39/0.48 | 0.85 it/s
[Iter 49480/50000] Total=0.02297 | NS=0.01775 CO2(scaled)=0.00077 CO2_weight=1.00 guide_w=37.3 Walls=0.00037(x10) g_ns/g_walls=10.6 Windows=0.00061 Doors=0.00011 IC=0.00000 CO2_BC=0.00005 LR=7.38e-05 nu=0.01 NSraw=0.03511 alpha(W1/W8/all)=0.59/0.39/0.48 | 0.85 it/s
[Iter 49490/50000] Total=0.02499 | NS=0.02209 CO2(scaled)=0.00055 CO2_weight=1.00 guide_w=37.3 Walls=0.00016(x10) g_ns/g_walls=10.6 Windows=0.00057 Doors=0.00012 IC=0.00000 CO2_BC=0.00006 LR=7.37e-05 nu=0.01 NSraw=0.02703 alpha(W1/W8/all)=0.59/0.39/0.48 | 0.85 it/s
[Iter 49500/50000] Total=0.02507 | NS=0.02061 CO2(scaled)=0.00049 CO2_weight=1.00 guide_w=13.1 Walls=0.00033(x10) g_ns/g_walls=2.12 Windows=0.00049 Doors=0.00010 IC=0.00000 CO2_BC=0.00007 LR=7.37e-05 nu=0.01 NSraw=0.03058 alpha(W1/W8/all)=0.59/0.39/0.48 | 0.85 it/s
[Iter 49510/50000] Total=0.18825 | NS=0.18594 CO2(scaled)=0.00049 CO2_weight=1.00 guide_w=13.1 Walls=0.00012(x10) g_ns/g_walls=2.12 Windows=0.00049 Doors=0.00011 IC=0.00000 CO2_BC=0.00006 LR=7.37e-05 nu=0.01 NSraw=3.873 alpha(W1/W8/all)=0.59/0.39/0.48 | 0.85 it/s
[Iter 49520/50000] Total=0.15038 | NS=0.14751 CO2(scaled)=0.00047 CO2_weight=1.00 guide_w=13.1 Walls=0.00018(x10) g_ns/g_walls=2.12 Windows=0.00041 Doors=0.00013 IC=0.00000 CO2_BC=0.00006 LR=7.36e-05 nu=0.01 NSraw=1.71 alpha(W1/W8/all)=0.59/0.39/0.48 | 0.85 it/s
[Iter 49530/50000] Total=0.03651 | NS=0.03180 CO2(scaled)=0.00070 CO2_weight=1.00 guide_w=13.1 Walls=0.00032(x10) g_ns/g_walls=2.12 Windows=0.00063 Doors=0.00013 IC=0.00000 CO2_BC=0.00006 LR=7.36e-05 nu=0.01 NSraw=0.08557 alpha(W1/W8/all)=0.59/0.39/0.48 | 0.85 it/s
[Iter 49540/50000] Total=0.36874 | NS=0.36365 CO2(scaled)=0.00066 CO2_weight=1.00 guide_w=13.1 Walls=0.00034(x10) g_ns/g_walls=2.12 Windows=0.00089 Doors=0.00013 IC=0.00000 CO2_BC=0.00005 LR=7.36e-05 nu=0.01 NSraw=8.704 alpha(W1/W8/all)=0.59/0.39/0.48 | 0.85 it/s
[Iter 49550/50000] Total=0.02217 | NS=0.01605 CO2(scaled)=0.00061 CO2_weight=1.00 guide_w=13.1 Walls=0.00043(x10) g_ns/g_walls=2.12 Windows=0.00106 Doors=0.00015 IC=0.00000 CO2_BC=0.00007 LR=7.35e-05 nu=0.01 NSraw=0.0199 alpha(W1/W8/all)=0.59/0.39/0.48 | 0.85 it/s
[Iter 49560/50000] Total=0.03741 | NS=0.03402 CO2(scaled)=0.00060 CO2_weight=1.00 guide_w=13.1 Walls=0.00019(x10) g_ns/g_walls=2.12 Windows=0.00073 Doors=0.00012 IC=0.00000 CO2_BC=0.00007 LR=7.35e-05 nu=0.01 NSraw=0.09448 alpha(W1/W8/all)=0.59/0.39/0.48 | 0.85 it/s
[Iter 49570/50000] Total=0.04176 | NS=0.03693 CO2(scaled)=0.00058 CO2_weight=1.00 guide_w=13.1 Walls=0.00031(x10) g_ns/g_walls=2.12 Windows=0.00089 Doors=0.00016 IC=0.00000 CO2_BC=0.00005 LR=7.34e-05 nu=0.01 NSraw=0.1117 alpha(W1/W8/all)=0.59/0.39/0.48 | 0.85 it/s
[Iter 49580/50000] Total=0.03231 | NS=0.02796 CO2(scaled)=0.00050 CO2_weight=1.00 guide_w=13.1 Walls=0.00028(x10) g_ns/g_walls=2.12 Windows=0.00084 Doors=0.00012 IC=0.00000 CO2_BC=0.00005 LR=7.34e-05 nu=0.01 NSraw=0.04736 alpha(W1/W8/all)=0.59/0.39/0.48 | 0.85 it/s
[Iter 49590/50000] Total=0.02396 | NS=0.02060 CO2(scaled)=0.00050 CO2_weight=1.00 guide_w=13.1 Walls=0.00020(x10) g_ns/g_walls=2.12 Windows=0.00068 Doors=0.00012 IC=0.00000 CO2_BC=0.00006 LR=7.34e-05 nu=0.01 NSraw=0.04159 alpha(W1/W8/all)=0.59/0.39/0.48 | 0.85 it/s
[Iter 49600/50000] Total=0.08086 | NS=0.07793 CO2(scaled)=0.00068 CO2_weight=1.00 guide_w=41.6 Walls=0.00014(x10) g_ns/g_walls=8.77 Windows=0.00067 Doors=0.00011 IC=0.00000 CO2_BC=0.00007 LR=7.33e-05 nu=0.01 NSraw=0.265 alpha(W1/W8/all)=0.59/0.39/0.48 | 0.85 it/s
[Iter 49610/50000] Total=0.02155 | NS=0.01608 CO2(scaled)=0.00083 CO2_weight=1.00 guide_w=41.6 Walls=0.00038(x10) g_ns/g_walls=8.77 Windows=0.00063 Doors=0.00011 IC=0.00000 CO2_BC=0.00006 LR=7.33e-05 nu=0.01 NSraw=0.02335 alpha(W1/W8/all)=0.59/0.39/0.48 | 0.85 it/s
[Iter 49620/50000] Total=0.01766 | NS=0.01091 CO2(scaled)=0.00097 CO2_weight=1.00 guide_w=41.6 Walls=0.00049(x10) g_ns/g_walls=8.77 Windows=0.00072 Doors=0.00013 IC=0.00000 CO2_BC=0.00005 LR=7.32e-05 nu=0.01 NSraw=0.01322 alpha(W1/W8/all)=0.59/0.39/0.48 | 0.85 it/s
[Iter 49630/50000] Total=0.04807 | NS=0.04386 CO2(scaled)=0.00081 CO2_weight=1.00 guide_w=41.6 Walls=0.00027(x10) g_ns/g_walls=8.77 Windows=0.00049 Doors=0.00014 IC=0.00000 CO2_BC=0.00005 LR=7.32e-05 nu=0.01 NSraw=0.1671 alpha(W1/W8/all)=0.59/0.39/0.48 | 0.85 it/s
[Iter 49640/50000] Total=0.02355 | NS=0.01790 CO2(scaled)=0.00103 CO2_weight=1.00 guide_w=41.6 Walls=0.00039(x10) g_ns/g_walls=8.77 Windows=0.00062 Doors=0.00010 IC=0.00000 CO2_BC=0.00005 LR=7.32e-05 nu=0.01 NSraw=0.03886 alpha(W1/W8/all)=0.59/0.39/0.48 | 0.85 it/s
[Iter 49650/50000] Total=0.04905 | NS=0.04507 CO2(scaled)=0.00063 CO2_weight=1.00 guide_w=41.6 Walls=0.00024(x10) g_ns/g_walls=8.77 Windows=0.00076 Doors=0.00011 IC=0.00000 CO2_BC=0.00005 LR=7.31e-05 nu=0.01 NSraw=0.1661 alpha(W1/W8/all)=0.59/0.39/0.48 | 0.85 it/s
[Iter 49660/50000] Total=0.03931 | NS=0.03329 CO2(scaled)=0.00066 CO2_weight=1.00 guide_w=41.6 Walls=0.00044(x10) g_ns/g_walls=8.77 Windows=0.00077 Doors=0.00013 IC=0.00000 CO2_BC=0.00005 LR=7.31e-05 nu=0.01 NSraw=0.07048 alpha(W1/W8/all)=0.59/0.39/0.48 | 0.85 it/s
[Iter 49670/50000] Total=0.10238 | NS=0.09959 CO2(scaled)=0.00057 CO2_weight=1.00 guide_w=41.6 Walls=0.00015(x10) g_ns/g_walls=8.77 Windows=0.00052 Doors=0.00017 IC=0.00000 CO2_BC=0.00005 LR=7.30e-05 nu=0.01 NSraw=0.586 alpha(W1/W8/all)=0.59/0.39/0.48 | 0.85 it/s
[Iter 49680/50000] Total=0.03690 | NS=0.03347 CO2(scaled)=0.00062 CO2_weight=1.00 guide_w=41.6 Walls=0.00021(x10) g_ns/g_walls=8.77 Windows=0.00049 Doors=0.00016 IC=0.00000 CO2_BC=0.00006 LR=7.30e-05 nu=0.01 NSraw=0.09585 alpha(W1/W8/all)=0.59/0.39/0.48 | 0.85 it/s
[Iter 49690/50000] Total=0.11286 | NS=0.11016 CO2(scaled)=0.00071 CO2_weight=1.00 guide_w=41.6 Walls=0.00012(x10) g_ns/g_walls=8.77 Windows=0.00058 Doors=0.00014 IC=0.00000 CO2_BC=0.00007 LR=7.30e-05 nu=0.01 NSraw=1.691 alpha(W1/W8/all)=0.59/0.39/0.48 | 0.85 it/s
[Iter 49700/50000] Total=0.02065 | NS=0.01556 CO2(scaled)=0.00066 CO2_weight=1.00 guide_w=3.48 Walls=0.00037(x10) g_ns/g_walls=0.509 Windows=0.00054 Doors=0.00015 IC=0.00000 CO2_BC=0.00005 LR=7.29e-05 nu=0.01 NSraw=0.021 alpha(W1/W8/all)=0.59/0.39/0.48 | 0.85 it/s
[Iter 49710/50000] Total=0.04063 | NS=0.03738 CO2(scaled)=0.00055 CO2_weight=1.00 guide_w=3.48 Walls=0.00018(x10) g_ns/g_walls=0.509 Windows=0.00067 Doors=0.00017 IC=0.00000 CO2_BC=0.00007 LR=7.29e-05 nu=0.01 NSraw=0.09423 alpha(W1/W8/all)=0.59/0.39/0.48 | 0.85 it/s
[Iter 49720/50000] Total=0.04076 | NS=0.03568 CO2(scaled)=0.00057 CO2_weight=1.00 guide_w=3.48 Walls=0.00037(x10) g_ns/g_walls=0.509 Windows=0.00060 Doors=0.00014 IC=0.00000 CO2_BC=0.00006 LR=7.29e-05 nu=0.01 NSraw=0.08923 alpha(W1/W8/all)=0.59/0.39/0.48 | 0.85 it/s
[Iter 49730/50000] Total=0.05149 | NS=0.04796 CO2(scaled)=0.00066 CO2_weight=1.00 guide_w=3.48 Walls=0.00021(x10) g_ns/g_walls=0.509 Windows=0.00056 Doors=0.00015 IC=0.00000 CO2_BC=0.00005 LR=7.28e-05 nu=0.01 NSraw=0.1732 alpha(W1/W8/all)=0.59/0.39/0.48 | 0.85 it/s
[Iter 49740/50000] Total=0.09346 | NS=0.09026 CO2(scaled)=0.00046 CO2_weight=1.00 guide_w=3.48 Walls=0.00019(x10) g_ns/g_walls=0.509 Windows=0.00061 Doors=0.00014 IC=0.00000 CO2_BC=0.00006 LR=7.28e-05 nu=0.01 NSraw=0.8051 alpha(W1/W8/all)=0.59/0.39/0.48 | 0.85 it/s
[Iter 49750/50000] Total=0.01898 | NS=0.01615 CO2(scaled)=0.00051 CO2_weight=1.00 guide_w=3.48 Walls=0.00016(x10) g_ns/g_walls=0.509 Windows=0.00045 Doors=0.00016 IC=0.00000 CO2_BC=0.00006 LR=7.27e-05 nu=0.01 NSraw=0.01972 alpha(W1/W8/all)=0.59/0.39/0.48 | 0.85 it/s
[Iter 49760/50000] Total=0.13067 | NS=0.12752 CO2(scaled)=0.00053 CO2_weight=1.00 guide_w=3.48 Walls=0.00019(x10) g_ns/g_walls=0.509 Windows=0.00050 Doors=0.00014 IC=0.00000 CO2_BC=0.00007 LR=7.27e-05 nu=0.01 NSraw=1.82 alpha(W1/W8/all)=0.59/0.39/0.48 | 0.85 it/s
[Iter 49770/50000] Total=0.02245 | NS=0.01774 CO2(scaled)=0.00068 CO2_weight=1.00 guide_w=3.48 Walls=0.00031(x10) g_ns/g_walls=0.509 Windows=0.00062 Doors=0.00022 IC=0.00000 CO2_BC=0.00007 LR=7.27e-05 nu=0.01 NSraw=0.02336 alpha(W1/W8/all)=0.59/0.39/0.48 | 0.85 it/s
[Iter 49780/50000] Total=0.42969 | NS=0.42736 CO2(scaled)=0.00057 CO2_weight=1.00 guide_w=3.48 Walls=0.00012(x10) g_ns/g_walls=0.509 Windows=0.00036 Doors=0.00015 IC=0.00000 CO2_BC=0.00006 LR=7.26e-05 nu=0.01 NSraw=43.65 alpha(W1/W8/all)=0.59/0.39/0.48 | 0.85 it/s
[Iter 49790/50000] Total=0.03433 | NS=0.03038 CO2(scaled)=0.00063 CO2_weight=1.00 guide_w=3.48 Walls=0.00025(x10) g_ns/g_walls=0.509 Windows=0.00056 Doors=0.00017 IC=0.00000 CO2_BC=0.00005 LR=7.26e-05 nu=0.01 NSraw=0.1459 alpha(W1/W8/all)=0.59/0.39/0.48 | 0.85 it/s
[Iter 49800/50000] Total=0.07425 | NS=0.07088 CO2(scaled)=0.00065 CO2_weight=1.00 guide_w=17.1 Walls=0.00019(x10) g_ns/g_walls=6.38 Windows=0.00060 Doors=0.00014 IC=0.00000 CO2_BC=0.00006 LR=7.26e-05 nu=0.01 NSraw=0.5142 alpha(W1/W8/all)=0.59/0.39/0.48 | 0.85 it/s
[Iter 49810/50000] Total=0.06304 | NS=0.06001 CO2(scaled)=0.00066 CO2_weight=1.00 guide_w=17.1 Walls=0.00017(x10) g_ns/g_walls=6.38 Windows=0.00049 Doors=0.00013 IC=0.00000 CO2_BC=0.00006 LR=7.25e-05 nu=0.01 NSraw=0.5153 alpha(W1/W8/all)=0.59/0.39/0.48 | 0.85 it/s
[Iter 49820/50000] Total=0.02229 | NS=0.01933 CO2(scaled)=0.00065 CO2_weight=1.00 guide_w=17.1 Walls=0.00014(x10) g_ns/g_walls=6.38 Windows=0.00071 Doors=0.00010 IC=0.00000 CO2_BC=0.00007 LR=7.25e-05 nu=0.01 NSraw=0.02806 alpha(W1/W8/all)=0.59/0.39/0.48 | 0.85 it/s
[Iter 49830/50000] Total=0.04192 | NS=0.03832 CO2(scaled)=0.00065 CO2_weight=1.00 guide_w=17.1 Walls=0.00022(x10) g_ns/g_walls=6.38 Windows=0.00052 Doors=0.00014 IC=0.00000 CO2_BC=0.00006 LR=7.24e-05 nu=0.01 NSraw=0.127 alpha(W1/W8/all)=0.59/0.39/0.48 | 0.85 it/s
[Iter 49840/50000] Total=0.03330 | NS=0.03040 CO2(scaled)=0.00068 CO2_weight=1.00 guide_w=17.1 Walls=0.00017(x10) g_ns/g_walls=6.38 Windows=0.00039 Doors=0.00012 IC=0.00000 CO2_BC=0.00006 LR=7.24e-05 nu=0.01 NSraw=0.05388 alpha(W1/W8/all)=0.59/0.39/0.48 | 0.85 it/s
[Iter 49850/50000] Total=0.06775 | NS=0.06398 CO2(scaled)=0.00082 CO2_weight=1.00 guide_w=17.1 Walls=0.00022(x10) g_ns/g_walls=6.38 Windows=0.00060 Doors=0.00010 IC=0.00000 CO2_BC=0.00005 LR=7.24e-05 nu=0.01 NSraw=0.2279 alpha(W1/W8/all)=0.59/0.39/0.48 | 0.85 it/s
[Iter 49860/50000] Total=0.03221 | NS=0.02937 CO2(scaled)=0.00068 CO2_weight=1.00 guide_w=17.1 Walls=0.00014(x10) g_ns/g_walls=6.38 Windows=0.00059 Doors=0.00009 IC=0.00000 CO2_BC=0.00006 LR=7.23e-05 nu=0.01 NSraw=0.1015 alpha(W1/W8/all)=0.59/0.39/0.48 | 0.85 it/s
[Iter 49870/50000] Total=0.05860 | NS=0.05504 CO2(scaled)=0.00049 CO2_weight=1.00 guide_w=17.1 Walls=0.00025(x10) g_ns/g_walls=6.38 Windows=0.00034 Doors=0.00014 IC=0.00000 CO2_BC=0.00006 LR=7.23e-05 nu=0.01 NSraw=0.2937 alpha(W1/W8/all)=0.59/0.39/0.48 | 0.85 it/s
[Iter 49880/50000] Total=0.05248 | NS=0.04889 CO2(scaled)=0.00046 CO2_weight=1.00 guide_w=17.1 Walls=0.00024(x10) g_ns/g_walls=6.38 Windows=0.00053 Doors=0.00012 IC=0.00000 CO2_BC=0.00005 LR=7.22e-05 nu=0.01 NSraw=0.1665 alpha(W1/W8/all)=0.59/0.39/0.48 | 0.85 it/s
[Iter 49890/50000] Total=0.03023 | NS=0.02743 CO2(scaled)=0.00053 CO2_weight=1.00 guide_w=17.1 Walls=0.00016(x10) g_ns/g_walls=6.38 Windows=0.00056 Doors=0.00011 IC=0.00000 CO2_BC=0.00005 LR=7.22e-05 nu=0.01 NSraw=0.04236 alpha(W1/W8/all)=0.59/0.39/0.48 | 0.85 it/s
[Iter 49900/50000] Total=0.04803 | NS=0.04437 CO2(scaled)=0.00047 CO2_weight=1.00 guide_w=7.38 Walls=0.00025(x10) g_ns/g_walls=0.5 Windows=0.00049 Doors=0.00011 IC=0.00000 CO2_BC=0.00005 LR=7.22e-05 nu=0.01 NSraw=0.2115 alpha(W1/W8/all)=0.59/0.39/0.48 | 0.85 it/s
[Iter 49910/50000] Total=0.04025 | NS=0.03735 CO2(scaled)=0.00064 CO2_weight=1.00 guide_w=7.38 Walls=0.00016(x10) g_ns/g_walls=0.5 Windows=0.00050 Doors=0.00013 IC=0.00000 CO2_BC=0.00006 LR=7.21e-05 nu=0.01 NSraw=0.1545 alpha(W1/W8/all)=0.59/0.39/0.48 | 0.85 it/s
[Iter 49920/50000] Total=0.03691 | NS=0.03329 CO2(scaled)=0.00065 CO2_weight=1.00 guide_w=7.38 Walls=0.00021(x10) g_ns/g_walls=0.5 Windows=0.00072 Doors=0.00012 IC=0.00000 CO2_BC=0.00006 LR=7.21e-05 nu=0.01 NSraw=0.09971 alpha(W1/W8/all)=0.59/0.39/0.48 | 0.85 it/s
[Iter 49930/50000] Total=0.35292 | NS=0.34891 CO2(scaled)=0.00061 CO2_weight=1.00 guide_w=7.38 Walls=0.00025(x10) g_ns/g_walls=0.5 Windows=0.00068 Doors=0.00015 IC=0.00000 CO2_BC=0.00006 LR=7.21e-05 nu=0.01 NSraw=27.95 alpha(W1/W8/all)=0.59/0.39/0.48 | 0.85 it/s
[Iter 49940/50000] Total=0.03000 | NS=0.02767 CO2(scaled)=0.00056 CO2_weight=1.00 guide_w=7.38 Walls=0.00012(x10) g_ns/g_walls=0.5 Windows=0.00039 Doors=0.00013 IC=0.00000 CO2_BC=0.00006 LR=7.20e-05 nu=0.01 NSraw=0.05255 alpha(W1/W8/all)=0.59/0.39/0.48 | 0.85 it/s
[Iter 49950/50000] Total=0.04218 | NS=0.03390 CO2(scaled)=0.00125 CO2_weight=1.00 guide_w=7.38 Walls=0.00059(x10) g_ns/g_walls=0.5 Windows=0.00094 Doors=0.00017 IC=0.00000 CO2_BC=0.00006 LR=7.20e-05 nu=0.01 NSraw=0.07146 alpha(W1/W8/all)=0.59/0.39/0.48 | 0.85 it/s
[Iter 49960/50000] Total=0.04736 | NS=0.04419 CO2(scaled)=0.00061 CO2_weight=1.00 guide_w=7.38 Walls=0.00017(x10) g_ns/g_walls=0.5 Windows=0.00065 Doors=0.00013 IC=0.00000 CO2_BC=0.00005 LR=7.19e-05 nu=0.01 NSraw=0.1593 alpha(W1/W8/all)=0.59/0.39/0.48 | 0.85 it/s
[Iter 49970/50000] Total=0.20859 | NS=0.20551 CO2(scaled)=0.00060 CO2_weight=1.00 guide_w=7.38 Walls=0.00015(x10) g_ns/g_walls=0.5 Windows=0.00077 Doors=0.00013 IC=0.00000 CO2_BC=0.00007 LR=7.19e-05 nu=0.01 NSraw=9.462 alpha(W1/W8/all)=0.59/0.39/0.48 | 0.85 it/s
[Iter 49980/50000] Total=0.05993 | NS=0.05119 CO2(scaled)=0.00059 CO2_weight=1.00 guide_w=7.38 Walls=0.00070(x10) g_ns/g_walls=0.5 Windows=0.00093 Doors=0.00018 IC=0.00000 CO2_BC=0.00005 LR=7.19e-05 nu=0.01 NSraw=0.2971 alpha(W1/W8/all)=0.59/0.39/0.48 | 0.85 it/s
[Iter 49990/50000] Total=0.04129 | NS=0.03161 CO2(scaled)=0.00073 CO2_weight=1.00 guide_w=7.38 Walls=0.00078(x10) g_ns/g_walls=0.5 Windows=0.00099 Doors=0.00012 IC=0.00000 CO2_BC=0.00006 LR=7.18e-05 nu=0.01 NSraw=0.1278 alpha(W1/W8/all)=0.59/0.39/0.48 | 0.85 it/s
[Iter 50000/50000] Total=0.05723 | NS=0.05383 CO2(scaled)=0.00051 CO2_weight=1.00 guide_w=41 Walls=0.00022(x10) g_ns/g_walls=4.17 Windows=0.00048 Doors=0.00010 IC=0.00000 CO2_BC=0.00006 LR=7.18e-05 nu=0.01 NSraw=0.1893 alpha(W1/W8/all)=0.59/0.39/0.48 | 0.85 it/s
  -> saved checkpoint: /home/iai-labor/BuildingControlCFD/experiments/gnot/checkpoints/v24_fixedalpha_r50k/gnot_v24_fixedalpha_r50k_iter50000.pth
Training complete. Final checkpoint: /home/iai-labor/BuildingControlCFD/experiments/gnot/checkpoints/v24_fixedalpha_r50k/gnot_v24_fixedalpha_r50k_final.pth
Best checkpoint (lowest unweighted_total=0.00824): /home/iai-labor/BuildingControlCFD/experiments/gnot/checkpoints/v24_fixedalpha_r50k/gnot_v24_fixedalpha_r50k_best.pth
