VERSION=v25_nsuniform_r50k, MAX_ITERS=50000, checkpoints -> /home/iai-labor/BuildingControlCFD/experiments/gnot/checkpoints/v25_nsuniform_r50k
Using device: cuda
[v21] scenarios: FIXED V = [1.0, 0.0, 0.0, 0.0, 0.0, 0.0, 0.0, 0.0]; nu curriculum: 0.01 (to the end); CO2 window factor: OFF
GNOT parameters: 322,438
[v8_nondim] Trivial-solution CO2(scaled) reference = 0.2847  (CO2(scaled) near this = still stuck on C=const; clearly below = learning CO2)
[v8_nondim] adaptive CO2 weighting: OFF (co2_weight fixed at 1.0); guide_w column = norm-balancing weight the Expert's Guide rule would pick (diagnostic)
Optimizer: Adam
[v11] resumed from /home/iai-labor/BuildingControlCFD/experiments/gnot/checkpoints/v25_nsuniform_ab/gnot_v25_nsuniform_ab_iter30000.pth (iter=30000, version=v25_nsuniform_ab); continuing at iter 30001
LR schedule: exponential 0.001 * 0.9**(it/2000) -> 7.18e-05 at iter 50000
[Iter 30010/50000] Total=0.75440 | NS=0.73427 CO2(scaled)=0.00354 CO2_weight=1.00 guide_w=nan Walls=0.00146(x10) g_ns/g_walls=nan Windows=0.00161 Doors=0.00027 IC=0.00000 CO2_BC=0.00010 LR=2.06e-04 nu=0.01 NSraw=41.25 alpha(W1/W8/all)=0.59/0.39/0.48 | 0.72 it/s
[Iter 30020/50000] Total=0.10698 | NS=0.08594 CO2(scaled)=0.00302 CO2_weight=1.00 guide_w=nan Walls=0.00157(x10) g_ns/g_walls=nan Windows=0.00186 Doors=0.00035 IC=0.00000 CO2_BC=0.00010 LR=2.06e-04 nu=0.01 NSraw=0.1611 alpha(W1/W8/all)=0.59/0.39/0.48 | 0.73 it/s
[Iter 30030/50000] Total=0.10777 | NS=0.09441 CO2(scaled)=0.00118 CO2_weight=1.00 guide_w=nan Walls=0.00103(x10) g_ns/g_walls=nan Windows=0.00150 Doors=0.00032 IC=0.00000 CO2_BC=0.00010 LR=2.06e-04 nu=0.01 NSraw=0.3836 alpha(W1/W8/all)=0.59/0.39/0.48 | 0.73 it/s
[Iter 30040/50000] Total=0.11501 | NS=0.09871 CO2(scaled)=0.00178 CO2_weight=1.00 guide_w=nan Walls=0.00123(x10) g_ns/g_walls=nan Windows=0.00179 Doors=0.00032 IC=0.00000 CO2_BC=0.00009 LR=2.05e-04 nu=0.01 NSraw=0.1936 alpha(W1/W8/all)=0.59/0.39/0.48 | 0.73 it/s
[Iter 30050/50000] Total=0.06964 | NS=0.05067 CO2(scaled)=0.00132 CO2_weight=1.00 guide_w=nan Walls=0.00152(x10) g_ns/g_walls=nan Windows=0.00214 Doors=0.00022 IC=0.00000 CO2_BC=0.00009 LR=2.05e-04 nu=0.01 NSraw=0.07511 alpha(W1/W8/all)=0.59/0.39/0.48 | 0.73 it/s
[Iter 30060/50000] Total=0.05349 | NS=0.03618 CO2(scaled)=0.00117 CO2_weight=1.00 guide_w=nan Walls=0.00142(x10) g_ns/g_walls=nan Windows=0.00161 Doors=0.00028 IC=0.00000 CO2_BC=0.00010 LR=2.05e-04 nu=0.01 NSraw=0.0525 alpha(W1/W8/all)=0.59/0.39/0.48 | 0.73 it/s
[Iter 30070/50000] Total=0.09974 | NS=0.08613 CO2(scaled)=0.00093 CO2_weight=1.00 guide_w=nan Walls=0.00110(x10) g_ns/g_walls=nan Windows=0.00129 Doors=0.00034 IC=0.00000 CO2_BC=0.00009 LR=2.05e-04 nu=0.01 NSraw=0.1954 alpha(W1/W8/all)=0.59/0.39/0.48 | 0.73 it/s
[Iter 30080/50000] Total=0.11577 | NS=0.10095 CO2(scaled)=0.00126 CO2_weight=1.00 guide_w=nan Walls=0.00116(x10) g_ns/g_walls=nan Windows=0.00158 Doors=0.00032 IC=0.00000 CO2_BC=0.00008 LR=2.05e-04 nu=0.01 NSraw=0.4129 alpha(W1/W8/all)=0.59/0.39/0.48 | 0.74 it/s
[Iter 30090/50000] Total=0.07921 | NS=0.06573 CO2(scaled)=0.00127 CO2_weight=1.00 guide_w=nan Walls=0.00104(x10) g_ns/g_walls=nan Windows=0.00140 Doors=0.00034 IC=0.00000 CO2_BC=0.00010 LR=2.05e-04 nu=0.01 NSraw=0.1298 alpha(W1/W8/all)=0.59/0.39/0.48 | 0.74 it/s
[Iter 30100/50000] Total=1.35191 | NS=1.34484 CO2(scaled)=0.00104 CO2_weight=1.00 guide_w=220 Walls=0.00045(x10) g_ns/g_walls=42.5 Windows=0.00110 Doors=0.00035 IC=0.00000 CO2_BC=0.00008 LR=2.05e-04 nu=0.01 NSraw=128.5 alpha(W1/W8/all)=0.59/0.39/0.48 | 0.74 it/s
[Iter 30110/50000] Total=0.21380 | NS=0.20630 CO2(scaled)=0.00112 CO2_weight=1.00 guide_w=220 Walls=0.00051(x10) g_ns/g_walls=42.5 Windows=0.00091 Doors=0.00031 IC=0.00000 CO2_BC=0.00009 LR=2.05e-04 nu=0.01 NSraw=0.8968 alpha(W1/W8/all)=0.59/0.39/0.48 | 0.74 it/s
[Iter 30120/50000] Total=0.15299 | NS=0.13969 CO2(scaled)=0.00228 CO2_weight=1.00 guide_w=220 Walls=0.00095(x10) g_ns/g_walls=42.5 Windows=0.00118 Doors=0.00027 IC=0.00000 CO2_BC=0.00009 LR=2.05e-04 nu=0.01 NSraw=0.4546 alpha(W1/W8/all)=0.59/0.39/0.48 | 0.74 it/s
[Iter 30130/50000] Total=0.21644 | NS=0.20504 CO2(scaled)=0.00235 CO2_weight=1.00 guide_w=220 Walls=0.00073(x10) g_ns/g_walls=42.5 Windows=0.00135 Doors=0.00034 IC=0.00000 CO2_BC=0.00010 LR=2.04e-04 nu=0.01 NSraw=0.9117 alpha(W1/W8/all)=0.59/0.39/0.48 | 0.73 it/s
[Iter 30140/50000] Total=0.28669 | NS=0.27535 CO2(scaled)=0.00206 CO2_weight=1.00 guide_w=220 Walls=0.00079(x10) g_ns/g_walls=42.5 Windows=0.00094 Doors=0.00032 IC=0.00000 CO2_BC=0.00010 LR=2.04e-04 nu=0.01 NSraw=3.743 alpha(W1/W8/all)=0.59/0.39/0.48 | 0.73 it/s
[Iter 30150/50000] Total=0.17327 | NS=0.16414 CO2(scaled)=0.00151 CO2_weight=1.00 guide_w=220 Walls=0.00060(x10) g_ns/g_walls=42.5 Windows=0.00120 Doors=0.00032 IC=0.00000 CO2_BC=0.00008 LR=2.04e-04 nu=0.01 NSraw=0.6473 alpha(W1/W8/all)=0.59/0.39/0.48 | 0.74 it/s
[Iter 30160/50000] Total=0.21492 | NS=0.20828 CO2(scaled)=0.00109 CO2_weight=1.00 guide_w=220 Walls=0.00042(x10) g_ns/g_walls=42.5 Windows=0.00092 Doors=0.00037 IC=0.00000 CO2_BC=0.00007 LR=2.04e-04 nu=0.01 NSraw=0.885 alpha(W1/W8/all)=0.59/0.39/0.48 | 0.74 it/s
[Iter 30170/50000] Total=0.09658 | NS=0.08325 CO2(scaled)=0.00215 CO2_weight=1.00 guide_w=220 Walls=0.00087(x10) g_ns/g_walls=42.5 Windows=0.00206 Doors=0.00030 IC=0.00000 CO2_BC=0.00010 LR=2.04e-04 nu=0.01 NSraw=0.1861 alpha(W1/W8/all)=0.59/0.39/0.48 | 0.74 it/s
[Iter 30180/50000] Total=0.07815 | NS=0.07186 CO2(scaled)=0.00168 CO2_weight=1.00 guide_w=220 Walls=0.00036(x10) g_ns/g_walls=42.5 Windows=0.00065 Doors=0.00027 IC=0.00000 CO2_BC=0.00010 LR=2.04e-04 nu=0.01 NSraw=0.1262 alpha(W1/W8/all)=0.59/0.39/0.48 | 0.74 it/s
[Iter 30190/50000] Total=0.23678 | NS=0.23073 CO2(scaled)=0.00146 CO2_weight=1.00 guide_w=220 Walls=0.00031(x10) g_ns/g_walls=42.5 Windows=0.00105 Doors=0.00033 IC=0.00000 CO2_BC=0.00012 LR=2.04e-04 nu=0.01 NSraw=1.136 alpha(W1/W8/all)=0.59/0.39/0.48 | 0.74 it/s
[Iter 30200/50000] Total=0.18729 | NS=0.18071 CO2(scaled)=0.00113 CO2_weight=1.00 guide_w=15.3 Walls=0.00040(x10) g_ns/g_walls=2.22 Windows=0.00104 Doors=0.00031 IC=0.00000 CO2_BC=0.00010 LR=2.04e-04 nu=0.01 NSraw=0.7938 alpha(W1/W8/all)=0.59/0.39/0.48 | 0.74 it/s
[Iter 30210/50000] Total=0.57606 | NS=0.56394 CO2(scaled)=0.00109 CO2_weight=1.00 guide_w=15.3 Walls=0.00090(x10) g_ns/g_walls=2.22 Windows=0.00164 Doors=0.00029 IC=0.00000 CO2_BC=0.00009 LR=2.04e-04 nu=0.01 NSraw=8.343 alpha(W1/W8/all)=0.59/0.39/0.48 | 0.74 it/s
[Iter 30220/50000] Total=0.06244 | NS=0.05452 CO2(scaled)=0.00124 CO2_weight=1.00 guide_w=15.3 Walls=0.00048(x10) g_ns/g_walls=2.22 Windows=0.00143 Doors=0.00033 IC=0.00000 CO2_BC=0.00010 LR=2.04e-04 nu=0.01 NSraw=0.1033 alpha(W1/W8/all)=0.59/0.39/0.48 | 0.74 it/s
[Iter 30230/50000] Total=0.17904 | NS=0.17115 CO2(scaled)=0.00150 CO2_weight=1.00 guide_w=15.3 Walls=0.00052(x10) g_ns/g_walls=2.22 Windows=0.00079 Doors=0.00030 IC=0.00000 CO2_BC=0.00011 LR=2.03e-04 nu=0.01 NSraw=0.5994 alpha(W1/W8/all)=0.59/0.39/0.48 | 0.74 it/s
[Iter 30240/50000] Total=0.22557 | NS=0.20753 CO2(scaled)=0.00269 CO2_weight=1.00 guide_w=15.3 Walls=0.00136(x10) g_ns/g_walls=2.22 Windows=0.00130 Doors=0.00039 IC=0.00000 CO2_BC=0.00010 LR=2.03e-04 nu=0.01 NSraw=1.392 alpha(W1/W8/all)=0.59/0.39/0.48 | 0.74 it/s
[Iter 30250/50000] Total=0.11089 | NS=0.09991 CO2(scaled)=0.00132 CO2_weight=1.00 guide_w=15.3 Walls=0.00079(x10) g_ns/g_walls=2.22 Windows=0.00114 Doors=0.00054 IC=0.00000 CO2_BC=0.00010 LR=2.03e-04 nu=0.01 NSraw=0.3689 alpha(W1/W8/all)=0.59/0.39/0.48 | 0.74 it/s
[Iter 30260/50000] Total=0.29442 | NS=0.28156 CO2(scaled)=0.00116 CO2_weight=1.00 guide_w=15.3 Walls=0.00103(x10) g_ns/g_walls=2.22 Windows=0.00106 Doors=0.00029 IC=0.00000 CO2_BC=0.00009 LR=2.03e-04 nu=0.01 NSraw=4.367 alpha(W1/W8/all)=0.59/0.39/0.48 | 0.74 it/s
[Iter 30270/50000] Total=0.09669 | NS=0.08708 CO2(scaled)=0.00120 CO2_weight=1.00 guide_w=15.3 Walls=0.00068(x10) g_ns/g_walls=2.22 Windows=0.00122 Doors=0.00028 IC=0.00000 CO2_BC=0.00011 LR=2.03e-04 nu=0.01 NSraw=0.1982 alpha(W1/W8/all)=0.59/0.39/0.48 | 0.74 it/s
[Iter 30280/50000] Total=0.14405 | NS=0.13797 CO2(scaled)=0.00116 CO2_weight=1.00 guide_w=15.3 Walls=0.00034(x10) g_ns/g_walls=2.22 Windows=0.00110 Doors=0.00029 IC=0.00000 CO2_BC=0.00011 LR=2.03e-04 nu=0.01 NSraw=0.5983 alpha(W1/W8/all)=0.59/0.39/0.48 | 0.74 it/s
[Iter 30290/50000] Total=0.04336 | NS=0.03477 CO2(scaled)=0.00092 CO2_weight=1.00 guide_w=15.3 Walls=0.00063(x10) g_ns/g_walls=2.22 Windows=0.00089 Doors=0.00037 IC=0.00000 CO2_BC=0.00012 LR=2.03e-04 nu=0.01 NSraw=0.04755 alpha(W1/W8/all)=0.59/0.39/0.48 | 0.74 it/s
[Iter 30300/50000] Total=0.05567 | NS=0.04758 CO2(scaled)=0.00090 CO2_weight=1.00 guide_w=9.09 Walls=0.00057(x10) g_ns/g_walls=0.473 Windows=0.00109 Doors=0.00033 IC=0.00000 CO2_BC=0.00010 LR=2.03e-04 nu=0.01 NSraw=0.07387 alpha(W1/W8/all)=0.59/0.39/0.48 | 0.74 it/s
[Iter 30310/50000] Total=0.11967 | NS=0.10836 CO2(scaled)=0.00099 CO2_weight=1.00 guide_w=9.09 Walls=0.00084(x10) g_ns/g_walls=0.473 Windows=0.00151 Doors=0.00030 IC=0.00000 CO2_BC=0.00008 LR=2.03e-04 nu=0.01 NSraw=0.3002 alpha(W1/W8/all)=0.59/0.39/0.48 | 0.74 it/s
[Iter 30320/50000] Total=0.07327 | NS=0.06266 CO2(scaled)=0.00125 CO2_weight=1.00 guide_w=9.09 Walls=0.00079(x10) g_ns/g_walls=0.473 Windows=0.00099 Doors=0.00039 IC=0.00000 CO2_BC=0.00008 LR=2.02e-04 nu=0.01 NSraw=0.09956 alpha(W1/W8/all)=0.59/0.39/0.48 | 0.73 it/s
[Iter 30330/50000] Total=0.11716 | NS=0.06457 CO2(scaled)=0.00138 CO2_weight=1.00 guide_w=9.09 Walls=0.00464(x10) g_ns/g_walls=0.473 Windows=0.00426 Doors=0.00042 IC=0.00000 CO2_BC=0.00009 LR=2.02e-04 nu=0.01 NSraw=0.1425 alpha(W1/W8/all)=0.59/0.39/0.48 | 0.72 it/s
[Iter 30340/50000] Total=0.07961 | NS=0.06348 CO2(scaled)=0.00101 CO2_weight=1.00 guide_w=9.09 Walls=0.00124(x10) g_ns/g_walls=0.473 Windows=0.00223 Doors=0.00034 IC=0.00000 CO2_BC=0.00011 LR=2.02e-04 nu=0.01 NSraw=0.1045 alpha(W1/W8/all)=0.59/0.39/0.48 | 0.72 it/s
[Iter 30350/50000] Total=0.11334 | NS=0.10080 CO2(scaled)=0.00168 CO2_weight=1.00 guide_w=9.09 Walls=0.00094(x10) g_ns/g_walls=0.473 Windows=0.00113 Doors=0.00028 IC=0.00000 CO2_BC=0.00009 LR=2.02e-04 nu=0.01 NSraw=0.2441 alpha(W1/W8/all)=0.59/0.39/0.48 | 0.71 it/s
[Iter 30360/50000] Total=0.16703 | NS=0.16043 CO2(scaled)=0.00143 CO2_weight=1.00 guide_w=9.09 Walls=0.00037(x10) g_ns/g_walls=0.473 Windows=0.00109 Doors=0.00025 IC=0.00000 CO2_BC=0.00011 LR=2.02e-04 nu=0.01 NSraw=0.7194 alpha(W1/W8/all)=0.59/0.39/0.48 | 0.71 it/s
[Iter 30370/50000] Total=0.14357 | NS=0.13465 CO2(scaled)=0.00118 CO2_weight=1.00 guide_w=9.09 Walls=0.00066(x10) g_ns/g_walls=0.473 Windows=0.00078 Doors=0.00031 IC=0.00000 CO2_BC=0.00009 LR=2.02e-04 nu=0.01 NSraw=0.5143 alpha(W1/W8/all)=0.59/0.39/0.48 | 0.71 it/s
[Iter 30380/50000] Total=0.36654 | NS=0.34859 CO2(scaled)=0.00154 CO2_weight=1.00 guide_w=9.09 Walls=0.00150(x10) g_ns/g_walls=0.473 Windows=0.00097 Doors=0.00034 IC=0.00000 CO2_BC=0.00009 LR=2.02e-04 nu=0.01 NSraw=8.33 alpha(W1/W8/all)=0.59/0.39/0.48 | 0.70 it/s
[Iter 30390/50000] Total=1.25401 | NS=1.24245 CO2(scaled)=0.00184 CO2_weight=1.00 guide_w=9.09 Walls=0.00083(x10) g_ns/g_walls=0.473 Windows=0.00111 Doors=0.00025 IC=0.00000 CO2_BC=0.00011 LR=2.02e-04 nu=0.01 NSraw=134.4 alpha(W1/W8/all)=0.59/0.39/0.48 | 0.70 it/s
[Iter 30400/50000] Total=0.12422 | NS=0.11564 CO2(scaled)=0.00149 CO2_weight=1.00 guide_w=10.8 Walls=0.00057(x10) g_ns/g_walls=3.28 Windows=0.00100 Doors=0.00029 IC=0.00000 CO2_BC=0.00009 LR=2.02e-04 nu=0.01 NSraw=0.5314 alpha(W1/W8/all)=0.59/0.39/0.48 | 0.69 it/s
[Iter 30410/50000] Total=0.07036 | NS=0.06420 CO2(scaled)=0.00108 CO2_weight=1.00 guide_w=10.8 Walls=0.00033(x10) g_ns/g_walls=3.28 Windows=0.00137 Doors=0.00031 IC=0.00000 CO2_BC=0.00010 LR=2.01e-04 nu=0.01 NSraw=0.2004 alpha(W1/W8/all)=0.59/0.39/0.48 | 0.69 it/s
[Iter 30420/50000] Total=0.11982 | NS=0.09145 CO2(scaled)=0.00148 CO2_weight=1.00 guide_w=10.8 Walls=0.00254(x10) g_ns/g_walls=3.28 Windows=0.00117 Doors=0.00020 IC=0.00000 CO2_BC=0.00012 LR=2.01e-04 nu=0.01 NSraw=0.2222 alpha(W1/W8/all)=0.59/0.39/0.48 | 0.69 it/s
[Iter 30430/50000] Total=0.11335 | NS=0.09791 CO2(scaled)=0.00089 CO2_weight=1.00 guide_w=10.8 Walls=0.00125(x10) g_ns/g_walls=3.28 Windows=0.00164 Doors=0.00037 IC=0.00000 CO2_BC=0.00009 LR=2.01e-04 nu=0.01 NSraw=0.4729 alpha(W1/W8/all)=0.59/0.39/0.48 | 0.68 it/s
[Iter 30440/50000] Total=0.11746 | NS=0.10986 CO2(scaled)=0.00131 CO2_weight=1.00 guide_w=10.8 Walls=0.00050(x10) g_ns/g_walls=3.28 Windows=0.00083 Doors=0.00035 IC=0.00000 CO2_BC=0.00009 LR=2.01e-04 nu=0.01 NSraw=0.2703 alpha(W1/W8/all)=0.59/0.39/0.48 | 0.68 it/s
[Iter 30450/50000] Total=0.40413 | NS=0.39569 CO2(scaled)=0.00132 CO2_weight=1.00 guide_w=10.8 Walls=0.00059(x10) g_ns/g_walls=3.28 Windows=0.00084 Doors=0.00026 IC=0.00000 CO2_BC=0.00009 LR=2.01e-04 nu=0.01 NSraw=3.566 alpha(W1/W8/all)=0.59/0.39/0.48 | 0.68 it/s
[Iter 30460/50000] Total=0.11518 | NS=0.10386 CO2(scaled)=0.00128 CO2_weight=1.00 guide_w=10.8 Walls=0.00086(x10) g_ns/g_walls=3.28 Windows=0.00110 Doors=0.00027 IC=0.00000 CO2_BC=0.00008 LR=2.01e-04 nu=0.01 NSraw=0.2358 alpha(W1/W8/all)=0.59/0.39/0.48 | 0.68 it/s
[Iter 30470/50000] Total=0.19864 | NS=0.18943 CO2(scaled)=0.00109 CO2_weight=1.00 guide_w=10.8 Walls=0.00064(x10) g_ns/g_walls=3.28 Windows=0.00133 Doors=0.00034 IC=0.00000 CO2_BC=0.00010 LR=2.01e-04 nu=0.01 NSraw=0.756 alpha(W1/W8/all)=0.59/0.39/0.48 | 0.67 it/s
[Iter 30480/50000] Total=2.54479 | NS=2.53594 CO2(scaled)=0.00097 CO2_weight=1.00 guide_w=10.8 Walls=0.00064(x10) g_ns/g_walls=3.28 Windows=0.00098 Doors=0.00039 IC=0.00000 CO2_BC=0.00010 LR=2.01e-04 nu=0.01 NSraw=514.5 alpha(W1/W8/all)=0.59/0.39/0.48 | 0.67 it/s
[Iter 30490/50000] Total=0.07512 | NS=0.05630 CO2(scaled)=0.00094 CO2_weight=1.00 guide_w=10.8 Walls=0.00155(x10) g_ns/g_walls=3.28 Windows=0.00198 Doors=0.00033 IC=0.00000 CO2_BC=0.00009 LR=2.01e-04 nu=0.01 NSraw=0.09039 alpha(W1/W8/all)=0.59/0.39/0.48 | 0.67 it/s
[Iter 30500/50000] Total=0.44429 | NS=0.43893 CO2(scaled)=0.00118 CO2_weight=1.00 guide_w=367 Walls=0.00028(x10) g_ns/g_walls=51.4 Windows=0.00095 Doors=0.00030 IC=0.00000 CO2_BC=0.00010 LR=2.01e-04 nu=0.01 NSraw=8.253 alpha(W1/W8/all)=0.59/0.39/0.48 | 0.67 it/s
[Iter 30510/50000] Total=0.06525 | NS=0.05817 CO2(scaled)=0.00103 CO2_weight=1.00 guide_w=367 Walls=0.00046(x10) g_ns/g_walls=51.4 Windows=0.00100 Doors=0.00036 IC=0.00000 CO2_BC=0.00010 LR=2.00e-04 nu=0.01 NSraw=0.08199 alpha(W1/W8/all)=0.59/0.39/0.48 | 0.66 it/s
[Iter 30520/50000] Total=0.40402 | NS=0.39788 CO2(scaled)=0.00120 CO2_weight=1.00 guide_w=367 Walls=0.00038(x10) g_ns/g_walls=51.4 Windows=0.00068 Doors=0.00037 IC=0.00000 CO2_BC=0.00009 LR=2.00e-04 nu=0.01 NSraw=6.42 alpha(W1/W8/all)=0.59/0.39/0.48 | 0.66 it/s
[Iter 30530/50000] Total=0.29728 | NS=0.28632 CO2(scaled)=0.00130 CO2_weight=1.00 guide_w=367 Walls=0.00080(x10) g_ns/g_walls=51.4 Windows=0.00124 Doors=0.00031 IC=0.00000 CO2_BC=0.00011 LR=2.00e-04 nu=0.01 NSraw=3.387 alpha(W1/W8/all)=0.59/0.39/0.48 | 0.66 it/s
[Iter 30540/50000] Total=0.45806 | NS=0.45194 CO2(scaled)=0.00120 CO2_weight=1.00 guide_w=367 Walls=0.00037(x10) g_ns/g_walls=51.4 Windows=0.00083 Doors=0.00028 IC=0.00000 CO2_BC=0.00010 LR=2.00e-04 nu=0.01 NSraw=11.15 alpha(W1/W8/all)=0.59/0.39/0.48 | 0.66 it/s
[Iter 30550/50000] Total=0.24213 | NS=0.23091 CO2(scaled)=0.00109 CO2_weight=1.00 guide_w=367 Walls=0.00085(x10) g_ns/g_walls=51.4 Windows=0.00119 Doors=0.00039 IC=0.00000 CO2_BC=0.00011 LR=2.00e-04 nu=0.01 NSraw=1.111 alpha(W1/W8/all)=0.59/0.39/0.48 | 0.66 it/s
[Iter 30560/50000] Total=0.19231 | NS=0.18010 CO2(scaled)=0.00168 CO2_weight=1.00 guide_w=367 Walls=0.00086(x10) g_ns/g_walls=51.4 Windows=0.00146 Doors=0.00035 IC=0.00000 CO2_BC=0.00012 LR=2.00e-04 nu=0.01 NSraw=0.9303 alpha(W1/W8/all)=0.59/0.39/0.48 | 0.66 it/s
[Iter 30570/50000] Total=0.98884 | NS=0.97904 CO2(scaled)=0.00187 CO2_weight=1.00 guide_w=367 Walls=0.00066(x10) g_ns/g_walls=51.4 Windows=0.00097 Doors=0.00024 IC=0.00000 CO2_BC=0.00009 LR=2.00e-04 nu=0.01 NSraw=90.1 alpha(W1/W8/all)=0.59/0.39/0.48 | 0.65 it/s
[Iter 30580/50000] Total=0.22587 | NS=0.20012 CO2(scaled)=0.00206 CO2_weight=1.00 guide_w=367 Walls=0.00214(x10) g_ns/g_walls=51.4 Windows=0.00200 Doors=0.00024 IC=0.00000 CO2_BC=0.00008 LR=2.00e-04 nu=0.01 NSraw=0.6927 alpha(W1/W8/all)=0.59/0.39/0.48 | 0.65 it/s
[Iter 30590/50000] Total=0.14283 | NS=0.12799 CO2(scaled)=0.00151 CO2_weight=1.00 guide_w=367 Walls=0.00113(x10) g_ns/g_walls=51.4 Windows=0.00162 Doors=0.00031 IC=0.00000 CO2_BC=0.00012 LR=2.00e-04 nu=0.01 NSraw=0.5941 alpha(W1/W8/all)=0.59/0.39/0.48 | 0.65 it/s
[Iter 30600/50000] Total=0.03596 | NS=0.02644 CO2(scaled)=0.00183 CO2_weight=1.00 guide_w=1.25 Walls=0.00063(x10) g_ns/g_walls=0.34 Windows=0.00099 Doors=0.00031 IC=0.00000 CO2_BC=0.00009 LR=1.99e-04 nu=0.01 NSraw=0.0318 alpha(W1/W8/all)=0.59/0.39/0.48 | 0.65 it/s
[Iter 30610/50000] Total=0.28335 | NS=0.27481 CO2(scaled)=0.00104 CO2_weight=1.00 guide_w=1.25 Walls=0.00060(x10) g_ns/g_walls=0.34 Windows=0.00115 Doors=0.00028 IC=0.00000 CO2_BC=0.00011 LR=1.99e-04 nu=0.01 NSraw=4.116 alpha(W1/W8/all)=0.59/0.39/0.48 | 0.65 it/s
[Iter 30620/50000] Total=0.23149 | NS=0.22469 CO2(scaled)=0.00123 CO2_weight=1.00 guide_w=1.25 Walls=0.00043(x10) g_ns/g_walls=0.34 Windows=0.00103 Doors=0.00018 IC=0.00000 CO2_BC=0.00010 LR=1.99e-04 nu=0.01 NSraw=0.8696 alpha(W1/W8/all)=0.59/0.39/0.48 | 0.65 it/s
[Iter 30630/50000] Total=0.21877 | NS=0.21108 CO2(scaled)=0.00148 CO2_weight=1.00 guide_w=1.25 Walls=0.00051(x10) g_ns/g_walls=0.34 Windows=0.00079 Doors=0.00026 IC=0.00000 CO2_BC=0.00011 LR=1.99e-04 nu=0.01 NSraw=0.7456 alpha(W1/W8/all)=0.59/0.39/0.48 | 0.65 it/s
[Iter 30640/50000] Total=0.04641 | NS=0.03833 CO2(scaled)=0.00105 CO2_weight=1.00 guide_w=1.25 Walls=0.00059(x10) g_ns/g_walls=0.34 Windows=0.00076 Doors=0.00024 IC=0.00000 CO2_BC=0.00010 LR=1.99e-04 nu=0.01 NSraw=0.06976 alpha(W1/W8/all)=0.59/0.39/0.48 | 0.64 it/s
[Iter 30650/50000] Total=0.47717 | NS=0.47129 CO2(scaled)=0.00119 CO2_weight=1.00 guide_w=1.25 Walls=0.00035(x10) g_ns/g_walls=0.34 Windows=0.00081 Doors=0.00027 IC=0.00000 CO2_BC=0.00009 LR=1.99e-04 nu=0.01 NSraw=10.53 alpha(W1/W8/all)=0.59/0.39/0.48 | 0.64 it/s
[Iter 30660/50000] Total=0.10614 | NS=0.09640 CO2(scaled)=0.00170 CO2_weight=1.00 guide_w=1.25 Walls=0.00066(x10) g_ns/g_walls=0.34 Windows=0.00111 Doors=0.00021 IC=0.00000 CO2_BC=0.00009 LR=1.99e-04 nu=0.01 NSraw=0.233 alpha(W1/W8/all)=0.59/0.39/0.48 | 0.64 it/s
[Iter 30670/50000] Total=0.44449 | NS=0.43652 CO2(scaled)=0.00178 CO2_weight=1.00 guide_w=1.25 Walls=0.00050(x10) g_ns/g_walls=0.34 Windows=0.00079 Doors=0.00027 IC=0.00000 CO2_BC=0.00012 LR=1.99e-04 nu=0.01 NSraw=5.81 alpha(W1/W8/all)=0.59/0.39/0.48 | 0.64 it/s
[Iter 30680/50000] Total=0.14548 | NS=0.13799 CO2(scaled)=0.00141 CO2_weight=1.00 guide_w=1.25 Walls=0.00046(x10) g_ns/g_walls=0.34 Windows=0.00116 Doors=0.00027 IC=0.00000 CO2_BC=0.00010 LR=1.99e-04 nu=0.01 NSraw=0.6753 alpha(W1/W8/all)=0.59/0.39/0.48 | 0.64 it/s
[Iter 30690/50000] Total=0.11688 | NS=0.11063 CO2(scaled)=0.00110 CO2_weight=1.00 guide_w=1.25 Walls=0.00038(x10) g_ns/g_walls=0.34 Windows=0.00095 Doors=0.00024 IC=0.00000 CO2_BC=0.00011 LR=1.99e-04 nu=0.01 NSraw=0.3238 alpha(W1/W8/all)=0.59/0.39/0.48 | 0.64 it/s
[Iter 30700/50000] Total=0.09520 | NS=0.08547 CO2(scaled)=0.00119 CO2_weight=1.00 guide_w=1.86 Walls=0.00069(x10) g_ns/g_walls=0.313 Windows=0.00125 Doors=0.00030 IC=0.00000 CO2_BC=0.00011 LR=1.98e-04 nu=0.01 NSraw=0.4169 alpha(W1/W8/all)=0.59/0.39/0.48 | 0.64 it/s
[Iter 30710/50000] Total=0.99095 | NS=0.98201 CO2(scaled)=0.00148 CO2_weight=1.00 guide_w=1.86 Walls=0.00060(x10) g_ns/g_walls=0.313 Windows=0.00097 Doors=0.00035 IC=0.00000 CO2_BC=0.00010 LR=1.98e-04 nu=0.01 NSraw=64.81 alpha(W1/W8/all)=0.59/0.39/0.48 | 0.64 it/s
[Iter 30720/50000] Total=0.18561 | NS=0.16871 CO2(scaled)=0.00112 CO2_weight=1.00 guide_w=1.86 Walls=0.00136(x10) g_ns/g_walls=0.313 Windows=0.00176 Doors=0.00035 IC=0.00000 CO2_BC=0.00009 LR=1.98e-04 nu=0.01 NSraw=0.5083 alpha(W1/W8/all)=0.59/0.39/0.48 | 0.64 it/s
[Iter 30730/50000] Total=0.12164 | NS=0.11151 CO2(scaled)=0.00207 CO2_weight=1.00 guide_w=1.86 Walls=0.00064(x10) g_ns/g_walls=0.313 Windows=0.00126 Doors=0.00033 IC=0.00000 CO2_BC=0.00009 LR=1.98e-04 nu=0.01 NSraw=0.4459 alpha(W1/W8/all)=0.59/0.39/0.48 | 0.64 it/s
[Iter 30740/50000] Total=0.32653 | NS=0.30961 CO2(scaled)=0.00173 CO2_weight=1.00 guide_w=1.86 Walls=0.00136(x10) g_ns/g_walls=0.313 Windows=0.00123 Doors=0.00030 IC=0.00000 CO2_BC=0.00010 LR=1.98e-04 nu=0.01 NSraw=5.677 alpha(W1/W8/all)=0.59/0.39/0.48 | 0.63 it/s
[Iter 30750/50000] Total=0.76513 | NS=0.75387 CO2(scaled)=0.00103 CO2_weight=1.00 guide_w=1.86 Walls=0.00086(x10) g_ns/g_walls=0.313 Windows=0.00127 Doors=0.00027 IC=0.00000 CO2_BC=0.00012 LR=1.98e-04 nu=0.01 NSraw=19.71 alpha(W1/W8/all)=0.59/0.39/0.48 | 0.63 it/s
[Iter 30760/50000] Total=0.07180 | NS=0.06379 CO2(scaled)=0.00133 CO2_weight=1.00 guide_w=1.86 Walls=0.00055(x10) g_ns/g_walls=0.313 Windows=0.00068 Doors=0.00035 IC=0.00000 CO2_BC=0.00012 LR=1.98e-04 nu=0.01 NSraw=0.1649 alpha(W1/W8/all)=0.59/0.39/0.48 | 0.63 it/s
[Iter 30770/50000] Total=0.15583 | NS=0.14180 CO2(scaled)=0.00101 CO2_weight=1.00 guide_w=1.86 Walls=0.00110(x10) g_ns/g_walls=0.313 Windows=0.00153 Doors=0.00037 IC=0.00000 CO2_BC=0.00011 LR=1.98e-04 nu=0.01 NSraw=0.8034 alpha(W1/W8/all)=0.59/0.39/0.48 | 0.63 it/s
[Iter 30780/50000] Total=0.28999 | NS=0.27893 CO2(scaled)=0.00202 CO2_weight=1.00 guide_w=1.86 Walls=0.00078(x10) g_ns/g_walls=0.313 Windows=0.00082 Doors=0.00032 IC=0.00000 CO2_BC=0.00012 LR=1.98e-04 nu=0.01 NSraw=1.387 alpha(W1/W8/all)=0.59/0.39/0.48 | 0.63 it/s
[Iter 30790/50000] Total=0.16066 | NS=0.14802 CO2(scaled)=0.00179 CO2_weight=1.00 guide_w=1.86 Walls=0.00094(x10) g_ns/g_walls=0.313 Windows=0.00096 Doors=0.00035 IC=0.00000 CO2_BC=0.00010 LR=1.97e-04 nu=0.01 NSraw=0.6927 alpha(W1/W8/all)=0.59/0.39/0.48 | 0.63 it/s
[Iter 30800/50000] Total=0.17925 | NS=0.17237 CO2(scaled)=0.00126 CO2_weight=1.00 guide_w=37.6 Walls=0.00043(x10) g_ns/g_walls=23.2 Windows=0.00072 Doors=0.00045 IC=0.00000 CO2_BC=0.00012 LR=1.97e-04 nu=0.01 NSraw=1.759 alpha(W1/W8/all)=0.59/0.39/0.48 | 0.64 it/s
[Iter 30810/50000] Total=0.23409 | NS=0.22767 CO2(scaled)=0.00112 CO2_weight=1.00 guide_w=37.6 Walls=0.00040(x10) g_ns/g_walls=23.2 Windows=0.00089 Doors=0.00029 IC=0.00000 CO2_BC=0.00011 LR=1.97e-04 nu=0.01 NSraw=1.16 alpha(W1/W8/all)=0.59/0.39/0.48 | 0.64 it/s
[Iter 30820/50000] Total=0.06237 | NS=0.05642 CO2(scaled)=0.00136 CO2_weight=1.00 guide_w=37.6 Walls=0.00033(x10) g_ns/g_walls=23.2 Windows=0.00097 Doors=0.00016 IC=0.00000 CO2_BC=0.00011 LR=1.97e-04 nu=0.01 NSraw=0.1026 alpha(W1/W8/all)=0.59/0.39/0.48 | 0.64 it/s
[Iter 30830/50000] Total=0.43447 | NS=0.42396 CO2(scaled)=0.00114 CO2_weight=1.00 guide_w=37.6 Walls=0.00083(x10) g_ns/g_walls=23.2 Windows=0.00078 Doors=0.00022 IC=0.00000 CO2_BC=0.00011 LR=1.97e-04 nu=0.01 NSraw=5.322 alpha(W1/W8/all)=0.59/0.39/0.48 | 0.64 it/s
[Iter 30840/50000] Total=0.17668 | NS=0.16856 CO2(scaled)=0.00160 CO2_weight=1.00 guide_w=37.6 Walls=0.00053(x10) g_ns/g_walls=23.2 Windows=0.00095 Doors=0.00015 IC=0.00000 CO2_BC=0.00011 LR=1.97e-04 nu=0.01 NSraw=0.7125 alpha(W1/W8/all)=0.59/0.39/0.48 | 0.64 it/s
[Iter 30850/50000] Total=0.10412 | NS=0.09280 CO2(scaled)=0.00095 CO2_weight=1.00 guide_w=37.6 Walls=0.00089(x10) g_ns/g_walls=23.2 Windows=0.00099 Doors=0.00034 IC=0.00000 CO2_BC=0.00010 LR=1.97e-04 nu=0.01 NSraw=0.1951 alpha(W1/W8/all)=0.59/0.39/0.48 | 0.65 it/s
[Iter 30860/50000] Total=0.14539 | NS=0.13329 CO2(scaled)=0.00212 CO2_weight=1.00 guide_w=37.6 Walls=0.00084(x10) g_ns/g_walls=23.2 Windows=0.00118 Doors=0.00028 IC=0.00000 CO2_BC=0.00010 LR=1.97e-04 nu=0.01 NSraw=0.5525 alpha(W1/W8/all)=0.59/0.39/0.48 | 0.65 it/s
[Iter 30870/50000] Total=0.09750 | NS=0.08856 CO2(scaled)=0.00120 CO2_weight=1.00 guide_w=37.6 Walls=0.00065(x10) g_ns/g_walls=23.2 Windows=0.00083 Doors=0.00031 IC=0.00000 CO2_BC=0.00010 LR=1.97e-04 nu=0.01 NSraw=0.1852 alpha(W1/W8/all)=0.59/0.39/0.48 | 0.65 it/s
[Iter 30880/50000] Total=0.07244 | NS=0.06338 CO2(scaled)=0.00129 CO2_weight=1.00 guide_w=37.6 Walls=0.00064(x10) g_ns/g_walls=23.2 Windows=0.00100 Doors=0.00030 IC=0.00000 CO2_BC=0.00008 LR=1.97e-04 nu=0.01 NSraw=0.1303 alpha(W1/W8/all)=0.59/0.39/0.48 | 0.65 it/s
[Iter 30890/50000] Total=0.17119 | NS=0.16115 CO2(scaled)=0.00187 CO2_weight=1.00 guide_w=37.6 Walls=0.00063(x10) g_ns/g_walls=23.2 Windows=0.00150 Doors=0.00023 IC=0.00000 CO2_BC=0.00011 LR=1.96e-04 nu=0.01 NSraw=0.7093 alpha(W1/W8/all)=0.59/0.39/0.48 | 0.65 it/s
[Iter 30900/50000] Total=0.07761 | NS=0.06403 CO2(scaled)=0.00208 CO2_weight=1.00 guide_w=0.756 Walls=0.00089(x10) g_ns/g_walls=0.197 Windows=0.00227 Doors=0.00021 IC=0.00000 CO2_BC=0.00012 LR=1.96e-04 nu=0.01 NSraw=0.1456 alpha(W1/W8/all)=0.59/0.39/0.48 | 0.66 it/s
[Iter 30910/50000] Total=0.45571 | NS=0.44764 CO2(scaled)=0.00108 CO2_weight=1.00 guide_w=0.756 Walls=0.00058(x10) g_ns/g_walls=0.197 Windows=0.00085 Doors=0.00020 IC=0.00000 CO2_BC=0.00009 LR=1.96e-04 nu=0.01 NSraw=10.45 alpha(W1/W8/all)=0.59/0.39/0.48 | 0.66 it/s
[Iter 30920/50000] Total=0.14293 | NS=0.12574 CO2(scaled)=0.00266 CO2_weight=1.00 guide_w=0.756 Walls=0.00130(x10) g_ns/g_walls=0.197 Windows=0.00122 Doors=0.00025 IC=0.00000 CO2_BC=0.00009 LR=1.96e-04 nu=0.01 NSraw=0.4613 alpha(W1/W8/all)=0.59/0.39/0.48 | 0.66 it/s
[Iter 30930/50000] Total=0.16328 | NS=0.15589 CO2(scaled)=0.00119 CO2_weight=1.00 guide_w=0.756 Walls=0.00047(x10) g_ns/g_walls=0.197 Windows=0.00114 Doors=0.00027 IC=0.00000 CO2_BC=0.00009 LR=1.96e-04 nu=0.01 NSraw=0.86 alpha(W1/W8/all)=0.59/0.39/0.48 | 0.66 it/s
[Iter 30940/50000] Total=0.17198 | NS=0.16651 CO2(scaled)=0.00103 CO2_weight=1.00 guide_w=0.756 Walls=0.00033(x10) g_ns/g_walls=0.197 Windows=0.00072 Doors=0.00033 IC=0.00000 CO2_BC=0.00010 LR=1.96e-04 nu=0.01 NSraw=0.7477 alpha(W1/W8/all)=0.59/0.39/0.48 | 0.66 it/s
[Iter 30950/50000] Total=0.13116 | NS=0.12433 CO2(scaled)=0.00104 CO2_weight=1.00 guide_w=0.756 Walls=0.00041(x10) g_ns/g_walls=0.197 Windows=0.00133 Doors=0.00028 IC=0.00000 CO2_BC=0.00010 LR=1.96e-04 nu=0.01 NSraw=0.4724 alpha(W1/W8/all)=0.59/0.39/0.48 | 0.66 it/s
[Iter 30960/50000] Total=0.14092 | NS=0.13383 CO2(scaled)=0.00090 CO2_weight=1.00 guide_w=0.756 Walls=0.00046(x10) g_ns/g_walls=0.197 Windows=0.00107 Doors=0.00047 IC=0.00000 CO2_BC=0.00009 LR=1.96e-04 nu=0.01 NSraw=0.3567 alpha(W1/W8/all)=0.59/0.39/0.48 | 0.66 it/s
[Iter 30970/50000] Total=1.87656 | NS=1.86514 CO2(scaled)=0.00147 CO2_weight=1.00 guide_w=0.756 Walls=0.00081(x10) g_ns/g_walls=0.197 Windows=0.00127 Doors=0.00045 IC=0.00000 CO2_BC=0.00012 LR=1.96e-04 nu=0.01 NSraw=317.1 alpha(W1/W8/all)=0.59/0.39/0.48 | 0.67 it/s
[Iter 30980/50000] Total=0.48138 | NS=0.47327 CO2(scaled)=0.00115 CO2_weight=1.00 guide_w=0.756 Walls=0.00053(x10) g_ns/g_walls=0.197 Windows=0.00107 Doors=0.00052 IC=0.00000 CO2_BC=0.00010 LR=1.96e-04 nu=0.01 NSraw=10.22 alpha(W1/W8/all)=0.59/0.39/0.48 | 0.67 it/s
[Iter 30990/50000] Total=1.73394 | NS=1.72513 CO2(scaled)=0.00116 CO2_weight=1.00 guide_w=0.756 Walls=0.00066(x10) g_ns/g_walls=0.197 Windows=0.00068 Doors=0.00033 IC=0.00000 CO2_BC=0.00008 LR=1.95e-04 nu=0.01 NSraw=219.9 alpha(W1/W8/all)=0.59/0.39/0.48 | 0.67 it/s
[Iter 31000/50000] Total=0.11560 | NS=0.10023 CO2(scaled)=0.00167 CO2_weight=1.00 guide_w=1.02 Walls=0.00116(x10) g_ns/g_walls=0.185 Windows=0.00173 Doors=0.00027 IC=0.00000 CO2_BC=0.00008 LR=1.95e-04 nu=0.01 NSraw=0.3125 alpha(W1/W8/all)=0.59/0.39/0.48 | 0.67 it/s
  -> saved checkpoint: /home/iai-labor/BuildingControlCFD/experiments/gnot/checkpoints/v25_nsuniform_r50k/gnot_v25_nsuniform_r50k_iter31000.pth
[Iter 31010/50000] Total=0.23925 | NS=0.22602 CO2(scaled)=0.00144 CO2_weight=1.00 guide_w=1.02 Walls=0.00104(x10) g_ns/g_walls=0.185 Windows=0.00104 Doors=0.00024 IC=0.00000 CO2_BC=0.00010 LR=1.95e-04 nu=0.01 NSraw=1.318 alpha(W1/W8/all)=0.59/0.39/0.48 | 0.67 it/s
[Iter 31020/50000] Total=0.10623 | NS=0.09640 CO2(scaled)=0.00127 CO2_weight=1.00 guide_w=1.02 Walls=0.00070(x10) g_ns/g_walls=0.185 Windows=0.00106 Doors=0.00033 IC=0.00000 CO2_BC=0.00011 LR=1.95e-04 nu=0.01 NSraw=0.3938 alpha(W1/W8/all)=0.59/0.39/0.48 | 0.67 it/s
[Iter 31030/50000] Total=0.19176 | NS=0.18373 CO2(scaled)=0.00139 CO2_weight=1.00 guide_w=1.02 Walls=0.00053(x10) g_ns/g_walls=0.185 Windows=0.00097 Doors=0.00034 IC=0.00000 CO2_BC=0.00008 LR=1.95e-04 nu=0.01 NSraw=0.7659 alpha(W1/W8/all)=0.59/0.39/0.48 | 0.67 it/s
[Iter 31040/50000] Total=1.96983 | NS=1.96002 CO2(scaled)=0.00152 CO2_weight=1.00 guide_w=1.02 Walls=0.00072(x10) g_ns/g_walls=0.185 Windows=0.00074 Doors=0.00029 IC=0.00000 CO2_BC=0.00011 LR=1.95e-04 nu=0.01 NSraw=236.2 alpha(W1/W8/all)=0.59/0.39/0.48 | 0.68 it/s
[Iter 31050/50000] Total=0.21080 | NS=0.20394 CO2(scaled)=0.00109 CO2_weight=1.00 guide_w=1.02 Walls=0.00044(x10) g_ns/g_walls=0.185 Windows=0.00103 Doors=0.00023 IC=0.00000 CO2_BC=0.00010 LR=1.95e-04 nu=0.01 NSraw=1.616 alpha(W1/W8/all)=0.59/0.39/0.48 | 0.68 it/s
[Iter 31060/50000] Total=0.13157 | NS=0.12435 CO2(scaled)=0.00111 CO2_weight=1.00 guide_w=1.02 Walls=0.00045(x10) g_ns/g_walls=0.185 Windows=0.00115 Doors=0.00032 IC=0.00000 CO2_BC=0.00009 LR=1.95e-04 nu=0.01 NSraw=0.5368 alpha(W1/W8/all)=0.59/0.39/0.48 | 0.68 it/s
[Iter 31070/50000] Total=0.11484 | NS=0.10180 CO2(scaled)=0.00169 CO2_weight=1.00 guide_w=1.02 Walls=0.00092(x10) g_ns/g_walls=0.185 Windows=0.00166 Doors=0.00034 IC=0.00000 CO2_BC=0.00012 LR=1.95e-04 nu=0.01 NSraw=0.3336 alpha(W1/W8/all)=0.59/0.39/0.48 | 0.68 it/s
[Iter 31080/50000] Total=0.09193 | NS=0.08106 CO2(scaled)=0.00165 CO2_weight=1.00 guide_w=1.02 Walls=0.00074(x10) g_ns/g_walls=0.185 Windows=0.00142 Doors=0.00034 IC=0.00000 CO2_BC=0.00010 LR=1.95e-04 nu=0.01 NSraw=0.1301 alpha(W1/W8/all)=0.59/0.39/0.48 | 0.68 it/s
[Iter 31090/50000] Total=0.31971 | NS=0.30871 CO2(scaled)=0.00138 CO2_weight=1.00 guide_w=1.02 Walls=0.00080(x10) g_ns/g_walls=0.185 Windows=0.00125 Doors=0.00030 IC=0.00000 CO2_BC=0.00010 LR=1.94e-04 nu=0.01 NSraw=4.726 alpha(W1/W8/all)=0.59/0.39/0.48 | 0.68 it/s
[Iter 31100/50000] Total=0.11830 | NS=0.09987 CO2(scaled)=0.00123 CO2_weight=1.00 guide_w=27.8 Walls=0.00159(x10) g_ns/g_walls=2.91 Windows=0.00083 Doors=0.00031 IC=0.00000 CO2_BC=0.00012 LR=1.94e-04 nu=0.01 NSraw=0.2117 alpha(W1/W8/all)=0.59/0.39/0.48 | 0.68 it/s
[Iter 31110/50000] Total=0.10081 | NS=0.08351 CO2(scaled)=0.00124 CO2_weight=1.00 guide_w=27.8 Walls=0.00140(x10) g_ns/g_walls=2.91 Windows=0.00158 Doors=0.00035 IC=0.00000 CO2_BC=0.00008 LR=1.94e-04 nu=0.01 NSraw=0.1654 alpha(W1/W8/all)=0.59/0.39/0.48 | 0.69 it/s
[Iter 31120/50000] Total=0.20277 | NS=0.17620 CO2(scaled)=0.00109 CO2_weight=1.00 guide_w=27.8 Walls=0.00226(x10) g_ns/g_walls=2.91 Windows=0.00254 Doors=0.00028 IC=0.00000 CO2_BC=0.00010 LR=1.94e-04 nu=0.01 NSraw=0.5346 alpha(W1/W8/all)=0.59/0.39/0.48 | 0.69 it/s
[Iter 31130/50000] Total=0.08999 | NS=0.07734 CO2(scaled)=0.00187 CO2_weight=1.00 guide_w=27.8 Walls=0.00091(x10) g_ns/g_walls=2.91 Windows=0.00123 Doors=0.00036 IC=0.00000 CO2_BC=0.00011 LR=1.94e-04 nu=0.01 NSraw=0.1631 alpha(W1/W8/all)=0.59/0.39/0.48 | 0.69 it/s
[Iter 31140/50000] Total=0.06750 | NS=0.06115 CO2(scaled)=0.00109 CO2_weight=1.00 guide_w=27.8 Walls=0.00040(x10) g_ns/g_walls=2.91 Windows=0.00093 Doors=0.00026 IC=0.00000 CO2_BC=0.00008 LR=1.94e-04 nu=0.01 NSraw=0.1099 alpha(W1/W8/all)=0.59/0.39/0.48 | 0.69 it/s
[Iter 31150/50000] Total=0.24698 | NS=0.23624 CO2(scaled)=0.00121 CO2_weight=1.00 guide_w=27.8 Walls=0.00077(x10) g_ns/g_walls=2.91 Windows=0.00140 Doors=0.00026 IC=0.00000 CO2_BC=0.00013 LR=1.94e-04 nu=0.01 NSraw=1.284 alpha(W1/W8/all)=0.59/0.39/0.48 | 0.69 it/s
[Iter 31160/50000] Total=0.04070 | NS=0.03046 CO2(scaled)=0.00221 CO2_weight=1.00 guide_w=27.8 Walls=0.00066(x10) g_ns/g_walls=2.91 Windows=0.00112 Doors=0.00023 IC=0.00000 CO2_BC=0.00010 LR=1.94e-04 nu=0.01 NSraw=0.04141 alpha(W1/W8/all)=0.59/0.39/0.48 | 0.69 it/s
[Iter 31170/50000] Total=0.05875 | NS=0.04714 CO2(scaled)=0.00142 CO2_weight=1.00 guide_w=27.8 Walls=0.00083(x10) g_ns/g_walls=2.91 Windows=0.00143 Doors=0.00032 IC=0.00000 CO2_BC=0.00012 LR=1.94e-04 nu=0.01 NSraw=0.07456 alpha(W1/W8/all)=0.59/0.39/0.48 | 0.69 it/s
[Iter 31180/50000] Total=0.14641 | NS=0.13004 CO2(scaled)=0.00163 CO2_weight=1.00 guide_w=27.8 Walls=0.00123(x10) g_ns/g_walls=2.91 Windows=0.00184 Doors=0.00048 IC=0.00000 CO2_BC=0.00010 LR=1.93e-04 nu=0.01 NSraw=0.3929 alpha(W1/W8/all)=0.59/0.39/0.48 | 0.69 it/s
[Iter 31190/50000] Total=0.17290 | NS=0.16394 CO2(scaled)=0.00127 CO2_weight=1.00 guide_w=27.8 Walls=0.00063(x10) g_ns/g_walls=2.91 Windows=0.00091 Doors=0.00038 IC=0.00000 CO2_BC=0.00012 LR=1.93e-04 nu=0.01 NSraw=0.4926 alpha(W1/W8/all)=0.59/0.39/0.48 | 0.69 it/s
[Iter 31200/50000] Total=0.57727 | NS=0.55542 CO2(scaled)=0.00190 CO2_weight=1.00 guide_w=30.2 Walls=0.00177(x10) g_ns/g_walls=4.87 Windows=0.00184 Doors=0.00031 IC=0.00000 CO2_BC=0.00011 LR=1.93e-04 nu=0.01 NSraw=11.69 alpha(W1/W8/all)=0.59/0.39/0.48 | 0.70 it/s
[Iter 31210/50000] Total=0.17233 | NS=0.15767 CO2(scaled)=0.00120 CO2_weight=1.00 guide_w=30.2 Walls=0.00112(x10) g_ns/g_walls=4.87 Windows=0.00162 Doors=0.00046 IC=0.00000 CO2_BC=0.00013 LR=1.93e-04 nu=0.01 NSraw=0.8238 alpha(W1/W8/all)=0.59/0.39/0.48 | 0.70 it/s
[Iter 31220/50000] Total=0.30426 | NS=0.29801 CO2(scaled)=0.00105 CO2_weight=1.00 guide_w=30.2 Walls=0.00040(x10) g_ns/g_walls=4.87 Windows=0.00077 Doors=0.00032 IC=0.00000 CO2_BC=0.00011 LR=1.93e-04 nu=0.01 NSraw=1.727 alpha(W1/W8/all)=0.59/0.39/0.48 | 0.70 it/s
[Iter 31230/50000] Total=0.09677 | NS=0.08367 CO2(scaled)=0.00187 CO2_weight=1.00 guide_w=30.2 Walls=0.00088(x10) g_ns/g_walls=4.87 Windows=0.00209 Doors=0.00021 IC=0.00000 CO2_BC=0.00010 LR=1.93e-04 nu=0.01 NSraw=0.1526 alpha(W1/W8/all)=0.59/0.39/0.48 | 0.70 it/s
[Iter 31240/50000] Total=0.17880 | NS=0.17099 CO2(scaled)=0.00174 CO2_weight=1.00 guide_w=30.2 Walls=0.00049(x10) g_ns/g_walls=4.87 Windows=0.00075 Doors=0.00030 IC=0.00000 CO2_BC=0.00009 LR=1.93e-04 nu=0.01 NSraw=0.5407 alpha(W1/W8/all)=0.59/0.39/0.48 | 0.70 it/s
[Iter 31250/50000] Total=0.31581 | NS=0.30534 CO2(scaled)=0.00179 CO2_weight=1.00 guide_w=30.2 Walls=0.00070(x10) g_ns/g_walls=4.87 Windows=0.00121 Doors=0.00035 IC=0.00000 CO2_BC=0.00012 LR=1.93e-04 nu=0.01 NSraw=2.711 alpha(W1/W8/all)=0.59/0.39/0.48 | 0.70 it/s
[Iter 31260/50000] Total=0.27578 | NS=0.26555 CO2(scaled)=0.00161 CO2_weight=1.00 guide_w=30.2 Walls=0.00073(x10) g_ns/g_walls=4.87 Windows=0.00092 Doors=0.00026 IC=0.00000 CO2_BC=0.00009 LR=1.93e-04 nu=0.01 NSraw=2.98 alpha(W1/W8/all)=0.59/0.39/0.48 | 0.70 it/s
[Iter 31270/50000] Total=1.27934 | NS=1.27036 CO2(scaled)=0.00156 CO2_weight=1.00 guide_w=30.2 Walls=0.00065(x10) g_ns/g_walls=4.87 Windows=0.00054 Doors=0.00031 IC=0.00000 CO2_BC=0.00010 LR=1.93e-04 nu=0.01 NSraw=156.8 alpha(W1/W8/all)=0.59/0.39/0.48 | 0.70 it/s
[Iter 31280/50000] Total=0.08024 | NS=0.07142 CO2(scaled)=0.00160 CO2_weight=1.00 guide_w=30.2 Walls=0.00059(x10) g_ns/g_walls=4.87 Windows=0.00091 Doors=0.00031 IC=0.00000 CO2_BC=0.00010 LR=1.92e-04 nu=0.01 NSraw=0.1644 alpha(W1/W8/all)=0.59/0.39/0.48 | 0.70 it/s
[Iter 31290/50000] Total=0.09595 | NS=0.08387 CO2(scaled)=0.00138 CO2_weight=1.00 guide_w=30.2 Walls=0.00090(x10) g_ns/g_walls=4.87 Windows=0.00136 Doors=0.00029 IC=0.00000 CO2_BC=0.00009 LR=1.92e-04 nu=0.01 NSraw=0.1698 alpha(W1/W8/all)=0.59/0.39/0.48 | 0.70 it/s
[Iter 31300/50000] Total=0.54975 | NS=0.53840 CO2(scaled)=0.00134 CO2_weight=1.00 guide_w=13.5 Walls=0.00087(x10) g_ns/g_walls=4.18 Windows=0.00089 Doors=0.00036 IC=0.00000 CO2_BC=0.00008 LR=1.92e-04 nu=0.01 NSraw=10.37 alpha(W1/W8/all)=0.59/0.39/0.48 | 0.71 it/s
[Iter 31310/50000] Total=0.19078 | NS=0.18204 CO2(scaled)=0.00152 CO2_weight=1.00 guide_w=13.5 Walls=0.00058(x10) g_ns/g_walls=4.18 Windows=0.00102 Doors=0.00026 IC=0.00000 CO2_BC=0.00009 LR=1.92e-04 nu=0.01 NSraw=1.219 alpha(W1/W8/all)=0.59/0.39/0.48 | 0.71 it/s
[Iter 31320/50000] Total=0.12577 | NS=0.11506 CO2(scaled)=0.00140 CO2_weight=1.00 guide_w=13.5 Walls=0.00077(x10) g_ns/g_walls=4.18 Windows=0.00124 Doors=0.00031 IC=0.00000 CO2_BC=0.00011 LR=1.92e-04 nu=0.01 NSraw=0.4818 alpha(W1/W8/all)=0.59/0.39/0.48 | 0.71 it/s
[Iter 31330/50000] Total=0.19727 | NS=0.17612 CO2(scaled)=0.00126 CO2_weight=1.00 guide_w=13.5 Walls=0.00177(x10) g_ns/g_walls=4.18 Windows=0.00173 Doors=0.00040 IC=0.00000 CO2_BC=0.00011 LR=1.92e-04 nu=0.01 NSraw=1.418 alpha(W1/W8/all)=0.59/0.39/0.48 | 0.71 it/s
[Iter 31340/50000] Total=0.30024 | NS=0.27577 CO2(scaled)=0.00162 CO2_weight=1.00 guide_w=13.5 Walls=0.00202(x10) g_ns/g_walls=4.18 Windows=0.00219 Doors=0.00031 IC=0.00000 CO2_BC=0.00010 LR=1.92e-04 nu=0.01 NSraw=1.843 alpha(W1/W8/all)=0.59/0.39/0.48 | 0.71 it/s
[Iter 31350/50000] Total=0.05190 | NS=0.04188 CO2(scaled)=0.00142 CO2_weight=1.00 guide_w=13.5 Walls=0.00072(x10) g_ns/g_walls=4.18 Windows=0.00096 Doors=0.00030 IC=0.00000 CO2_BC=0.00009 LR=1.92e-04 nu=0.01 NSraw=0.0577 alpha(W1/W8/all)=0.59/0.39/0.48 | 0.71 it/s
[Iter 31360/50000] Total=0.16648 | NS=0.15405 CO2(scaled)=0.00122 CO2_weight=1.00 guide_w=13.5 Walls=0.00092(x10) g_ns/g_walls=4.18 Windows=0.00163 Doors=0.00028 IC=0.00000 CO2_BC=0.00010 LR=1.92e-04 nu=0.01 NSraw=0.5533 alpha(W1/W8/all)=0.59/0.39/0.48 | 0.71 it/s
[Iter 31370/50000] Total=1.16380 | NS=1.14549 CO2(scaled)=0.00142 CO2_weight=1.00 guide_w=13.5 Walls=0.00148(x10) g_ns/g_walls=4.18 Windows=0.00164 Doors=0.00031 IC=0.00000 CO2_BC=0.00009 LR=1.92e-04 nu=0.01 NSraw=91.1 alpha(W1/W8/all)=0.59/0.39/0.48 | 0.71 it/s
[Iter 31380/50000] Total=0.62739 | NS=0.61182 CO2(scaled)=0.00128 CO2_weight=1.00 guide_w=13.5 Walls=0.00119(x10) g_ns/g_walls=4.18 Windows=0.00195 Doors=0.00038 IC=0.00000 CO2_BC=0.00009 LR=1.91e-04 nu=0.01 NSraw=15.31 alpha(W1/W8/all)=0.59/0.39/0.48 | 0.71 it/s
[Iter 31390/50000] Total=0.15738 | NS=0.14505 CO2(scaled)=0.00185 CO2_weight=1.00 guide_w=13.5 Walls=0.00089(x10) g_ns/g_walls=4.18 Windows=0.00112 Doors=0.00040 IC=0.00000 CO2_BC=0.00010 LR=1.91e-04 nu=0.01 NSraw=0.4663 alpha(W1/W8/all)=0.59/0.39/0.48 | 0.71 it/s
[Iter 31400/50000] Total=0.69711 | NS=0.68898 CO2(scaled)=0.00148 CO2_weight=1.00 guide_w=20.6 Walls=0.00052(x10) g_ns/g_walls=4.6 Windows=0.00102 Doors=0.00037 IC=0.00000 CO2_BC=0.00009 LR=1.91e-04 nu=0.01 NSraw=31.94 alpha(W1/W8/all)=0.59/0.39/0.48 | 0.71 it/s
[Iter 31410/50000] Total=2.01835 | NS=2.01118 CO2(scaled)=0.00138 CO2_weight=1.00 guide_w=20.6 Walls=0.00047(x10) g_ns/g_walls=4.6 Windows=0.00067 Doors=0.00028 IC=0.00000 CO2_BC=0.00009 LR=1.91e-04 nu=0.01 NSraw=346.2 alpha(W1/W8/all)=0.59/0.39/0.48 | 0.72 it/s
[Iter 31420/50000] Total=0.29991 | NS=0.29385 CO2(scaled)=0.00125 CO2_weight=1.00 guide_w=20.6 Walls=0.00035(x10) g_ns/g_walls=4.6 Windows=0.00087 Doors=0.00033 IC=0.00000 CO2_BC=0.00010 LR=1.91e-04 nu=0.01 NSraw=4.87 alpha(W1/W8/all)=0.59/0.39/0.48 | 0.72 it/s
[Iter 31430/50000] Total=0.16759 | NS=0.15254 CO2(scaled)=0.00119 CO2_weight=1.00 guide_w=20.6 Walls=0.00125(x10) g_ns/g_walls=4.6 Windows=0.00082 Doors=0.00039 IC=0.00000 CO2_BC=0.00010 LR=1.91e-04 nu=0.01 NSraw=1.056 alpha(W1/W8/all)=0.59/0.39/0.48 | 0.72 it/s
[Iter 31440/50000] Total=0.36862 | NS=0.35760 CO2(scaled)=0.00123 CO2_weight=1.00 guide_w=20.6 Walls=0.00078(x10) g_ns/g_walls=4.6 Windows=0.00143 Doors=0.00042 IC=0.00000 CO2_BC=0.00010 LR=1.91e-04 nu=0.01 NSraw=4.73 alpha(W1/W8/all)=0.59/0.39/0.48 | 0.72 it/s
[Iter 31450/50000] Total=0.47119 | NS=0.46030 CO2(scaled)=0.00227 CO2_weight=1.00 guide_w=20.6 Walls=0.00073(x10) g_ns/g_walls=4.6 Windows=0.00088 Doors=0.00036 IC=0.00000 CO2_BC=0.00009 LR=1.91e-04 nu=0.01 NSraw=7.696 alpha(W1/W8/all)=0.59/0.39/0.48 | 0.72 it/s
[Iter 31460/50000] Total=0.10496 | NS=0.09437 CO2(scaled)=0.00221 CO2_weight=1.00 guide_w=20.6 Walls=0.00071(x10) g_ns/g_walls=4.6 Windows=0.00098 Doors=0.00019 IC=0.00000 CO2_BC=0.00011 LR=1.91e-04 nu=0.01 NSraw=0.3085 alpha(W1/W8/all)=0.59/0.39/0.48 | 0.72 it/s
[Iter 31470/50000] Total=0.20340 | NS=0.18408 CO2(scaled)=0.00158 CO2_weight=1.00 guide_w=20.6 Walls=0.00157(x10) g_ns/g_walls=4.6 Windows=0.00173 Doors=0.00021 IC=0.00000 CO2_BC=0.00009 LR=1.91e-04 nu=0.01 NSraw=1.339 alpha(W1/W8/all)=0.59/0.39/0.48 | 0.72 it/s
[Iter 31480/50000] Total=0.06732 | NS=0.06064 CO2(scaled)=0.00092 CO2_weight=1.00 guide_w=20.6 Walls=0.00043(x10) g_ns/g_walls=4.6 Windows=0.00102 Doors=0.00031 IC=0.00000 CO2_BC=0.00010 LR=1.90e-04 nu=0.01 NSraw=0.1155 alpha(W1/W8/all)=0.59/0.39/0.48 | 0.72 it/s
[Iter 31490/50000] Total=0.33869 | NS=0.32933 CO2(scaled)=0.00092 CO2_weight=1.00 guide_w=20.6 Walls=0.00070(x10) g_ns/g_walls=4.6 Windows=0.00104 Doors=0.00031 IC=0.00000 CO2_BC=0.00008 LR=1.90e-04 nu=0.01 NSraw=4.649 alpha(W1/W8/all)=0.59/0.39/0.48 | 0.72 it/s
[Iter 31500/50000] Total=0.18386 | NS=0.17703 CO2(scaled)=0.00150 CO2_weight=1.00 guide_w=7.37 Walls=0.00041(x10) g_ns/g_walls=1.57 Windows=0.00082 Doors=0.00028 IC=0.00000 CO2_BC=0.00009 LR=1.90e-04 nu=0.01 NSraw=0.6656 alpha(W1/W8/all)=0.59/0.39/0.48 | 0.72 it/s
[Iter 31510/50000] Total=0.24382 | NS=0.22695 CO2(scaled)=0.00204 CO2_weight=1.00 guide_w=7.37 Walls=0.00129(x10) g_ns/g_walls=1.57 Windows=0.00160 Doors=0.00022 IC=0.00000 CO2_BC=0.00008 LR=1.90e-04 nu=0.01 NSraw=2.417 alpha(W1/W8/all)=0.59/0.39/0.48 | 0.72 it/s
[Iter 31520/50000] Total=0.46784 | NS=0.45732 CO2(scaled)=0.00282 CO2_weight=1.00 guide_w=7.37 Walls=0.00063(x10) g_ns/g_walls=1.57 Windows=0.00105 Doors=0.00023 IC=0.00000 CO2_BC=0.00010 LR=1.90e-04 nu=0.01 NSraw=6.386 alpha(W1/W8/all)=0.59/0.39/0.48 | 0.72 it/s
[Iter 31530/50000] Total=0.09120 | NS=0.08496 CO2(scaled)=0.00132 CO2_weight=1.00 guide_w=7.37 Walls=0.00037(x10) g_ns/g_walls=1.57 Windows=0.00086 Doors=0.00026 IC=0.00000 CO2_BC=0.00011 LR=1.90e-04 nu=0.01 NSraw=0.1656 alpha(W1/W8/all)=0.59/0.39/0.48 | 0.72 it/s
[Iter 31540/50000] Total=0.17624 | NS=0.16194 CO2(scaled)=0.00288 CO2_weight=1.00 guide_w=7.37 Walls=0.00098(x10) g_ns/g_walls=1.57 Windows=0.00134 Doors=0.00022 IC=0.00000 CO2_BC=0.00009 LR=1.90e-04 nu=0.01 NSraw=0.6859 alpha(W1/W8/all)=0.59/0.39/0.48 | 0.73 it/s
[Iter 31550/50000] Total=0.16458 | NS=0.15691 CO2(scaled)=0.00156 CO2_weight=1.00 guide_w=7.37 Walls=0.00044(x10) g_ns/g_walls=1.57 Windows=0.00139 Doors=0.00021 IC=0.00000 CO2_BC=0.00011 LR=1.90e-04 nu=0.01 NSraw=0.5014 alpha(W1/W8/all)=0.59/0.39/0.48 | 0.73 it/s
[Iter 31560/50000] Total=0.06148 | NS=0.04160 CO2(scaled)=0.00119 CO2_weight=1.00 guide_w=7.37 Walls=0.00171(x10) g_ns/g_walls=1.57 Windows=0.00131 Doors=0.00018 IC=0.00000 CO2_BC=0.00009 LR=1.90e-04 nu=0.01 NSraw=0.05553 alpha(W1/W8/all)=0.59/0.39/0.48 | 0.73 it/s
[Iter 31570/50000] Total=0.20698 | NS=0.19509 CO2(scaled)=0.00214 CO2_weight=1.00 guide_w=7.37 Walls=0.00084(x10) g_ns/g_walls=1.57 Windows=0.00105 Doors=0.00019 IC=0.00000 CO2_BC=0.00010 LR=1.90e-04 nu=0.01 NSraw=0.5592 alpha(W1/W8/all)=0.59/0.39/0.48 | 0.73 it/s
[Iter 31580/50000] Total=0.05586 | NS=0.04862 CO2(scaled)=0.00125 CO2_weight=1.00 guide_w=7.37 Walls=0.00046(x10) g_ns/g_walls=1.57 Windows=0.00115 Doors=0.00019 IC=0.00000 CO2_BC=0.00009 LR=1.89e-04 nu=0.01 NSraw=0.1016 alpha(W1/W8/all)=0.59/0.39/0.48 | 0.73 it/s
[Iter 31590/50000] Total=0.89311 | NS=0.88027 CO2(scaled)=0.00116 CO2_weight=1.00 guide_w=7.37 Walls=0.00098(x10) g_ns/g_walls=1.57 Windows=0.00149 Doors=0.00031 IC=0.00000 CO2_BC=0.00013 LR=1.89e-04 nu=0.01 NSraw=52.2 alpha(W1/W8/all)=0.59/0.39/0.48 | 0.73 it/s
[Iter 31600/50000] Total=0.18737 | NS=0.18013 CO2(scaled)=0.00136 CO2_weight=1.00 guide_w=19.8 Walls=0.00041(x10) g_ns/g_walls=8.73 Windows=0.00139 Doors=0.00030 IC=0.00000 CO2_BC=0.00011 LR=1.89e-04 nu=0.01 NSraw=0.6777 alpha(W1/W8/all)=0.59/0.39/0.48 | 0.73 it/s
[Iter 31610/50000] Total=0.19891 | NS=0.19102 CO2(scaled)=0.00109 CO2_weight=1.00 guide_w=19.8 Walls=0.00054(x10) g_ns/g_walls=8.73 Windows=0.00110 Doors=0.00025 IC=0.00000 CO2_BC=0.00009 LR=1.89e-04 nu=0.01 NSraw=1.192 alpha(W1/W8/all)=0.59/0.39/0.48 | 0.73 it/s
[Iter 31620/50000] Total=0.05803 | NS=0.05217 CO2(scaled)=0.00121 CO2_weight=1.00 guide_w=19.8 Walls=0.00032(x10) g_ns/g_walls=8.73 Windows=0.00114 Doors=0.00026 IC=0.00000 CO2_BC=0.00008 LR=1.89e-04 nu=0.01 NSraw=0.1489 alpha(W1/W8/all)=0.59/0.39/0.48 | 0.73 it/s
[Iter 31630/50000] Total=0.19204 | NS=0.17730 CO2(scaled)=0.00122 CO2_weight=1.00 guide_w=19.8 Walls=0.00116(x10) g_ns/g_walls=8.73 Windows=0.00159 Doors=0.00022 IC=0.00000 CO2_BC=0.00009 LR=1.89e-04 nu=0.01 NSraw=0.5736 alpha(W1/W8/all)=0.59/0.39/0.48 | 0.73 it/s
[Iter 31640/50000] Total=0.22829 | NS=0.22177 CO2(scaled)=0.00115 CO2_weight=1.00 guide_w=19.8 Walls=0.00041(x10) g_ns/g_walls=8.73 Windows=0.00095 Doors=0.00027 IC=0.00000 CO2_BC=0.00011 LR=1.89e-04 nu=0.01 NSraw=2.521 alpha(W1/W8/all)=0.59/0.39/0.48 | 0.73 it/s
[Iter 31650/50000] Total=0.09236 | NS=0.08162 CO2(scaled)=0.00174 CO2_weight=1.00 guide_w=19.8 Walls=0.00073(x10) g_ns/g_walls=8.73 Windows=0.00131 Doors=0.00027 IC=0.00000 CO2_BC=0.00008 LR=1.89e-04 nu=0.01 NSraw=0.1333 alpha(W1/W8/all)=0.59/0.39/0.48 | 0.73 it/s
[Iter 31660/50000] Total=3.32523 | NS=3.30843 CO2(scaled)=0.00156 CO2_weight=1.00 guide_w=19.8 Walls=0.00138(x10) g_ns/g_walls=8.73 Windows=0.00102 Doors=0.00034 IC=0.00000 CO2_BC=0.00011 LR=1.89e-04 nu=0.01 NSraw=619.9 alpha(W1/W8/all)=0.59/0.39/0.48 | 0.73 it/s
[Iter 31670/50000] Total=0.12668 | NS=0.12045 CO2(scaled)=0.00096 CO2_weight=1.00 guide_w=19.8 Walls=0.00038(x10) g_ns/g_walls=8.73 Windows=0.00110 Doors=0.00032 IC=0.00000 CO2_BC=0.00008 LR=1.89e-04 nu=0.01 NSraw=0.8122 alpha(W1/W8/all)=0.59/0.39/0.48 | 0.73 it/s
[Iter 31680/50000] Total=0.16516 | NS=0.15760 CO2(scaled)=0.00121 CO2_weight=1.00 guide_w=19.8 Walls=0.00051(x10) g_ns/g_walls=8.73 Windows=0.00082 Doors=0.00030 IC=0.00000 CO2_BC=0.00010 LR=1.88e-04 nu=0.01 NSraw=0.7236 alpha(W1/W8/all)=0.59/0.39/0.48 | 0.73 it/s
[Iter 31690/50000] Total=0.11385 | NS=0.10252 CO2(scaled)=0.00130 CO2_weight=1.00 guide_w=19.8 Walls=0.00085(x10) g_ns/g_walls=8.73 Windows=0.00119 Doors=0.00026 IC=0.00000 CO2_BC=0.00010 LR=1.88e-04 nu=0.01 NSraw=0.227 alpha(W1/W8/all)=0.59/0.39/0.48 | 0.73 it/s
[Iter 31700/50000] Total=0.19832 | NS=0.18255 CO2(scaled)=0.00142 CO2_weight=1.00 guide_w=76.8 Walls=0.00122(x10) g_ns/g_walls=10.7 Windows=0.00182 Doors=0.00028 IC=0.00000 CO2_BC=0.00009 LR=1.88e-04 nu=0.01 NSraw=2.538 alpha(W1/W8/all)=0.59/0.39/0.48 | 0.74 it/s
[Iter 31710/50000] Total=0.15087 | NS=0.13500 CO2(scaled)=0.00143 CO2_weight=1.00 guide_w=76.8 Walls=0.00127(x10) g_ns/g_walls=10.7 Windows=0.00150 Doors=0.00020 IC=0.00000 CO2_BC=0.00008 LR=1.88e-04 nu=0.01 NSraw=0.4509 alpha(W1/W8/all)=0.59/0.39/0.48 | 0.74 it/s
[Iter 31720/50000] Total=0.12663 | NS=0.10742 CO2(scaled)=0.00096 CO2_weight=1.00 guide_w=76.8 Walls=0.00161(x10) g_ns/g_walls=10.7 Windows=0.00181 Doors=0.00022 IC=0.00000 CO2_BC=0.00009 LR=1.88e-04 nu=0.01 NSraw=0.4614 alpha(W1/W8/all)=0.59/0.39/0.48 | 0.74 it/s
[Iter 31730/50000] Total=0.26219 | NS=0.24773 CO2(scaled)=0.00093 CO2_weight=1.00 guide_w=76.8 Walls=0.00119(x10) g_ns/g_walls=10.7 Windows=0.00133 Doors=0.00023 IC=0.00000 CO2_BC=0.00011 LR=1.88e-04 nu=0.01 NSraw=2.487 alpha(W1/W8/all)=0.59/0.39/0.48 | 0.74 it/s
[Iter 31740/50000] Total=0.05874 | NS=0.05023 CO2(scaled)=0.00104 CO2_weight=1.00 guide_w=76.8 Walls=0.00062(x10) g_ns/g_walls=10.7 Windows=0.00076 Doors=0.00043 IC=0.00000 CO2_BC=0.00011 LR=1.88e-04 nu=0.01 NSraw=0.09552 alpha(W1/W8/all)=0.59/0.39/0.48 | 0.74 it/s
[Iter 31750/50000] Total=0.12602 | NS=0.11372 CO2(scaled)=0.00133 CO2_weight=1.00 guide_w=76.8 Walls=0.00091(x10) g_ns/g_walls=10.7 Windows=0.00138 Doors=0.00039 IC=0.00000 CO2_BC=0.00011 LR=1.88e-04 nu=0.01 NSraw=0.4218 alpha(W1/W8/all)=0.59/0.39/0.48 | 0.74 it/s
[Iter 31760/50000] Total=0.13823 | NS=0.12157 CO2(scaled)=0.00110 CO2_weight=1.00 guide_w=76.8 Walls=0.00138(x10) g_ns/g_walls=10.7 Windows=0.00134 Doors=0.00029 IC=0.00000 CO2_BC=0.00011 LR=1.88e-04 nu=0.01 NSraw=0.3153 alpha(W1/W8/all)=0.59/0.39/0.48 | 0.74 it/s
[Iter 31770/50000] Total=0.16761 | NS=0.15979 CO2(scaled)=0.00197 CO2_weight=1.00 guide_w=76.8 Walls=0.00042(x10) g_ns/g_walls=10.7 Windows=0.00127 Doors=0.00029 IC=0.00000 CO2_BC=0.00011 LR=1.88e-04 nu=0.01 NSraw=0.8228 alpha(W1/W8/all)=0.59/0.39/0.48 | 0.74 it/s
[Iter 31780/50000] Total=1.08811 | NS=1.08025 CO2(scaled)=0.00099 CO2_weight=1.00 guide_w=76.8 Walls=0.00048(x10) g_ns/g_walls=10.7 Windows=0.00154 Doors=0.00039 IC=0.00000 CO2_BC=0.00009 LR=1.87e-04 nu=0.01 NSraw=100 alpha(W1/W8/all)=0.59/0.39/0.48 | 0.74 it/s
[Iter 31790/50000] Total=0.06299 | NS=0.05638 CO2(scaled)=0.00138 CO2_weight=1.00 guide_w=76.8 Walls=0.00036(x10) g_ns/g_walls=10.7 Windows=0.00112 Doors=0.00035 IC=0.00000 CO2_BC=0.00014 LR=1.87e-04 nu=0.01 NSraw=0.07842 alpha(W1/W8/all)=0.59/0.39/0.48 | 0.74 it/s
[Iter 31800/50000] Total=0.07470 | NS=0.06743 CO2(scaled)=0.00115 CO2_weight=1.00 guide_w=5.06 Walls=0.00048(x10) g_ns/g_walls=0.909 Windows=0.00093 Doors=0.00029 IC=0.00000 CO2_BC=0.00009 LR=1.87e-04 nu=0.01 NSraw=0.1147 alpha(W1/W8/all)=0.59/0.39/0.48 | 0.74 it/s
[Iter 31810/50000] Total=0.12119 | NS=0.11119 CO2(scaled)=0.00194 CO2_weight=1.00 guide_w=5.06 Walls=0.00065(x10) g_ns/g_walls=0.909 Windows=0.00116 Doors=0.00028 IC=0.00000 CO2_BC=0.00009 LR=1.87e-04 nu=0.01 NSraw=0.3273 alpha(W1/W8/all)=0.59/0.39/0.48 | 0.74 it/s
[Iter 31820/50000] Total=0.14476 | NS=0.11919 CO2(scaled)=0.00135 CO2_weight=1.00 guide_w=5.06 Walls=0.00213(x10) g_ns/g_walls=0.909 Windows=0.00244 Doors=0.00042 IC=0.00000 CO2_BC=0.00011 LR=1.87e-04 nu=0.01 NSraw=0.473 alpha(W1/W8/all)=0.59/0.39/0.48 | 0.74 it/s
[Iter 31830/50000] Total=0.17485 | NS=0.15904 CO2(scaled)=0.00128 CO2_weight=1.00 guide_w=5.06 Walls=0.00124(x10) g_ns/g_walls=0.909 Windows=0.00174 Doors=0.00025 IC=0.00000 CO2_BC=0.00008 LR=1.87e-04 nu=0.01 NSraw=0.6276 alpha(W1/W8/all)=0.59/0.39/0.48 | 0.74 it/s
[Iter 31840/50000] Total=0.12329 | NS=0.11099 CO2(scaled)=0.00155 CO2_weight=1.00 guide_w=5.06 Walls=0.00090(x10) g_ns/g_walls=0.909 Windows=0.00138 Doors=0.00031 IC=0.00000 CO2_BC=0.00010 LR=1.87e-04 nu=0.01 NSraw=0.3959 alpha(W1/W8/all)=0.59/0.39/0.48 | 0.74 it/s
[Iter 31850/50000] Total=0.07687 | NS=0.06892 CO2(scaled)=0.00119 CO2_weight=1.00 guide_w=5.06 Walls=0.00054(x10) g_ns/g_walls=0.909 Windows=0.00104 Doors=0.00023 IC=0.00000 CO2_BC=0.00007 LR=1.87e-04 nu=0.01 NSraw=0.1989 alpha(W1/W8/all)=0.59/0.39/0.48 | 0.74 it/s
[Iter 31860/50000] Total=0.06530 | NS=0.06005 CO2(scaled)=0.00110 CO2_weight=1.00 guide_w=5.06 Walls=0.00032(x10) g_ns/g_walls=0.909 Windows=0.00061 Doors=0.00021 IC=0.00000 CO2_BC=0.00012 LR=1.87e-04 nu=0.01 NSraw=0.1064 alpha(W1/W8/all)=0.59/0.39/0.48 | 0.74 it/s
[Iter 31870/50000] Total=0.06145 | NS=0.04741 CO2(scaled)=0.00164 CO2_weight=1.00 guide_w=5.06 Walls=0.00108(x10) g_ns/g_walls=0.909 Windows=0.00132 Doors=0.00017 IC=0.00000 CO2_BC=0.00012 LR=1.87e-04 nu=0.01 NSraw=0.08098 alpha(W1/W8/all)=0.59/0.39/0.48 | 0.74 it/s
[Iter 31880/50000] Total=0.17775 | NS=0.17053 CO2(scaled)=0.00165 CO2_weight=1.00 guide_w=5.06 Walls=0.00045(x10) g_ns/g_walls=0.909 Windows=0.00068 Doors=0.00026 IC=0.00000 CO2_BC=0.00011 LR=1.86e-04 nu=0.01 NSraw=0.5771 alpha(W1/W8/all)=0.59/0.39/0.48 | 0.75 it/s
[Iter 31890/50000] Total=0.18970 | NS=0.18082 CO2(scaled)=0.00128 CO2_weight=1.00 guide_w=5.06 Walls=0.00061(x10) g_ns/g_walls=0.909 Windows=0.00102 Doors=0.00039 IC=0.00000 CO2_BC=0.00011 LR=1.86e-04 nu=0.01 NSraw=1.453 alpha(W1/W8/all)=0.59/0.39/0.48 | 0.75 it/s
[Iter 31900/50000] Total=0.17662 | NS=0.16192 CO2(scaled)=0.00333 CO2_weight=1.00 guide_w=10.3 Walls=0.00094(x10) g_ns/g_walls=1.84 Windows=0.00159 Doors=0.00035 IC=0.00000 CO2_BC=0.00009 LR=1.86e-04 nu=0.01 NSraw=1.012 alpha(W1/W8/all)=0.59/0.39/0.48 | 0.75 it/s
[Iter 31910/50000] Total=0.19700 | NS=0.18181 CO2(scaled)=0.00242 CO2_weight=1.00 guide_w=10.3 Walls=0.00111(x10) g_ns/g_walls=1.84 Windows=0.00128 Doors=0.00029 IC=0.00000 CO2_BC=0.00009 LR=1.86e-04 nu=0.01 NSraw=0.7429 alpha(W1/W8/all)=0.59/0.39/0.48 | 0.75 it/s
[Iter 31920/50000] Total=0.61072 | NS=0.60488 CO2(scaled)=0.00111 CO2_weight=1.00 guide_w=10.3 Walls=0.00034(x10) g_ns/g_walls=1.84 Windows=0.00096 Doors=0.00027 IC=0.00000 CO2_BC=0.00009 LR=1.86e-04 nu=0.01 NSraw=32.39 alpha(W1/W8/all)=0.59/0.39/0.48 | 0.75 it/s
[Iter 31930/50000] Total=0.22908 | NS=0.21681 CO2(scaled)=0.00239 CO2_weight=1.00 guide_w=10.3 Walls=0.00083(x10) g_ns/g_walls=1.84 Windows=0.00117 Doors=0.00028 IC=0.00000 CO2_BC=0.00011 LR=1.86e-04 nu=0.01 NSraw=3.276 alpha(W1/W8/all)=0.59/0.39/0.48 | 0.75 it/s
[Iter 31940/50000] Total=0.11896 | NS=0.10931 CO2(scaled)=0.00117 CO2_weight=1.00 guide_w=10.3 Walls=0.00073(x10) g_ns/g_walls=1.84 Windows=0.00085 Doors=0.00026 IC=0.00000 CO2_BC=0.00008 LR=1.86e-04 nu=0.01 NSraw=0.3029 alpha(W1/W8/all)=0.59/0.39/0.48 | 0.75 it/s
[Iter 31950/50000] Total=0.36315 | NS=0.35592 CO2(scaled)=0.00129 CO2_weight=1.00 guide_w=10.3 Walls=0.00045(x10) g_ns/g_walls=1.84 Windows=0.00117 Doors=0.00021 IC=0.00000 CO2_BC=0.00009 LR=1.86e-04 nu=0.01 NSraw=2.525 alpha(W1/W8/all)=0.59/0.39/0.48 | 0.75 it/s
[Iter 31960/50000] Total=0.06405 | NS=0.05802 CO2(scaled)=0.00109 CO2_weight=1.00 guide_w=10.3 Walls=0.00038(x10) g_ns/g_walls=1.84 Windows=0.00074 Doors=0.00030 IC=0.00000 CO2_BC=0.00009 LR=1.86e-04 nu=0.01 NSraw=0.0947 alpha(W1/W8/all)=0.59/0.39/0.48 | 0.75 it/s
[Iter 31970/50000] Total=0.08565 | NS=0.08045 CO2(scaled)=0.00093 CO2_weight=1.00 guide_w=10.3 Walls=0.00030(x10) g_ns/g_walls=1.84 Windows=0.00083 Doors=0.00031 IC=0.00000 CO2_BC=0.00009 LR=1.86e-04 nu=0.01 NSraw=0.2567 alpha(W1/W8/all)=0.59/0.39/0.48 | 0.75 it/s
[Iter 31980/50000] Total=0.18267 | NS=0.16915 CO2(scaled)=0.00163 CO2_weight=1.00 guide_w=10.3 Walls=0.00101(x10) g_ns/g_walls=1.84 Windows=0.00138 Doors=0.00029 IC=0.00000 CO2_BC=0.00008 LR=1.85e-04 nu=0.01 NSraw=0.8445 alpha(W1/W8/all)=0.59/0.39/0.48 | 0.75 it/s
[Iter 31990/50000] Total=0.09619 | NS=0.08395 CO2(scaled)=0.00137 CO2_weight=1.00 guide_w=10.3 Walls=0.00093(x10) g_ns/g_walls=1.84 Windows=0.00120 Doors=0.00025 IC=0.00000 CO2_BC=0.00011 LR=1.85e-04 nu=0.01 NSraw=0.224 alpha(W1/W8/all)=0.59/0.39/0.48 | 0.75 it/s
[Iter 32000/50000] Total=0.18530 | NS=0.17937 CO2(scaled)=0.00094 CO2_weight=1.00 guide_w=155 Walls=0.00038(x10) g_ns/g_walls=10.4 Windows=0.00080 Doors=0.00025 IC=0.00000 CO2_BC=0.00009 LR=1.85e-04 nu=0.01 NSraw=0.6276 alpha(W1/W8/all)=0.59/0.39/0.48 | 0.75 it/s
  -> saved checkpoint: /home/iai-labor/BuildingControlCFD/experiments/gnot/checkpoints/v25_nsuniform_r50k/gnot_v25_nsuniform_r50k_iter32000.pth
[Iter 32010/50000] Total=0.11942 | NS=0.10922 CO2(scaled)=0.00172 CO2_weight=1.00 guide_w=155 Walls=0.00071(x10) g_ns/g_walls=10.4 Windows=0.00091 Doors=0.00040 IC=0.00000 CO2_BC=0.00011 LR=1.85e-04 nu=0.01 NSraw=0.3362 alpha(W1/W8/all)=0.59/0.39/0.48 | 0.75 it/s
[Iter 32020/50000] Total=0.17780 | NS=0.16918 CO2(scaled)=0.00105 CO2_weight=1.00 guide_w=155 Walls=0.00064(x10) g_ns/g_walls=10.4 Windows=0.00079 Doors=0.00031 IC=0.00000 CO2_BC=0.00010 LR=1.85e-04 nu=0.01 NSraw=0.5615 alpha(W1/W8/all)=0.59/0.39/0.48 | 0.75 it/s
[Iter 32030/50000] Total=0.82299 | NS=0.81177 CO2(scaled)=0.00137 CO2_weight=1.00 guide_w=155 Walls=0.00082(x10) g_ns/g_walls=10.4 Windows=0.00127 Doors=0.00025 IC=0.00000 CO2_BC=0.00008 LR=1.85e-04 nu=0.01 NSraw=29.35 alpha(W1/W8/all)=0.59/0.39/0.48 | 0.75 it/s
[Iter 32040/50000] Total=0.27347 | NS=0.25931 CO2(scaled)=0.00150 CO2_weight=1.00 guide_w=155 Walls=0.00108(x10) g_ns/g_walls=10.4 Windows=0.00144 Doors=0.00029 IC=0.00000 CO2_BC=0.00010 LR=1.85e-04 nu=0.01 NSraw=1.102 alpha(W1/W8/all)=0.59/0.39/0.48 | 0.75 it/s
[Iter 32050/50000] Total=0.10640 | NS=0.09781 CO2(scaled)=0.00147 CO2_weight=1.00 guide_w=155 Walls=0.00059(x10) g_ns/g_walls=10.4 Windows=0.00090 Doors=0.00025 IC=0.00000 CO2_BC=0.00007 LR=1.85e-04 nu=0.01 NSraw=0.205 alpha(W1/W8/all)=0.59/0.39/0.48 | 0.75 it/s
[Iter 32060/50000] Total=0.09839 | NS=0.07903 CO2(scaled)=0.00165 CO2_weight=1.00 guide_w=155 Walls=0.00166(x10) g_ns/g_walls=10.4 Windows=0.00086 Doors=0.00019 IC=0.00000 CO2_BC=0.00009 LR=1.85e-04 nu=0.01 NSraw=0.1733 alpha(W1/W8/all)=0.59/0.39/0.48 | 0.75 it/s
[Iter 32070/50000] Total=0.14697 | NS=0.14079 CO2(scaled)=0.00107 CO2_weight=1.00 guide_w=155 Walls=0.00041(x10) g_ns/g_walls=10.4 Windows=0.00060 Doors=0.00035 IC=0.00000 CO2_BC=0.00010 LR=1.85e-04 nu=0.01 NSraw=0.4442 alpha(W1/W8/all)=0.59/0.39/0.48 | 0.75 it/s
[Iter 32080/50000] Total=0.08601 | NS=0.08113 CO2(scaled)=0.00107 CO2_weight=1.00 guide_w=155 Walls=0.00027(x10) g_ns/g_walls=10.4 Windows=0.00073 Doors=0.00025 IC=0.00000 CO2_BC=0.00010 LR=1.85e-04 nu=0.01 NSraw=0.1522 alpha(W1/W8/all)=0.59/0.39/0.48 | 0.75 it/s
[Iter 32090/50000] Total=1.66980 | NS=1.66362 CO2(scaled)=0.00106 CO2_weight=1.00 guide_w=155 Walls=0.00041(x10) g_ns/g_walls=10.4 Windows=0.00064 Doors=0.00029 IC=0.00000 CO2_BC=0.00009 LR=1.84e-04 nu=0.01 NSraw=154.7 alpha(W1/W8/all)=0.59/0.39/0.48 | 0.75 it/s
[Iter 32100/50000] Total=0.45618 | NS=0.44973 CO2(scaled)=0.00110 CO2_weight=1.00 guide_w=331 Walls=0.00042(x10) g_ns/g_walls=57.3 Windows=0.00076 Doors=0.00027 IC=0.00000 CO2_BC=0.00010 LR=1.84e-04 nu=0.01 NSraw=9.39 alpha(W1/W8/all)=0.59/0.39/0.48 | 0.76 it/s
[Iter 32110/50000] Total=0.13082 | NS=0.11479 CO2(scaled)=0.00296 CO2_weight=1.00 guide_w=331 Walls=0.00116(x10) g_ns/g_walls=57.3 Windows=0.00113 Doors=0.00030 IC=0.00000 CO2_BC=0.00008 LR=1.84e-04 nu=0.01 NSraw=0.3323 alpha(W1/W8/all)=0.59/0.39/0.48 | 0.76 it/s
[Iter 32120/50000] Total=0.25039 | NS=0.24061 CO2(scaled)=0.00113 CO2_weight=1.00 guide_w=331 Walls=0.00076(x10) g_ns/g_walls=57.3 Windows=0.00069 Doors=0.00025 IC=0.00000 CO2_BC=0.00009 LR=1.84e-04 nu=0.01 NSraw=3.139 alpha(W1/W8/all)=0.59/0.39/0.48 | 0.76 it/s
[Iter 32130/50000] Total=0.14819 | NS=0.14072 CO2(scaled)=0.00176 CO2_weight=1.00 guide_w=331 Walls=0.00047(x10) g_ns/g_walls=57.3 Windows=0.00069 Doors=0.00021 IC=0.00000 CO2_BC=0.00009 LR=1.84e-04 nu=0.01 NSraw=0.9143 alpha(W1/W8/all)=0.59/0.39/0.48 | 0.76 it/s
[Iter 32140/50000] Total=0.18246 | NS=0.16247 CO2(scaled)=0.00183 CO2_weight=1.00 guide_w=331 Walls=0.00161(x10) g_ns/g_walls=57.3 Windows=0.00156 Doors=0.00039 IC=0.00000 CO2_BC=0.00009 LR=1.84e-04 nu=0.01 NSraw=1.407 alpha(W1/W8/all)=0.59/0.39/0.48 | 0.76 it/s
[Iter 32150/50000] Total=0.05848 | NS=0.04811 CO2(scaled)=0.00168 CO2_weight=1.00 guide_w=331 Walls=0.00073(x10) g_ns/g_walls=57.3 Windows=0.00096 Doors=0.00031 IC=0.00000 CO2_BC=0.00009 LR=1.84e-04 nu=0.01 NSraw=0.07776 alpha(W1/W8/all)=0.59/0.39/0.48 | 0.76 it/s
[Iter 32160/50000] Total=0.05389 | NS=0.04620 CO2(scaled)=0.00151 CO2_weight=1.00 guide_w=331 Walls=0.00050(x10) g_ns/g_walls=57.3 Windows=0.00079 Doors=0.00024 IC=0.00000 CO2_BC=0.00010 LR=1.84e-04 nu=0.01 NSraw=0.06208 alpha(W1/W8/all)=0.59/0.39/0.48 | 0.76 it/s
[Iter 32170/50000] Total=0.22619 | NS=0.22085 CO2(scaled)=0.00153 CO2_weight=1.00 guide_w=331 Walls=0.00027(x10) g_ns/g_walls=57.3 Windows=0.00067 Doors=0.00039 IC=0.00000 CO2_BC=0.00010 LR=1.84e-04 nu=0.01 NSraw=0.9567 alpha(W1/W8/all)=0.59/0.39/0.48 | 0.76 it/s
[Iter 32180/50000] Total=0.11017 | NS=0.10519 CO2(scaled)=0.00111 CO2_weight=1.00 guide_w=331 Walls=0.00027(x10) g_ns/g_walls=57.3 Windows=0.00076 Doors=0.00035 IC=0.00000 CO2_BC=0.00011 LR=1.84e-04 nu=0.01 NSraw=0.3028 alpha(W1/W8/all)=0.59/0.39/0.48 | 0.76 it/s
[Iter 32190/50000] Total=0.12148 | NS=0.11203 CO2(scaled)=0.00098 CO2_weight=1.00 guide_w=331 Walls=0.00073(x10) g_ns/g_walls=57.3 Windows=0.00083 Doors=0.00027 IC=0.00000 CO2_BC=0.00010 LR=1.83e-04 nu=0.01 NSraw=0.2251 alpha(W1/W8/all)=0.59/0.39/0.48 | 0.76 it/s
[Iter 32200/50000] Total=0.94517 | NS=0.93636 CO2(scaled)=0.00123 CO2_weight=1.00 guide_w=271 Walls=0.00063(x10) g_ns/g_walls=43.4 Windows=0.00079 Doors=0.00035 IC=0.00000 CO2_BC=0.00010 LR=1.83e-04 nu=0.01 NSraw=67.77 alpha(W1/W8/all)=0.59/0.39/0.48 | 0.76 it/s
[Iter 32210/50000] Total=0.17294 | NS=0.16306 CO2(scaled)=0.00204 CO2_weight=1.00 guide_w=271 Walls=0.00063(x10) g_ns/g_walls=43.4 Windows=0.00109 Doors=0.00034 IC=0.00000 CO2_BC=0.00010 LR=1.83e-04 nu=0.01 NSraw=0.7119 alpha(W1/W8/all)=0.59/0.39/0.48 | 0.76 it/s
[Iter 32220/50000] Total=0.41720 | NS=0.40733 CO2(scaled)=0.00182 CO2_weight=1.00 guide_w=271 Walls=0.00064(x10) g_ns/g_walls=43.4 Windows=0.00103 Doors=0.00048 IC=0.00000 CO2_BC=0.00010 LR=1.83e-04 nu=0.01 NSraw=3.825 alpha(W1/W8/all)=0.59/0.39/0.48 | 0.76 it/s
[Iter 32230/50000] Total=0.14917 | NS=0.14173 CO2(scaled)=0.00133 CO2_weight=1.00 guide_w=271 Walls=0.00047(x10) g_ns/g_walls=43.4 Windows=0.00094 Doors=0.00035 IC=0.00000 CO2_BC=0.00010 LR=1.83e-04 nu=0.01 NSraw=0.4425 alpha(W1/W8/all)=0.59/0.39/0.48 | 0.76 it/s
[Iter 32240/50000] Total=0.32252 | NS=0.30862 CO2(scaled)=0.00130 CO2_weight=1.00 guide_w=271 Walls=0.00106(x10) g_ns/g_walls=43.4 Windows=0.00156 Doors=0.00032 IC=0.00000 CO2_BC=0.00012 LR=1.83e-04 nu=0.01 NSraw=1.718 alpha(W1/W8/all)=0.59/0.39/0.48 | 0.76 it/s
[Iter 32250/50000] Total=0.08862 | NS=0.06221 CO2(scaled)=0.00138 CO2_weight=1.00 guide_w=271 Walls=0.00226(x10) g_ns/g_walls=43.4 Windows=0.00214 Doors=0.00022 IC=0.00000 CO2_BC=0.00008 LR=1.83e-04 nu=0.01 NSraw=0.1093 alpha(W1/W8/all)=0.59/0.39/0.48 | 0.76 it/s
[Iter 32260/50000] Total=0.14458 | NS=0.13291 CO2(scaled)=0.00136 CO2_weight=1.00 guide_w=271 Walls=0.00088(x10) g_ns/g_walls=43.4 Windows=0.00128 Doors=0.00017 IC=0.00000 CO2_BC=0.00009 LR=1.83e-04 nu=0.01 NSraw=0.3235 alpha(W1/W8/all)=0.59/0.39/0.48 | 0.76 it/s
[Iter 32270/50000] Total=0.46713 | NS=0.45266 CO2(scaled)=0.00096 CO2_weight=1.00 guide_w=271 Walls=0.00115(x10) g_ns/g_walls=43.4 Windows=0.00161 Doors=0.00025 IC=0.00000 CO2_BC=0.00010 LR=1.83e-04 nu=0.01 NSraw=7.065 alpha(W1/W8/all)=0.59/0.39/0.48 | 0.76 it/s
[Iter 32280/50000] Total=0.19095 | NS=0.18529 CO2(scaled)=0.00126 CO2_weight=1.00 guide_w=271 Walls=0.00033(x10) g_ns/g_walls=43.4 Windows=0.00074 Doors=0.00026 IC=0.00000 CO2_BC=0.00009 LR=1.83e-04 nu=0.01 NSraw=1.142 alpha(W1/W8/all)=0.59/0.39/0.48 | 0.76 it/s
[Iter 32290/50000] Total=0.12124 | NS=0.10983 CO2(scaled)=0.00159 CO2_weight=1.00 guide_w=271 Walls=0.00082(x10) g_ns/g_walls=43.4 Windows=0.00115 Doors=0.00035 IC=0.00000 CO2_BC=0.00008 LR=1.82e-04 nu=0.01 NSraw=0.3165 alpha(W1/W8/all)=0.59/0.39/0.48 | 0.76 it/s
[Iter 32300/50000] Total=0.16110 | NS=0.14818 CO2(scaled)=0.00087 CO2_weight=1.00 guide_w=69.8 Walls=0.00103(x10) g_ns/g_walls=1.41 Windows=0.00145 Doors=0.00025 IC=0.00000 CO2_BC=0.00009 LR=1.82e-04 nu=0.01 NSraw=0.388 alpha(W1/W8/all)=0.59/0.39/0.48 | 0.76 it/s
[Iter 32310/50000] Total=0.22893 | NS=0.22234 CO2(scaled)=0.00105 CO2_weight=1.00 guide_w=69.8 Walls=0.00042(x10) g_ns/g_walls=1.41 Windows=0.00101 Doors=0.00021 IC=0.00000 CO2_BC=0.00010 LR=1.82e-04 nu=0.01 NSraw=1.202 alpha(W1/W8/all)=0.59/0.39/0.48 | 0.76 it/s
[Iter 32320/50000] Total=0.55277 | NS=0.54601 CO2(scaled)=0.00140 CO2_weight=1.00 guide_w=69.8 Walls=0.00043(x10) g_ns/g_walls=1.41 Windows=0.00080 Doors=0.00019 IC=0.00000 CO2_BC=0.00010 LR=1.82e-04 nu=0.01 NSraw=23.18 alpha(W1/W8/all)=0.59/0.39/0.48 | 0.76 it/s
[Iter 32330/50000] Total=0.12023 | NS=0.11264 CO2(scaled)=0.00112 CO2_weight=1.00 guide_w=69.8 Walls=0.00054(x10) g_ns/g_walls=1.41 Windows=0.00074 Doors=0.00025 IC=0.00000 CO2_BC=0.00009 LR=1.82e-04 nu=0.01 NSraw=0.4227 alpha(W1/W8/all)=0.59/0.39/0.48 | 0.76 it/s
[Iter 32340/50000] Total=0.23101 | NS=0.22350 CO2(scaled)=0.00147 CO2_weight=1.00 guide_w=69.8 Walls=0.00049(x10) g_ns/g_walls=1.41 Windows=0.00076 Doors=0.00027 IC=0.00000 CO2_BC=0.00010 LR=1.82e-04 nu=0.01 NSraw=1.005 alpha(W1/W8/all)=0.59/0.39/0.48 | 0.76 it/s
[Iter 32350/50000] Total=0.25469 | NS=0.23962 CO2(scaled)=0.00127 CO2_weight=1.00 guide_w=69.8 Walls=0.00120(x10) g_ns/g_walls=1.41 Windows=0.00148 Doors=0.00026 IC=0.00000 CO2_BC=0.00009 LR=1.82e-04 nu=0.01 NSraw=0.8405 alpha(W1/W8/all)=0.59/0.39/0.48 | 0.76 it/s
[Iter 32360/50000] Total=0.09432 | NS=0.08402 CO2(scaled)=0.00212 CO2_weight=1.00 guide_w=69.8 Walls=0.00068(x10) g_ns/g_walls=1.41 Windows=0.00100 Doors=0.00034 IC=0.00000 CO2_BC=0.00009 LR=1.82e-04 nu=0.01 NSraw=0.1701 alpha(W1/W8/all)=0.59/0.39/0.48 | 0.77 it/s
[Iter 32370/50000] Total=0.10702 | NS=0.09960 CO2(scaled)=0.00113 CO2_weight=1.00 guide_w=69.8 Walls=0.00049(x10) g_ns/g_walls=1.41 Windows=0.00089 Doors=0.00038 IC=0.00000 CO2_BC=0.00010 LR=1.82e-04 nu=0.01 NSraw=0.3205 alpha(W1/W8/all)=0.59/0.39/0.48 | 0.77 it/s
[Iter 32380/50000] Total=0.33070 | NS=0.32218 CO2(scaled)=0.00107 CO2_weight=1.00 guide_w=69.8 Walls=0.00060(x10) g_ns/g_walls=1.41 Windows=0.00116 Doors=0.00020 IC=0.00000 CO2_BC=0.00011 LR=1.82e-04 nu=0.01 NSraw=4.27 alpha(W1/W8/all)=0.59/0.39/0.48 | 0.77 it/s
[Iter 32390/50000] Total=0.23119 | NS=0.21461 CO2(scaled)=0.00253 CO2_weight=1.00 guide_w=69.8 Walls=0.00121(x10) g_ns/g_walls=1.41 Windows=0.00154 Doors=0.00029 IC=0.00000 CO2_BC=0.00010 LR=1.82e-04 nu=0.01 NSraw=0.6776 alpha(W1/W8/all)=0.59/0.39/0.48 | 0.77 it/s
[Iter 32400/50000] Total=0.42757 | NS=0.42138 CO2(scaled)=0.00151 CO2_weight=1.00 guide_w=37.8 Walls=0.00036(x10) g_ns/g_walls=11 Windows=0.00080 Doors=0.00017 IC=0.00000 CO2_BC=0.00011 LR=1.81e-04 nu=0.01 NSraw=8.719 alpha(W1/W8/all)=0.59/0.39/0.48 | 0.77 it/s
[Iter 32410/50000] Total=0.21370 | NS=0.20308 CO2(scaled)=0.00100 CO2_weight=1.00 guide_w=37.8 Walls=0.00080(x10) g_ns/g_walls=11 Windows=0.00124 Doors=0.00028 IC=0.00000 CO2_BC=0.00011 LR=1.81e-04 nu=0.01 NSraw=1.007 alpha(W1/W8/all)=0.59/0.39/0.48 | 0.77 it/s
[Iter 32420/50000] Total=0.35051 | NS=0.34184 CO2(scaled)=0.00126 CO2_weight=1.00 guide_w=37.8 Walls=0.00059(x10) g_ns/g_walls=11 Windows=0.00095 Doors=0.00037 IC=0.00000 CO2_BC=0.00019 LR=1.81e-04 nu=0.01 NSraw=3.194 alpha(W1/W8/all)=0.59/0.39/0.48 | 0.77 it/s
[Iter 32430/50000] Total=0.05337 | NS=0.04488 CO2(scaled)=0.00204 CO2_weight=1.00 guide_w=37.8 Walls=0.00048(x10) g_ns/g_walls=11 Windows=0.00115 Doors=0.00040 IC=0.00000 CO2_BC=0.00010 LR=1.81e-04 nu=0.01 NSraw=0.06713 alpha(W1/W8/all)=0.59/0.39/0.48 | 0.77 it/s
[Iter 32440/50000] Total=0.08439 | NS=0.07757 CO2(scaled)=0.00111 CO2_weight=1.00 guide_w=37.8 Walls=0.00043(x10) g_ns/g_walls=11 Windows=0.00082 Doors=0.00046 IC=0.00000 CO2_BC=0.00009 LR=1.81e-04 nu=0.01 NSraw=0.2257 alpha(W1/W8/all)=0.59/0.39/0.48 | 0.77 it/s
[Iter 32450/50000] Total=0.16821 | NS=0.16145 CO2(scaled)=0.00118 CO2_weight=1.00 guide_w=37.8 Walls=0.00043(x10) g_ns/g_walls=11 Windows=0.00075 Doors=0.00045 IC=0.00000 CO2_BC=0.00013 LR=1.81e-04 nu=0.01 NSraw=0.5599 alpha(W1/W8/all)=0.59/0.39/0.48 | 0.77 it/s
[Iter 32460/50000] Total=0.20196 | NS=0.18995 CO2(scaled)=0.00182 CO2_weight=1.00 guide_w=37.8 Walls=0.00085(x10) g_ns/g_walls=11 Windows=0.00123 Doors=0.00036 IC=0.00000 CO2_BC=0.00008 LR=1.81e-04 nu=0.01 NSraw=0.6802 alpha(W1/W8/all)=0.59/0.39/0.48 | 0.77 it/s
[Iter 32470/50000] Total=0.11277 | NS=0.10043 CO2(scaled)=0.00182 CO2_weight=1.00 guide_w=37.8 Walls=0.00089(x10) g_ns/g_walls=11 Windows=0.00118 Doors=0.00037 IC=0.00000 CO2_BC=0.00012 LR=1.81e-04 nu=0.01 NSraw=0.3201 alpha(W1/W8/all)=0.59/0.39/0.48 | 0.77 it/s
[Iter 32480/50000] Total=0.12175 | NS=0.11272 CO2(scaled)=0.00106 CO2_weight=1.00 guide_w=37.8 Walls=0.00066(x10) g_ns/g_walls=11 Windows=0.00088 Doors=0.00041 IC=0.00000 CO2_BC=0.00010 LR=1.81e-04 nu=0.01 NSraw=0.3068 alpha(W1/W8/all)=0.59/0.39/0.48 | 0.77 it/s
[Iter 32490/50000] Total=0.05644 | NS=0.04781 CO2(scaled)=0.00115 CO2_weight=1.00 guide_w=37.8 Walls=0.00064(x10) g_ns/g_walls=11 Windows=0.00062 Doors=0.00039 IC=0.00000 CO2_BC=0.00010 LR=1.81e-04 nu=0.01 NSraw=0.06722 alpha(W1/W8/all)=0.59/0.39/0.48 | 0.77 it/s
[Iter 32500/50000] Total=0.10078 | NS=0.09174 CO2(scaled)=0.00144 CO2_weight=1.00 guide_w=3.26 Walls=0.00063(x10) g_ns/g_walls=0.582 Windows=0.00088 Doors=0.00025 IC=0.00000 CO2_BC=0.00013 LR=1.80e-04 nu=0.01 NSraw=0.212 alpha(W1/W8/all)=0.59/0.39/0.48 | 0.77 it/s
[Iter 32510/50000] Total=0.14394 | NS=0.13684 CO2(scaled)=0.00113 CO2_weight=1.00 guide_w=3.26 Walls=0.00044(x10) g_ns/g_walls=0.582 Windows=0.00117 Doors=0.00026 IC=0.00000 CO2_BC=0.00009 LR=1.80e-04 nu=0.01 NSraw=0.4737 alpha(W1/W8/all)=0.59/0.39/0.48 | 0.77 it/s
[Iter 32520/50000] Total=0.11062 | NS=0.10173 CO2(scaled)=0.00151 CO2_weight=1.00 guide_w=3.26 Walls=0.00060(x10) g_ns/g_walls=0.582 Windows=0.00096 Doors=0.00030 IC=0.00000 CO2_BC=0.00012 LR=1.80e-04 nu=0.01 NSraw=0.2926 alpha(W1/W8/all)=0.59/0.39/0.48 | 0.77 it/s
[Iter 32530/50000] Total=0.13574 | NS=0.12260 CO2(scaled)=0.00202 CO2_weight=1.00 guide_w=3.26 Walls=0.00095(x10) g_ns/g_walls=0.582 Windows=0.00110 Doors=0.00042 IC=0.00000 CO2_BC=0.00010 LR=1.80e-04 nu=0.01 NSraw=0.5953 alpha(W1/W8/all)=0.59/0.39/0.48 | 0.77 it/s
[Iter 32540/50000] Total=0.49946 | NS=0.48522 CO2(scaled)=0.00314 CO2_weight=1.00 guide_w=3.26 Walls=0.00095(x10) g_ns/g_walls=0.582 Windows=0.00104 Doors=0.00042 IC=0.00000 CO2_BC=0.00011 LR=1.80e-04 nu=0.01 NSraw=10.62 alpha(W1/W8/all)=0.59/0.39/0.48 | 0.77 it/s
[Iter 32550/50000] Total=0.13467 | NS=0.12479 CO2(scaled)=0.00134 CO2_weight=1.00 guide_w=3.26 Walls=0.00071(x10) g_ns/g_walls=0.582 Windows=0.00106 Doors=0.00031 IC=0.00000 CO2_BC=0.00008 LR=1.80e-04 nu=0.01 NSraw=0.3588 alpha(W1/W8/all)=0.59/0.39/0.48 | 0.77 it/s
[Iter 32560/50000] Total=0.20259 | NS=0.19375 CO2(scaled)=0.00138 CO2_weight=1.00 guide_w=3.26 Walls=0.00061(x10) g_ns/g_walls=0.582 Windows=0.00082 Doors=0.00036 IC=0.00000 CO2_BC=0.00013 LR=1.80e-04 nu=0.01 NSraw=0.7947 alpha(W1/W8/all)=0.59/0.39/0.48 | 0.77 it/s
[Iter 32570/50000] Total=0.13008 | NS=0.12328 CO2(scaled)=0.00091 CO2_weight=1.00 guide_w=3.26 Walls=0.00047(x10) g_ns/g_walls=0.582 Windows=0.00074 Doors=0.00033 IC=0.00000 CO2_BC=0.00010 LR=1.80e-04 nu=0.01 NSraw=0.352 alpha(W1/W8/all)=0.59/0.39/0.48 | 0.77 it/s
[Iter 32580/50000] Total=0.15738 | NS=0.14297 CO2(scaled)=0.00101 CO2_weight=1.00 guide_w=3.26 Walls=0.00116(x10) g_ns/g_walls=0.582 Windows=0.00147 Doors=0.00028 IC=0.00000 CO2_BC=0.00009 LR=1.80e-04 nu=0.01 NSraw=0.4431 alpha(W1/W8/all)=0.59/0.39/0.48 | 0.77 it/s
[Iter 32590/50000] Total=0.31034 | NS=0.29797 CO2(scaled)=0.00126 CO2_weight=1.00 guide_w=3.26 Walls=0.00095(x10) g_ns/g_walls=0.582 Windows=0.00121 Doors=0.00032 IC=0.00000 CO2_BC=0.00009 LR=1.80e-04 nu=0.01 NSraw=3.255 alpha(W1/W8/all)=0.59/0.39/0.48 | 0.77 it/s
[Iter 32600/50000] Total=0.07996 | NS=0.07161 CO2(scaled)=0.00112 CO2_weight=1.00 guide_w=12 Walls=0.00060(x10) g_ns/g_walls=1.76 Windows=0.00077 Doors=0.00030 IC=0.00000 CO2_BC=0.00013 LR=1.80e-04 nu=0.01 NSraw=0.1784 alpha(W1/W8/all)=0.59/0.39/0.48 | 0.77 it/s
[Iter 32610/50000] Total=0.06242 | NS=0.04913 CO2(scaled)=0.00139 CO2_weight=1.00 guide_w=12 Walls=0.00106(x10) g_ns/g_walls=1.76 Windows=0.00081 Doors=0.00041 IC=0.00000 CO2_BC=0.00010 LR=1.79e-04 nu=0.01 NSraw=0.06561 alpha(W1/W8/all)=0.59/0.39/0.48 | 0.77 it/s
[Iter 32620/50000] Total=0.19222 | NS=0.18656 CO2(scaled)=0.00109 CO2_weight=1.00 guide_w=12 Walls=0.00029(x10) g_ns/g_walls=1.76 Windows=0.00124 Doors=0.00034 IC=0.00000 CO2_BC=0.00009 LR=1.79e-04 nu=0.01 NSraw=0.7922 alpha(W1/W8/all)=0.59/0.39/0.48 | 0.77 it/s
[Iter 32630/50000] Total=0.03723 | NS=0.02972 CO2(scaled)=0.00105 CO2_weight=1.00 guide_w=12 Walls=0.00052(x10) g_ns/g_walls=1.76 Windows=0.00073 Doors=0.00040 IC=0.00000 CO2_BC=0.00010 LR=1.79e-04 nu=0.01 NSraw=0.03699 alpha(W1/W8/all)=0.59/0.39/0.48 | 0.77 it/s
[Iter 32640/50000] Total=0.10424 | NS=0.09935 CO2(scaled)=0.00123 CO2_weight=1.00 guide_w=12 Walls=0.00022(x10) g_ns/g_walls=1.76 Windows=0.00094 Doors=0.00039 IC=0.00000 CO2_BC=0.00009 LR=1.79e-04 nu=0.01 NSraw=0.3008 alpha(W1/W8/all)=0.59/0.39/0.48 | 0.77 it/s
[Iter 32650/50000] Total=0.14546 | NS=0.13268 CO2(scaled)=0.00171 CO2_weight=1.00 guide_w=12 Walls=0.00094(x10) g_ns/g_walls=1.76 Windows=0.00131 Doors=0.00029 IC=0.00000 CO2_BC=0.00008 LR=1.79e-04 nu=0.01 NSraw=0.3611 alpha(W1/W8/all)=0.59/0.39/0.48 | 0.77 it/s
[Iter 32660/50000] Total=0.11386 | NS=0.10676 CO2(scaled)=0.00089 CO2_weight=1.00 guide_w=12 Walls=0.00046(x10) g_ns/g_walls=1.76 Windows=0.00123 Doors=0.00027 IC=0.00000 CO2_BC=0.00009 LR=1.79e-04 nu=0.01 NSraw=0.3412 alpha(W1/W8/all)=0.59/0.39/0.48 | 0.77 it/s
[Iter 32670/50000] Total=0.32407 | NS=0.31589 CO2(scaled)=0.00143 CO2_weight=1.00 guide_w=12 Walls=0.00054(x10) g_ns/g_walls=1.76 Windows=0.00097 Doors=0.00027 IC=0.00000 CO2_BC=0.00008 LR=1.79e-04 nu=0.01 NSraw=3.266 alpha(W1/W8/all)=0.59/0.39/0.48 | 0.77 it/s
[Iter 32680/50000] Total=0.12905 | NS=0.11694 CO2(scaled)=0.00231 CO2_weight=1.00 guide_w=12 Walls=0.00084(x10) g_ns/g_walls=1.76 Windows=0.00093 Doors=0.00035 IC=0.00000 CO2_BC=0.00009 LR=1.79e-04 nu=0.01 NSraw=0.3661 alpha(W1/W8/all)=0.59/0.39/0.48 | 0.77 it/s
[Iter 32690/50000] Total=0.27486 | NS=0.26420 CO2(scaled)=0.00141 CO2_weight=1.00 guide_w=12 Walls=0.00075(x10) g_ns/g_walls=1.76 Windows=0.00123 Doors=0.00041 IC=0.00000 CO2_BC=0.00009 LR=1.79e-04 nu=0.01 NSraw=2.491 alpha(W1/W8/all)=0.59/0.39/0.48 | 0.77 it/s
[Iter 32700/50000] Total=0.06580 | NS=0.05114 CO2(scaled)=0.00148 CO2_weight=1.00 guide_w=13 Walls=0.00113(x10) g_ns/g_walls=1.94 Windows=0.00137 Doors=0.00036 IC=0.00000 CO2_BC=0.00010 LR=1.79e-04 nu=0.01 NSraw=0.1162 alpha(W1/W8/all)=0.59/0.39/0.48 | 0.78 it/s
[Iter 32710/50000] Total=0.12465 | NS=0.11170 CO2(scaled)=0.00180 CO2_weight=1.00 guide_w=13 Walls=0.00095(x10) g_ns/g_walls=1.94 Windows=0.00128 Doors=0.00030 IC=0.00000 CO2_BC=0.00009 LR=1.78e-04 nu=0.01 NSraw=0.3353 alpha(W1/W8/all)=0.59/0.39/0.48 | 0.78 it/s
[Iter 32720/50000] Total=0.05467 | NS=0.04070 CO2(scaled)=0.00099 CO2_weight=1.00 guide_w=13 Walls=0.00111(x10) g_ns/g_walls=1.94 Windows=0.00163 Doors=0.00020 IC=0.00000 CO2_BC=0.00009 LR=1.78e-04 nu=0.01 NSraw=0.05316 alpha(W1/W8/all)=0.59/0.39/0.48 | 0.78 it/s
[Iter 32730/50000] Total=0.26127 | NS=0.25188 CO2(scaled)=0.00162 CO2_weight=1.00 guide_w=13 Walls=0.00063(x10) g_ns/g_walls=1.94 Windows=0.00112 Doors=0.00022 IC=0.00000 CO2_BC=0.00012 LR=1.78e-04 nu=0.01 NSraw=2.853 alpha(W1/W8/all)=0.59/0.39/0.48 | 0.78 it/s
[Iter 32740/50000] Total=0.17739 | NS=0.17072 CO2(scaled)=0.00147 CO2_weight=1.00 guide_w=13 Walls=0.00040(x10) g_ns/g_walls=1.94 Windows=0.00083 Doors=0.00023 IC=0.00000 CO2_BC=0.00010 LR=1.78e-04 nu=0.01 NSraw=0.7418 alpha(W1/W8/all)=0.59/0.39/0.48 | 0.78 it/s
[Iter 32750/50000] Total=0.08151 | NS=0.07379 CO2(scaled)=0.00123 CO2_weight=1.00 guide_w=13 Walls=0.00053(x10) g_ns/g_walls=1.94 Windows=0.00073 Doors=0.00035 IC=0.00000 CO2_BC=0.00013 LR=1.78e-04 nu=0.01 NSraw=0.1815 alpha(W1/W8/all)=0.59/0.39/0.48 | 0.78 it/s
[Iter 32760/50000] Total=0.18275 | NS=0.16933 CO2(scaled)=0.00116 CO2_weight=1.00 guide_w=13 Walls=0.00108(x10) g_ns/g_walls=1.94 Windows=0.00086 Doors=0.00043 IC=0.00000 CO2_BC=0.00013 LR=1.78e-04 nu=0.01 NSraw=0.5812 alpha(W1/W8/all)=0.59/0.39/0.48 | 0.78 it/s
[Iter 32770/50000] Total=0.06247 | NS=0.05473 CO2(scaled)=0.00115 CO2_weight=1.00 guide_w=13 Walls=0.00052(x10) g_ns/g_walls=1.94 Windows=0.00094 Doors=0.00036 IC=0.00000 CO2_BC=0.00009 LR=1.78e-04 nu=0.01 NSraw=0.08981 alpha(W1/W8/all)=0.59/0.39/0.48 | 0.78 it/s
[Iter 32780/50000] Total=0.37130 | NS=0.36251 CO2(scaled)=0.00136 CO2_weight=1.00 guide_w=13 Walls=0.00059(x10) g_ns/g_walls=1.94 Windows=0.00107 Doors=0.00039 IC=0.00000 CO2_BC=0.00011 LR=1.78e-04 nu=0.01 NSraw=9.789 alpha(W1/W8/all)=0.59/0.39/0.48 | 0.78 it/s
[Iter 32790/50000] Total=0.44584 | NS=0.43718 CO2(scaled)=0.00110 CO2_weight=1.00 guide_w=13 Walls=0.00060(x10) g_ns/g_walls=1.94 Windows=0.00106 Doors=0.00040 IC=0.00000 CO2_BC=0.00010 LR=1.78e-04 nu=0.01 NSraw=11.26 alpha(W1/W8/all)=0.59/0.39/0.48 | 0.78 it/s
[Iter 32800/50000] Total=0.16009 | NS=0.15255 CO2(scaled)=0.00175 CO2_weight=1.00 guide_w=2.05 Walls=0.00044(x10) g_ns/g_walls=0.637 Windows=0.00088 Doors=0.00038 IC=0.00000 CO2_BC=0.00010 LR=1.78e-04 nu=0.01 NSraw=0.5841 alpha(W1/W8/all)=0.59/0.39/0.48 | 0.78 it/s
[Iter 32810/50000] Total=0.13577 | NS=0.12684 CO2(scaled)=0.00208 CO2_weight=1.00 guide_w=2.05 Walls=0.00055(x10) g_ns/g_walls=0.637 Windows=0.00092 Doors=0.00031 IC=0.00000 CO2_BC=0.00009 LR=1.78e-04 nu=0.01 NSraw=0.2892 alpha(W1/W8/all)=0.59/0.39/0.48 | 0.78 it/s
[Iter 32820/50000] Total=0.21514 | NS=0.20988 CO2(scaled)=0.00136 CO2_weight=1.00 guide_w=2.05 Walls=0.00028(x10) g_ns/g_walls=0.637 Windows=0.00072 Doors=0.00026 IC=0.00000 CO2_BC=0.00009 LR=1.77e-04 nu=0.01 NSraw=1.077 alpha(W1/W8/all)=0.59/0.39/0.48 | 0.78 it/s
[Iter 32830/50000] Total=0.47063 | NS=0.46134 CO2(scaled)=0.00151 CO2_weight=1.00 guide_w=2.05 Walls=0.00064(x10) g_ns/g_walls=0.637 Windows=0.00082 Doors=0.00044 IC=0.00000 CO2_BC=0.00011 LR=1.77e-04 nu=0.01 NSraw=9.202 alpha(W1/W8/all)=0.59/0.39/0.48 | 0.78 it/s
[Iter 32840/50000] Total=0.18234 | NS=0.17106 CO2(scaled)=0.00127 CO2_weight=1.00 guide_w=2.05 Walls=0.00087(x10) g_ns/g_walls=0.637 Windows=0.00091 Doors=0.00028 IC=0.00000 CO2_BC=0.00010 LR=1.77e-04 nu=0.01 NSraw=0.9405 alpha(W1/W8/all)=0.59/0.39/0.48 | 0.78 it/s
[Iter 32850/50000] Total=0.16745 | NS=0.15420 CO2(scaled)=0.00109 CO2_weight=1.00 guide_w=2.05 Walls=0.00105(x10) g_ns/g_walls=0.637 Windows=0.00125 Doors=0.00030 IC=0.00000 CO2_BC=0.00009 LR=1.77e-04 nu=0.01 NSraw=0.6007 alpha(W1/W8/all)=0.59/0.39/0.48 | 0.78 it/s
[Iter 32860/50000] Total=0.22154 | NS=0.21285 CO2(scaled)=0.00123 CO2_weight=1.00 guide_w=2.05 Walls=0.00060(x10) g_ns/g_walls=0.637 Windows=0.00105 Doors=0.00031 IC=0.00000 CO2_BC=0.00008 LR=1.77e-04 nu=0.01 NSraw=1.282 alpha(W1/W8/all)=0.59/0.39/0.48 | 0.78 it/s
[Iter 32870/50000] Total=0.46627 | NS=0.45712 CO2(scaled)=0.00217 CO2_weight=1.00 guide_w=2.05 Walls=0.00057(x10) g_ns/g_walls=0.637 Windows=0.00072 Doors=0.00041 IC=0.00000 CO2_BC=0.00010 LR=1.77e-04 nu=0.01 NSraw=11 alpha(W1/W8/all)=0.59/0.39/0.48 | 0.78 it/s
[Iter 32880/50000] Total=0.14944 | NS=0.14234 CO2(scaled)=0.00119 CO2_weight=1.00 guide_w=2.05 Walls=0.00045(x10) g_ns/g_walls=0.637 Windows=0.00097 Doors=0.00038 IC=0.00000 CO2_BC=0.00009 LR=1.77e-04 nu=0.01 NSraw=0.5819 alpha(W1/W8/all)=0.59/0.39/0.48 | 0.78 it/s
[Iter 32890/50000] Total=0.06741 | NS=0.06133 CO2(scaled)=0.00129 CO2_weight=1.00 guide_w=2.05 Walls=0.00036(x10) g_ns/g_walls=0.637 Windows=0.00067 Doors=0.00038 IC=0.00000 CO2_BC=0.00009 LR=1.77e-04 nu=0.01 NSraw=0.1193 alpha(W1/W8/all)=0.59/0.39/0.48 | 0.78 it/s
[Iter 32900/50000] Total=0.10796 | NS=0.10014 CO2(scaled)=0.00148 CO2_weight=1.00 guide_w=21.3 Walls=0.00052(x10) g_ns/g_walls=6.41 Windows=0.00078 Doors=0.00030 IC=0.00000 CO2_BC=0.00009 LR=1.77e-04 nu=0.01 NSraw=0.2932 alpha(W1/W8/all)=0.59/0.39/0.48 | 0.78 it/s
[Iter 32910/50000] Total=0.10020 | NS=0.09392 CO2(scaled)=0.00133 CO2_weight=1.00 guide_w=21.3 Walls=0.00037(x10) g_ns/g_walls=6.41 Windows=0.00075 Doors=0.00037 IC=0.00000 CO2_BC=0.00010 LR=1.77e-04 nu=0.01 NSraw=0.3731 alpha(W1/W8/all)=0.59/0.39/0.48 | 0.78 it/s
[Iter 32920/50000] Total=0.10305 | NS=0.09737 CO2(scaled)=0.00089 CO2_weight=1.00 guide_w=21.3 Walls=0.00036(x10) g_ns/g_walls=6.41 Windows=0.00070 Doors=0.00033 IC=0.00000 CO2_BC=0.00011 LR=1.77e-04 nu=0.01 NSraw=0.2419 alpha(W1/W8/all)=0.59/0.39/0.48 | 0.78 it/s
[Iter 32930/50000] Total=0.10709 | NS=0.09229 CO2(scaled)=0.00240 CO2_weight=1.00 guide_w=21.3 Walls=0.00108(x10) g_ns/g_walls=6.41 Windows=0.00116 Doors=0.00031 IC=0.00000 CO2_BC=0.00014 LR=1.76e-04 nu=0.01 NSraw=0.4146 alpha(W1/W8/all)=0.59/0.39/0.48 | 0.78 it/s
[Iter 32940/50000] Total=0.14434 | NS=0.13569 CO2(scaled)=0.00141 CO2_weight=1.00 guide_w=21.3 Walls=0.00060(x10) g_ns/g_walls=6.41 Windows=0.00082 Doors=0.00035 IC=0.00000 CO2_BC=0.00008 LR=1.76e-04 nu=0.01 NSraw=0.6567 alpha(W1/W8/all)=0.59/0.39/0.48 | 0.78 it/s
[Iter 32950/50000] Total=0.16142 | NS=0.15556 CO2(scaled)=0.00103 CO2_weight=1.00 guide_w=21.3 Walls=0.00036(x10) g_ns/g_walls=6.41 Windows=0.00083 Doors=0.00030 IC=0.00000 CO2_BC=0.00009 LR=1.76e-04 nu=0.01 NSraw=0.5872 alpha(W1/W8/all)=0.59/0.39/0.48 | 0.78 it/s
[Iter 32960/50000] Total=0.40141 | NS=0.39404 CO2(scaled)=0.00114 CO2_weight=1.00 guide_w=21.3 Walls=0.00047(x10) g_ns/g_walls=6.41 Windows=0.00107 Doors=0.00033 IC=0.00000 CO2_BC=0.00008 LR=1.76e-04 nu=0.01 NSraw=2.581 alpha(W1/W8/all)=0.59/0.39/0.48 | 0.78 it/s
[Iter 32970/50000] Total=0.13676 | NS=0.12882 CO2(scaled)=0.00145 CO2_weight=1.00 guide_w=21.3 Walls=0.00052(x10) g_ns/g_walls=6.41 Windows=0.00089 Doors=0.00031 IC=0.00000 CO2_BC=0.00009 LR=1.76e-04 nu=0.01 NSraw=0.3626 alpha(W1/W8/all)=0.59/0.39/0.48 | 0.78 it/s
[Iter 32980/50000] Total=0.10895 | NS=0.10019 CO2(scaled)=0.00212 CO2_weight=1.00 guide_w=21.3 Walls=0.00052(x10) g_ns/g_walls=6.41 Windows=0.00095 Doors=0.00033 IC=0.00000 CO2_BC=0.00012 LR=1.76e-04 nu=0.01 NSraw=0.3713 alpha(W1/W8/all)=0.59/0.39/0.48 | 0.78 it/s
[Iter 32990/50000] Total=0.09957 | NS=0.09365 CO2(scaled)=0.00105 CO2_weight=1.00 guide_w=21.3 Walls=0.00035(x10) g_ns/g_walls=6.41 Windows=0.00101 Doors=0.00025 IC=0.00000 CO2_BC=0.00009 LR=1.76e-04 nu=0.01 NSraw=0.23 alpha(W1/W8/all)=0.59/0.39/0.48 | 0.78 it/s
[Iter 33000/50000] Total=0.10195 | NS=0.09366 CO2(scaled)=0.00112 CO2_weight=1.00 guide_w=4.57 Walls=0.00058(x10) g_ns/g_walls=0.479 Windows=0.00093 Doors=0.00032 IC=0.00000 CO2_BC=0.00008 LR=1.76e-04 nu=0.01 NSraw=0.2458 alpha(W1/W8/all)=0.59/0.39/0.48 | 0.78 it/s
  -> saved checkpoint: /home/iai-labor/BuildingControlCFD/experiments/gnot/checkpoints/v25_nsuniform_r50k/gnot_v25_nsuniform_r50k_iter33000.pth
[Iter 33010/50000] Total=0.26076 | NS=0.25196 CO2(scaled)=0.00121 CO2_weight=1.00 guide_w=4.57 Walls=0.00061(x10) g_ns/g_walls=0.479 Windows=0.00112 Doors=0.00026 IC=0.00000 CO2_BC=0.00009 LR=1.76e-04 nu=0.01 NSraw=0.9431 alpha(W1/W8/all)=0.59/0.39/0.48 | 0.78 it/s
[Iter 33020/50000] Total=0.11394 | NS=0.10340 CO2(scaled)=0.00136 CO2_weight=1.00 guide_w=4.57 Walls=0.00080(x10) g_ns/g_walls=0.479 Windows=0.00091 Doors=0.00020 IC=0.00000 CO2_BC=0.00009 LR=1.76e-04 nu=0.01 NSraw=0.327 alpha(W1/W8/all)=0.59/0.39/0.48 | 0.78 it/s
[Iter 33030/50000] Total=0.24359 | NS=0.20932 CO2(scaled)=0.00357 CO2_weight=1.00 guide_w=4.57 Walls=0.00274(x10) g_ns/g_walls=0.479 Windows=0.00292 Doors=0.00031 IC=0.00000 CO2_BC=0.00010 LR=1.76e-04 nu=0.01 NSraw=0.793 alpha(W1/W8/all)=0.59/0.39/0.48 | 0.78 it/s
[Iter 33040/50000] Total=0.09087 | NS=0.07667 CO2(scaled)=0.00165 CO2_weight=1.00 guide_w=4.57 Walls=0.00104(x10) g_ns/g_walls=0.479 Windows=0.00179 Doors=0.00030 IC=0.00000 CO2_BC=0.00010 LR=1.75e-04 nu=0.01 NSraw=0.1451 alpha(W1/W8/all)=0.59/0.39/0.48 | 0.78 it/s
[Iter 33050/50000] Total=0.06532 | NS=0.05560 CO2(scaled)=0.00142 CO2_weight=1.00 guide_w=4.57 Walls=0.00064(x10) g_ns/g_walls=0.479 Windows=0.00140 Doors=0.00037 IC=0.00000 CO2_BC=0.00013 LR=1.75e-04 nu=0.01 NSraw=0.09177 alpha(W1/W8/all)=0.59/0.39/0.48 | 0.78 it/s
[Iter 33060/50000] Total=0.12195 | NS=0.11387 CO2(scaled)=0.00124 CO2_weight=1.00 guide_w=4.57 Walls=0.00052(x10) g_ns/g_walls=0.479 Windows=0.00118 Doors=0.00034 IC=0.00000 CO2_BC=0.00012 LR=1.75e-04 nu=0.01 NSraw=0.5879 alpha(W1/W8/all)=0.59/0.39/0.48 | 0.78 it/s
[Iter 33070/50000] Total=0.13311 | NS=0.12670 CO2(scaled)=0.00140 CO2_weight=1.00 guide_w=4.57 Walls=0.00038(x10) g_ns/g_walls=0.479 Windows=0.00080 Doors=0.00031 IC=0.00000 CO2_BC=0.00012 LR=1.75e-04 nu=0.01 NSraw=0.4053 alpha(W1/W8/all)=0.59/0.39/0.48 | 0.78 it/s
[Iter 33080/50000] Total=0.08870 | NS=0.05931 CO2(scaled)=0.00111 CO2_weight=1.00 guide_w=4.57 Walls=0.00250(x10) g_ns/g_walls=0.479 Windows=0.00280 Doors=0.00037 IC=0.00000 CO2_BC=0.00010 LR=1.75e-04 nu=0.01 NSraw=0.1199 alpha(W1/W8/all)=0.59/0.39/0.48 | 0.77 it/s
[Iter 33090/50000] Total=0.24868 | NS=0.24172 CO2(scaled)=0.00112 CO2_weight=1.00 guide_w=4.57 Walls=0.00042(x10) g_ns/g_walls=0.479 Windows=0.00122 Doors=0.00031 IC=0.00000 CO2_BC=0.00009 LR=1.75e-04 nu=0.01 NSraw=1.445 alpha(W1/W8/all)=0.59/0.39/0.48 | 0.77 it/s
[Iter 33100/50000] Total=0.18217 | NS=0.17650 CO2(scaled)=0.00115 CO2_weight=1.00 guide_w=373 Walls=0.00034(x10) g_ns/g_walls=62.8 Windows=0.00071 Doors=0.00031 IC=0.00000 CO2_BC=0.00008 LR=1.75e-04 nu=0.01 NSraw=1.201 alpha(W1/W8/all)=0.59/0.39/0.48 | 0.77 it/s
[Iter 33110/50000] Total=0.18140 | NS=0.16881 CO2(scaled)=0.00103 CO2_weight=1.00 guide_w=373 Walls=0.00097(x10) g_ns/g_walls=62.8 Windows=0.00140 Doors=0.00032 IC=0.00000 CO2_BC=0.00011 LR=1.75e-04 nu=0.01 NSraw=0.8572 alpha(W1/W8/all)=0.59/0.39/0.48 | 0.77 it/s
[Iter 33120/50000] Total=0.07199 | NS=0.06539 CO2(scaled)=0.00134 CO2_weight=1.00 guide_w=373 Walls=0.00039(x10) g_ns/g_walls=62.8 Windows=0.00094 Doors=0.00031 IC=0.00000 CO2_BC=0.00011 LR=1.75e-04 nu=0.01 NSraw=0.1704 alpha(W1/W8/all)=0.59/0.39/0.48 | 0.77 it/s
[Iter 33130/50000] Total=0.24580 | NS=0.23353 CO2(scaled)=0.00153 CO2_weight=1.00 guide_w=373 Walls=0.00090(x10) g_ns/g_walls=62.8 Windows=0.00124 Doors=0.00042 IC=0.00000 CO2_BC=0.00011 LR=1.75e-04 nu=0.01 NSraw=2.253 alpha(W1/W8/all)=0.59/0.39/0.48 | 0.77 it/s
[Iter 33140/50000] Total=0.11734 | NS=0.10278 CO2(scaled)=0.00128 CO2_weight=1.00 guide_w=373 Walls=0.00113(x10) g_ns/g_walls=62.8 Windows=0.00144 Doors=0.00040 IC=0.00000 CO2_BC=0.00012 LR=1.75e-04 nu=0.01 NSraw=0.3196 alpha(W1/W8/all)=0.59/0.39/0.48 | 0.77 it/s
[Iter 33150/50000] Total=0.26316 | NS=0.24914 CO2(scaled)=0.00235 CO2_weight=1.00 guide_w=373 Walls=0.00099(x10) g_ns/g_walls=62.8 Windows=0.00135 Doors=0.00035 IC=0.00000 CO2_BC=0.00008 LR=1.74e-04 nu=0.01 NSraw=1.264 alpha(W1/W8/all)=0.59/0.39/0.48 | 0.77 it/s
[Iter 33160/50000] Total=0.16892 | NS=0.16026 CO2(scaled)=0.00133 CO2_weight=1.00 guide_w=373 Walls=0.00057(x10) g_ns/g_walls=62.8 Windows=0.00111 Doors=0.00043 IC=0.00000 CO2_BC=0.00011 LR=1.74e-04 nu=0.01 NSraw=0.6672 alpha(W1/W8/all)=0.59/0.39/0.48 | 0.77 it/s
[Iter 33170/50000] Total=0.22309 | NS=0.21278 CO2(scaled)=0.00231 CO2_weight=1.00 guide_w=373 Walls=0.00065(x10) g_ns/g_walls=62.8 Windows=0.00100 Doors=0.00036 IC=0.00000 CO2_BC=0.00011 LR=1.74e-04 nu=0.01 NSraw=0.6842 alpha(W1/W8/all)=0.59/0.39/0.48 | 0.77 it/s
[Iter 33180/50000] Total=0.08718 | NS=0.06814 CO2(scaled)=0.00094 CO2_weight=1.00 guide_w=373 Walls=0.00159(x10) g_ns/g_walls=62.8 Windows=0.00178 Doors=0.00034 IC=0.00000 CO2_BC=0.00011 LR=1.74e-04 nu=0.01 NSraw=0.1895 alpha(W1/W8/all)=0.59/0.39/0.48 | 0.77 it/s
[Iter 33190/50000] Total=0.06826 | NS=0.05633 CO2(scaled)=0.00097 CO2_weight=1.00 guide_w=373 Walls=0.00090(x10) g_ns/g_walls=62.8 Windows=0.00154 Doors=0.00033 IC=0.00000 CO2_BC=0.00011 LR=1.74e-04 nu=0.01 NSraw=0.07953 alpha(W1/W8/all)=0.59/0.39/0.48 | 0.77 it/s
[Iter 33200/50000] Total=0.27981 | NS=0.27143 CO2(scaled)=0.00127 CO2_weight=1.00 guide_w=11.4 Walls=0.00055(x10) g_ns/g_walls=4.75 Windows=0.00119 Doors=0.00037 IC=0.00000 CO2_BC=0.00008 LR=1.74e-04 nu=0.01 NSraw=1.458 alpha(W1/W8/all)=0.59/0.39/0.48 | 0.77 it/s
[Iter 33210/50000] Total=0.07482 | NS=0.06931 CO2(scaled)=0.00109 CO2_weight=1.00 guide_w=11.4 Walls=0.00027(x10) g_ns/g_walls=4.75 Windows=0.00130 Doors=0.00035 IC=0.00000 CO2_BC=0.00011 LR=1.74e-04 nu=0.01 NSraw=0.1709 alpha(W1/W8/all)=0.59/0.39/0.48 | 0.77 it/s
[Iter 33220/50000] Total=0.73785 | NS=0.72175 CO2(scaled)=0.00143 CO2_weight=1.00 guide_w=11.4 Walls=0.00125(x10) g_ns/g_walls=4.75 Windows=0.00178 Doors=0.00032 IC=0.00000 CO2_BC=0.00011 LR=1.74e-04 nu=0.01 NSraw=41.68 alpha(W1/W8/all)=0.59/0.39/0.48 | 0.77 it/s
[Iter 33230/50000] Total=0.03274 | NS=0.02493 CO2(scaled)=0.00180 CO2_weight=1.00 guide_w=11.4 Walls=0.00044(x10) g_ns/g_walls=4.75 Windows=0.00111 Doors=0.00036 IC=0.00000 CO2_BC=0.00010 LR=1.74e-04 nu=0.01 NSraw=0.02973 alpha(W1/W8/all)=0.59/0.39/0.48 | 0.77 it/s
[Iter 33240/50000] Total=0.14215 | NS=0.13104 CO2(scaled)=0.00108 CO2_weight=1.00 guide_w=11.4 Walls=0.00084(x10) g_ns/g_walls=4.75 Windows=0.00126 Doors=0.00032 IC=0.00000 CO2_BC=0.00009 LR=1.74e-04 nu=0.01 NSraw=0.4226 alpha(W1/W8/all)=0.59/0.39/0.48 | 0.77 it/s
[Iter 33250/50000] Total=0.08675 | NS=0.07566 CO2(scaled)=0.00142 CO2_weight=1.00 guide_w=11.4 Walls=0.00077(x10) g_ns/g_walls=4.75 Windows=0.00156 Doors=0.00033 IC=0.00000 CO2_BC=0.00010 LR=1.73e-04 nu=0.01 NSraw=0.218 alpha(W1/W8/all)=0.59/0.39/0.48 | 0.77 it/s
[Iter 33260/50000] Total=0.05213 | NS=0.04551 CO2(scaled)=0.00092 CO2_weight=1.00 guide_w=11.4 Walls=0.00043(x10) g_ns/g_walls=4.75 Windows=0.00092 Doors=0.00037 IC=0.00000 CO2_BC=0.00009 LR=1.73e-04 nu=0.01 NSraw=0.06705 alpha(W1/W8/all)=0.59/0.39/0.48 | 0.77 it/s
[Iter 33270/50000] Total=0.15728 | NS=0.15132 CO2(scaled)=0.00124 CO2_weight=1.00 guide_w=11.4 Walls=0.00034(x10) g_ns/g_walls=4.75 Windows=0.00093 Doors=0.00032 IC=0.00000 CO2_BC=0.00010 LR=1.73e-04 nu=0.01 NSraw=0.5625 alpha(W1/W8/all)=0.59/0.39/0.48 | 0.77 it/s
[Iter 33280/50000] Total=0.05752 | NS=0.04763 CO2(scaled)=0.00120 CO2_weight=1.00 guide_w=11.4 Walls=0.00072(x10) g_ns/g_walls=4.75 Windows=0.00110 Doors=0.00031 IC=0.00000 CO2_BC=0.00009 LR=1.73e-04 nu=0.01 NSraw=0.09617 alpha(W1/W8/all)=0.59/0.39/0.48 | 0.77 it/s
[Iter 33290/50000] Total=0.08871 | NS=0.07678 CO2(scaled)=0.00112 CO2_weight=1.00 guide_w=11.4 Walls=0.00089(x10) g_ns/g_walls=4.75 Windows=0.00154 Doors=0.00027 IC=0.00000 CO2_BC=0.00009 LR=1.73e-04 nu=0.01 NSraw=0.3075 alpha(W1/W8/all)=0.59/0.39/0.48 | 0.77 it/s
[Iter 33300/50000] Total=1.70186 | NS=1.68936 CO2(scaled)=0.00088 CO2_weight=1.00 guide_w=539 Walls=0.00101(x10) g_ns/g_walls=26.4 Windows=0.00114 Doors=0.00032 IC=0.00000 CO2_BC=0.00010 LR=1.73e-04 nu=0.01 NSraw=272.1 alpha(W1/W8/all)=0.59/0.39/0.48 | 0.77 it/s
[Iter 33310/50000] Total=0.15574 | NS=0.14763 CO2(scaled)=0.00111 CO2_weight=1.00 guide_w=539 Walls=0.00055(x10) g_ns/g_walls=26.4 Windows=0.00101 Doors=0.00041 IC=0.00000 CO2_BC=0.00008 LR=1.73e-04 nu=0.01 NSraw=0.7105 alpha(W1/W8/all)=0.59/0.39/0.48 | 0.77 it/s
[Iter 33320/50000] Total=0.34926 | NS=0.33984 CO2(scaled)=0.00238 CO2_weight=1.00 guide_w=539 Walls=0.00058(x10) g_ns/g_walls=26.4 Windows=0.00087 Doors=0.00027 IC=0.00000 CO2_BC=0.00008 LR=1.73e-04 nu=0.01 NSraw=8.615 alpha(W1/W8/all)=0.59/0.39/0.48 | 0.77 it/s
[Iter 33330/50000] Total=0.70269 | NS=0.69614 CO2(scaled)=0.00101 CO2_weight=1.00 guide_w=539 Walls=0.00043(x10) g_ns/g_walls=26.4 Windows=0.00089 Doors=0.00032 IC=0.00000 CO2_BC=0.00007 LR=1.73e-04 nu=0.01 NSraw=31.03 alpha(W1/W8/all)=0.59/0.39/0.48 | 0.77 it/s
[Iter 33340/50000] Total=0.78811 | NS=0.77130 CO2(scaled)=0.00149 CO2_weight=1.00 guide_w=539 Walls=0.00134(x10) g_ns/g_walls=26.4 Windows=0.00148 Doors=0.00034 IC=0.00000 CO2_BC=0.00009 LR=1.73e-04 nu=0.01 NSraw=46.36 alpha(W1/W8/all)=0.59/0.39/0.48 | 0.77 it/s
[Iter 33350/50000] Total=0.21904 | NS=0.18866 CO2(scaled)=0.00173 CO2_weight=1.00 guide_w=539 Walls=0.00252(x10) g_ns/g_walls=26.4 Windows=0.00305 Doors=0.00038 IC=0.00000 CO2_BC=0.00008 LR=1.73e-04 nu=0.01 NSraw=0.7939 alpha(W1/W8/all)=0.59/0.39/0.48 | 0.77 it/s
[Iter 33360/50000] Total=0.16038 | NS=0.14547 CO2(scaled)=0.00119 CO2_weight=1.00 guide_w=539 Walls=0.00115(x10) g_ns/g_walls=26.4 Windows=0.00186 Doors=0.00030 IC=0.00000 CO2_BC=0.00009 LR=1.72e-04 nu=0.01 NSraw=1.074 alpha(W1/W8/all)=0.59/0.39/0.48 | 0.77 it/s
[Iter 33370/50000] Total=0.11156 | NS=0.10017 CO2(scaled)=0.00102 CO2_weight=1.00 guide_w=539 Walls=0.00086(x10) g_ns/g_walls=26.4 Windows=0.00135 Doors=0.00029 IC=0.00000 CO2_BC=0.00008 LR=1.72e-04 nu=0.01 NSraw=0.2619 alpha(W1/W8/all)=0.59/0.39/0.48 | 0.77 it/s
[Iter 33380/50000] Total=0.06890 | NS=0.06075 CO2(scaled)=0.00110 CO2_weight=1.00 guide_w=539 Walls=0.00057(x10) g_ns/g_walls=26.4 Windows=0.00100 Doors=0.00031 IC=0.00000 CO2_BC=0.00009 LR=1.72e-04 nu=0.01 NSraw=0.2119 alpha(W1/W8/all)=0.59/0.39/0.48 | 0.77 it/s
[Iter 33390/50000] Total=0.04249 | NS=0.03594 CO2(scaled)=0.00144 CO2_weight=1.00 guide_w=539 Walls=0.00037(x10) g_ns/g_walls=26.4 Windows=0.00109 Doors=0.00026 IC=0.00000 CO2_BC=0.00008 LR=1.72e-04 nu=0.01 NSraw=0.04582 alpha(W1/W8/all)=0.59/0.39/0.48 | 0.77 it/s
[Iter 33400/50000] Total=0.18232 | NS=0.17294 CO2(scaled)=0.00156 CO2_weight=1.00 guide_w=12 Walls=0.00060(x10) g_ns/g_walls=2.75 Windows=0.00140 Doors=0.00035 IC=0.00000 CO2_BC=0.00010 LR=1.72e-04 nu=0.01 NSraw=0.597 alpha(W1/W8/all)=0.59/0.39/0.48 | 0.77 it/s
[Iter 33410/50000] Total=0.40261 | NS=0.37176 CO2(scaled)=0.00143 CO2_weight=1.00 guide_w=12 Walls=0.00279(x10) g_ns/g_walls=2.75 Windows=0.00104 Doors=0.00038 IC=0.00000 CO2_BC=0.00009 LR=1.72e-04 nu=0.01 NSraw=2.869 alpha(W1/W8/all)=0.59/0.39/0.48 | 0.77 it/s
[Iter 33420/50000] Total=0.16675 | NS=0.07430 CO2(scaled)=0.00110 CO2_weight=1.00 guide_w=12 Walls=0.00891(x10) g_ns/g_walls=2.75 Windows=0.00183 Doors=0.00031 IC=0.00000 CO2_BC=0.00010 LR=1.72e-04 nu=0.01 NSraw=0.2758 alpha(W1/W8/all)=0.59/0.39/0.48 | 0.77 it/s
[Iter 33430/50000] Total=0.08592 | NS=0.07824 CO2(scaled)=0.00120 CO2_weight=1.00 guide_w=12 Walls=0.00051(x10) g_ns/g_walls=2.75 Windows=0.00105 Doors=0.00027 IC=0.00000 CO2_BC=0.00007 LR=1.72e-04 nu=0.01 NSraw=0.229 alpha(W1/W8/all)=0.59/0.39/0.48 | 0.77 it/s
[Iter 33440/50000] Total=0.94342 | NS=0.92176 CO2(scaled)=0.00126 CO2_weight=1.00 guide_w=12 Walls=0.00184(x10) g_ns/g_walls=2.75 Windows=0.00165 Doors=0.00031 IC=0.00000 CO2_BC=0.00007 LR=1.72e-04 nu=0.01 NSraw=65.45 alpha(W1/W8/all)=0.59/0.39/0.48 | 0.77 it/s
[Iter 33450/50000] Total=0.10593 | NS=0.08686 CO2(scaled)=0.00127 CO2_weight=1.00 guide_w=12 Walls=0.00155(x10) g_ns/g_walls=2.75 Windows=0.00194 Doors=0.00032 IC=0.00000 CO2_BC=0.00008 LR=1.72e-04 nu=0.01 NSraw=0.1671 alpha(W1/W8/all)=0.59/0.39/0.48 | 0.77 it/s
[Iter 33460/50000] Total=0.12606 | NS=0.11857 CO2(scaled)=0.00144 CO2_weight=1.00 guide_w=12 Walls=0.00047(x10) g_ns/g_walls=2.75 Windows=0.00098 Doors=0.00031 IC=0.00000 CO2_BC=0.00008 LR=1.72e-04 nu=0.01 NSraw=0.4804 alpha(W1/W8/all)=0.59/0.39/0.48 | 0.77 it/s
[Iter 33470/50000] Total=0.35001 | NS=0.33406 CO2(scaled)=0.00112 CO2_weight=1.00 guide_w=12 Walls=0.00131(x10) g_ns/g_walls=2.75 Windows=0.00137 Doors=0.00032 IC=0.00000 CO2_BC=0.00008 LR=1.71e-04 nu=0.01 NSraw=5.568 alpha(W1/W8/all)=0.59/0.39/0.48 | 0.77 it/s
[Iter 33480/50000] Total=0.07492 | NS=0.06941 CO2(scaled)=0.00127 CO2_weight=1.00 guide_w=12 Walls=0.00032(x10) g_ns/g_walls=2.75 Windows=0.00074 Doors=0.00025 IC=0.00000 CO2_BC=0.00010 LR=1.71e-04 nu=0.01 NSraw=0.2099 alpha(W1/W8/all)=0.59/0.39/0.48 | 0.77 it/s
[Iter 33490/50000] Total=0.21552 | NS=0.20707 CO2(scaled)=0.00124 CO2_weight=1.00 guide_w=12 Walls=0.00062(x10) g_ns/g_walls=2.75 Windows=0.00069 Doors=0.00025 IC=0.00000 CO2_BC=0.00011 LR=1.71e-04 nu=0.01 NSraw=1.33 alpha(W1/W8/all)=0.59/0.39/0.48 | 0.77 it/s
[Iter 33500/50000] Total=0.77250 | NS=0.75908 CO2(scaled)=0.00143 CO2_weight=1.00 guide_w=138 Walls=0.00105(x10) g_ns/g_walls=21.6 Windows=0.00116 Doors=0.00027 IC=0.00000 CO2_BC=0.00008 LR=1.71e-04 nu=0.01 NSraw=37.42 alpha(W1/W8/all)=0.59/0.39/0.48 | 0.77 it/s
[Iter 33510/50000] Total=0.10119 | NS=0.09286 CO2(scaled)=0.00094 CO2_weight=1.00 guide_w=138 Walls=0.00060(x10) g_ns/g_walls=21.6 Windows=0.00108 Doors=0.00025 IC=0.00000 CO2_BC=0.00009 LR=1.71e-04 nu=0.01 NSraw=0.2993 alpha(W1/W8/all)=0.59/0.39/0.48 | 0.77 it/s
[Iter 33520/50000] Total=0.64530 | NS=0.63756 CO2(scaled)=0.00113 CO2_weight=1.00 guide_w=138 Walls=0.00054(x10) g_ns/g_walls=21.6 Windows=0.00079 Doors=0.00034 IC=0.00000 CO2_BC=0.00010 LR=1.71e-04 nu=0.01 NSraw=19.42 alpha(W1/W8/all)=0.59/0.39/0.48 | 0.77 it/s
[Iter 33530/50000] Total=0.06486 | NS=0.05823 CO2(scaled)=0.00112 CO2_weight=1.00 guide_w=138 Walls=0.00044(x10) g_ns/g_walls=21.6 Windows=0.00079 Doors=0.00021 IC=0.00000 CO2_BC=0.00008 LR=1.71e-04 nu=0.01 NSraw=0.0968 alpha(W1/W8/all)=0.59/0.39/0.48 | 0.77 it/s
[Iter 33540/50000] Total=0.38286 | NS=0.37354 CO2(scaled)=0.00144 CO2_weight=1.00 guide_w=138 Walls=0.00067(x10) g_ns/g_walls=21.6 Windows=0.00077 Doors=0.00032 IC=0.00000 CO2_BC=0.00009 LR=1.71e-04 nu=0.01 NSraw=10.41 alpha(W1/W8/all)=0.59/0.39/0.48 | 0.77 it/s
[Iter 33550/50000] Total=1.52650 | NS=1.51573 CO2(scaled)=0.00116 CO2_weight=1.00 guide_w=138 Walls=0.00080(x10) g_ns/g_walls=21.6 Windows=0.00107 Doors=0.00039 IC=0.00000 CO2_BC=0.00010 LR=1.71e-04 nu=0.01 NSraw=107.3 alpha(W1/W8/all)=0.59/0.39/0.48 | 0.77 it/s
[Iter 33560/50000] Total=0.11633 | NS=0.10794 CO2(scaled)=0.00115 CO2_weight=1.00 guide_w=138 Walls=0.00061(x10) g_ns/g_walls=21.6 Windows=0.00076 Doors=0.00027 IC=0.00000 CO2_BC=0.00010 LR=1.71e-04 nu=0.01 NSraw=0.7019 alpha(W1/W8/all)=0.59/0.39/0.48 | 0.77 it/s
[Iter 33570/50000] Total=0.71205 | NS=0.70537 CO2(scaled)=0.00158 CO2_weight=1.00 guide_w=138 Walls=0.00039(x10) g_ns/g_walls=21.6 Windows=0.00076 Doors=0.00034 IC=0.00000 CO2_BC=0.00014 LR=1.71e-04 nu=0.01 NSraw=43.22 alpha(W1/W8/all)=0.59/0.39/0.48 | 0.77 it/s
[Iter 33580/50000] Total=0.18185 | NS=0.17211 CO2(scaled)=0.00094 CO2_weight=1.00 guide_w=138 Walls=0.00071(x10) g_ns/g_walls=21.6 Windows=0.00131 Doors=0.00032 IC=0.00000 CO2_BC=0.00009 LR=1.71e-04 nu=0.01 NSraw=1.395 alpha(W1/W8/all)=0.59/0.39/0.48 | 0.77 it/s
[Iter 33590/50000] Total=0.09484 | NS=0.08636 CO2(scaled)=0.00121 CO2_weight=1.00 guide_w=138 Walls=0.00060(x10) g_ns/g_walls=21.6 Windows=0.00093 Doors=0.00028 IC=0.00000 CO2_BC=0.00008 LR=1.70e-04 nu=0.01 NSraw=0.3563 alpha(W1/W8/all)=0.59/0.39/0.48 | 0.77 it/s
[Iter 33600/50000] Total=1.36887 | NS=1.35946 CO2(scaled)=0.00165 CO2_weight=1.00 guide_w=270 Walls=0.00065(x10) g_ns/g_walls=71.3 Windows=0.00084 Doors=0.00030 IC=0.00000 CO2_BC=0.00008 LR=1.70e-04 nu=0.01 NSraw=144.6 alpha(W1/W8/all)=0.59/0.39/0.48 | 0.77 it/s
[Iter 33610/50000] Total=0.48728 | NS=0.47936 CO2(scaled)=0.00105 CO2_weight=1.00 guide_w=270 Walls=0.00056(x10) g_ns/g_walls=71.3 Windows=0.00081 Doors=0.00033 IC=0.00000 CO2_BC=0.00009 LR=1.70e-04 nu=0.01 NSraw=16.1 alpha(W1/W8/all)=0.59/0.39/0.48 | 0.77 it/s
[Iter 33620/50000] Total=0.12806 | NS=0.11813 CO2(scaled)=0.00104 CO2_weight=1.00 guide_w=270 Walls=0.00079(x10) g_ns/g_walls=71.3 Windows=0.00057 Doors=0.00035 IC=0.00000 CO2_BC=0.00008 LR=1.70e-04 nu=0.01 NSraw=0.4411 alpha(W1/W8/all)=0.59/0.39/0.48 | 0.77 it/s
[Iter 33630/50000] Total=0.05061 | NS=0.04264 CO2(scaled)=0.00115 CO2_weight=1.00 guide_w=270 Walls=0.00057(x10) g_ns/g_walls=71.3 Windows=0.00080 Doors=0.00027 IC=0.00000 CO2_BC=0.00009 LR=1.70e-04 nu=0.01 NSraw=0.05375 alpha(W1/W8/all)=0.59/0.39/0.48 | 0.77 it/s
[Iter 33640/50000] Total=0.14222 | NS=0.13433 CO2(scaled)=0.00098 CO2_weight=1.00 guide_w=270 Walls=0.00054(x10) g_ns/g_walls=71.3 Windows=0.00103 Doors=0.00038 IC=0.00000 CO2_BC=0.00010 LR=1.70e-04 nu=0.01 NSraw=0.8498 alpha(W1/W8/all)=0.59/0.39/0.48 | 0.77 it/s
[Iter 33650/50000] Total=0.51856 | NS=0.50605 CO2(scaled)=0.00143 CO2_weight=1.00 guide_w=270 Walls=0.00095(x10) g_ns/g_walls=71.3 Windows=0.00111 Doors=0.00039 IC=0.00000 CO2_BC=0.00007 LR=1.70e-04 nu=0.01 NSraw=18.21 alpha(W1/W8/all)=0.59/0.39/0.48 | 0.77 it/s
[Iter 33660/50000] Total=0.36808 | NS=0.34818 CO2(scaled)=0.00126 CO2_weight=1.00 guide_w=270 Walls=0.00163(x10) g_ns/g_walls=71.3 Windows=0.00196 Doors=0.00029 IC=0.00000 CO2_BC=0.00007 LR=1.70e-04 nu=0.01 NSraw=3.112 alpha(W1/W8/all)=0.59/0.39/0.48 | 0.77 it/s
[Iter 33670/50000] Total=0.65681 | NS=0.64813 CO2(scaled)=0.00118 CO2_weight=1.00 guide_w=270 Walls=0.00059(x10) g_ns/g_walls=71.3 Windows=0.00110 Doors=0.00036 IC=0.00000 CO2_BC=0.00012 LR=1.70e-04 nu=0.01 NSraw=14.34 alpha(W1/W8/all)=0.59/0.39/0.48 | 0.77 it/s
[Iter 33680/50000] Total=0.19692 | NS=0.18650 CO2(scaled)=0.00194 CO2_weight=1.00 guide_w=270 Walls=0.00069(x10) g_ns/g_walls=71.3 Windows=0.00102 Doors=0.00042 IC=0.00000 CO2_BC=0.00011 LR=1.70e-04 nu=0.01 NSraw=0.8704 alpha(W1/W8/all)=0.59/0.39/0.48 | 0.77 it/s
[Iter 33690/50000] Total=0.31777 | NS=0.30945 CO2(scaled)=0.00122 CO2_weight=1.00 guide_w=270 Walls=0.00060(x10) g_ns/g_walls=71.3 Windows=0.00078 Doors=0.00024 IC=0.00000 CO2_BC=0.00010 LR=1.70e-04 nu=0.01 NSraw=6.453 alpha(W1/W8/all)=0.59/0.39/0.48 | 0.77 it/s
[Iter 33700/50000] Total=0.33499 | NS=0.31451 CO2(scaled)=0.00297 CO2_weight=1.00 guide_w=35.8 Walls=0.00157(x10) g_ns/g_walls=6.95 Windows=0.00150 Doors=0.00023 IC=0.00000 CO2_BC=0.00008 LR=1.69e-04 nu=0.01 NSraw=5.83 alpha(W1/W8/all)=0.59/0.39/0.48 | 0.77 it/s
[Iter 33710/50000] Total=0.45267 | NS=0.44656 CO2(scaled)=0.00140 CO2_weight=1.00 guide_w=35.8 Walls=0.00036(x10) g_ns/g_walls=6.95 Windows=0.00087 Doors=0.00017 IC=0.00000 CO2_BC=0.00009 LR=1.69e-04 nu=0.01 NSraw=11.51 alpha(W1/W8/all)=0.59/0.39/0.48 | 0.77 it/s
[Iter 33720/50000] Total=0.35981 | NS=0.35138 CO2(scaled)=0.00109 CO2_weight=1.00 guide_w=35.8 Walls=0.00057(x10) g_ns/g_walls=6.95 Windows=0.00122 Doors=0.00033 IC=0.00000 CO2_BC=0.00011 LR=1.69e-04 nu=0.01 NSraw=9.377 alpha(W1/W8/all)=0.59/0.39/0.48 | 0.77 it/s
[Iter 33730/50000] Total=0.07155 | NS=0.06279 CO2(scaled)=0.00137 CO2_weight=1.00 guide_w=35.8 Walls=0.00060(x10) g_ns/g_walls=6.95 Windows=0.00103 Doors=0.00023 IC=0.00000 CO2_BC=0.00011 LR=1.69e-04 nu=0.01 NSraw=0.1026 alpha(W1/W8/all)=0.59/0.39/0.48 | 0.77 it/s
[Iter 33740/50000] Total=0.07153 | NS=0.06184 CO2(scaled)=0.00117 CO2_weight=1.00 guide_w=35.8 Walls=0.00073(x10) g_ns/g_walls=6.95 Windows=0.00079 Doors=0.00033 IC=0.00000 CO2_BC=0.00012 LR=1.69e-04 nu=0.01 NSraw=0.1396 alpha(W1/W8/all)=0.59/0.39/0.48 | 0.77 it/s
[Iter 33750/50000] Total=0.25012 | NS=0.24169 CO2(scaled)=0.00141 CO2_weight=1.00 guide_w=35.8 Walls=0.00057(x10) g_ns/g_walls=6.95 Windows=0.00089 Doors=0.00031 IC=0.00000 CO2_BC=0.00013 LR=1.69e-04 nu=0.01 NSraw=1.039 alpha(W1/W8/all)=0.59/0.39/0.48 | 0.77 it/s
[Iter 33760/50000] Total=0.11125 | NS=0.10042 CO2(scaled)=0.00105 CO2_weight=1.00 guide_w=35.8 Walls=0.00080(x10) g_ns/g_walls=6.95 Windows=0.00139 Doors=0.00032 IC=0.00000 CO2_BC=0.00013 LR=1.69e-04 nu=0.01 NSraw=0.2815 alpha(W1/W8/all)=0.59/0.39/0.48 | 0.77 it/s
[Iter 33770/50000] Total=0.13126 | NS=0.11376 CO2(scaled)=0.00150 CO2_weight=1.00 guide_w=35.8 Walls=0.00139(x10) g_ns/g_walls=6.95 Windows=0.00154 Doors=0.00045 IC=0.00000 CO2_BC=0.00012 LR=1.69e-04 nu=0.01 NSraw=0.2142 alpha(W1/W8/all)=0.59/0.39/0.48 | 0.77 it/s
[Iter 33780/50000] Total=0.21224 | NS=0.19952 CO2(scaled)=0.00126 CO2_weight=1.00 guide_w=35.8 Walls=0.00102(x10) g_ns/g_walls=6.95 Windows=0.00086 Doors=0.00035 IC=0.00000 CO2_BC=0.00010 LR=1.69e-04 nu=0.01 NSraw=1.056 alpha(W1/W8/all)=0.59/0.39/0.48 | 0.77 it/s
[Iter 33790/50000] Total=0.34571 | NS=0.33721 CO2(scaled)=0.00126 CO2_weight=1.00 guide_w=35.8 Walls=0.00060(x10) g_ns/g_walls=6.95 Windows=0.00080 Doors=0.00029 IC=0.00000 CO2_BC=0.00012 LR=1.69e-04 nu=0.01 NSraw=9.164 alpha(W1/W8/all)=0.59/0.39/0.48 | 0.77 it/s
[Iter 33800/50000] Total=0.07840 | NS=0.06827 CO2(scaled)=0.00117 CO2_weight=1.00 guide_w=13.2 Walls=0.00075(x10) g_ns/g_walls=1.43 Windows=0.00094 Doors=0.00038 IC=0.00000 CO2_BC=0.00010 LR=1.69e-04 nu=0.01 NSraw=0.168 alpha(W1/W8/all)=0.59/0.39/0.48 | 0.77 it/s
[Iter 33810/50000] Total=0.17326 | NS=0.16091 CO2(scaled)=0.00142 CO2_weight=1.00 guide_w=13.2 Walls=0.00085(x10) g_ns/g_walls=1.43 Windows=0.00203 Doors=0.00028 IC=0.00000 CO2_BC=0.00012 LR=1.68e-04 nu=0.01 NSraw=0.5866 alpha(W1/W8/all)=0.59/0.39/0.48 | 0.77 it/s
[Iter 33820/50000] Total=0.29197 | NS=0.28033 CO2(scaled)=0.00140 CO2_weight=1.00 guide_w=13.2 Walls=0.00079(x10) g_ns/g_walls=1.43 Windows=0.00182 Doors=0.00040 IC=0.00000 CO2_BC=0.00009 LR=1.68e-04 nu=0.01 NSraw=1.975 alpha(W1/W8/all)=0.59/0.39/0.48 | 0.77 it/s
[Iter 33830/50000] Total=0.35398 | NS=0.34316 CO2(scaled)=0.00125 CO2_weight=1.00 guide_w=13.2 Walls=0.00078(x10) g_ns/g_walls=1.43 Windows=0.00119 Doors=0.00043 IC=0.00000 CO2_BC=0.00011 LR=1.68e-04 nu=0.01 NSraw=3.7 alpha(W1/W8/all)=0.59/0.39/0.48 | 0.77 it/s
[Iter 33840/50000] Total=0.78000 | NS=0.77000 CO2(scaled)=0.00105 CO2_weight=1.00 guide_w=13.2 Walls=0.00075(x10) g_ns/g_walls=1.43 Windows=0.00103 Doors=0.00031 IC=0.00000 CO2_BC=0.00009 LR=1.68e-04 nu=0.01 NSraw=44.83 alpha(W1/W8/all)=0.59/0.39/0.48 | 0.76 it/s
[Iter 33850/50000] Total=0.21351 | NS=0.20441 CO2(scaled)=0.00119 CO2_weight=1.00 guide_w=13.2 Walls=0.00064(x10) g_ns/g_walls=1.43 Windows=0.00108 Doors=0.00034 IC=0.00000 CO2_BC=0.00009 LR=1.68e-04 nu=0.01 NSraw=0.75 alpha(W1/W8/all)=0.59/0.39/0.48 | 0.76 it/s
[Iter 33860/50000] Total=0.17918 | NS=0.16775 CO2(scaled)=0.00129 CO2_weight=1.00 guide_w=13.2 Walls=0.00084(x10) g_ns/g_walls=1.43 Windows=0.00127 Doors=0.00032 IC=0.00000 CO2_BC=0.00010 LR=1.68e-04 nu=0.01 NSraw=1.032 alpha(W1/W8/all)=0.59/0.39/0.48 | 0.76 it/s
[Iter 33870/50000] Total=0.07472 | NS=0.06626 CO2(scaled)=0.00114 CO2_weight=1.00 guide_w=13.2 Walls=0.00060(x10) g_ns/g_walls=1.43 Windows=0.00091 Doors=0.00032 IC=0.00000 CO2_BC=0.00009 LR=1.68e-04 nu=0.01 NSraw=0.1836 alpha(W1/W8/all)=0.59/0.39/0.48 | 0.76 it/s
[Iter 33880/50000] Total=0.87963 | NS=0.86580 CO2(scaled)=0.00128 CO2_weight=1.00 guide_w=13.2 Walls=0.00107(x10) g_ns/g_walls=1.43 Windows=0.00142 Doors=0.00030 IC=0.00000 CO2_BC=0.00007 LR=1.68e-04 nu=0.01 NSraw=54.01 alpha(W1/W8/all)=0.59/0.39/0.48 | 0.76 it/s
[Iter 33890/50000] Total=0.66579 | NS=0.65597 CO2(scaled)=0.00105 CO2_weight=1.00 guide_w=13.2 Walls=0.00071(x10) g_ns/g_walls=1.43 Windows=0.00122 Doors=0.00035 IC=0.00000 CO2_BC=0.00011 LR=1.68e-04 nu=0.01 NSraw=13.46 alpha(W1/W8/all)=0.59/0.39/0.48 | 0.76 it/s
[Iter 33900/50000] Total=0.09629 | NS=0.08805 CO2(scaled)=0.00109 CO2_weight=1.00 guide_w=58.8 Walls=0.00054(x10) g_ns/g_walls=16.4 Windows=0.00143 Doors=0.00025 IC=0.00000 CO2_BC=0.00009 LR=1.68e-04 nu=0.01 NSraw=0.2114 alpha(W1/W8/all)=0.59/0.39/0.48 | 0.76 it/s
[Iter 33910/50000] Total=0.03284 | NS=0.02577 CO2(scaled)=0.00101 CO2_weight=1.00 guide_w=58.8 Walls=0.00043(x10) g_ns/g_walls=16.4 Windows=0.00133 Doors=0.00031 IC=0.00000 CO2_BC=0.00010 LR=1.68e-04 nu=0.01 NSraw=0.02952 alpha(W1/W8/all)=0.59/0.39/0.48 | 0.76 it/s
[Iter 33920/50000] Total=0.08419 | NS=0.07454 CO2(scaled)=0.00102 CO2_weight=1.00 guide_w=58.8 Walls=0.00072(x10) g_ns/g_walls=16.4 Windows=0.00102 Doors=0.00033 IC=0.00000 CO2_BC=0.00008 LR=1.67e-04 nu=0.01 NSraw=0.1468 alpha(W1/W8/all)=0.59/0.39/0.48 | 0.76 it/s
[Iter 33930/50000] Total=0.14223 | NS=0.12279 CO2(scaled)=0.00134 CO2_weight=1.00 guide_w=58.8 Walls=0.00160(x10) g_ns/g_walls=16.4 Windows=0.00179 Doors=0.00027 IC=0.00000 CO2_BC=0.00008 LR=1.67e-04 nu=0.01 NSraw=0.3131 alpha(W1/W8/all)=0.59/0.39/0.48 | 0.76 it/s
[Iter 33940/50000] Total=0.22132 | NS=0.20851 CO2(scaled)=0.00125 CO2_weight=1.00 guide_w=58.8 Walls=0.00101(x10) g_ns/g_walls=16.4 Windows=0.00097 Doors=0.00035 IC=0.00000 CO2_BC=0.00010 LR=1.67e-04 nu=0.01 NSraw=1.191 alpha(W1/W8/all)=0.59/0.39/0.48 | 0.76 it/s
[Iter 33950/50000] Total=0.15667 | NS=0.14542 CO2(scaled)=0.00166 CO2_weight=1.00 guide_w=58.8 Walls=0.00077(x10) g_ns/g_walls=16.4 Windows=0.00134 Doors=0.00041 IC=0.00000 CO2_BC=0.00010 LR=1.67e-04 nu=0.01 NSraw=0.5975 alpha(W1/W8/all)=0.59/0.39/0.48 | 0.76 it/s
[Iter 33960/50000] Total=0.11620 | NS=0.10741 CO2(scaled)=0.00119 CO2_weight=1.00 guide_w=58.8 Walls=0.00062(x10) g_ns/g_walls=16.4 Windows=0.00095 Doors=0.00036 IC=0.00000 CO2_BC=0.00011 LR=1.67e-04 nu=0.01 NSraw=0.371 alpha(W1/W8/all)=0.59/0.39/0.48 | 0.76 it/s
[Iter 33970/50000] Total=0.12498 | NS=0.11936 CO2(scaled)=0.00094 CO2_weight=1.00 guide_w=58.8 Walls=0.00037(x10) g_ns/g_walls=16.4 Windows=0.00070 Doors=0.00018 IC=0.00000 CO2_BC=0.00008 LR=1.67e-04 nu=0.01 NSraw=0.4395 alpha(W1/W8/all)=0.59/0.39/0.48 | 0.76 it/s
[Iter 33980/50000] Total=0.50032 | NS=0.48991 CO2(scaled)=0.00125 CO2_weight=1.00 guide_w=58.8 Walls=0.00069(x10) g_ns/g_walls=16.4 Windows=0.00179 Doors=0.00036 IC=0.00000 CO2_BC=0.00008 LR=1.67e-04 nu=0.01 NSraw=10.01 alpha(W1/W8/all)=0.59/0.39/0.48 | 0.76 it/s
[Iter 33990/50000] Total=0.28760 | NS=0.27135 CO2(scaled)=0.00125 CO2_weight=1.00 guide_w=58.8 Walls=0.00133(x10) g_ns/g_walls=16.4 Windows=0.00121 Doors=0.00038 IC=0.00000 CO2_BC=0.00010 LR=1.67e-04 nu=0.01 NSraw=5.584 alpha(W1/W8/all)=0.59/0.39/0.48 | 0.76 it/s
[Iter 34000/50000] Total=0.13542 | NS=0.12846 CO2(scaled)=0.00114 CO2_weight=1.00 guide_w=14.3 Walls=0.00043(x10) g_ns/g_walls=3.99 Windows=0.00112 Doors=0.00035 IC=0.00000 CO2_BC=0.00009 LR=1.67e-04 nu=0.01 NSraw=0.3945 alpha(W1/W8/all)=0.59/0.39/0.48 | 0.76 it/s
  -> saved checkpoint: /home/iai-labor/BuildingControlCFD/experiments/gnot/checkpoints/v25_nsuniform_r50k/gnot_v25_nsuniform_r50k_iter34000.pth
[Iter 34010/50000] Total=0.18344 | NS=0.17642 CO2(scaled)=0.00095 CO2_weight=1.00 guide_w=14.3 Walls=0.00045(x10) g_ns/g_walls=3.99 Windows=0.00111 Doors=0.00038 IC=0.00000 CO2_BC=0.00008 LR=1.67e-04 nu=0.01 NSraw=1.001 alpha(W1/W8/all)=0.59/0.39/0.48 | 0.76 it/s
[Iter 34020/50000] Total=0.17726 | NS=0.16896 CO2(scaled)=0.00118 CO2_weight=1.00 guide_w=14.3 Walls=0.00054(x10) g_ns/g_walls=3.99 Windows=0.00131 Doors=0.00031 IC=0.00000 CO2_BC=0.00010 LR=1.67e-04 nu=0.01 NSraw=0.6345 alpha(W1/W8/all)=0.59/0.39/0.48 | 0.76 it/s
[Iter 34030/50000] Total=0.06738 | NS=0.05815 CO2(scaled)=0.00099 CO2_weight=1.00 guide_w=14.3 Walls=0.00067(x10) g_ns/g_walls=3.99 Windows=0.00118 Doors=0.00030 IC=0.00000 CO2_BC=0.00009 LR=1.67e-04 nu=0.01 NSraw=0.0883 alpha(W1/W8/all)=0.59/0.39/0.48 | 0.76 it/s
[Iter 34040/50000] Total=0.19887 | NS=0.19029 CO2(scaled)=0.00125 CO2_weight=1.00 guide_w=14.3 Walls=0.00059(x10) g_ns/g_walls=3.99 Windows=0.00104 Doors=0.00030 IC=0.00000 CO2_BC=0.00009 LR=1.66e-04 nu=0.01 NSraw=2.579 alpha(W1/W8/all)=0.59/0.39/0.48 | 0.76 it/s
[Iter 34050/50000] Total=0.66544 | NS=0.65030 CO2(scaled)=0.00102 CO2_weight=1.00 guide_w=14.3 Walls=0.00118(x10) g_ns/g_walls=3.99 Windows=0.00189 Doors=0.00033 IC=0.00000 CO2_BC=0.00012 LR=1.66e-04 nu=0.01 NSraw=23.04 alpha(W1/W8/all)=0.59/0.39/0.48 | 0.76 it/s
[Iter 34060/50000] Total=0.05696 | NS=0.04600 CO2(scaled)=0.00095 CO2_weight=1.00 guide_w=14.3 Walls=0.00077(x10) g_ns/g_walls=3.99 Windows=0.00188 Doors=0.00036 IC=0.00000 CO2_BC=0.00009 LR=1.66e-04 nu=0.01 NSraw=0.07417 alpha(W1/W8/all)=0.59/0.39/0.48 | 0.76 it/s
[Iter 34070/50000] Total=0.21508 | NS=0.20687 CO2(scaled)=0.00101 CO2_weight=1.00 guide_w=14.3 Walls=0.00047(x10) g_ns/g_walls=3.99 Windows=0.00200 Doors=0.00036 IC=0.00000 CO2_BC=0.00010 LR=1.66e-04 nu=0.01 NSraw=1.136 alpha(W1/W8/all)=0.59/0.39/0.48 | 0.76 it/s
[Iter 34080/50000] Total=1.90494 | NS=1.89240 CO2(scaled)=0.00095 CO2_weight=1.00 guide_w=14.3 Walls=0.00100(x10) g_ns/g_walls=3.99 Windows=0.00122 Doors=0.00030 IC=0.00000 CO2_BC=0.00008 LR=1.66e-04 nu=0.01 NSraw=321.4 alpha(W1/W8/all)=0.59/0.39/0.48 | 0.76 it/s
[Iter 34090/50000] Total=0.14725 | NS=0.13819 CO2(scaled)=0.00171 CO2_weight=1.00 guide_w=14.3 Walls=0.00058(x10) g_ns/g_walls=3.99 Windows=0.00115 Doors=0.00035 IC=0.00000 CO2_BC=0.00009 LR=1.66e-04 nu=0.01 NSraw=0.4712 alpha(W1/W8/all)=0.59/0.39/0.48 | 0.76 it/s
[Iter 34100/50000] Total=0.26203 | NS=0.25221 CO2(scaled)=0.00107 CO2_weight=1.00 guide_w=54.2 Walls=0.00069(x10) g_ns/g_walls=7.66 Windows=0.00153 Doors=0.00025 IC=0.00000 CO2_BC=0.00008 LR=1.66e-04 nu=0.01 NSraw=4.052 alpha(W1/W8/all)=0.59/0.39/0.48 | 0.76 it/s
[Iter 34110/50000] Total=0.08723 | NS=0.07732 CO2(scaled)=0.00099 CO2_weight=1.00 guide_w=54.2 Walls=0.00068(x10) g_ns/g_walls=7.66 Windows=0.00167 Doors=0.00033 IC=0.00000 CO2_BC=0.00009 LR=1.66e-04 nu=0.01 NSraw=0.1658 alpha(W1/W8/all)=0.59/0.39/0.48 | 0.76 it/s
[Iter 34120/50000] Total=0.13483 | NS=0.12553 CO2(scaled)=0.00118 CO2_weight=1.00 guide_w=54.2 Walls=0.00062(x10) g_ns/g_walls=7.66 Windows=0.00146 Doors=0.00034 IC=0.00000 CO2_BC=0.00011 LR=1.66e-04 nu=0.01 NSraw=0.5176 alpha(W1/W8/all)=0.59/0.39/0.48 | 0.76 it/s
[Iter 34130/50000] Total=0.11108 | NS=0.09955 CO2(scaled)=0.00108 CO2_weight=1.00 guide_w=54.2 Walls=0.00085(x10) g_ns/g_walls=7.66 Windows=0.00152 Doors=0.00030 IC=0.00000 CO2_BC=0.00009 LR=1.66e-04 nu=0.01 NSraw=0.3421 alpha(W1/W8/all)=0.59/0.39/0.48 | 0.76 it/s
[Iter 34140/50000] Total=0.09592 | NS=0.08486 CO2(scaled)=0.00178 CO2_weight=1.00 guide_w=54.2 Walls=0.00071(x10) g_ns/g_walls=7.66 Windows=0.00177 Doors=0.00031 IC=0.00000 CO2_BC=0.00008 LR=1.66e-04 nu=0.01 NSraw=0.1959 alpha(W1/W8/all)=0.59/0.39/0.48 | 0.76 it/s
[Iter 34150/50000] Total=0.09801 | NS=0.08833 CO2(scaled)=0.00127 CO2_weight=1.00 guide_w=54.2 Walls=0.00064(x10) g_ns/g_walls=7.66 Windows=0.00148 Doors=0.00041 IC=0.00000 CO2_BC=0.00009 LR=1.65e-04 nu=0.01 NSraw=0.3322 alpha(W1/W8/all)=0.59/0.39/0.48 | 0.76 it/s
[Iter 34160/50000] Total=0.35067 | NS=0.33501 CO2(scaled)=0.00126 CO2_weight=1.00 guide_w=54.2 Walls=0.00119(x10) g_ns/g_walls=7.66 Windows=0.00206 Doors=0.00035 IC=0.00000 CO2_BC=0.00010 LR=1.65e-04 nu=0.01 NSraw=6.477 alpha(W1/W8/all)=0.59/0.39/0.48 | 0.76 it/s
[Iter 34170/50000] Total=0.08591 | NS=0.07918 CO2(scaled)=0.00087 CO2_weight=1.00 guide_w=54.2 Walls=0.00043(x10) g_ns/g_walls=7.66 Windows=0.00121 Doors=0.00027 IC=0.00000 CO2_BC=0.00008 LR=1.65e-04 nu=0.01 NSraw=0.1784 alpha(W1/W8/all)=0.59/0.39/0.48 | 0.76 it/s
[Iter 34180/50000] Total=0.07356 | NS=0.06274 CO2(scaled)=0.00109 CO2_weight=1.00 guide_w=54.2 Walls=0.00085(x10) g_ns/g_walls=7.66 Windows=0.00080 Doors=0.00033 IC=0.00000 CO2_BC=0.00008 LR=1.65e-04 nu=0.01 NSraw=0.2004 alpha(W1/W8/all)=0.59/0.39/0.48 | 0.76 it/s
[Iter 34190/50000] Total=0.21374 | NS=0.20773 CO2(scaled)=0.00091 CO2_weight=1.00 guide_w=54.2 Walls=0.00039(x10) g_ns/g_walls=7.66 Windows=0.00088 Doors=0.00026 IC=0.00000 CO2_BC=0.00008 LR=1.65e-04 nu=0.01 NSraw=1.123 alpha(W1/W8/all)=0.59/0.39/0.48 | 0.76 it/s
[Iter 34200/50000] Total=0.31517 | NS=0.30642 CO2(scaled)=0.00125 CO2_weight=1.00 guide_w=97.8 Walls=0.00058(x10) g_ns/g_walls=13 Windows=0.00135 Doors=0.00028 IC=0.00000 CO2_BC=0.00009 LR=1.65e-04 nu=0.01 NSraw=5.967 alpha(W1/W8/all)=0.59/0.39/0.48 | 0.76 it/s
[Iter 34210/50000] Total=0.06565 | NS=0.05759 CO2(scaled)=0.00075 CO2_weight=1.00 guide_w=97.8 Walls=0.00061(x10) g_ns/g_walls=13 Windows=0.00084 Doors=0.00029 IC=0.00000 CO2_BC=0.00011 LR=1.65e-04 nu=0.01 NSraw=0.1529 alpha(W1/W8/all)=0.59/0.39/0.48 | 0.76 it/s
[Iter 34220/50000] Total=0.12874 | NS=0.11090 CO2(scaled)=0.00253 CO2_weight=1.00 guide_w=97.8 Walls=0.00134(x10) g_ns/g_walls=13 Windows=0.00153 Doors=0.00030 IC=0.00000 CO2_BC=0.00010 LR=1.65e-04 nu=0.01 NSraw=0.3341 alpha(W1/W8/all)=0.59/0.39/0.48 | 0.76 it/s
[Iter 34230/50000] Total=0.09463 | NS=0.08914 CO2(scaled)=0.00115 CO2_weight=1.00 guide_w=97.8 Walls=0.00032(x10) g_ns/g_walls=13 Windows=0.00088 Doors=0.00020 IC=0.00000 CO2_BC=0.00009 LR=1.65e-04 nu=0.01 NSraw=0.2127 alpha(W1/W8/all)=0.59/0.39/0.48 | 0.76 it/s
[Iter 34240/50000] Total=0.15316 | NS=0.14146 CO2(scaled)=0.00111 CO2_weight=1.00 guide_w=97.8 Walls=0.00095(x10) g_ns/g_walls=13 Windows=0.00082 Doors=0.00020 IC=0.00000 CO2_BC=0.00009 LR=1.65e-04 nu=0.01 NSraw=0.4228 alpha(W1/W8/all)=0.59/0.39/0.48 | 0.76 it/s
[Iter 34250/50000] Total=0.20820 | NS=0.19214 CO2(scaled)=0.00207 CO2_weight=1.00 guide_w=97.8 Walls=0.00119(x10) g_ns/g_walls=13 Windows=0.00174 Doors=0.00023 IC=0.00000 CO2_BC=0.00011 LR=1.65e-04 nu=0.01 NSraw=0.7538 alpha(W1/W8/all)=0.59/0.39/0.48 | 0.76 it/s
[Iter 34260/50000] Total=0.16251 | NS=0.14786 CO2(scaled)=0.00137 CO2_weight=1.00 guide_w=97.8 Walls=0.00112(x10) g_ns/g_walls=13 Windows=0.00165 Doors=0.00031 IC=0.00000 CO2_BC=0.00013 LR=1.65e-04 nu=0.01 NSraw=0.5255 alpha(W1/W8/all)=0.59/0.39/0.48 | 0.76 it/s
[Iter 34270/50000] Total=0.14453 | NS=0.12506 CO2(scaled)=0.00190 CO2_weight=1.00 guide_w=97.8 Walls=0.00152(x10) g_ns/g_walls=13 Windows=0.00203 Doors=0.00021 IC=0.00000 CO2_BC=0.00010 LR=1.64e-04 nu=0.01 NSraw=0.4482 alpha(W1/W8/all)=0.59/0.39/0.48 | 0.76 it/s
[Iter 34280/50000] Total=0.10032 | NS=0.09030 CO2(scaled)=0.00129 CO2_weight=1.00 guide_w=97.8 Walls=0.00071(x10) g_ns/g_walls=13 Windows=0.00122 Doors=0.00032 IC=0.00000 CO2_BC=0.00009 LR=1.64e-04 nu=0.01 NSraw=0.2765 alpha(W1/W8/all)=0.59/0.39/0.48 | 0.76 it/s
[Iter 34290/50000] Total=0.64405 | NS=0.62911 CO2(scaled)=0.00155 CO2_weight=1.00 guide_w=97.8 Walls=0.00115(x10) g_ns/g_walls=13 Windows=0.00134 Doors=0.00038 IC=0.00000 CO2_BC=0.00011 LR=1.64e-04 nu=0.01 NSraw=10.68 alpha(W1/W8/all)=0.59/0.39/0.48 | 0.76 it/s
[Iter 34300/50000] Total=0.10005 | NS=0.08920 CO2(scaled)=0.00112 CO2_weight=1.00 guide_w=3.47 Walls=0.00082(x10) g_ns/g_walls=0.308 Windows=0.00087 Doors=0.00048 IC=0.00000 CO2_BC=0.00013 LR=1.64e-04 nu=0.01 NSraw=0.1972 alpha(W1/W8/all)=0.59/0.39/0.48 | 0.76 it/s
[Iter 34310/50000] Total=0.08346 | NS=0.07374 CO2(scaled)=0.00137 CO2_weight=1.00 guide_w=3.47 Walls=0.00066(x10) g_ns/g_walls=0.308 Windows=0.00118 Doors=0.00051 IC=0.00000 CO2_BC=0.00011 LR=1.64e-04 nu=0.01 NSraw=0.1451 alpha(W1/W8/all)=0.59/0.39/0.48 | 0.76 it/s
[Iter 34320/50000] Total=0.08382 | NS=0.07626 CO2(scaled)=0.00142 CO2_weight=1.00 guide_w=3.47 Walls=0.00048(x10) g_ns/g_walls=0.308 Windows=0.00088 Doors=0.00038 IC=0.00000 CO2_BC=0.00012 LR=1.64e-04 nu=0.01 NSraw=0.151 alpha(W1/W8/all)=0.59/0.39/0.48 | 0.76 it/s
[Iter 34330/50000] Total=0.15648 | NS=0.14784 CO2(scaled)=0.00112 CO2_weight=1.00 guide_w=3.47 Walls=0.00062(x10) g_ns/g_walls=0.308 Windows=0.00080 Doors=0.00042 IC=0.00000 CO2_BC=0.00006 LR=1.64e-04 nu=0.01 NSraw=0.852 alpha(W1/W8/all)=0.59/0.39/0.48 | 0.76 it/s
[Iter 34340/50000] Total=0.07445 | NS=0.06360 CO2(scaled)=0.00112 CO2_weight=1.00 guide_w=3.47 Walls=0.00082(x10) g_ns/g_walls=0.308 Windows=0.00122 Doors=0.00026 IC=0.00000 CO2_BC=0.00009 LR=1.64e-04 nu=0.01 NSraw=0.1572 alpha(W1/W8/all)=0.59/0.39/0.48 | 0.76 it/s
[Iter 34350/50000] Total=2.09880 | NS=2.08998 CO2(scaled)=0.00109 CO2_weight=1.00 guide_w=3.47 Walls=0.00063(x10) g_ns/g_walls=0.308 Windows=0.00105 Doors=0.00032 IC=0.00000 CO2_BC=0.00010 LR=1.64e-04 nu=0.01 NSraw=286.7 alpha(W1/W8/all)=0.59/0.39/0.48 | 0.76 it/s
[Iter 34360/50000] Total=0.16595 | NS=0.15304 CO2(scaled)=0.00105 CO2_weight=1.00 guide_w=3.47 Walls=0.00103(x10) g_ns/g_walls=0.308 Windows=0.00106 Doors=0.00034 IC=0.00000 CO2_BC=0.00012 LR=1.64e-04 nu=0.01 NSraw=0.5119 alpha(W1/W8/all)=0.59/0.39/0.48 | 0.76 it/s
[Iter 34370/50000] Total=0.27939 | NS=0.26498 CO2(scaled)=0.00147 CO2_weight=1.00 guide_w=3.47 Walls=0.00106(x10) g_ns/g_walls=0.308 Windows=0.00183 Doors=0.00044 IC=0.00000 CO2_BC=0.00009 LR=1.64e-04 nu=0.01 NSraw=1.342 alpha(W1/W8/all)=0.59/0.39/0.48 | 0.76 it/s
[Iter 34380/50000] Total=0.11395 | NS=0.10121 CO2(scaled)=0.00108 CO2_weight=1.00 guide_w=3.47 Walls=0.00100(x10) g_ns/g_walls=0.308 Windows=0.00117 Doors=0.00039 IC=0.00000 CO2_BC=0.00010 LR=1.63e-04 nu=0.01 NSraw=0.3203 alpha(W1/W8/all)=0.59/0.39/0.48 | 0.76 it/s
[Iter 34390/50000] Total=0.12383 | NS=0.11551 CO2(scaled)=0.00117 CO2_weight=1.00 guide_w=3.47 Walls=0.00057(x10) g_ns/g_walls=0.308 Windows=0.00098 Doors=0.00042 IC=0.00000 CO2_BC=0.00009 LR=1.63e-04 nu=0.01 NSraw=0.475 alpha(W1/W8/all)=0.59/0.39/0.48 | 0.76 it/s
[Iter 34400/50000] Total=1.32694 | NS=1.31977 CO2(scaled)=0.00127 CO2_weight=1.00 guide_w=134 Walls=0.00045(x10) g_ns/g_walls=35.9 Windows=0.00085 Doors=0.00040 IC=0.00000 CO2_BC=0.00010 LR=1.63e-04 nu=0.01 NSraw=146.8 alpha(W1/W8/all)=0.59/0.39/0.48 | 0.76 it/s
[Iter 34410/50000] Total=0.15953 | NS=0.14733 CO2(scaled)=0.00138 CO2_weight=1.00 guide_w=134 Walls=0.00092(x10) g_ns/g_walls=35.9 Windows=0.00111 Doors=0.00040 IC=0.00000 CO2_BC=0.00008 LR=1.63e-04 nu=0.01 NSraw=0.5591 alpha(W1/W8/all)=0.59/0.39/0.48 | 0.76 it/s
[Iter 34420/50000] Total=0.29731 | NS=0.28490 CO2(scaled)=0.00114 CO2_weight=1.00 guide_w=134 Walls=0.00098(x10) g_ns/g_walls=35.9 Windows=0.00098 Doors=0.00036 IC=0.00000 CO2_BC=0.00009 LR=1.63e-04 nu=0.01 NSraw=1.354 alpha(W1/W8/all)=0.59/0.39/0.48 | 0.76 it/s
[Iter 34430/50000] Total=0.42564 | NS=0.42005 CO2(scaled)=0.00139 CO2_weight=1.00 guide_w=134 Walls=0.00027(x10) g_ns/g_walls=35.9 Windows=0.00093 Doors=0.00045 IC=0.00000 CO2_BC=0.00009 LR=1.63e-04 nu=0.01 NSraw=12.36 alpha(W1/W8/all)=0.59/0.39/0.48 | 0.76 it/s
[Iter 34440/50000] Total=0.18823 | NS=0.17166 CO2(scaled)=0.00167 CO2_weight=1.00 guide_w=134 Walls=0.00135(x10) g_ns/g_walls=35.9 Windows=0.00085 Doors=0.00045 IC=0.00000 CO2_BC=0.00009 LR=1.63e-04 nu=0.01 NSraw=0.5918 alpha(W1/W8/all)=0.59/0.39/0.48 | 0.76 it/s
[Iter 34450/50000] Total=0.33787 | NS=0.33131 CO2(scaled)=0.00102 CO2_weight=1.00 guide_w=134 Walls=0.00041(x10) g_ns/g_walls=35.9 Windows=0.00090 Doors=0.00047 IC=0.00000 CO2_BC=0.00008 LR=1.63e-04 nu=0.01 NSraw=1.939 alpha(W1/W8/all)=0.59/0.39/0.48 | 0.76 it/s
[Iter 34460/50000] Total=0.28063 | NS=0.27390 CO2(scaled)=0.00135 CO2_weight=1.00 guide_w=134 Walls=0.00038(x10) g_ns/g_walls=35.9 Windows=0.00113 Doors=0.00040 IC=0.00000 CO2_BC=0.00007 LR=1.63e-04 nu=0.01 NSraw=2.132 alpha(W1/W8/all)=0.59/0.39/0.48 | 0.76 it/s
[Iter 34470/50000] Total=0.20543 | NS=0.18806 CO2(scaled)=0.00108 CO2_weight=1.00 guide_w=134 Walls=0.00137(x10) g_ns/g_walls=35.9 Windows=0.00217 Doors=0.00039 IC=0.00000 CO2_BC=0.00007 LR=1.63e-04 nu=0.01 NSraw=1.238 alpha(W1/W8/all)=0.59/0.39/0.48 | 0.76 it/s
[Iter 34480/50000] Total=0.05446 | NS=0.03454 CO2(scaled)=0.00139 CO2_weight=1.00 guide_w=134 Walls=0.00160(x10) g_ns/g_walls=35.9 Windows=0.00196 Doors=0.00043 IC=0.00000 CO2_BC=0.00009 LR=1.63e-04 nu=0.01 NSraw=0.04119 alpha(W1/W8/all)=0.59/0.39/0.48 | 0.76 it/s
[Iter 34490/50000] Total=0.06941 | NS=0.06107 CO2(scaled)=0.00127 CO2_weight=1.00 guide_w=134 Walls=0.00057(x10) g_ns/g_walls=35.9 Windows=0.00087 Doors=0.00041 IC=0.00000 CO2_BC=0.00009 LR=1.63e-04 nu=0.01 NSraw=0.1627 alpha(W1/W8/all)=0.59/0.39/0.48 | 0.76 it/s
[Iter 34500/50000] Total=0.05744 | NS=0.05042 CO2(scaled)=0.00096 CO2_weight=1.00 guide_w=25.8 Walls=0.00042(x10) g_ns/g_walls=4.91 Windows=0.00127 Doors=0.00046 IC=0.00000 CO2_BC=0.00010 LR=1.62e-04 nu=0.01 NSraw=0.08076 alpha(W1/W8/all)=0.59/0.39/0.48 | 0.76 it/s
[Iter 34510/50000] Total=0.22844 | NS=0.21900 CO2(scaled)=0.00098 CO2_weight=1.00 guide_w=25.8 Walls=0.00069(x10) g_ns/g_walls=4.91 Windows=0.00114 Doors=0.00039 IC=0.00000 CO2_BC=0.00008 LR=1.62e-04 nu=0.01 NSraw=0.9602 alpha(W1/W8/all)=0.59/0.39/0.48 | 0.76 it/s
[Iter 34520/50000] Total=0.08084 | NS=0.07004 CO2(scaled)=0.00184 CO2_weight=1.00 guide_w=25.8 Walls=0.00072(x10) g_ns/g_walls=4.91 Windows=0.00121 Doors=0.00045 IC=0.00000 CO2_BC=0.00010 LR=1.62e-04 nu=0.01 NSraw=0.1549 alpha(W1/W8/all)=0.59/0.39/0.48 | 0.76 it/s
[Iter 34530/50000] Total=0.51366 | NS=0.49930 CO2(scaled)=0.00113 CO2_weight=1.00 guide_w=25.8 Walls=0.00116(x10) g_ns/g_walls=4.91 Windows=0.00124 Doors=0.00035 IC=0.00000 CO2_BC=0.00008 LR=1.62e-04 nu=0.01 NSraw=22.2 alpha(W1/W8/all)=0.59/0.39/0.48 | 0.76 it/s
[Iter 34540/50000] Total=0.78633 | NS=0.77902 CO2(scaled)=0.00098 CO2_weight=1.00 guide_w=25.8 Walls=0.00051(x10) g_ns/g_walls=4.91 Windows=0.00085 Doors=0.00035 IC=0.00000 CO2_BC=0.00009 LR=1.62e-04 nu=0.01 NSraw=15.96 alpha(W1/W8/all)=0.59/0.39/0.48 | 0.76 it/s
[Iter 34550/50000] Total=2.07098 | NS=2.06467 CO2(scaled)=0.00106 CO2_weight=1.00 guide_w=25.8 Walls=0.00037(x10) g_ns/g_walls=4.91 Windows=0.00116 Doors=0.00032 IC=0.00000 CO2_BC=0.00008 LR=1.62e-04 nu=0.01 NSraw=363.1 alpha(W1/W8/all)=0.59/0.39/0.48 | 0.76 it/s
[Iter 34560/50000] Total=0.36723 | NS=0.35614 CO2(scaled)=0.00106 CO2_weight=1.00 guide_w=25.8 Walls=0.00083(x10) g_ns/g_walls=4.91 Windows=0.00132 Doors=0.00031 IC=0.00000 CO2_BC=0.00010 LR=1.62e-04 nu=0.01 NSraw=5.616 alpha(W1/W8/all)=0.59/0.39/0.48 | 0.76 it/s
[Iter 34570/50000] Total=0.87565 | NS=0.86277 CO2(scaled)=0.00132 CO2_weight=1.00 guide_w=25.8 Walls=0.00100(x10) g_ns/g_walls=4.91 Windows=0.00116 Doors=0.00028 IC=0.00000 CO2_BC=0.00008 LR=1.62e-04 nu=0.01 NSraw=22.03 alpha(W1/W8/all)=0.59/0.39/0.48 | 0.76 it/s
[Iter 34580/50000] Total=0.11125 | NS=0.10344 CO2(scaled)=0.00111 CO2_weight=1.00 guide_w=25.8 Walls=0.00054(x10) g_ns/g_walls=4.91 Windows=0.00085 Doors=0.00033 IC=0.00000 CO2_BC=0.00013 LR=1.62e-04 nu=0.01 NSraw=0.4111 alpha(W1/W8/all)=0.59/0.39/0.48 | 0.76 it/s
[Iter 34590/50000] Total=0.10117 | NS=0.09473 CO2(scaled)=0.00109 CO2_weight=1.00 guide_w=25.8 Walls=0.00039(x10) g_ns/g_walls=4.91 Windows=0.00109 Doors=0.00032 IC=0.00000 CO2_BC=0.00007 LR=1.62e-04 nu=0.01 NSraw=0.2423 alpha(W1/W8/all)=0.59/0.39/0.48 | 0.76 it/s
[Iter 34600/50000] Total=0.32422 | NS=0.31603 CO2(scaled)=0.00121 CO2_weight=1.00 guide_w=12.1 Walls=0.00057(x10) g_ns/g_walls=2.41 Windows=0.00099 Doors=0.00025 IC=0.00000 CO2_BC=0.00009 LR=1.62e-04 nu=0.01 NSraw=7.098 alpha(W1/W8/all)=0.59/0.39/0.48 | 0.76 it/s
[Iter 34610/50000] Total=0.09026 | NS=0.08467 CO2(scaled)=0.00096 CO2_weight=1.00 guide_w=12.1 Walls=0.00033(x10) g_ns/g_walls=2.41 Windows=0.00097 Doors=0.00023 IC=0.00000 CO2_BC=0.00010 LR=1.61e-04 nu=0.01 NSraw=0.2114 alpha(W1/W8/all)=0.59/0.39/0.48 | 0.76 it/s
[Iter 34620/50000] Total=0.08835 | NS=0.08254 CO2(scaled)=0.00114 CO2_weight=1.00 guide_w=12.1 Walls=0.00037(x10) g_ns/g_walls=2.41 Windows=0.00060 Doors=0.00030 IC=0.00000 CO2_BC=0.00008 LR=1.61e-04 nu=0.01 NSraw=0.2145 alpha(W1/W8/all)=0.59/0.39/0.48 | 0.76 it/s
[Iter 34630/50000] Total=0.85109 | NS=0.84623 CO2(scaled)=0.00102 CO2_weight=1.00 guide_w=12.1 Walls=0.00024(x10) g_ns/g_walls=2.41 Windows=0.00092 Doors=0.00038 IC=0.00000 CO2_BC=0.00009 LR=1.61e-04 nu=0.01 NSraw=64.78 alpha(W1/W8/all)=0.59/0.39/0.48 | 0.76 it/s
[Iter 34640/50000] Total=0.08354 | NS=0.07727 CO2(scaled)=0.00103 CO2_weight=1.00 guide_w=12.1 Walls=0.00039(x10) g_ns/g_walls=2.41 Windows=0.00095 Doors=0.00033 IC=0.00000 CO2_BC=0.00007 LR=1.61e-04 nu=0.01 NSraw=0.1983 alpha(W1/W8/all)=0.59/0.39/0.48 | 0.76 it/s
[Iter 34650/50000] Total=0.05751 | NS=0.05314 CO2(scaled)=0.00096 CO2_weight=1.00 guide_w=12.1 Walls=0.00021(x10) g_ns/g_walls=2.41 Windows=0.00079 Doors=0.00041 IC=0.00000 CO2_BC=0.00010 LR=1.61e-04 nu=0.01 NSraw=0.09774 alpha(W1/W8/all)=0.59/0.39/0.48 | 0.76 it/s
[Iter 34660/50000] Total=0.18012 | NS=0.16865 CO2(scaled)=0.00175 CO2_weight=1.00 guide_w=12.1 Walls=0.00081(x10) g_ns/g_walls=2.41 Windows=0.00120 Doors=0.00032 IC=0.00000 CO2_BC=0.00010 LR=1.61e-04 nu=0.01 NSraw=0.8477 alpha(W1/W8/all)=0.59/0.39/0.48 | 0.76 it/s
[Iter 34670/50000] Total=0.10498 | NS=0.09825 CO2(scaled)=0.00179 CO2_weight=1.00 guide_w=12.1 Walls=0.00037(x10) g_ns/g_walls=2.41 Windows=0.00091 Doors=0.00023 IC=0.00000 CO2_BC=0.00009 LR=1.61e-04 nu=0.01 NSraw=0.3869 alpha(W1/W8/all)=0.59/0.39/0.48 | 0.76 it/s
[Iter 34680/50000] Total=0.42929 | NS=0.42026 CO2(scaled)=0.00152 CO2_weight=1.00 guide_w=12.1 Walls=0.00062(x10) g_ns/g_walls=2.41 Windows=0.00091 Doors=0.00039 IC=0.00000 CO2_BC=0.00006 LR=1.61e-04 nu=0.01 NSraw=13.97 alpha(W1/W8/all)=0.59/0.39/0.48 | 0.76 it/s
[Iter 34690/50000] Total=0.02299 | NS=0.01552 CO2(scaled)=0.00134 CO2_weight=1.00 guide_w=12.1 Walls=0.00049(x10) g_ns/g_walls=2.41 Windows=0.00078 Doors=0.00034 IC=0.00000 CO2_BC=0.00008 LR=1.61e-04 nu=0.01 NSraw=0.01901 alpha(W1/W8/all)=0.59/0.39/0.48 | 0.76 it/s
[Iter 34700/50000] Total=0.17197 | NS=0.16378 CO2(scaled)=0.00176 CO2_weight=1.00 guide_w=9.06 Walls=0.00051(x10) g_ns/g_walls=2.58 Windows=0.00099 Doors=0.00030 IC=0.00000 CO2_BC=0.00008 LR=1.61e-04 nu=0.01 NSraw=0.6481 alpha(W1/W8/all)=0.59/0.39/0.48 | 0.76 it/s
[Iter 34710/50000] Total=0.05889 | NS=0.05370 CO2(scaled)=0.00120 CO2_weight=1.00 guide_w=9.06 Walls=0.00029(x10) g_ns/g_walls=2.58 Windows=0.00074 Doors=0.00027 IC=0.00000 CO2_BC=0.00009 LR=1.61e-04 nu=0.01 NSraw=0.09396 alpha(W1/W8/all)=0.59/0.39/0.48 | 0.76 it/s
[Iter 34720/50000] Total=0.40627 | NS=0.39618 CO2(scaled)=0.00162 CO2_weight=1.00 guide_w=9.06 Walls=0.00069(x10) g_ns/g_walls=2.58 Windows=0.00118 Doors=0.00034 IC=0.00000 CO2_BC=0.00009 LR=1.61e-04 nu=0.01 NSraw=12.01 alpha(W1/W8/all)=0.59/0.39/0.48 | 0.76 it/s
[Iter 34730/50000] Total=0.11578 | NS=0.09764 CO2(scaled)=0.00341 CO2_weight=1.00 guide_w=9.06 Walls=0.00130(x10) g_ns/g_walls=2.58 Windows=0.00133 Doors=0.00037 IC=0.00000 CO2_BC=0.00008 LR=1.60e-04 nu=0.01 NSraw=0.2303 alpha(W1/W8/all)=0.59/0.39/0.48 | 0.76 it/s
[Iter 34740/50000] Total=0.10342 | NS=0.09509 CO2(scaled)=0.00141 CO2_weight=1.00 guide_w=9.06 Walls=0.00054(x10) g_ns/g_walls=2.58 Windows=0.00104 Doors=0.00036 IC=0.00000 CO2_BC=0.00009 LR=1.60e-04 nu=0.01 NSraw=0.2362 alpha(W1/W8/all)=0.59/0.39/0.48 | 0.76 it/s
[Iter 34750/50000] Total=0.10501 | NS=0.09571 CO2(scaled)=0.00110 CO2_weight=1.00 guide_w=9.06 Walls=0.00064(x10) g_ns/g_walls=2.58 Windows=0.00137 Doors=0.00030 IC=0.00000 CO2_BC=0.00010 LR=1.60e-04 nu=0.01 NSraw=0.3907 alpha(W1/W8/all)=0.59/0.39/0.48 | 0.76 it/s
[Iter 34760/50000] Total=0.36956 | NS=0.36119 CO2(scaled)=0.00117 CO2_weight=1.00 guide_w=9.06 Walls=0.00058(x10) g_ns/g_walls=2.58 Windows=0.00101 Doors=0.00033 IC=0.00000 CO2_BC=0.00009 LR=1.60e-04 nu=0.01 NSraw=2.371 alpha(W1/W8/all)=0.59/0.39/0.48 | 0.76 it/s
[Iter 34770/50000] Total=0.16787 | NS=0.16071 CO2(scaled)=0.00108 CO2_weight=1.00 guide_w=9.06 Walls=0.00046(x10) g_ns/g_walls=2.58 Windows=0.00104 Doors=0.00033 IC=0.00000 CO2_BC=0.00009 LR=1.60e-04 nu=0.01 NSraw=0.832 alpha(W1/W8/all)=0.59/0.39/0.48 | 0.76 it/s
[Iter 34780/50000] Total=0.07031 | NS=0.05999 CO2(scaled)=0.00103 CO2_weight=1.00 guide_w=9.06 Walls=0.00077(x10) g_ns/g_walls=2.58 Windows=0.00111 Doors=0.00038 IC=0.00000 CO2_BC=0.00008 LR=1.60e-04 nu=0.01 NSraw=0.1206 alpha(W1/W8/all)=0.59/0.39/0.48 | 0.76 it/s
[Iter 34790/50000] Total=0.06770 | NS=0.05841 CO2(scaled)=0.00121 CO2_weight=1.00 guide_w=9.06 Walls=0.00064(x10) g_ns/g_walls=2.58 Windows=0.00119 Doors=0.00040 IC=0.00000 CO2_BC=0.00008 LR=1.60e-04 nu=0.01 NSraw=0.08284 alpha(W1/W8/all)=0.59/0.39/0.48 | 0.76 it/s
[Iter 34800/50000] Total=0.09551 | NS=0.08268 CO2(scaled)=0.00182 CO2_weight=1.00 guide_w=12.1 Walls=0.00087(x10) g_ns/g_walls=2.25 Windows=0.00177 Doors=0.00041 IC=0.00000 CO2_BC=0.00009 LR=1.60e-04 nu=0.01 NSraw=0.1518 alpha(W1/W8/all)=0.59/0.39/0.48 | 0.76 it/s
[Iter 34810/50000] Total=0.18711 | NS=0.17771 CO2(scaled)=0.00121 CO2_weight=1.00 guide_w=12.1 Walls=0.00068(x10) g_ns/g_walls=2.25 Windows=0.00096 Doors=0.00037 IC=0.00000 CO2_BC=0.00008 LR=1.60e-04 nu=0.01 NSraw=1.28 alpha(W1/W8/all)=0.59/0.39/0.48 | 0.76 it/s
[Iter 34820/50000] Total=0.16995 | NS=0.16360 CO2(scaled)=0.00149 CO2_weight=1.00 guide_w=12.1 Walls=0.00036(x10) g_ns/g_walls=2.25 Windows=0.00085 Doors=0.00029 IC=0.00000 CO2_BC=0.00008 LR=1.60e-04 nu=0.01 NSraw=0.574 alpha(W1/W8/all)=0.59/0.39/0.48 | 0.76 it/s
[Iter 34830/50000] Total=0.08303 | NS=0.07548 CO2(scaled)=0.00125 CO2_weight=1.00 guide_w=12.1 Walls=0.00051(x10) g_ns/g_walls=2.25 Windows=0.00071 Doors=0.00044 IC=0.00000 CO2_BC=0.00007 LR=1.60e-04 nu=0.01 NSraw=0.2309 alpha(W1/W8/all)=0.59/0.39/0.48 | 0.76 it/s
[Iter 34840/50000] Total=0.22818 | NS=0.21458 CO2(scaled)=0.00127 CO2_weight=1.00 guide_w=12.1 Walls=0.00102(x10) g_ns/g_walls=2.25 Windows=0.00171 Doors=0.00033 IC=0.00000 CO2_BC=0.00009 LR=1.60e-04 nu=0.01 NSraw=1.02 alpha(W1/W8/all)=0.59/0.39/0.48 | 0.76 it/s
[Iter 34850/50000] Total=0.05062 | NS=0.03931 CO2(scaled)=0.00134 CO2_weight=1.00 guide_w=12.1 Walls=0.00081(x10) g_ns/g_walls=2.25 Windows=0.00143 Doors=0.00034 IC=0.00000 CO2_BC=0.00007 LR=1.59e-04 nu=0.01 NSraw=0.0576 alpha(W1/W8/all)=0.59/0.39/0.48 | 0.76 it/s
[Iter 34860/50000] Total=0.26335 | NS=0.25337 CO2(scaled)=0.00103 CO2_weight=1.00 guide_w=12.1 Walls=0.00075(x10) g_ns/g_walls=2.25 Windows=0.00101 Doors=0.00036 IC=0.00000 CO2_BC=0.00009 LR=1.59e-04 nu=0.01 NSraw=3.293 alpha(W1/W8/all)=0.59/0.39/0.48 | 0.76 it/s
[Iter 34870/50000] Total=0.10915 | NS=0.10312 CO2(scaled)=0.00088 CO2_weight=1.00 guide_w=12.1 Walls=0.00039(x10) g_ns/g_walls=2.25 Windows=0.00081 Doors=0.00037 IC=0.00000 CO2_BC=0.00010 LR=1.59e-04 nu=0.01 NSraw=0.5555 alpha(W1/W8/all)=0.59/0.39/0.48 | 0.76 it/s
[Iter 34880/50000] Total=0.05940 | NS=0.05316 CO2(scaled)=0.00093 CO2_weight=1.00 guide_w=12.1 Walls=0.00040(x10) g_ns/g_walls=2.25 Windows=0.00085 Doors=0.00037 IC=0.00000 CO2_BC=0.00009 LR=1.59e-04 nu=0.01 NSraw=0.07793 alpha(W1/W8/all)=0.59/0.39/0.48 | 0.76 it/s
[Iter 34890/50000] Total=0.09708 | NS=0.09056 CO2(scaled)=0.00102 CO2_weight=1.00 guide_w=12.1 Walls=0.00037(x10) g_ns/g_walls=2.25 Windows=0.00124 Doors=0.00042 IC=0.00000 CO2_BC=0.00008 LR=1.59e-04 nu=0.01 NSraw=0.4435 alpha(W1/W8/all)=0.59/0.39/0.48 | 0.76 it/s
[Iter 34900/50000] Total=0.11078 | NS=0.10029 CO2(scaled)=0.00192 CO2_weight=1.00 guide_w=2.69 Walls=0.00070(x10) g_ns/g_walls=0.519 Windows=0.00125 Doors=0.00025 IC=0.00000 CO2_BC=0.00008 LR=1.59e-04 nu=0.01 NSraw=0.2728 alpha(W1/W8/all)=0.59/0.39/0.48 | 0.76 it/s
[Iter 34910/50000] Total=0.11217 | NS=0.10526 CO2(scaled)=0.00137 CO2_weight=1.00 guide_w=2.69 Walls=0.00041(x10) g_ns/g_walls=0.519 Windows=0.00096 Doors=0.00040 IC=0.00000 CO2_BC=0.00009 LR=1.59e-04 nu=0.01 NSraw=0.3332 alpha(W1/W8/all)=0.59/0.39/0.48 | 0.76 it/s
[Iter 34920/50000] Total=0.93790 | NS=0.92928 CO2(scaled)=0.00124 CO2_weight=1.00 guide_w=2.69 Walls=0.00057(x10) g_ns/g_walls=0.519 Windows=0.00119 Doors=0.00038 IC=0.00000 CO2_BC=0.00009 LR=1.59e-04 nu=0.01 NSraw=53.65 alpha(W1/W8/all)=0.59/0.39/0.48 | 0.76 it/s
[Iter 34930/50000] Total=0.28153 | NS=0.27139 CO2(scaled)=0.00151 CO2_weight=1.00 guide_w=2.69 Walls=0.00071(x10) g_ns/g_walls=0.519 Windows=0.00095 Doors=0.00045 IC=0.00000 CO2_BC=0.00010 LR=1.59e-04 nu=0.01 NSraw=2.465 alpha(W1/W8/all)=0.59/0.39/0.48 | 0.76 it/s
[Iter 34940/50000] Total=0.59197 | NS=0.56844 CO2(scaled)=0.00214 CO2_weight=1.00 guide_w=2.69 Walls=0.00183(x10) g_ns/g_walls=0.519 Windows=0.00264 Doors=0.00038 IC=0.00000 CO2_BC=0.00009 LR=1.59e-04 nu=0.01 NSraw=8.44 alpha(W1/W8/all)=0.59/0.39/0.48 | 0.76 it/s
[Iter 34950/50000] Total=0.16127 | NS=0.14880 CO2(scaled)=0.00175 CO2_weight=1.00 guide_w=2.69 Walls=0.00091(x10) g_ns/g_walls=0.519 Windows=0.00121 Doors=0.00033 IC=0.00000 CO2_BC=0.00008 LR=1.59e-04 nu=0.01 NSraw=0.6096 alpha(W1/W8/all)=0.59/0.39/0.48 | 0.76 it/s
[Iter 34960/50000] Total=0.69237 | NS=0.68753 CO2(scaled)=0.00101 CO2_weight=1.00 guide_w=2.69 Walls=0.00025(x10) g_ns/g_walls=0.519 Windows=0.00084 Doors=0.00036 IC=0.00000 CO2_BC=0.00010 LR=1.59e-04 nu=0.01 NSraw=41.42 alpha(W1/W8/all)=0.59/0.39/0.48 | 0.76 it/s
[Iter 34970/50000] Total=0.24230 | NS=0.22473 CO2(scaled)=0.00130 CO2_weight=1.00 guide_w=2.69 Walls=0.00140(x10) g_ns/g_walls=0.519 Windows=0.00190 Doors=0.00026 IC=0.00000 CO2_BC=0.00008 LR=1.58e-04 nu=0.01 NSraw=0.8921 alpha(W1/W8/all)=0.59/0.39/0.48 | 0.76 it/s
[Iter 34980/50000] Total=0.42900 | NS=0.41321 CO2(scaled)=0.00108 CO2_weight=1.00 guide_w=2.69 Walls=0.00123(x10) g_ns/g_walls=0.519 Windows=0.00203 Doors=0.00026 IC=0.00000 CO2_BC=0.00009 LR=1.58e-04 nu=0.01 NSraw=2.912 alpha(W1/W8/all)=0.59/0.39/0.48 | 0.76 it/s
[Iter 34990/50000] Total=0.05535 | NS=0.04700 CO2(scaled)=0.00116 CO2_weight=1.00 guide_w=2.69 Walls=0.00059(x10) g_ns/g_walls=0.519 Windows=0.00086 Doors=0.00038 IC=0.00000 CO2_BC=0.00008 LR=1.58e-04 nu=0.01 NSraw=0.07027 alpha(W1/W8/all)=0.59/0.39/0.48 | 0.76 it/s
[Iter 35000/50000] Total=0.06553 | NS=0.05121 CO2(scaled)=0.00188 CO2_weight=1.00 guide_w=2.01 Walls=0.00107(x10) g_ns/g_walls=0.407 Windows=0.00135 Doors=0.00034 IC=0.00000 CO2_BC=0.00008 LR=1.58e-04 nu=0.01 NSraw=0.08408 alpha(W1/W8/all)=0.59/0.39/0.48 | 0.76 it/s
  -> saved checkpoint: /home/iai-labor/BuildingControlCFD/experiments/gnot/checkpoints/v25_nsuniform_r50k/gnot_v25_nsuniform_r50k_iter35000.pth
[Iter 35010/50000] Total=0.04600 | NS=0.03596 CO2(scaled)=0.00118 CO2_weight=1.00 guide_w=2.01 Walls=0.00073(x10) g_ns/g_walls=0.407 Windows=0.00123 Doors=0.00030 IC=0.00000 CO2_BC=0.00009 LR=1.58e-04 nu=0.01 NSraw=0.04722 alpha(W1/W8/all)=0.59/0.39/0.48 | 0.76 it/s
[Iter 35020/50000] Total=0.06527 | NS=0.05382 CO2(scaled)=0.00106 CO2_weight=1.00 guide_w=2.01 Walls=0.00090(x10) g_ns/g_walls=0.407 Windows=0.00103 Doors=0.00031 IC=0.00000 CO2_BC=0.00009 LR=1.58e-04 nu=0.01 NSraw=0.09556 alpha(W1/W8/all)=0.59/0.39/0.48 | 0.76 it/s
[Iter 35030/50000] Total=1.46897 | NS=1.46102 CO2(scaled)=0.00115 CO2_weight=1.00 guide_w=2.01 Walls=0.00054(x10) g_ns/g_walls=0.407 Windows=0.00092 Doors=0.00042 IC=0.00000 CO2_BC=0.00011 LR=1.58e-04 nu=0.01 NSraw=175.4 alpha(W1/W8/all)=0.59/0.39/0.48 | 0.76 it/s
[Iter 35040/50000] Total=0.09002 | NS=0.08317 CO2(scaled)=0.00124 CO2_weight=1.00 guide_w=2.01 Walls=0.00042(x10) g_ns/g_walls=0.407 Windows=0.00102 Doors=0.00032 IC=0.00000 CO2_BC=0.00010 LR=1.58e-04 nu=0.01 NSraw=0.234 alpha(W1/W8/all)=0.59/0.39/0.48 | 0.76 it/s
[Iter 35050/50000] Total=0.05861 | NS=0.05370 CO2(scaled)=0.00100 CO2_weight=1.00 guide_w=2.01 Walls=0.00024(x10) g_ns/g_walls=0.407 Windows=0.00107 Doors=0.00031 IC=0.00000 CO2_BC=0.00009 LR=1.58e-04 nu=0.01 NSraw=0.1161 alpha(W1/W8/all)=0.59/0.39/0.48 | 0.76 it/s
[Iter 35060/50000] Total=0.14618 | NS=0.13564 CO2(scaled)=0.00130 CO2_weight=1.00 guide_w=2.01 Walls=0.00072(x10) g_ns/g_walls=0.407 Windows=0.00161 Doors=0.00038 IC=0.00000 CO2_BC=0.00008 LR=1.58e-04 nu=0.01 NSraw=0.8099 alpha(W1/W8/all)=0.59/0.39/0.48 | 0.76 it/s
[Iter 35070/50000] Total=0.13897 | NS=0.12894 CO2(scaled)=0.00118 CO2_weight=1.00 guide_w=2.01 Walls=0.00078(x10) g_ns/g_walls=0.407 Windows=0.00073 Doors=0.00028 IC=0.00000 CO2_BC=0.00009 LR=1.58e-04 nu=0.01 NSraw=0.3443 alpha(W1/W8/all)=0.59/0.39/0.48 | 0.76 it/s
[Iter 35080/50000] Total=0.50738 | NS=0.49333 CO2(scaled)=0.00208 CO2_weight=1.00 guide_w=2.01 Walls=0.00102(x10) g_ns/g_walls=0.407 Windows=0.00130 Doors=0.00032 IC=0.00000 CO2_BC=0.00011 LR=1.58e-04 nu=0.01 NSraw=13.65 alpha(W1/W8/all)=0.59/0.39/0.48 | 0.76 it/s
[Iter 35090/50000] Total=0.16996 | NS=0.16280 CO2(scaled)=0.00089 CO2_weight=1.00 guide_w=2.01 Walls=0.00047(x10) g_ns/g_walls=0.407 Windows=0.00113 Doors=0.00036 IC=0.00000 CO2_BC=0.00009 LR=1.57e-04 nu=0.01 NSraw=0.6853 alpha(W1/W8/all)=0.59/0.39/0.48 | 0.76 it/s
[Iter 35100/50000] Total=0.20153 | NS=0.19645 CO2(scaled)=0.00114 CO2_weight=1.00 guide_w=101 Walls=0.00027(x10) g_ns/g_walls=40.2 Windows=0.00091 Doors=0.00026 IC=0.00000 CO2_BC=0.00009 LR=1.57e-04 nu=0.01 NSraw=0.9369 alpha(W1/W8/all)=0.59/0.39/0.48 | 0.76 it/s
[Iter 35110/50000] Total=0.23724 | NS=0.21473 CO2(scaled)=0.00225 CO2_weight=1.00 guide_w=101 Walls=0.00181(x10) g_ns/g_walls=40.2 Windows=0.00168 Doors=0.00043 IC=0.00000 CO2_BC=0.00009 LR=1.57e-04 nu=0.01 NSraw=2.424 alpha(W1/W8/all)=0.59/0.39/0.48 | 0.76 it/s
[Iter 35120/50000] Total=2.36835 | NS=2.35905 CO2(scaled)=0.00136 CO2_weight=1.00 guide_w=101 Walls=0.00064(x10) g_ns/g_walls=40.2 Windows=0.00107 Doors=0.00041 IC=0.00000 CO2_BC=0.00011 LR=1.57e-04 nu=0.01 NSraw=484.8 alpha(W1/W8/all)=0.59/0.39/0.48 | 0.76 it/s
[Iter 35130/50000] Total=0.04434 | NS=0.03643 CO2(scaled)=0.00173 CO2_weight=1.00 guide_w=101 Walls=0.00049(x10) g_ns/g_walls=40.2 Windows=0.00083 Doors=0.00039 IC=0.00000 CO2_BC=0.00009 LR=1.57e-04 nu=0.01 NSraw=0.05006 alpha(W1/W8/all)=0.59/0.39/0.48 | 0.76 it/s
[Iter 35140/50000] Total=1.33549 | NS=1.32446 CO2(scaled)=0.00090 CO2_weight=1.00 guide_w=101 Walls=0.00085(x10) g_ns/g_walls=40.2 Windows=0.00114 Doors=0.00036 IC=0.00000 CO2_BC=0.00008 LR=1.57e-04 nu=0.01 NSraw=148.7 alpha(W1/W8/all)=0.59/0.39/0.48 | 0.76 it/s
[Iter 35150/50000] Total=0.20119 | NS=0.19448 CO2(scaled)=0.00116 CO2_weight=1.00 guide_w=101 Walls=0.00043(x10) g_ns/g_walls=40.2 Windows=0.00085 Doors=0.00036 IC=0.00000 CO2_BC=0.00008 LR=1.57e-04 nu=0.01 NSraw=0.633 alpha(W1/W8/all)=0.59/0.39/0.48 | 0.76 it/s
[Iter 35160/50000] Total=0.10147 | NS=0.09450 CO2(scaled)=0.00128 CO2_weight=1.00 guide_w=101 Walls=0.00041(x10) g_ns/g_walls=40.2 Windows=0.00108 Doors=0.00040 IC=0.00000 CO2_BC=0.00010 LR=1.57e-04 nu=0.01 NSraw=0.3258 alpha(W1/W8/all)=0.59/0.39/0.48 | 0.76 it/s
[Iter 35170/50000] Total=0.13075 | NS=0.11570 CO2(scaled)=0.00248 CO2_weight=1.00 guide_w=101 Walls=0.00111(x10) g_ns/g_walls=40.2 Windows=0.00106 Doors=0.00032 IC=0.00000 CO2_BC=0.00011 LR=1.57e-04 nu=0.01 NSraw=0.3884 alpha(W1/W8/all)=0.59/0.39/0.48 | 0.76 it/s
[Iter 35180/50000] Total=0.51772 | NS=0.50418 CO2(scaled)=0.00247 CO2_weight=1.00 guide_w=101 Walls=0.00076(x10) g_ns/g_walls=40.2 Windows=0.00302 Doors=0.00033 IC=0.00000 CO2_BC=0.00010 LR=1.57e-04 nu=0.01 NSraw=18.34 alpha(W1/W8/all)=0.59/0.39/0.48 | 0.76 it/s
[Iter 35190/50000] Total=0.22737 | NS=0.21891 CO2(scaled)=0.00098 CO2_weight=1.00 guide_w=101 Walls=0.00061(x10) g_ns/g_walls=40.2 Windows=0.00097 Doors=0.00038 IC=0.00000 CO2_BC=0.00008 LR=1.57e-04 nu=0.01 NSraw=3.32 alpha(W1/W8/all)=0.59/0.39/0.48 | 0.76 it/s
[Iter 35200/50000] Total=0.23469 | NS=0.22875 CO2(scaled)=0.00113 CO2_weight=1.00 guide_w=27.7 Walls=0.00033(x10) g_ns/g_walls=6.2 Windows=0.00095 Doors=0.00042 IC=0.00000 CO2_BC=0.00010 LR=1.57e-04 nu=0.01 NSraw=1.014 alpha(W1/W8/all)=0.59/0.39/0.48 | 0.76 it/s
[Iter 35210/50000] Total=0.18529 | NS=0.17559 CO2(scaled)=0.00126 CO2_weight=1.00 guide_w=27.7 Walls=0.00068(x10) g_ns/g_walls=6.2 Windows=0.00111 Doors=0.00042 IC=0.00000 CO2_BC=0.00010 LR=1.56e-04 nu=0.01 NSraw=0.6913 alpha(W1/W8/all)=0.59/0.39/0.48 | 0.76 it/s
[Iter 35220/50000] Total=0.21474 | NS=0.20118 CO2(scaled)=0.00305 CO2_weight=1.00 guide_w=27.7 Walls=0.00080(x10) g_ns/g_walls=6.2 Windows=0.00209 Doors=0.00034 IC=0.00000 CO2_BC=0.00011 LR=1.56e-04 nu=0.01 NSraw=0.8725 alpha(W1/W8/all)=0.59/0.39/0.48 | 0.76 it/s
[Iter 35230/50000] Total=0.16869 | NS=0.16062 CO2(scaled)=0.00111 CO2_weight=1.00 guide_w=27.7 Walls=0.00050(x10) g_ns/g_walls=6.2 Windows=0.00142 Doors=0.00043 IC=0.00000 CO2_BC=0.00009 LR=1.56e-04 nu=0.01 NSraw=0.7747 alpha(W1/W8/all)=0.59/0.39/0.48 | 0.76 it/s
[Iter 35240/50000] Total=0.06151 | NS=0.05571 CO2(scaled)=0.00094 CO2_weight=1.00 guide_w=27.7 Walls=0.00037(x10) g_ns/g_walls=6.2 Windows=0.00062 Doors=0.00046 IC=0.00000 CO2_BC=0.00008 LR=1.56e-04 nu=0.01 NSraw=0.1151 alpha(W1/W8/all)=0.59/0.39/0.48 | 0.76 it/s
[Iter 35250/50000] Total=0.09605 | NS=0.08591 CO2(scaled)=0.00097 CO2_weight=1.00 guide_w=27.7 Walls=0.00073(x10) g_ns/g_walls=6.2 Windows=0.00141 Doors=0.00037 IC=0.00000 CO2_BC=0.00009 LR=1.56e-04 nu=0.01 NSraw=0.1912 alpha(W1/W8/all)=0.59/0.39/0.48 | 0.76 it/s
[Iter 35260/50000] Total=0.09174 | NS=0.08205 CO2(scaled)=0.00111 CO2_weight=1.00 guide_w=27.7 Walls=0.00070(x10) g_ns/g_walls=6.2 Windows=0.00105 Doors=0.00041 IC=0.00000 CO2_BC=0.00012 LR=1.56e-04 nu=0.01 NSraw=0.2033 alpha(W1/W8/all)=0.59/0.39/0.48 | 0.76 it/s
[Iter 35270/50000] Total=0.11351 | NS=0.10566 CO2(scaled)=0.00120 CO2_weight=1.00 guide_w=27.7 Walls=0.00053(x10) g_ns/g_walls=6.2 Windows=0.00084 Doors=0.00046 IC=0.00000 CO2_BC=0.00009 LR=1.56e-04 nu=0.01 NSraw=0.4086 alpha(W1/W8/all)=0.59/0.39/0.48 | 0.76 it/s
[Iter 35280/50000] Total=0.03594 | NS=0.03023 CO2(scaled)=0.00109 CO2_weight=1.00 guide_w=27.7 Walls=0.00033(x10) g_ns/g_walls=6.2 Windows=0.00094 Doors=0.00033 IC=0.00000 CO2_BC=0.00008 LR=1.56e-04 nu=0.01 NSraw=0.03486 alpha(W1/W8/all)=0.59/0.39/0.48 | 0.76 it/s
[Iter 35290/50000] Total=0.04920 | NS=0.04184 CO2(scaled)=0.00097 CO2_weight=1.00 guide_w=27.7 Walls=0.00049(x10) g_ns/g_walls=6.2 Windows=0.00092 Doors=0.00053 IC=0.00000 CO2_BC=0.00008 LR=1.56e-04 nu=0.01 NSraw=0.06355 alpha(W1/W8/all)=0.59/0.39/0.48 | 0.76 it/s
[Iter 35300/50000] Total=0.07042 | NS=0.05572 CO2(scaled)=0.00090 CO2_weight=1.00 guide_w=2.92 Walls=0.00116(x10) g_ns/g_walls=0.231 Windows=0.00173 Doors=0.00042 IC=0.00000 CO2_BC=0.00008 LR=1.56e-04 nu=0.01 NSraw=0.08727 alpha(W1/W8/all)=0.59/0.39/0.48 | 0.76 it/s
[Iter 35310/50000] Total=0.15567 | NS=0.14226 CO2(scaled)=0.00102 CO2_weight=1.00 guide_w=2.92 Walls=0.00106(x10) g_ns/g_walls=0.231 Windows=0.00130 Doors=0.00035 IC=0.00000 CO2_BC=0.00010 LR=1.56e-04 nu=0.01 NSraw=0.7639 alpha(W1/W8/all)=0.59/0.39/0.48 | 0.76 it/s
[Iter 35320/50000] Total=0.04992 | NS=0.04533 CO2(scaled)=0.00098 CO2_weight=1.00 guide_w=2.92 Walls=0.00022(x10) g_ns/g_walls=0.231 Windows=0.00091 Doors=0.00039 IC=0.00000 CO2_BC=0.00008 LR=1.56e-04 nu=0.01 NSraw=0.06907 alpha(W1/W8/all)=0.59/0.39/0.48 | 0.76 it/s
[Iter 35330/50000] Total=0.20560 | NS=0.19941 CO2(scaled)=0.00128 CO2_weight=1.00 guide_w=2.92 Walls=0.00036(x10) g_ns/g_walls=0.231 Windows=0.00083 Doors=0.00039 IC=0.00000 CO2_BC=0.00010 LR=1.55e-04 nu=0.01 NSraw=0.7817 alpha(W1/W8/all)=0.59/0.39/0.48 | 0.76 it/s
[Iter 35340/50000] Total=0.04725 | NS=0.04152 CO2(scaled)=0.00087 CO2_weight=1.00 guide_w=2.92 Walls=0.00037(x10) g_ns/g_walls=0.231 Windows=0.00068 Doors=0.00042 IC=0.00000 CO2_BC=0.00007 LR=1.55e-04 nu=0.01 NSraw=0.07662 alpha(W1/W8/all)=0.59/0.39/0.48 | 0.76 it/s
[Iter 35350/50000] Total=0.06198 | NS=0.05481 CO2(scaled)=0.00101 CO2_weight=1.00 guide_w=2.92 Walls=0.00048(x10) g_ns/g_walls=0.231 Windows=0.00088 Doors=0.00035 IC=0.00000 CO2_BC=0.00009 LR=1.55e-04 nu=0.01 NSraw=0.1023 alpha(W1/W8/all)=0.59/0.39/0.48 | 0.76 it/s
[Iter 35360/50000] Total=0.05520 | NS=0.03990 CO2(scaled)=0.00134 CO2_weight=1.00 guide_w=2.92 Walls=0.00123(x10) g_ns/g_walls=0.231 Windows=0.00123 Doors=0.00031 IC=0.00000 CO2_BC=0.00012 LR=1.55e-04 nu=0.01 NSraw=0.05138 alpha(W1/W8/all)=0.59/0.39/0.48 | 0.76 it/s
[Iter 35370/50000] Total=0.06185 | NS=0.05474 CO2(scaled)=0.00132 CO2_weight=1.00 guide_w=2.92 Walls=0.00044(x10) g_ns/g_walls=0.231 Windows=0.00095 Doors=0.00036 IC=0.00000 CO2_BC=0.00008 LR=1.55e-04 nu=0.01 NSraw=0.1091 alpha(W1/W8/all)=0.59/0.39/0.48 | 0.76 it/s
[Iter 35380/50000] Total=0.08978 | NS=0.08133 CO2(scaled)=0.00098 CO2_weight=1.00 guide_w=2.92 Walls=0.00061(x10) g_ns/g_walls=0.231 Windows=0.00095 Doors=0.00030 IC=0.00000 CO2_BC=0.00009 LR=1.55e-04 nu=0.01 NSraw=0.1727 alpha(W1/W8/all)=0.59/0.39/0.48 | 0.76 it/s
[Iter 35390/50000] Total=0.76984 | NS=0.75801 CO2(scaled)=0.00118 CO2_weight=1.00 guide_w=2.92 Walls=0.00092(x10) g_ns/g_walls=0.231 Windows=0.00097 Doors=0.00039 IC=0.00000 CO2_BC=0.00008 LR=1.55e-04 nu=0.01 NSraw=34.46 alpha(W1/W8/all)=0.59/0.39/0.48 | 0.76 it/s
[Iter 35400/50000] Total=0.07428 | NS=0.06592 CO2(scaled)=0.00115 CO2_weight=1.00 guide_w=11.1 Walls=0.00058(x10) g_ns/g_walls=1.14 Windows=0.00090 Doors=0.00042 IC=0.00000 CO2_BC=0.00010 LR=1.55e-04 nu=0.01 NSraw=0.1274 alpha(W1/W8/all)=0.59/0.39/0.48 | 0.76 it/s
[Iter 35410/50000] Total=0.06964 | NS=0.06269 CO2(scaled)=0.00161 CO2_weight=1.00 guide_w=11.1 Walls=0.00039(x10) g_ns/g_walls=1.14 Windows=0.00092 Doors=0.00041 IC=0.00000 CO2_BC=0.00009 LR=1.55e-04 nu=0.01 NSraw=0.1338 alpha(W1/W8/all)=0.59/0.39/0.48 | 0.76 it/s
[Iter 35420/50000] Total=0.34499 | NS=0.33386 CO2(scaled)=0.00174 CO2_weight=1.00 guide_w=11.1 Walls=0.00079(x10) g_ns/g_walls=1.14 Windows=0.00102 Doors=0.00040 IC=0.00000 CO2_BC=0.00008 LR=1.55e-04 nu=0.01 NSraw=6.473 alpha(W1/W8/all)=0.59/0.39/0.48 | 0.76 it/s
[Iter 35430/50000] Total=0.05152 | NS=0.04065 CO2(scaled)=0.00211 CO2_weight=1.00 guide_w=11.1 Walls=0.00071(x10) g_ns/g_walls=1.14 Windows=0.00125 Doors=0.00032 IC=0.00000 CO2_BC=0.00011 LR=1.55e-04 nu=0.01 NSraw=0.07862 alpha(W1/W8/all)=0.59/0.39/0.48 | 0.76 it/s
[Iter 35440/50000] Total=0.29995 | NS=0.28590 CO2(scaled)=0.00102 CO2_weight=1.00 guide_w=11.1 Walls=0.00113(x10) g_ns/g_walls=1.14 Windows=0.00130 Doors=0.00036 IC=0.00000 CO2_BC=0.00009 LR=1.55e-04 nu=0.01 NSraw=1.471 alpha(W1/W8/all)=0.59/0.39/0.48 | 0.76 it/s
[Iter 35450/50000] Total=0.10322 | NS=0.09447 CO2(scaled)=0.00127 CO2_weight=1.00 guide_w=11.1 Walls=0.00064(x10) g_ns/g_walls=1.14 Windows=0.00073 Doors=0.00031 IC=0.00000 CO2_BC=0.00008 LR=1.55e-04 nu=0.01 NSraw=0.4003 alpha(W1/W8/all)=0.59/0.39/0.48 | 0.76 it/s
[Iter 35460/50000] Total=0.08421 | NS=0.07427 CO2(scaled)=0.00137 CO2_weight=1.00 guide_w=11.1 Walls=0.00072(x10) g_ns/g_walls=1.14 Windows=0.00094 Doors=0.00028 IC=0.00000 CO2_BC=0.00009 LR=1.54e-04 nu=0.01 NSraw=0.1484 alpha(W1/W8/all)=0.59/0.39/0.48 | 0.76 it/s
[Iter 35470/50000] Total=0.16481 | NS=0.15968 CO2(scaled)=0.00108 CO2_weight=1.00 guide_w=11.1 Walls=0.00026(x10) g_ns/g_walls=1.14 Windows=0.00085 Doors=0.00047 IC=0.00000 CO2_BC=0.00009 LR=1.54e-04 nu=0.01 NSraw=0.6169 alpha(W1/W8/all)=0.59/0.39/0.48 | 0.76 it/s
[Iter 35480/50000] Total=0.09446 | NS=0.08797 CO2(scaled)=0.00089 CO2_weight=1.00 guide_w=11.1 Walls=0.00044(x10) g_ns/g_walls=1.14 Windows=0.00076 Doors=0.00032 IC=0.00000 CO2_BC=0.00010 LR=1.54e-04 nu=0.01 NSraw=0.292 alpha(W1/W8/all)=0.59/0.39/0.48 | 0.76 it/s
[Iter 35490/50000] Total=0.80239 | NS=0.79456 CO2(scaled)=0.00119 CO2_weight=1.00 guide_w=11.1 Walls=0.00051(x10) g_ns/g_walls=1.14 Windows=0.00108 Doors=0.00037 IC=0.00000 CO2_BC=0.00009 LR=1.54e-04 nu=0.01 NSraw=24.71 alpha(W1/W8/all)=0.59/0.39/0.48 | 0.76 it/s
[Iter 35500/50000] Total=0.08802 | NS=0.08258 CO2(scaled)=0.00084 CO2_weight=1.00 guide_w=30.2 Walls=0.00034(x10) g_ns/g_walls=4.05 Windows=0.00087 Doors=0.00025 IC=0.00000 CO2_BC=0.00008 LR=1.54e-04 nu=0.01 NSraw=0.1615 alpha(W1/W8/all)=0.59/0.39/0.48 | 0.76 it/s
[Iter 35510/50000] Total=0.05456 | NS=0.04903 CO2(scaled)=0.00088 CO2_weight=1.00 guide_w=30.2 Walls=0.00033(x10) g_ns/g_walls=4.05 Windows=0.00090 Doors=0.00033 IC=0.00000 CO2_BC=0.00009 LR=1.54e-04 nu=0.01 NSraw=0.06604 alpha(W1/W8/all)=0.59/0.39/0.48 | 0.76 it/s
[Iter 35520/50000] Total=0.04578 | NS=0.03768 CO2(scaled)=0.00108 CO2_weight=1.00 guide_w=30.2 Walls=0.00061(x10) g_ns/g_walls=4.05 Windows=0.00052 Doors=0.00031 IC=0.00000 CO2_BC=0.00008 LR=1.54e-04 nu=0.01 NSraw=0.06818 alpha(W1/W8/all)=0.59/0.39/0.48 | 0.76 it/s
[Iter 35530/50000] Total=0.25280 | NS=0.23784 CO2(scaled)=0.00179 CO2_weight=1.00 guide_w=30.2 Walls=0.00112(x10) g_ns/g_walls=4.05 Windows=0.00150 Doors=0.00038 IC=0.00000 CO2_BC=0.00008 LR=1.54e-04 nu=0.01 NSraw=1.235 alpha(W1/W8/all)=0.59/0.39/0.48 | 0.76 it/s
[Iter 35540/50000] Total=0.09801 | NS=0.08346 CO2(scaled)=0.00154 CO2_weight=1.00 guide_w=30.2 Walls=0.00111(x10) g_ns/g_walls=4.05 Windows=0.00154 Doors=0.00027 IC=0.00000 CO2_BC=0.00006 LR=1.54e-04 nu=0.01 NSraw=0.3086 alpha(W1/W8/all)=0.59/0.39/0.48 | 0.76 it/s
[Iter 35550/50000] Total=0.07362 | NS=0.06463 CO2(scaled)=0.00114 CO2_weight=1.00 guide_w=30.2 Walls=0.00063(x10) g_ns/g_walls=4.05 Windows=0.00104 Doors=0.00040 IC=0.00000 CO2_BC=0.00009 LR=1.54e-04 nu=0.01 NSraw=0.1327 alpha(W1/W8/all)=0.59/0.39/0.48 | 0.75 it/s
[Iter 35560/50000] Total=0.06672 | NS=0.05085 CO2(scaled)=0.00114 CO2_weight=1.00 guide_w=30.2 Walls=0.00130(x10) g_ns/g_walls=4.05 Windows=0.00111 Doors=0.00053 IC=0.00000 CO2_BC=0.00008 LR=1.54e-04 nu=0.01 NSraw=0.0878 alpha(W1/W8/all)=0.59/0.39/0.48 | 0.75 it/s
[Iter 35570/50000] Total=0.33910 | NS=0.32981 CO2(scaled)=0.00083 CO2_weight=1.00 guide_w=30.2 Walls=0.00071(x10) g_ns/g_walls=4.05 Windows=0.00084 Doors=0.00040 IC=0.00000 CO2_BC=0.00008 LR=1.54e-04 nu=0.01 NSraw=6.835 alpha(W1/W8/all)=0.59/0.39/0.48 | 0.75 it/s
[Iter 35580/50000] Total=0.08042 | NS=0.07174 CO2(scaled)=0.00102 CO2_weight=1.00 guide_w=30.2 Walls=0.00062(x10) g_ns/g_walls=4.05 Windows=0.00093 Doors=0.00048 IC=0.00000 CO2_BC=0.00008 LR=1.53e-04 nu=0.01 NSraw=0.1121 alpha(W1/W8/all)=0.59/0.39/0.48 | 0.75 it/s
[Iter 35590/50000] Total=0.04196 | NS=0.03606 CO2(scaled)=0.00119 CO2_weight=1.00 guide_w=30.2 Walls=0.00036(x10) g_ns/g_walls=4.05 Windows=0.00059 Doors=0.00041 IC=0.00000 CO2_BC=0.00008 LR=1.53e-04 nu=0.01 NSraw=0.05359 alpha(W1/W8/all)=0.59/0.39/0.48 | 0.75 it/s
[Iter 35600/50000] Total=0.07907 | NS=0.07467 CO2(scaled)=0.00082 CO2_weight=1.00 guide_w=16.7 Walls=0.00025(x10) g_ns/g_walls=3.46 Windows=0.00067 Doors=0.00031 IC=0.00000 CO2_BC=0.00007 LR=1.53e-04 nu=0.01 NSraw=0.1685 alpha(W1/W8/all)=0.59/0.39/0.48 | 0.75 it/s
[Iter 35610/50000] Total=0.08140 | NS=0.06648 CO2(scaled)=0.00093 CO2_weight=1.00 guide_w=16.7 Walls=0.00121(x10) g_ns/g_walls=3.46 Windows=0.00134 Doors=0.00044 IC=0.00000 CO2_BC=0.00008 LR=1.53e-04 nu=0.01 NSraw=0.1221 alpha(W1/W8/all)=0.59/0.39/0.48 | 0.75 it/s
[Iter 35620/50000] Total=0.53764 | NS=0.53079 CO2(scaled)=0.00099 CO2_weight=1.00 guide_w=16.7 Walls=0.00042(x10) g_ns/g_walls=3.46 Windows=0.00117 Doors=0.00042 IC=0.00000 CO2_BC=0.00009 LR=1.53e-04 nu=0.01 NSraw=19.35 alpha(W1/W8/all)=0.59/0.39/0.48 | 0.75 it/s
[Iter 35630/50000] Total=0.13020 | NS=0.12509 CO2(scaled)=0.00098 CO2_weight=1.00 guide_w=16.7 Walls=0.00028(x10) g_ns/g_walls=3.46 Windows=0.00080 Doors=0.00046 IC=0.00000 CO2_BC=0.00008 LR=1.53e-04 nu=0.01 NSraw=0.5226 alpha(W1/W8/all)=0.59/0.39/0.48 | 0.75 it/s
[Iter 35640/50000] Total=0.21899 | NS=0.21062 CO2(scaled)=0.00116 CO2_weight=1.00 guide_w=16.7 Walls=0.00057(x10) g_ns/g_walls=3.46 Windows=0.00094 Doors=0.00049 IC=0.00000 CO2_BC=0.00009 LR=1.53e-04 nu=0.01 NSraw=1.523 alpha(W1/W8/all)=0.59/0.39/0.48 | 0.75 it/s
[Iter 35650/50000] Total=0.17375 | NS=0.16681 CO2(scaled)=0.00099 CO2_weight=1.00 guide_w=16.7 Walls=0.00048(x10) g_ns/g_walls=3.46 Windows=0.00063 Doors=0.00041 IC=0.00000 CO2_BC=0.00008 LR=1.53e-04 nu=0.01 NSraw=0.6552 alpha(W1/W8/all)=0.59/0.39/0.48 | 0.75 it/s
[Iter 35660/50000] Total=0.07288 | NS=0.06405 CO2(scaled)=0.00121 CO2_weight=1.00 guide_w=16.7 Walls=0.00062(x10) g_ns/g_walls=3.46 Windows=0.00101 Doors=0.00035 IC=0.00000 CO2_BC=0.00009 LR=1.53e-04 nu=0.01 NSraw=0.1112 alpha(W1/W8/all)=0.59/0.39/0.48 | 0.75 it/s
[Iter 35670/50000] Total=0.46850 | NS=0.46224 CO2(scaled)=0.00132 CO2_weight=1.00 guide_w=16.7 Walls=0.00039(x10) g_ns/g_walls=3.46 Windows=0.00062 Doors=0.00034 IC=0.00000 CO2_BC=0.00008 LR=1.53e-04 nu=0.01 NSraw=8.877 alpha(W1/W8/all)=0.59/0.39/0.48 | 0.75 it/s
[Iter 35680/50000] Total=0.09148 | NS=0.08517 CO2(scaled)=0.00105 CO2_weight=1.00 guide_w=16.7 Walls=0.00036(x10) g_ns/g_walls=3.46 Windows=0.00126 Doors=0.00038 IC=0.00000 CO2_BC=0.00008 LR=1.53e-04 nu=0.01 NSraw=0.1669 alpha(W1/W8/all)=0.59/0.39/0.48 | 0.75 it/s
[Iter 35690/50000] Total=0.04962 | NS=0.03885 CO2(scaled)=0.00101 CO2_weight=1.00 guide_w=16.7 Walls=0.00078(x10) g_ns/g_walls=3.46 Windows=0.00153 Doors=0.00036 IC=0.00000 CO2_BC=0.00012 LR=1.53e-04 nu=0.01 NSraw=0.06096 alpha(W1/W8/all)=0.59/0.39/0.48 | 0.75 it/s
[Iter 35700/50000] Total=0.05952 | NS=0.05428 CO2(scaled)=0.00110 CO2_weight=1.00 guide_w=8.46 Walls=0.00029(x10) g_ns/g_walls=1.87 Windows=0.00080 Doors=0.00036 IC=0.00000 CO2_BC=0.00010 LR=1.52e-04 nu=0.01 NSraw=0.07377 alpha(W1/W8/all)=0.59/0.39/0.48 | 0.75 it/s
[Iter 35710/50000] Total=0.18137 | NS=0.16603 CO2(scaled)=0.00103 CO2_weight=1.00 guide_w=8.46 Walls=0.00121(x10) g_ns/g_walls=1.87 Windows=0.00178 Doors=0.00033 IC=0.00000 CO2_BC=0.00009 LR=1.52e-04 nu=0.01 NSraw=0.5557 alpha(W1/W8/all)=0.59/0.39/0.48 | 0.75 it/s
[Iter 35720/50000] Total=0.21866 | NS=0.21216 CO2(scaled)=0.00091 CO2_weight=1.00 guide_w=8.46 Walls=0.00044(x10) g_ns/g_walls=1.87 Windows=0.00074 Doors=0.00033 IC=0.00000 CO2_BC=0.00010 LR=1.52e-04 nu=0.01 NSraw=1.461 alpha(W1/W8/all)=0.59/0.39/0.48 | 0.75 it/s
[Iter 35730/50000] Total=0.92987 | NS=0.91045 CO2(scaled)=0.00163 CO2_weight=1.00 guide_w=8.46 Walls=0.00154(x10) g_ns/g_walls=1.87 Windows=0.00198 Doors=0.00034 IC=0.00000 CO2_BC=0.00008 LR=1.52e-04 nu=0.01 NSraw=63.77 alpha(W1/W8/all)=0.59/0.39/0.48 | 0.75 it/s
[Iter 35740/50000] Total=0.04744 | NS=0.04184 CO2(scaled)=0.00094 CO2_weight=1.00 guide_w=8.46 Walls=0.00035(x10) g_ns/g_walls=1.87 Windows=0.00070 Doors=0.00040 IC=0.00000 CO2_BC=0.00008 LR=1.52e-04 nu=0.01 NSraw=0.05784 alpha(W1/W8/all)=0.59/0.39/0.48 | 0.75 it/s
[Iter 35750/50000] Total=0.07248 | NS=0.06393 CO2(scaled)=0.00088 CO2_weight=1.00 guide_w=8.46 Walls=0.00058(x10) g_ns/g_walls=1.87 Windows=0.00132 Doors=0.00045 IC=0.00000 CO2_BC=0.00010 LR=1.52e-04 nu=0.01 NSraw=0.1409 alpha(W1/W8/all)=0.59/0.39/0.48 | 0.75 it/s
[Iter 35760/50000] Total=0.09658 | NS=0.09047 CO2(scaled)=0.00142 CO2_weight=1.00 guide_w=8.46 Walls=0.00034(x10) g_ns/g_walls=1.87 Windows=0.00087 Doors=0.00032 IC=0.00000 CO2_BC=0.00009 LR=1.52e-04 nu=0.01 NSraw=0.1796 alpha(W1/W8/all)=0.59/0.39/0.48 | 0.75 it/s
[Iter 35770/50000] Total=0.24920 | NS=0.24217 CO2(scaled)=0.00124 CO2_weight=1.00 guide_w=8.46 Walls=0.00044(x10) g_ns/g_walls=1.87 Windows=0.00090 Doors=0.00044 IC=0.00000 CO2_BC=0.00009 LR=1.52e-04 nu=0.01 NSraw=1.91 alpha(W1/W8/all)=0.59/0.39/0.48 | 0.75 it/s
[Iter 35780/50000] Total=0.07551 | NS=0.06190 CO2(scaled)=0.00086 CO2_weight=1.00 guide_w=8.46 Walls=0.00110(x10) g_ns/g_walls=1.87 Windows=0.00135 Doors=0.00032 IC=0.00000 CO2_BC=0.00009 LR=1.52e-04 nu=0.01 NSraw=0.09302 alpha(W1/W8/all)=0.59/0.39/0.48 | 0.75 it/s
[Iter 35790/50000] Total=0.61406 | NS=0.60900 CO2(scaled)=0.00091 CO2_weight=1.00 guide_w=8.46 Walls=0.00028(x10) g_ns/g_walls=1.87 Windows=0.00093 Doors=0.00032 IC=0.00000 CO2_BC=0.00008 LR=1.52e-04 nu=0.01 NSraw=15.55 alpha(W1/W8/all)=0.59/0.39/0.48 | 0.75 it/s
[Iter 35800/50000] Total=0.19960 | NS=0.18897 CO2(scaled)=0.00154 CO2_weight=1.00 guide_w=28 Walls=0.00078(x10) g_ns/g_walls=7.03 Windows=0.00090 Doors=0.00028 IC=0.00000 CO2_BC=0.00010 LR=1.52e-04 nu=0.01 NSraw=0.8983 alpha(W1/W8/all)=0.59/0.39/0.48 | 0.75 it/s
[Iter 35810/50000] Total=0.08572 | NS=0.07823 CO2(scaled)=0.00156 CO2_weight=1.00 guide_w=28 Walls=0.00043(x10) g_ns/g_walls=7.03 Windows=0.00119 Doors=0.00035 IC=0.00000 CO2_BC=0.00009 LR=1.52e-04 nu=0.01 NSraw=0.1843 alpha(W1/W8/all)=0.59/0.39/0.48 | 0.75 it/s
[Iter 35820/50000] Total=0.05611 | NS=0.04568 CO2(scaled)=0.00207 CO2_weight=1.00 guide_w=28 Walls=0.00068(x10) g_ns/g_walls=7.03 Windows=0.00112 Doors=0.00029 IC=0.00000 CO2_BC=0.00011 LR=1.52e-04 nu=0.01 NSraw=0.09146 alpha(W1/W8/all)=0.59/0.39/0.48 | 0.75 it/s
[Iter 35830/50000] Total=0.16068 | NS=0.15169 CO2(scaled)=0.00098 CO2_weight=1.00 guide_w=28 Walls=0.00066(x10) g_ns/g_walls=7.03 Windows=0.00094 Doors=0.00038 IC=0.00000 CO2_BC=0.00009 LR=1.51e-04 nu=0.01 NSraw=0.5502 alpha(W1/W8/all)=0.59/0.39/0.48 | 0.75 it/s
[Iter 35840/50000] Total=0.29539 | NS=0.28531 CO2(scaled)=0.00097 CO2_weight=1.00 guide_w=28 Walls=0.00075(x10) g_ns/g_walls=7.03 Windows=0.00117 Doors=0.00035 IC=0.00000 CO2_BC=0.00010 LR=1.51e-04 nu=0.01 NSraw=1.54 alpha(W1/W8/all)=0.59/0.39/0.48 | 0.75 it/s
[Iter 35850/50000] Total=0.23312 | NS=0.22565 CO2(scaled)=0.00091 CO2_weight=1.00 guide_w=28 Walls=0.00052(x10) g_ns/g_walls=7.03 Windows=0.00076 Doors=0.00050 IC=0.00000 CO2_BC=0.00008 LR=1.51e-04 nu=0.01 NSraw=2.818 alpha(W1/W8/all)=0.59/0.39/0.48 | 0.75 it/s
[Iter 35860/50000] Total=0.08105 | NS=0.07606 CO2(scaled)=0.00095 CO2_weight=1.00 guide_w=28 Walls=0.00026(x10) g_ns/g_walls=7.03 Windows=0.00110 Doors=0.00031 IC=0.00000 CO2_BC=0.00008 LR=1.51e-04 nu=0.01 NSraw=0.1586 alpha(W1/W8/all)=0.59/0.39/0.48 | 0.75 it/s
[Iter 35870/50000] Total=0.17966 | NS=0.17406 CO2(scaled)=0.00105 CO2_weight=1.00 guide_w=28 Walls=0.00034(x10) g_ns/g_walls=7.03 Windows=0.00076 Doors=0.00033 IC=0.00000 CO2_BC=0.00009 LR=1.51e-04 nu=0.01 NSraw=1.182 alpha(W1/W8/all)=0.59/0.39/0.48 | 0.75 it/s
[Iter 35880/50000] Total=0.13543 | NS=0.12875 CO2(scaled)=0.00114 CO2_weight=1.00 guide_w=28 Walls=0.00041(x10) g_ns/g_walls=7.03 Windows=0.00101 Doors=0.00035 IC=0.00000 CO2_BC=0.00008 LR=1.51e-04 nu=0.01 NSraw=0.861 alpha(W1/W8/all)=0.59/0.39/0.48 | 0.75 it/s
[Iter 35890/50000] Total=0.25911 | NS=0.24635 CO2(scaled)=0.00240 CO2_weight=1.00 guide_w=28 Walls=0.00080(x10) g_ns/g_walls=7.03 Windows=0.00189 Doors=0.00039 IC=0.00000 CO2_BC=0.00008 LR=1.51e-04 nu=0.01 NSraw=1.414 alpha(W1/W8/all)=0.59/0.39/0.48 | 0.75 it/s
[Iter 35900/50000] Total=0.15350 | NS=0.14549 CO2(scaled)=0.00117 CO2_weight=1.00 guide_w=18.2 Walls=0.00055(x10) g_ns/g_walls=3.77 Windows=0.00090 Doors=0.00033 IC=0.00000 CO2_BC=0.00008 LR=1.51e-04 nu=0.01 NSraw=0.5758 alpha(W1/W8/all)=0.59/0.39/0.48 | 0.75 it/s
[Iter 35910/50000] Total=0.06442 | NS=0.05650 CO2(scaled)=0.00105 CO2_weight=1.00 guide_w=18.2 Walls=0.00055(x10) g_ns/g_walls=3.77 Windows=0.00096 Doors=0.00036 IC=0.00000 CO2_BC=0.00009 LR=1.51e-04 nu=0.01 NSraw=0.08626 alpha(W1/W8/all)=0.59/0.39/0.48 | 0.75 it/s
[Iter 35920/50000] Total=0.08824 | NS=0.08196 CO2(scaled)=0.00117 CO2_weight=1.00 guide_w=18.2 Walls=0.00036(x10) g_ns/g_walls=3.77 Windows=0.00101 Doors=0.00044 IC=0.00000 CO2_BC=0.00008 LR=1.51e-04 nu=0.01 NSraw=0.1697 alpha(W1/W8/all)=0.59/0.39/0.48 | 0.75 it/s
[Iter 35930/50000] Total=0.22147 | NS=0.21560 CO2(scaled)=0.00091 CO2_weight=1.00 guide_w=18.2 Walls=0.00038(x10) g_ns/g_walls=3.77 Windows=0.00084 Doors=0.00023 IC=0.00000 CO2_BC=0.00009 LR=1.51e-04 nu=0.01 NSraw=2.539 alpha(W1/W8/all)=0.59/0.39/0.48 | 0.75 it/s
[Iter 35940/50000] Total=0.08611 | NS=0.07645 CO2(scaled)=0.00173 CO2_weight=1.00 guide_w=18.2 Walls=0.00064(x10) g_ns/g_walls=3.77 Windows=0.00111 Doors=0.00037 IC=0.00000 CO2_BC=0.00009 LR=1.51e-04 nu=0.01 NSraw=0.1438 alpha(W1/W8/all)=0.59/0.39/0.48 | 0.75 it/s
[Iter 35950/50000] Total=0.58171 | NS=0.57541 CO2(scaled)=0.00084 CO2_weight=1.00 guide_w=18.2 Walls=0.00041(x10) g_ns/g_walls=3.77 Windows=0.00096 Doors=0.00032 IC=0.00000 CO2_BC=0.00009 LR=1.50e-04 nu=0.01 NSraw=14.11 alpha(W1/W8/all)=0.59/0.39/0.48 | 0.75 it/s
[Iter 35960/50000] Total=0.08744 | NS=0.07856 CO2(scaled)=0.00115 CO2_weight=1.00 guide_w=18.2 Walls=0.00063(x10) g_ns/g_walls=3.77 Windows=0.00103 Doors=0.00035 IC=0.00000 CO2_BC=0.00010 LR=1.50e-04 nu=0.01 NSraw=0.3395 alpha(W1/W8/all)=0.59/0.39/0.48 | 0.75 it/s
[Iter 35970/50000] Total=0.13000 | NS=0.11395 CO2(scaled)=0.00129 CO2_weight=1.00 guide_w=18.2 Walls=0.00128(x10) g_ns/g_walls=3.77 Windows=0.00161 Doors=0.00031 IC=0.00000 CO2_BC=0.00008 LR=1.50e-04 nu=0.01 NSraw=0.2845 alpha(W1/W8/all)=0.59/0.39/0.48 | 0.75 it/s
[Iter 35980/50000] Total=0.05925 | NS=0.03980 CO2(scaled)=0.00089 CO2_weight=1.00 guide_w=18.2 Walls=0.00166(x10) g_ns/g_walls=3.77 Windows=0.00153 Doors=0.00037 IC=0.00000 CO2_BC=0.00008 LR=1.50e-04 nu=0.01 NSraw=0.05389 alpha(W1/W8/all)=0.59/0.39/0.48 | 0.75 it/s
[Iter 35990/50000] Total=0.09945 | NS=0.09206 CO2(scaled)=0.00116 CO2_weight=1.00 guide_w=18.2 Walls=0.00050(x10) g_ns/g_walls=3.77 Windows=0.00084 Doors=0.00028 IC=0.00000 CO2_BC=0.00009 LR=1.50e-04 nu=0.01 NSraw=0.2088 alpha(W1/W8/all)=0.59/0.39/0.48 | 0.75 it/s
[Iter 36000/50000] Total=0.15759 | NS=0.15005 CO2(scaled)=0.00094 CO2_weight=1.00 guide_w=12.4 Walls=0.00053(x10) g_ns/g_walls=4.01 Windows=0.00095 Doors=0.00025 IC=0.00000 CO2_BC=0.00009 LR=1.50e-04 nu=0.01 NSraw=0.5521 alpha(W1/W8/all)=0.59/0.39/0.48 | 0.75 it/s
  -> saved checkpoint: /home/iai-labor/BuildingControlCFD/experiments/gnot/checkpoints/v25_nsuniform_r50k/gnot_v25_nsuniform_r50k_iter36000.pth
[Iter 36010/50000] Total=0.17085 | NS=0.16487 CO2(scaled)=0.00105 CO2_weight=1.00 guide_w=12.4 Walls=0.00036(x10) g_ns/g_walls=4.01 Windows=0.00089 Doors=0.00033 IC=0.00000 CO2_BC=0.00007 LR=1.50e-04 nu=0.01 NSraw=0.853 alpha(W1/W8/all)=0.59/0.39/0.48 | 0.75 it/s
[Iter 36020/50000] Total=0.25746 | NS=0.24654 CO2(scaled)=0.00108 CO2_weight=1.00 guide_w=12.4 Walls=0.00082(x10) g_ns/g_walls=4.01 Windows=0.00120 Doors=0.00035 IC=0.00000 CO2_BC=0.00007 LR=1.50e-04 nu=0.01 NSraw=0.9158 alpha(W1/W8/all)=0.59/0.39/0.48 | 0.75 it/s
[Iter 36030/50000] Total=0.06867 | NS=0.06029 CO2(scaled)=0.00118 CO2_weight=1.00 guide_w=12.4 Walls=0.00057(x10) g_ns/g_walls=4.01 Windows=0.00110 Doors=0.00035 IC=0.00000 CO2_BC=0.00007 LR=1.50e-04 nu=0.01 NSraw=0.1827 alpha(W1/W8/all)=0.59/0.39/0.48 | 0.75 it/s
[Iter 36040/50000] Total=0.12492 | NS=0.11975 CO2(scaled)=0.00097 CO2_weight=1.00 guide_w=12.4 Walls=0.00029(x10) g_ns/g_walls=4.01 Windows=0.00094 Doors=0.00034 IC=0.00000 CO2_BC=0.00007 LR=1.50e-04 nu=0.01 NSraw=0.735 alpha(W1/W8/all)=0.59/0.39/0.48 | 0.75 it/s
[Iter 36050/50000] Total=0.04888 | NS=0.04175 CO2(scaled)=0.00099 CO2_weight=1.00 guide_w=12.4 Walls=0.00046(x10) g_ns/g_walls=4.01 Windows=0.00105 Doors=0.00035 IC=0.00000 CO2_BC=0.00010 LR=1.50e-04 nu=0.01 NSraw=0.07453 alpha(W1/W8/all)=0.59/0.39/0.48 | 0.75 it/s
[Iter 36060/50000] Total=0.12388 | NS=0.11471 CO2(scaled)=0.00119 CO2_weight=1.00 guide_w=12.4 Walls=0.00063(x10) g_ns/g_walls=4.01 Windows=0.00117 Doors=0.00043 IC=0.00000 CO2_BC=0.00008 LR=1.50e-04 nu=0.01 NSraw=0.3566 alpha(W1/W8/all)=0.59/0.39/0.48 | 0.75 it/s
[Iter 36070/50000] Total=0.08946 | NS=0.07809 CO2(scaled)=0.00134 CO2_weight=1.00 guide_w=12.4 Walls=0.00083(x10) g_ns/g_walls=4.01 Windows=0.00115 Doors=0.00045 IC=0.00000 CO2_BC=0.00010 LR=1.50e-04 nu=0.01 NSraw=0.1685 alpha(W1/W8/all)=0.59/0.39/0.48 | 0.75 it/s
[Iter 36080/50000] Total=0.12532 | NS=0.10453 CO2(scaled)=0.00098 CO2_weight=1.00 guide_w=12.4 Walls=0.00171(x10) g_ns/g_walls=4.01 Windows=0.00207 Doors=0.00059 IC=0.00000 CO2_BC=0.00007 LR=1.49e-04 nu=0.01 NSraw=0.2583 alpha(W1/W8/all)=0.59/0.39/0.48 | 0.75 it/s
[Iter 36090/50000] Total=0.14512 | NS=0.13896 CO2(scaled)=0.00109 CO2_weight=1.00 guide_w=12.4 Walls=0.00038(x10) g_ns/g_walls=4.01 Windows=0.00081 Doors=0.00040 IC=0.00000 CO2_BC=0.00008 LR=1.49e-04 nu=0.01 NSraw=0.5675 alpha(W1/W8/all)=0.59/0.39/0.48 | 0.75 it/s
[Iter 36100/50000] Total=0.11630 | NS=0.11131 CO2(scaled)=0.00088 CO2_weight=1.00 guide_w=12.9 Walls=0.00027(x10) g_ns/g_walls=1.59 Windows=0.00099 Doors=0.00034 IC=0.00000 CO2_BC=0.00010 LR=1.49e-04 nu=0.01 NSraw=0.4091 alpha(W1/W8/all)=0.59/0.39/0.48 | 0.75 it/s
[Iter 36110/50000] Total=0.16339 | NS=0.15203 CO2(scaled)=0.00086 CO2_weight=1.00 guide_w=12.9 Walls=0.00089(x10) g_ns/g_walls=1.59 Windows=0.00115 Doors=0.00038 IC=0.00000 CO2_BC=0.00010 LR=1.49e-04 nu=0.01 NSraw=0.778 alpha(W1/W8/all)=0.59/0.39/0.48 | 0.75 it/s
[Iter 36120/50000] Total=0.57869 | NS=0.57300 CO2(scaled)=0.00094 CO2_weight=1.00 guide_w=12.9 Walls=0.00035(x10) g_ns/g_walls=1.59 Windows=0.00087 Doors=0.00031 IC=0.00000 CO2_BC=0.00008 LR=1.49e-04 nu=0.01 NSraw=24.61 alpha(W1/W8/all)=0.59/0.39/0.48 | 0.75 it/s
[Iter 36130/50000] Total=0.41438 | NS=0.40804 CO2(scaled)=0.00112 CO2_weight=1.00 guide_w=12.9 Walls=0.00039(x10) g_ns/g_walls=1.59 Windows=0.00087 Doors=0.00037 IC=0.00000 CO2_BC=0.00008 LR=1.49e-04 nu=0.01 NSraw=8.829 alpha(W1/W8/all)=0.59/0.39/0.48 | 0.75 it/s
[Iter 36140/50000] Total=0.05068 | NS=0.04528 CO2(scaled)=0.00078 CO2_weight=1.00 guide_w=12.9 Walls=0.00034(x10) g_ns/g_walls=1.59 Windows=0.00075 Doors=0.00039 IC=0.00000 CO2_BC=0.00008 LR=1.49e-04 nu=0.01 NSraw=0.1003 alpha(W1/W8/all)=0.59/0.39/0.48 | 0.75 it/s
[Iter 36150/50000] Total=0.06916 | NS=0.05861 CO2(scaled)=0.00183 CO2_weight=1.00 guide_w=12.9 Walls=0.00068(x10) g_ns/g_walls=1.59 Windows=0.00139 Doors=0.00042 IC=0.00000 CO2_BC=0.00008 LR=1.49e-04 nu=0.01 NSraw=0.1151 alpha(W1/W8/all)=0.59/0.39/0.48 | 0.75 it/s
[Iter 36160/50000] Total=0.17863 | NS=0.17328 CO2(scaled)=0.00100 CO2_weight=1.00 guide_w=12.9 Walls=0.00030(x10) g_ns/g_walls=1.59 Windows=0.00092 Doors=0.00031 IC=0.00000 CO2_BC=0.00009 LR=1.49e-04 nu=0.01 NSraw=0.5995 alpha(W1/W8/all)=0.59/0.39/0.48 | 0.75 it/s
[Iter 36170/50000] Total=0.14515 | NS=0.13651 CO2(scaled)=0.00145 CO2_weight=1.00 guide_w=12.9 Walls=0.00059(x10) g_ns/g_walls=1.59 Windows=0.00085 Doors=0.00037 IC=0.00000 CO2_BC=0.00006 LR=1.49e-04 nu=0.01 NSraw=0.4095 alpha(W1/W8/all)=0.59/0.39/0.48 | 0.75 it/s
[Iter 36180/50000] Total=0.25840 | NS=0.24896 CO2(scaled)=0.00122 CO2_weight=1.00 guide_w=12.9 Walls=0.00071(x10) g_ns/g_walls=1.59 Windows=0.00078 Doors=0.00029 IC=0.00000 CO2_BC=0.00008 LR=1.49e-04 nu=0.01 NSraw=1.758 alpha(W1/W8/all)=0.59/0.39/0.48 | 0.75 it/s
[Iter 36190/50000] Total=0.13568 | NS=0.12655 CO2(scaled)=0.00139 CO2_weight=1.00 guide_w=12.9 Walls=0.00064(x10) g_ns/g_walls=1.59 Windows=0.00091 Doors=0.00037 IC=0.00000 CO2_BC=0.00008 LR=1.49e-04 nu=0.01 NSraw=0.4425 alpha(W1/W8/all)=0.59/0.39/0.48 | 0.75 it/s
[Iter 36200/50000] Total=0.44712 | NS=0.44066 CO2(scaled)=0.00121 CO2_weight=1.00 guide_w=30.5 Walls=0.00039(x10) g_ns/g_walls=6.42 Windows=0.00090 Doors=0.00041 IC=0.00000 CO2_BC=0.00008 LR=1.49e-04 nu=0.01 NSraw=4.27 alpha(W1/W8/all)=0.59/0.39/0.48 | 0.75 it/s
[Iter 36210/50000] Total=0.09151 | NS=0.08016 CO2(scaled)=0.00119 CO2_weight=1.00 guide_w=30.5 Walls=0.00081(x10) g_ns/g_walls=6.42 Windows=0.00153 Doors=0.00047 IC=0.00000 CO2_BC=0.00008 LR=1.48e-04 nu=0.01 NSraw=0.2773 alpha(W1/W8/all)=0.59/0.39/0.48 | 0.75 it/s
[Iter 36220/50000] Total=0.13258 | NS=0.12178 CO2(scaled)=0.00113 CO2_weight=1.00 guide_w=30.5 Walls=0.00077(x10) g_ns/g_walls=6.42 Windows=0.00137 Doors=0.00053 IC=0.00000 CO2_BC=0.00009 LR=1.48e-04 nu=0.01 NSraw=0.5047 alpha(W1/W8/all)=0.59/0.39/0.48 | 0.75 it/s
[Iter 36230/50000] Total=0.10252 | NS=0.09097 CO2(scaled)=0.00145 CO2_weight=1.00 guide_w=30.5 Walls=0.00082(x10) g_ns/g_walls=6.42 Windows=0.00133 Doors=0.00050 IC=0.00000 CO2_BC=0.00009 LR=1.48e-04 nu=0.01 NSraw=0.2904 alpha(W1/W8/all)=0.59/0.39/0.48 | 0.75 it/s
[Iter 36240/50000] Total=0.05241 | NS=0.04775 CO2(scaled)=0.00090 CO2_weight=1.00 guide_w=30.5 Walls=0.00022(x10) g_ns/g_walls=6.42 Windows=0.00081 Doors=0.00062 IC=0.00000 CO2_BC=0.00008 LR=1.48e-04 nu=0.01 NSraw=0.06123 alpha(W1/W8/all)=0.59/0.39/0.48 | 0.75 it/s
[Iter 36250/50000] Total=0.11416 | NS=0.10179 CO2(scaled)=0.00103 CO2_weight=1.00 guide_w=30.5 Walls=0.00095(x10) g_ns/g_walls=6.42 Windows=0.00118 Doors=0.00054 IC=0.00000 CO2_BC=0.00008 LR=1.48e-04 nu=0.01 NSraw=0.4791 alpha(W1/W8/all)=0.59/0.39/0.48 | 0.75 it/s
[Iter 36260/50000] Total=0.05324 | NS=0.04188 CO2(scaled)=0.00110 CO2_weight=1.00 guide_w=30.5 Walls=0.00084(x10) g_ns/g_walls=6.42 Windows=0.00133 Doors=0.00045 IC=0.00000 CO2_BC=0.00011 LR=1.48e-04 nu=0.01 NSraw=0.0637 alpha(W1/W8/all)=0.59/0.39/0.48 | 0.75 it/s
[Iter 36270/50000] Total=0.52250 | NS=0.51668 CO2(scaled)=0.00092 CO2_weight=1.00 guide_w=30.5 Walls=0.00033(x10) g_ns/g_walls=6.42 Windows=0.00104 Doors=0.00049 IC=0.00000 CO2_BC=0.00008 LR=1.48e-04 nu=0.01 NSraw=17.18 alpha(W1/W8/all)=0.59/0.39/0.48 | 0.75 it/s
[Iter 36280/50000] Total=0.29604 | NS=0.28592 CO2(scaled)=0.00130 CO2_weight=1.00 guide_w=30.5 Walls=0.00072(x10) g_ns/g_walls=6.42 Windows=0.00111 Doors=0.00040 IC=0.00000 CO2_BC=0.00009 LR=1.48e-04 nu=0.01 NSraw=1.595 alpha(W1/W8/all)=0.59/0.39/0.48 | 0.75 it/s
[Iter 36290/50000] Total=0.09188 | NS=0.07966 CO2(scaled)=0.00101 CO2_weight=1.00 guide_w=30.5 Walls=0.00092(x10) g_ns/g_walls=6.42 Windows=0.00143 Doors=0.00050 IC=0.00000 CO2_BC=0.00008 LR=1.48e-04 nu=0.01 NSraw=0.1595 alpha(W1/W8/all)=0.59/0.39/0.48 | 0.75 it/s
[Iter 36300/50000] Total=0.12152 | NS=0.10824 CO2(scaled)=0.00146 CO2_weight=1.00 guide_w=7.11 Walls=0.00097(x10) g_ns/g_walls=0.943 Windows=0.00149 Doors=0.00060 IC=0.00000 CO2_BC=0.00008 LR=1.48e-04 nu=0.01 NSraw=0.2771 alpha(W1/W8/all)=0.59/0.39/0.48 | 0.75 it/s
[Iter 36310/50000] Total=0.07786 | NS=0.07089 CO2(scaled)=0.00103 CO2_weight=1.00 guide_w=7.11 Walls=0.00045(x10) g_ns/g_walls=0.943 Windows=0.00088 Doors=0.00053 IC=0.00000 CO2_BC=0.00007 LR=1.48e-04 nu=0.01 NSraw=0.1245 alpha(W1/W8/all)=0.59/0.39/0.48 | 0.75 it/s
[Iter 36320/50000] Total=0.07912 | NS=0.06897 CO2(scaled)=0.00139 CO2_weight=1.00 guide_w=7.11 Walls=0.00073(x10) g_ns/g_walls=0.943 Windows=0.00105 Doors=0.00029 IC=0.00000 CO2_BC=0.00010 LR=1.48e-04 nu=0.01 NSraw=0.1375 alpha(W1/W8/all)=0.59/0.39/0.48 | 0.74 it/s
[Iter 36330/50000] Total=0.16383 | NS=0.15652 CO2(scaled)=0.00120 CO2_weight=1.00 guide_w=7.11 Walls=0.00049(x10) g_ns/g_walls=0.943 Windows=0.00077 Doors=0.00032 IC=0.00000 CO2_BC=0.00008 LR=1.48e-04 nu=0.01 NSraw=0.9784 alpha(W1/W8/all)=0.59/0.39/0.48 | 0.74 it/s
[Iter 36340/50000] Total=0.15230 | NS=0.14582 CO2(scaled)=0.00101 CO2_weight=1.00 guide_w=7.11 Walls=0.00043(x10) g_ns/g_walls=0.943 Windows=0.00064 Doors=0.00043 IC=0.00000 CO2_BC=0.00009 LR=1.47e-04 nu=0.01 NSraw=0.708 alpha(W1/W8/all)=0.59/0.39/0.48 | 0.74 it/s
[Iter 36350/50000] Total=0.20672 | NS=0.19550 CO2(scaled)=0.00136 CO2_weight=1.00 guide_w=7.11 Walls=0.00084(x10) g_ns/g_walls=0.943 Windows=0.00112 Doors=0.00028 IC=0.00000 CO2_BC=0.00011 LR=1.47e-04 nu=0.01 NSraw=0.8924 alpha(W1/W8/all)=0.59/0.39/0.48 | 0.74 it/s
[Iter 36360/50000] Total=0.12389 | NS=0.11807 CO2(scaled)=0.00100 CO2_weight=1.00 guide_w=7.11 Walls=0.00033(x10) g_ns/g_walls=0.943 Windows=0.00123 Doors=0.00025 IC=0.00000 CO2_BC=0.00008 LR=1.47e-04 nu=0.01 NSraw=0.402 alpha(W1/W8/all)=0.59/0.39/0.48 | 0.74 it/s
[Iter 36370/50000] Total=0.13530 | NS=0.12873 CO2(scaled)=0.00094 CO2_weight=1.00 guide_w=7.11 Walls=0.00045(x10) g_ns/g_walls=0.943 Windows=0.00065 Doors=0.00036 IC=0.00000 CO2_BC=0.00010 LR=1.47e-04 nu=0.01 NSraw=0.459 alpha(W1/W8/all)=0.59/0.39/0.48 | 0.74 it/s
[Iter 36380/50000] Total=0.07328 | NS=0.06406 CO2(scaled)=0.00129 CO2_weight=1.00 guide_w=7.11 Walls=0.00066(x10) g_ns/g_walls=0.943 Windows=0.00082 Doors=0.00043 IC=0.00000 CO2_BC=0.00010 LR=1.47e-04 nu=0.01 NSraw=0.1248 alpha(W1/W8/all)=0.59/0.39/0.48 | 0.74 it/s
[Iter 36390/50000] Total=0.25265 | NS=0.24843 CO2(scaled)=0.00118 CO2_weight=1.00 guide_w=7.11 Walls=0.00019(x10) g_ns/g_walls=0.943 Windows=0.00077 Doors=0.00027 IC=0.00000 CO2_BC=0.00009 LR=1.47e-04 nu=0.01 NSraw=1.204 alpha(W1/W8/all)=0.59/0.39/0.48 | 0.74 it/s
[Iter 36400/50000] Total=0.11524 | NS=0.10444 CO2(scaled)=0.00102 CO2_weight=1.00 guide_w=46.4 Walls=0.00084(x10) g_ns/g_walls=1.34 Windows=0.00105 Doors=0.00026 IC=0.00000 CO2_BC=0.00010 LR=1.47e-04 nu=0.01 NSraw=0.3563 alpha(W1/W8/all)=0.59/0.39/0.48 | 0.74 it/s
[Iter 36410/50000] Total=0.15227 | NS=0.14746 CO2(scaled)=0.00112 CO2_weight=1.00 guide_w=46.4 Walls=0.00025(x10) g_ns/g_walls=1.34 Windows=0.00078 Doors=0.00029 IC=0.00000 CO2_BC=0.00010 LR=1.47e-04 nu=0.01 NSraw=1.304 alpha(W1/W8/all)=0.59/0.39/0.48 | 0.74 it/s
[Iter 36420/50000] Total=0.04891 | NS=0.04076 CO2(scaled)=0.00148 CO2_weight=1.00 guide_w=46.4 Walls=0.00051(x10) g_ns/g_walls=1.34 Windows=0.00117 Doors=0.00033 IC=0.00000 CO2_BC=0.00010 LR=1.47e-04 nu=0.01 NSraw=0.07661 alpha(W1/W8/all)=0.59/0.39/0.48 | 0.74 it/s
[Iter 36430/50000] Total=0.16152 | NS=0.15381 CO2(scaled)=0.00101 CO2_weight=1.00 guide_w=46.4 Walls=0.00050(x10) g_ns/g_walls=1.34 Windows=0.00140 Doors=0.00026 IC=0.00000 CO2_BC=0.00008 LR=1.47e-04 nu=0.01 NSraw=0.8112 alpha(W1/W8/all)=0.59/0.39/0.48 | 0.74 it/s
[Iter 36440/50000] Total=0.21833 | NS=0.21108 CO2(scaled)=0.00107 CO2_weight=1.00 guide_w=46.4 Walls=0.00049(x10) g_ns/g_walls=1.34 Windows=0.00089 Doors=0.00032 IC=0.00000 CO2_BC=0.00010 LR=1.47e-04 nu=0.01 NSraw=0.7842 alpha(W1/W8/all)=0.59/0.39/0.48 | 0.74 it/s
[Iter 36450/50000] Total=0.06581 | NS=0.05677 CO2(scaled)=0.00113 CO2_weight=1.00 guide_w=46.4 Walls=0.00065(x10) g_ns/g_walls=1.34 Windows=0.00098 Doors=0.00035 IC=0.00000 CO2_BC=0.00010 LR=1.47e-04 nu=0.01 NSraw=0.09965 alpha(W1/W8/all)=0.59/0.39/0.48 | 0.74 it/s
[Iter 36460/50000] Total=0.17536 | NS=0.17010 CO2(scaled)=0.00091 CO2_weight=1.00 guide_w=46.4 Walls=0.00030(x10) g_ns/g_walls=1.34 Windows=0.00097 Doors=0.00030 IC=0.00000 CO2_BC=0.00010 LR=1.47e-04 nu=0.01 NSraw=1.58 alpha(W1/W8/all)=0.59/0.39/0.48 | 0.74 it/s
[Iter 36470/50000] Total=0.14298 | NS=0.12936 CO2(scaled)=0.00168 CO2_weight=1.00 guide_w=46.4 Walls=0.00104(x10) g_ns/g_walls=1.34 Windows=0.00112 Doors=0.00034 IC=0.00000 CO2_BC=0.00009 LR=1.46e-04 nu=0.01 NSraw=0.4437 alpha(W1/W8/all)=0.59/0.39/0.48 | 0.74 it/s
[Iter 36480/50000] Total=0.08944 | NS=0.08163 CO2(scaled)=0.00115 CO2_weight=1.00 guide_w=46.4 Walls=0.00050(x10) g_ns/g_walls=1.34 Windows=0.00115 Doors=0.00043 IC=0.00000 CO2_BC=0.00011 LR=1.46e-04 nu=0.01 NSraw=0.2332 alpha(W1/W8/all)=0.59/0.39/0.48 | 0.74 it/s
[Iter 36490/50000] Total=0.13868 | NS=0.13140 CO2(scaled)=0.00112 CO2_weight=1.00 guide_w=46.4 Walls=0.00045(x10) g_ns/g_walls=1.34 Windows=0.00115 Doors=0.00038 IC=0.00000 CO2_BC=0.00010 LR=1.46e-04 nu=0.01 NSraw=0.5265 alpha(W1/W8/all)=0.59/0.39/0.48 | 0.74 it/s
[Iter 36500/50000] Total=0.05475 | NS=0.04425 CO2(scaled)=0.00107 CO2_weight=1.00 guide_w=4.1 Walls=0.00075(x10) g_ns/g_walls=0.343 Windows=0.00155 Doors=0.00032 IC=0.00000 CO2_BC=0.00009 LR=1.46e-04 nu=0.01 NSraw=0.05946 alpha(W1/W8/all)=0.59/0.39/0.48 | 0.74 it/s
[Iter 36510/50000] Total=0.09256 | NS=0.08476 CO2(scaled)=0.00091 CO2_weight=1.00 guide_w=4.1 Walls=0.00056(x10) g_ns/g_walls=0.343 Windows=0.00086 Doors=0.00038 IC=0.00000 CO2_BC=0.00008 LR=1.46e-04 nu=0.01 NSraw=0.229 alpha(W1/W8/all)=0.59/0.39/0.48 | 0.74 it/s
[Iter 36520/50000] Total=0.50708 | NS=0.50133 CO2(scaled)=0.00131 CO2_weight=1.00 guide_w=4.1 Walls=0.00028(x10) g_ns/g_walls=0.343 Windows=0.00124 Doors=0.00030 IC=0.00000 CO2_BC=0.00009 LR=1.46e-04 nu=0.01 NSraw=13.94 alpha(W1/W8/all)=0.59/0.39/0.48 | 0.74 it/s
[Iter 36530/50000] Total=0.10957 | NS=0.10499 CO2(scaled)=0.00088 CO2_weight=1.00 guide_w=4.1 Walls=0.00021(x10) g_ns/g_walls=0.343 Windows=0.00115 Doors=0.00038 IC=0.00000 CO2_BC=0.00009 LR=1.46e-04 nu=0.01 NSraw=0.2493 alpha(W1/W8/all)=0.59/0.39/0.48 | 0.74 it/s
[Iter 36540/50000] Total=0.06559 | NS=0.05909 CO2(scaled)=0.00120 CO2_weight=1.00 guide_w=4.1 Walls=0.00035(x10) g_ns/g_walls=0.343 Windows=0.00126 Doors=0.00042 IC=0.00000 CO2_BC=0.00008 LR=1.46e-04 nu=0.01 NSraw=0.1099 alpha(W1/W8/all)=0.59/0.39/0.48 | 0.74 it/s
[Iter 36550/50000] Total=0.07124 | NS=0.05973 CO2(scaled)=0.00124 CO2_weight=1.00 guide_w=4.1 Walls=0.00080(x10) g_ns/g_walls=0.343 Windows=0.00184 Doors=0.00035 IC=0.00000 CO2_BC=0.00007 LR=1.46e-04 nu=0.01 NSraw=0.09946 alpha(W1/W8/all)=0.59/0.39/0.48 | 0.73 it/s
[Iter 36560/50000] Total=0.11916 | NS=0.08753 CO2(scaled)=0.00128 CO2_weight=1.00 guide_w=4.1 Walls=0.00276(x10) g_ns/g_walls=0.343 Windows=0.00235 Doors=0.00030 IC=0.00000 CO2_BC=0.00009 LR=1.46e-04 nu=0.01 NSraw=0.2423 alpha(W1/W8/all)=0.59/0.39/0.48 | 0.73 it/s
[Iter 36570/50000] Total=0.55983 | NS=0.55174 CO2(scaled)=0.00105 CO2_weight=1.00 guide_w=4.1 Walls=0.00054(x10) g_ns/g_walls=0.343 Windows=0.00123 Doors=0.00035 IC=0.00000 CO2_BC=0.00009 LR=1.46e-04 nu=0.01 NSraw=12.2 alpha(W1/W8/all)=0.59/0.39/0.48 | 0.73 it/s
[Iter 36580/50000] Total=0.07788 | NS=0.07258 CO2(scaled)=0.00127 CO2_weight=1.00 guide_w=4.1 Walls=0.00025(x10) g_ns/g_walls=0.343 Windows=0.00106 Doors=0.00042 IC=0.00000 CO2_BC=0.00009 LR=1.46e-04 nu=0.01 NSraw=0.1754 alpha(W1/W8/all)=0.59/0.39/0.48 | 0.73 it/s
[Iter 36590/50000] Total=0.38834 | NS=0.37823 CO2(scaled)=0.00099 CO2_weight=1.00 guide_w=4.1 Walls=0.00078(x10) g_ns/g_walls=0.343 Windows=0.00087 Doors=0.00036 IC=0.00000 CO2_BC=0.00009 LR=1.46e-04 nu=0.01 NSraw=3.547 alpha(W1/W8/all)=0.59/0.39/0.48 | 0.73 it/s
[Iter 36600/50000] Total=0.08115 | NS=0.07099 CO2(scaled)=0.00163 CO2_weight=1.00 guide_w=7.39 Walls=0.00066(x10) g_ns/g_walls=1.83 Windows=0.00146 Doors=0.00036 IC=0.00000 CO2_BC=0.00009 LR=1.45e-04 nu=0.01 NSraw=0.1407 alpha(W1/W8/all)=0.59/0.39/0.48 | 0.73 it/s
[Iter 36610/50000] Total=0.08080 | NS=0.06974 CO2(scaled)=0.00128 CO2_weight=1.00 guide_w=7.39 Walls=0.00081(x10) g_ns/g_walls=1.83 Windows=0.00120 Doors=0.00039 IC=0.00000 CO2_BC=0.00009 LR=1.45e-04 nu=0.01 NSraw=0.2342 alpha(W1/W8/all)=0.59/0.39/0.48 | 0.73 it/s
[Iter 36620/50000] Total=0.07144 | NS=0.06580 CO2(scaled)=0.00112 CO2_weight=1.00 guide_w=7.39 Walls=0.00032(x10) g_ns/g_walls=1.83 Windows=0.00083 Doors=0.00039 IC=0.00000 CO2_BC=0.00010 LR=1.45e-04 nu=0.01 NSraw=0.1606 alpha(W1/W8/all)=0.59/0.39/0.48 | 0.73 it/s
[Iter 36630/50000] Total=0.29462 | NS=0.27516 CO2(scaled)=0.00228 CO2_weight=1.00 guide_w=7.39 Walls=0.00148(x10) g_ns/g_walls=1.83 Windows=0.00170 Doors=0.00063 IC=0.00000 CO2_BC=0.00009 LR=1.45e-04 nu=0.01 NSraw=3.318 alpha(W1/W8/all)=0.59/0.39/0.48 | 0.73 it/s
[Iter 36640/50000] Total=0.40317 | NS=0.39462 CO2(scaled)=0.00161 CO2_weight=1.00 guide_w=7.39 Walls=0.00056(x10) g_ns/g_walls=1.83 Windows=0.00099 Doors=0.00025 IC=0.00000 CO2_BC=0.00009 LR=1.45e-04 nu=0.01 NSraw=10.92 alpha(W1/W8/all)=0.59/0.39/0.48 | 0.73 it/s
[Iter 36650/50000] Total=1.25201 | NS=1.22901 CO2(scaled)=0.00103 CO2_weight=1.00 guide_w=7.39 Walls=0.00206(x10) g_ns/g_walls=1.83 Windows=0.00090 Doors=0.00039 IC=0.00000 CO2_BC=0.00009 LR=1.45e-04 nu=0.01 NSraw=131.6 alpha(W1/W8/all)=0.59/0.39/0.48 | 0.73 it/s
[Iter 36660/50000] Total=0.12068 | NS=0.10706 CO2(scaled)=0.00096 CO2_weight=1.00 guide_w=7.39 Walls=0.00102(x10) g_ns/g_walls=1.83 Windows=0.00199 Doors=0.00036 IC=0.00000 CO2_BC=0.00009 LR=1.45e-04 nu=0.01 NSraw=0.2583 alpha(W1/W8/all)=0.59/0.39/0.48 | 0.73 it/s
[Iter 36670/50000] Total=0.27526 | NS=0.25819 CO2(scaled)=0.00121 CO2_weight=1.00 guide_w=7.39 Walls=0.00139(x10) g_ns/g_walls=1.83 Windows=0.00150 Doors=0.00035 IC=0.00000 CO2_BC=0.00009 LR=1.45e-04 nu=0.01 NSraw=4.851 alpha(W1/W8/all)=0.59/0.39/0.48 | 0.73 it/s
[Iter 36680/50000] Total=0.49011 | NS=0.48359 CO2(scaled)=0.00098 CO2_weight=1.00 guide_w=7.39 Walls=0.00044(x10) g_ns/g_walls=1.83 Windows=0.00077 Doors=0.00031 IC=0.00000 CO2_BC=0.00008 LR=1.45e-04 nu=0.01 NSraw=11.8 alpha(W1/W8/all)=0.59/0.39/0.48 | 0.73 it/s
[Iter 36690/50000] Total=0.06049 | NS=0.05413 CO2(scaled)=0.00124 CO2_weight=1.00 guide_w=7.39 Walls=0.00037(x10) g_ns/g_walls=1.83 Windows=0.00103 Doors=0.00028 IC=0.00000 CO2_BC=0.00009 LR=1.45e-04 nu=0.01 NSraw=0.1074 alpha(W1/W8/all)=0.59/0.39/0.48 | 0.73 it/s
[Iter 36700/50000] Total=0.17867 | NS=0.17086 CO2(scaled)=0.00125 CO2_weight=1.00 guide_w=33.4 Walls=0.00051(x10) g_ns/g_walls=7.47 Windows=0.00102 Doors=0.00036 IC=0.00000 CO2_BC=0.00008 LR=1.45e-04 nu=0.01 NSraw=0.5327 alpha(W1/W8/all)=0.59/0.39/0.48 | 0.73 it/s
[Iter 36710/50000] Total=0.06433 | NS=0.05707 CO2(scaled)=0.00124 CO2_weight=1.00 guide_w=33.4 Walls=0.00048(x10) g_ns/g_walls=7.47 Windows=0.00076 Doors=0.00038 IC=0.00000 CO2_BC=0.00009 LR=1.45e-04 nu=0.01 NSraw=0.108 alpha(W1/W8/all)=0.59/0.39/0.48 | 0.73 it/s
[Iter 36720/50000] Total=0.08370 | NS=0.07678 CO2(scaled)=0.00122 CO2_weight=1.00 guide_w=33.4 Walls=0.00046(x10) g_ns/g_walls=7.47 Windows=0.00068 Doors=0.00033 IC=0.00000 CO2_BC=0.00009 LR=1.45e-04 nu=0.01 NSraw=0.2363 alpha(W1/W8/all)=0.59/0.39/0.48 | 0.73 it/s
[Iter 36730/50000] Total=0.17584 | NS=0.16678 CO2(scaled)=0.00081 CO2_weight=1.00 guide_w=33.4 Walls=0.00067(x10) g_ns/g_walls=7.47 Windows=0.00109 Doors=0.00036 IC=0.00000 CO2_BC=0.00009 LR=1.44e-04 nu=0.01 NSraw=0.9426 alpha(W1/W8/all)=0.59/0.39/0.48 | 0.73 it/s
[Iter 36740/50000] Total=0.29383 | NS=0.28579 CO2(scaled)=0.00132 CO2_weight=1.00 guide_w=33.4 Walls=0.00056(x10) g_ns/g_walls=7.47 Windows=0.00074 Doors=0.00032 IC=0.00000 CO2_BC=0.00009 LR=1.44e-04 nu=0.01 NSraw=4.188 alpha(W1/W8/all)=0.59/0.39/0.48 | 0.73 it/s
[Iter 36750/50000] Total=0.06121 | NS=0.04613 CO2(scaled)=0.00083 CO2_weight=1.00 guide_w=33.4 Walls=0.00124(x10) g_ns/g_walls=7.47 Windows=0.00150 Doors=0.00029 IC=0.00000 CO2_BC=0.00010 LR=1.44e-04 nu=0.01 NSraw=0.06206 alpha(W1/W8/all)=0.59/0.39/0.48 | 0.73 it/s
[Iter 36760/50000] Total=0.20540 | NS=0.19905 CO2(scaled)=0.00130 CO2_weight=1.00 guide_w=33.4 Walls=0.00034(x10) g_ns/g_walls=7.47 Windows=0.00131 Doors=0.00025 IC=0.00000 CO2_BC=0.00009 LR=1.44e-04 nu=0.01 NSraw=0.8135 alpha(W1/W8/all)=0.59/0.39/0.48 | 0.73 it/s
[Iter 36770/50000] Total=2.13955 | NS=2.13393 CO2(scaled)=0.00096 CO2_weight=1.00 guide_w=33.4 Walls=0.00033(x10) g_ns/g_walls=7.47 Windows=0.00099 Doors=0.00027 IC=0.00000 CO2_BC=0.00007 LR=1.44e-04 nu=0.01 NSraw=438.9 alpha(W1/W8/all)=0.59/0.39/0.48 | 0.73 it/s
[Iter 36780/50000] Total=0.06920 | NS=0.06204 CO2(scaled)=0.00097 CO2_weight=1.00 guide_w=33.4 Walls=0.00051(x10) g_ns/g_walls=7.47 Windows=0.00071 Doors=0.00028 IC=0.00000 CO2_BC=0.00007 LR=1.44e-04 nu=0.01 NSraw=0.1076 alpha(W1/W8/all)=0.59/0.39/0.48 | 0.73 it/s
[Iter 36790/50000] Total=0.17943 | NS=0.17449 CO2(scaled)=0.00098 CO2_weight=1.00 guide_w=33.4 Walls=0.00026(x10) g_ns/g_walls=7.47 Windows=0.00099 Doors=0.00032 IC=0.00000 CO2_BC=0.00007 LR=1.44e-04 nu=0.01 NSraw=0.7946 alpha(W1/W8/all)=0.59/0.39/0.48 | 0.73 it/s
[Iter 36800/50000] Total=0.18681 | NS=0.17486 CO2(scaled)=0.00112 CO2_weight=1.00 guide_w=13.3 Walls=0.00091(x10) g_ns/g_walls=1.95 Windows=0.00131 Doors=0.00030 IC=0.00000 CO2_BC=0.00008 LR=1.44e-04 nu=0.01 NSraw=0.7884 alpha(W1/W8/all)=0.59/0.39/0.48 | 0.72 it/s
[Iter 36810/50000] Total=0.09574 | NS=0.08859 CO2(scaled)=0.00145 CO2_weight=1.00 guide_w=13.3 Walls=0.00045(x10) g_ns/g_walls=1.95 Windows=0.00079 Doors=0.00032 IC=0.00000 CO2_BC=0.00009 LR=1.44e-04 nu=0.01 NSraw=0.1863 alpha(W1/W8/all)=0.59/0.39/0.48 | 0.72 it/s
[Iter 36820/50000] Total=0.12039 | NS=0.11301 CO2(scaled)=0.00123 CO2_weight=1.00 guide_w=13.3 Walls=0.00049(x10) g_ns/g_walls=1.95 Windows=0.00089 Doors=0.00026 IC=0.00000 CO2_BC=0.00009 LR=1.44e-04 nu=0.01 NSraw=0.2655 alpha(W1/W8/all)=0.59/0.39/0.48 | 0.72 it/s
[Iter 36830/50000] Total=0.36929 | NS=0.36208 CO2(scaled)=0.00101 CO2_weight=1.00 guide_w=13.3 Walls=0.00049(x10) g_ns/g_walls=1.95 Windows=0.00085 Doors=0.00036 IC=0.00000 CO2_BC=0.00007 LR=1.44e-04 nu=0.01 NSraw=8.062 alpha(W1/W8/all)=0.59/0.39/0.48 | 0.72 it/s
[Iter 36840/50000] Total=0.16441 | NS=0.14194 CO2(scaled)=0.00258 CO2_weight=1.00 guide_w=13.3 Walls=0.00173(x10) g_ns/g_walls=1.95 Windows=0.00215 Doors=0.00034 IC=0.00000 CO2_BC=0.00010 LR=1.44e-04 nu=0.01 NSraw=0.8342 alpha(W1/W8/all)=0.59/0.39/0.48 | 0.72 it/s
[Iter 36850/50000] Total=0.21707 | NS=0.21069 CO2(scaled)=0.00109 CO2_weight=1.00 guide_w=13.3 Walls=0.00040(x10) g_ns/g_walls=1.95 Windows=0.00084 Doors=0.00040 IC=0.00000 CO2_BC=0.00009 LR=1.44e-04 nu=0.01 NSraw=1.585 alpha(W1/W8/all)=0.59/0.39/0.48 | 0.72 it/s
[Iter 36860/50000] Total=0.09889 | NS=0.08073 CO2(scaled)=0.00107 CO2_weight=1.00 guide_w=13.3 Walls=0.00148(x10) g_ns/g_walls=1.95 Windows=0.00197 Doors=0.00026 IC=0.00000 CO2_BC=0.00010 LR=1.43e-04 nu=0.01 NSraw=0.1254 alpha(W1/W8/all)=0.59/0.39/0.48 | 0.72 it/s
[Iter 36870/50000] Total=0.19761 | NS=0.18804 CO2(scaled)=0.00129 CO2_weight=1.00 guide_w=13.3 Walls=0.00067(x10) g_ns/g_walls=1.95 Windows=0.00116 Doors=0.00031 IC=0.00000 CO2_BC=0.00009 LR=1.43e-04 nu=0.01 NSraw=0.7872 alpha(W1/W8/all)=0.59/0.39/0.48 | 0.72 it/s
[Iter 36880/50000] Total=0.10413 | NS=0.09725 CO2(scaled)=0.00111 CO2_weight=1.00 guide_w=13.3 Walls=0.00044(x10) g_ns/g_walls=1.95 Windows=0.00097 Doors=0.00034 IC=0.00000 CO2_BC=0.00009 LR=1.43e-04 nu=0.01 NSraw=0.3342 alpha(W1/W8/all)=0.59/0.39/0.48 | 0.72 it/s
[Iter 36890/50000] Total=0.11423 | NS=0.10593 CO2(scaled)=0.00169 CO2_weight=1.00 guide_w=13.3 Walls=0.00051(x10) g_ns/g_walls=1.95 Windows=0.00111 Doors=0.00030 IC=0.00000 CO2_BC=0.00008 LR=1.43e-04 nu=0.01 NSraw=0.3307 alpha(W1/W8/all)=0.59/0.39/0.48 | 0.72 it/s
[Iter 36900/50000] Total=0.07278 | NS=0.06572 CO2(scaled)=0.00145 CO2_weight=1.00 guide_w=3.16 Walls=0.00043(x10) g_ns/g_walls=0.706 Windows=0.00076 Doors=0.00045 IC=0.00000 CO2_BC=0.00008 LR=1.43e-04 nu=0.01 NSraw=0.1536 alpha(W1/W8/all)=0.59/0.39/0.48 | 0.72 it/s
[Iter 36910/50000] Total=0.08268 | NS=0.07390 CO2(scaled)=0.00109 CO2_weight=1.00 guide_w=3.16 Walls=0.00062(x10) g_ns/g_walls=0.706 Windows=0.00102 Doors=0.00036 IC=0.00000 CO2_BC=0.00008 LR=1.43e-04 nu=0.01 NSraw=0.1642 alpha(W1/W8/all)=0.59/0.39/0.48 | 0.72 it/s
[Iter 36920/50000] Total=0.05868 | NS=0.05332 CO2(scaled)=0.00085 CO2_weight=1.00 guide_w=3.16 Walls=0.00034(x10) g_ns/g_walls=0.706 Windows=0.00059 Doors=0.00046 IC=0.00000 CO2_BC=0.00010 LR=1.43e-04 nu=0.01 NSraw=0.0899 alpha(W1/W8/all)=0.59/0.39/0.48 | 0.72 it/s
[Iter 36930/50000] Total=0.05017 | NS=0.04408 CO2(scaled)=0.00089 CO2_weight=1.00 guide_w=3.16 Walls=0.00037(x10) g_ns/g_walls=0.706 Windows=0.00096 Doors=0.00041 IC=0.00000 CO2_BC=0.00009 LR=1.43e-04 nu=0.01 NSraw=0.06519 alpha(W1/W8/all)=0.59/0.39/0.48 | 0.72 it/s
[Iter 36940/50000] Total=0.09505 | NS=0.09000 CO2(scaled)=0.00101 CO2_weight=1.00 guide_w=3.16 Walls=0.00029(x10) g_ns/g_walls=0.706 Windows=0.00074 Doors=0.00035 IC=0.00000 CO2_BC=0.00009 LR=1.43e-04 nu=0.01 NSraw=0.2069 alpha(W1/W8/all)=0.59/0.39/0.48 | 0.72 it/s
[Iter 36950/50000] Total=0.15352 | NS=0.14645 CO2(scaled)=0.00117 CO2_weight=1.00 guide_w=3.16 Walls=0.00045(x10) g_ns/g_walls=0.706 Windows=0.00088 Doors=0.00042 IC=0.00000 CO2_BC=0.00008 LR=1.43e-04 nu=0.01 NSraw=0.4703 alpha(W1/W8/all)=0.59/0.39/0.48 | 0.72 it/s
[Iter 36960/50000] Total=0.14960 | NS=0.14342 CO2(scaled)=0.00096 CO2_weight=1.00 guide_w=3.16 Walls=0.00036(x10) g_ns/g_walls=0.706 Windows=0.00118 Doors=0.00034 IC=0.00000 CO2_BC=0.00012 LR=1.43e-04 nu=0.01 NSraw=0.6471 alpha(W1/W8/all)=0.59/0.39/0.48 | 0.72 it/s
[Iter 36970/50000] Total=0.05152 | NS=0.04085 CO2(scaled)=0.00099 CO2_weight=1.00 guide_w=3.16 Walls=0.00080(x10) g_ns/g_walls=0.706 Windows=0.00119 Doors=0.00043 IC=0.00000 CO2_BC=0.00008 LR=1.43e-04 nu=0.01 NSraw=0.05477 alpha(W1/W8/all)=0.59/0.39/0.48 | 0.72 it/s
[Iter 36980/50000] Total=0.17837 | NS=0.16218 CO2(scaled)=0.00122 CO2_weight=1.00 guide_w=3.16 Walls=0.00125(x10) g_ns/g_walls=0.706 Windows=0.00182 Doors=0.00060 IC=0.00000 CO2_BC=0.00008 LR=1.43e-04 nu=0.01 NSraw=0.5111 alpha(W1/W8/all)=0.59/0.39/0.48 | 0.72 it/s
[Iter 36990/50000] Total=0.43385 | NS=0.42719 CO2(scaled)=0.00090 CO2_weight=1.00 guide_w=3.16 Walls=0.00043(x10) g_ns/g_walls=0.706 Windows=0.00090 Doors=0.00049 IC=0.00000 CO2_BC=0.00007 LR=1.42e-04 nu=0.01 NSraw=9.01 alpha(W1/W8/all)=0.59/0.39/0.48 | 0.72 it/s
[Iter 37000/50000] Total=0.11976 | NS=0.10994 CO2(scaled)=0.00137 CO2_weight=1.00 guide_w=6.23 Walls=0.00067(x10) g_ns/g_walls=2.19 Windows=0.00115 Doors=0.00048 IC=0.00000 CO2_BC=0.00008 LR=1.42e-04 nu=0.01 NSraw=0.3475 alpha(W1/W8/all)=0.59/0.39/0.48 | 0.72 it/s
  -> saved checkpoint: /home/iai-labor/BuildingControlCFD/experiments/gnot/checkpoints/v25_nsuniform_r50k/gnot_v25_nsuniform_r50k_iter37000.pth
[Iter 37010/50000] Total=0.03842 | NS=0.03021 CO2(scaled)=0.00105 CO2_weight=1.00 guide_w=6.23 Walls=0.00059(x10) g_ns/g_walls=2.19 Windows=0.00075 Doors=0.00038 IC=0.00000 CO2_BC=0.00010 LR=1.42e-04 nu=0.01 NSraw=0.03654 alpha(W1/W8/all)=0.59/0.39/0.48 | 0.72 it/s
[Iter 37020/50000] Total=0.03642 | NS=0.02455 CO2(scaled)=0.00227 CO2_weight=1.00 guide_w=6.23 Walls=0.00078(x10) g_ns/g_walls=2.19 Windows=0.00129 Doors=0.00042 IC=0.00000 CO2_BC=0.00008 LR=1.42e-04 nu=0.01 NSraw=0.02672 alpha(W1/W8/all)=0.59/0.39/0.48 | 0.72 it/s
[Iter 37030/50000] Total=0.13625 | NS=0.12274 CO2(scaled)=0.00109 CO2_weight=1.00 guide_w=6.23 Walls=0.00103(x10) g_ns/g_walls=2.19 Windows=0.00169 Doors=0.00038 IC=0.00000 CO2_BC=0.00008 LR=1.42e-04 nu=0.01 NSraw=0.3446 alpha(W1/W8/all)=0.59/0.39/0.48 | 0.72 it/s
[Iter 37040/50000] Total=0.07959 | NS=0.06932 CO2(scaled)=0.00135 CO2_weight=1.00 guide_w=6.23 Walls=0.00073(x10) g_ns/g_walls=2.19 Windows=0.00121 Doors=0.00034 IC=0.00000 CO2_BC=0.00009 LR=1.42e-04 nu=0.01 NSraw=0.1667 alpha(W1/W8/all)=0.59/0.39/0.48 | 0.72 it/s
[Iter 37050/50000] Total=0.10640 | NS=0.09793 CO2(scaled)=0.00110 CO2_weight=1.00 guide_w=6.23 Walls=0.00052(x10) g_ns/g_walls=2.19 Windows=0.00169 Doors=0.00035 IC=0.00000 CO2_BC=0.00009 LR=1.42e-04 nu=0.01 NSraw=0.2025 alpha(W1/W8/all)=0.59/0.39/0.48 | 0.72 it/s
[Iter 37060/50000] Total=0.06398 | NS=0.05678 CO2(scaled)=0.00118 CO2_weight=1.00 guide_w=6.23 Walls=0.00042(x10) g_ns/g_walls=2.19 Windows=0.00134 Doors=0.00035 IC=0.00000 CO2_BC=0.00009 LR=1.42e-04 nu=0.01 NSraw=0.1107 alpha(W1/W8/all)=0.59/0.39/0.48 | 0.72 it/s
[Iter 37070/50000] Total=0.04252 | NS=0.03236 CO2(scaled)=0.00108 CO2_weight=1.00 guide_w=6.23 Walls=0.00070(x10) g_ns/g_walls=2.19 Windows=0.00165 Doors=0.00031 IC=0.00000 CO2_BC=0.00008 LR=1.42e-04 nu=0.01 NSraw=0.04015 alpha(W1/W8/all)=0.59/0.39/0.48 | 0.72 it/s
[Iter 37080/50000] Total=0.06268 | NS=0.05400 CO2(scaled)=0.00148 CO2_weight=1.00 guide_w=6.23 Walls=0.00053(x10) g_ns/g_walls=2.19 Windows=0.00148 Doors=0.00033 IC=0.00000 CO2_BC=0.00008 LR=1.42e-04 nu=0.01 NSraw=0.07621 alpha(W1/W8/all)=0.59/0.39/0.48 | 0.71 it/s
[Iter 37090/50000] Total=0.34681 | NS=0.32424 CO2(scaled)=0.00157 CO2_weight=1.00 guide_w=6.23 Walls=0.00187(x10) g_ns/g_walls=2.19 Windows=0.00182 Doors=0.00043 IC=0.00000 CO2_BC=0.00007 LR=1.42e-04 nu=0.01 NSraw=3.703 alpha(W1/W8/all)=0.59/0.39/0.48 | 0.71 it/s
[Iter 37100/50000] Total=0.35579 | NS=0.34640 CO2(scaled)=0.00122 CO2_weight=1.00 guide_w=55.6 Walls=0.00068(x10) g_ns/g_walls=10.6 Windows=0.00094 Doors=0.00035 IC=0.00000 CO2_BC=0.00009 LR=1.42e-04 nu=0.01 NSraw=2.647 alpha(W1/W8/all)=0.59/0.39/0.48 | 0.71 it/s
[Iter 37110/50000] Total=0.46081 | NS=0.45182 CO2(scaled)=0.00114 CO2_weight=1.00 guide_w=55.6 Walls=0.00063(x10) g_ns/g_walls=10.6 Windows=0.00097 Doors=0.00047 IC=0.00000 CO2_BC=0.00008 LR=1.42e-04 nu=0.01 NSraw=14.18 alpha(W1/W8/all)=0.59/0.39/0.48 | 0.71 it/s
[Iter 37120/50000] Total=0.04576 | NS=0.03858 CO2(scaled)=0.00101 CO2_weight=1.00 guide_w=55.6 Walls=0.00048(x10) g_ns/g_walls=10.6 Windows=0.00095 Doors=0.00032 IC=0.00000 CO2_BC=0.00008 LR=1.41e-04 nu=0.01 NSraw=0.06475 alpha(W1/W8/all)=0.59/0.39/0.48 | 0.71 it/s
[Iter 37130/50000] Total=0.12210 | NS=0.11176 CO2(scaled)=0.00106 CO2_weight=1.00 guide_w=55.6 Walls=0.00080(x10) g_ns/g_walls=10.6 Windows=0.00095 Doors=0.00026 IC=0.00000 CO2_BC=0.00010 LR=1.41e-04 nu=0.01 NSraw=0.5454 alpha(W1/W8/all)=0.59/0.39/0.48 | 0.71 it/s
[Iter 37140/50000] Total=0.09739 | NS=0.08885 CO2(scaled)=0.00130 CO2_weight=1.00 guide_w=55.6 Walls=0.00058(x10) g_ns/g_walls=10.6 Windows=0.00102 Doors=0.00038 IC=0.00000 CO2_BC=0.00007 LR=1.41e-04 nu=0.01 NSraw=0.2325 alpha(W1/W8/all)=0.59/0.39/0.48 | 0.71 it/s
[Iter 37150/50000] Total=0.09151 | NS=0.08537 CO2(scaled)=0.00088 CO2_weight=1.00 guide_w=55.6 Walls=0.00039(x10) g_ns/g_walls=10.6 Windows=0.00091 Doors=0.00038 IC=0.00000 CO2_BC=0.00009 LR=1.41e-04 nu=0.01 NSraw=0.2685 alpha(W1/W8/all)=0.59/0.39/0.48 | 0.71 it/s
[Iter 37160/50000] Total=0.07609 | NS=0.06793 CO2(scaled)=0.00103 CO2_weight=1.00 guide_w=55.6 Walls=0.00055(x10) g_ns/g_walls=10.6 Windows=0.00118 Doors=0.00036 IC=0.00000 CO2_BC=0.00010 LR=1.41e-04 nu=0.01 NSraw=0.2921 alpha(W1/W8/all)=0.59/0.39/0.48 | 0.71 it/s
[Iter 37170/50000] Total=0.20512 | NS=0.19267 CO2(scaled)=0.00142 CO2_weight=1.00 guide_w=55.6 Walls=0.00090(x10) g_ns/g_walls=10.6 Windows=0.00163 Doors=0.00029 IC=0.00000 CO2_BC=0.00009 LR=1.41e-04 nu=0.01 NSraw=0.7741 alpha(W1/W8/all)=0.59/0.39/0.48 | 0.71 it/s
[Iter 37180/50000] Total=0.10315 | NS=0.09510 CO2(scaled)=0.00119 CO2_weight=1.00 guide_w=55.6 Walls=0.00053(x10) g_ns/g_walls=10.6 Windows=0.00114 Doors=0.00029 IC=0.00000 CO2_BC=0.00008 LR=1.41e-04 nu=0.01 NSraw=0.254 alpha(W1/W8/all)=0.59/0.39/0.48 | 0.71 it/s
[Iter 37190/50000] Total=0.15802 | NS=0.14762 CO2(scaled)=0.00092 CO2_weight=1.00 guide_w=55.6 Walls=0.00074(x10) g_ns/g_walls=10.6 Windows=0.00162 Doors=0.00035 IC=0.00000 CO2_BC=0.00009 LR=1.41e-04 nu=0.01 NSraw=0.8822 alpha(W1/W8/all)=0.59/0.39/0.48 | 0.71 it/s
[Iter 37200/50000] Total=0.04924 | NS=0.04055 CO2(scaled)=0.00133 CO2_weight=1.00 guide_w=4.61 Walls=0.00060(x10) g_ns/g_walls=1.14 Windows=0.00106 Doors=0.00024 IC=0.00000 CO2_BC=0.00009 LR=1.41e-04 nu=0.01 NSraw=0.07133 alpha(W1/W8/all)=0.59/0.39/0.48 | 0.71 it/s
[Iter 37210/50000] Total=0.07171 | NS=0.06577 CO2(scaled)=0.00107 CO2_weight=1.00 guide_w=4.61 Walls=0.00032(x10) g_ns/g_walls=1.14 Windows=0.00118 Doors=0.00041 IC=0.00000 CO2_BC=0.00009 LR=1.41e-04 nu=0.01 NSraw=0.1346 alpha(W1/W8/all)=0.59/0.39/0.48 | 0.71 it/s
[Iter 37220/50000] Total=0.06956 | NS=0.05879 CO2(scaled)=0.00095 CO2_weight=1.00 guide_w=4.61 Walls=0.00079(x10) g_ns/g_walls=1.14 Windows=0.00135 Doors=0.00045 IC=0.00000 CO2_BC=0.00010 LR=1.41e-04 nu=0.01 NSraw=0.1465 alpha(W1/W8/all)=0.59/0.39/0.48 | 0.71 it/s
[Iter 37230/50000] Total=0.06847 | NS=0.05701 CO2(scaled)=0.00118 CO2_weight=1.00 guide_w=4.61 Walls=0.00084(x10) g_ns/g_walls=1.14 Windows=0.00143 Doors=0.00038 IC=0.00000 CO2_BC=0.00010 LR=1.41e-04 nu=0.01 NSraw=0.1001 alpha(W1/W8/all)=0.59/0.39/0.48 | 0.71 it/s
[Iter 37240/50000] Total=0.05544 | NS=0.04818 CO2(scaled)=0.00149 CO2_weight=1.00 guide_w=4.61 Walls=0.00048(x10) g_ns/g_walls=1.14 Windows=0.00059 Doors=0.00031 IC=0.00000 CO2_BC=0.00008 LR=1.41e-04 nu=0.01 NSraw=0.06465 alpha(W1/W8/all)=0.59/0.39/0.48 | 0.71 it/s
[Iter 37250/50000] Total=0.23313 | NS=0.22703 CO2(scaled)=0.00108 CO2_weight=1.00 guide_w=4.61 Walls=0.00038(x10) g_ns/g_walls=1.14 Windows=0.00070 Doors=0.00039 IC=0.00000 CO2_BC=0.00009 LR=1.41e-04 nu=0.01 NSraw=2.688 alpha(W1/W8/all)=0.59/0.39/0.48 | 0.71 it/s
[Iter 37260/50000] Total=0.10494 | NS=0.09037 CO2(scaled)=0.00105 CO2_weight=1.00 guide_w=4.61 Walls=0.00122(x10) g_ns/g_walls=1.14 Windows=0.00097 Doors=0.00028 IC=0.00000 CO2_BC=0.00010 LR=1.40e-04 nu=0.01 NSraw=0.2055 alpha(W1/W8/all)=0.59/0.39/0.48 | 0.71 it/s
[Iter 37270/50000] Total=0.81557 | NS=0.80584 CO2(scaled)=0.00111 CO2_weight=1.00 guide_w=4.61 Walls=0.00072(x10) g_ns/g_walls=1.14 Windows=0.00098 Doors=0.00038 IC=0.00000 CO2_BC=0.00010 LR=1.40e-04 nu=0.01 NSraw=52.4 alpha(W1/W8/all)=0.59/0.39/0.48 | 0.71 it/s
[Iter 37280/50000] Total=0.09557 | NS=0.08966 CO2(scaled)=0.00123 CO2_weight=1.00 guide_w=4.61 Walls=0.00034(x10) g_ns/g_walls=1.14 Windows=0.00073 Doors=0.00049 IC=0.00000 CO2_BC=0.00008 LR=1.40e-04 nu=0.01 NSraw=0.2132 alpha(W1/W8/all)=0.59/0.39/0.48 | 0.71 it/s
[Iter 37290/50000] Total=0.16004 | NS=0.14644 CO2(scaled)=0.00152 CO2_weight=1.00 guide_w=4.61 Walls=0.00104(x10) g_ns/g_walls=1.14 Windows=0.00124 Doors=0.00038 IC=0.00000 CO2_BC=0.00010 LR=1.40e-04 nu=0.01 NSraw=0.3768 alpha(W1/W8/all)=0.59/0.39/0.48 | 0.71 it/s
[Iter 37300/50000] Total=0.07860 | NS=0.06868 CO2(scaled)=0.00144 CO2_weight=1.00 guide_w=2.65 Walls=0.00067(x10) g_ns/g_walls=0.507 Windows=0.00117 Doors=0.00052 IC=0.00000 CO2_BC=0.00009 LR=1.40e-04 nu=0.01 NSraw=0.1209 alpha(W1/W8/all)=0.59/0.39/0.48 | 0.71 it/s
[Iter 37310/50000] Total=3.83339 | NS=3.82685 CO2(scaled)=0.00092 CO2_weight=1.00 guide_w=2.65 Walls=0.00038(x10) g_ns/g_walls=0.507 Windows=0.00131 Doors=0.00041 IC=0.00000 CO2_BC=0.00009 LR=1.40e-04 nu=0.01 NSraw=1255 alpha(W1/W8/all)=0.59/0.39/0.48 | 0.71 it/s
[Iter 37320/50000] Total=0.55444 | NS=0.54654 CO2(scaled)=0.00149 CO2_weight=1.00 guide_w=2.65 Walls=0.00045(x10) g_ns/g_walls=0.507 Windows=0.00131 Doors=0.00052 IC=0.00000 CO2_BC=0.00010 LR=1.40e-04 nu=0.01 NSraw=18.16 alpha(W1/W8/all)=0.59/0.39/0.48 | 0.71 it/s
[Iter 37330/50000] Total=0.06684 | NS=0.05997 CO2(scaled)=0.00111 CO2_weight=1.00 guide_w=2.65 Walls=0.00043(x10) g_ns/g_walls=0.507 Windows=0.00094 Doors=0.00046 IC=0.00000 CO2_BC=0.00009 LR=1.40e-04 nu=0.01 NSraw=0.09793 alpha(W1/W8/all)=0.59/0.39/0.48 | 0.71 it/s
[Iter 37340/50000] Total=0.18792 | NS=0.17400 CO2(scaled)=0.00120 CO2_weight=1.00 guide_w=2.65 Walls=0.00106(x10) g_ns/g_walls=0.507 Windows=0.00157 Doors=0.00041 IC=0.00000 CO2_BC=0.00009 LR=1.40e-04 nu=0.01 NSraw=0.6983 alpha(W1/W8/all)=0.59/0.39/0.48 | 0.71 it/s
[Iter 37350/50000] Total=0.07560 | NS=0.05987 CO2(scaled)=0.00121 CO2_weight=1.00 guide_w=2.65 Walls=0.00121(x10) g_ns/g_walls=0.507 Windows=0.00203 Doors=0.00029 IC=0.00000 CO2_BC=0.00009 LR=1.40e-04 nu=0.01 NSraw=0.1034 alpha(W1/W8/all)=0.59/0.39/0.48 | 0.71 it/s
[Iter 37360/50000] Total=0.18707 | NS=0.18000 CO2(scaled)=0.00102 CO2_weight=1.00 guide_w=2.65 Walls=0.00046(x10) g_ns/g_walls=0.507 Windows=0.00087 Doors=0.00047 IC=0.00000 CO2_BC=0.00010 LR=1.40e-04 nu=0.01 NSraw=0.8441 alpha(W1/W8/all)=0.59/0.39/0.48 | 0.71 it/s
[Iter 37370/50000] Total=0.07701 | NS=0.07082 CO2(scaled)=0.00111 CO2_weight=1.00 guide_w=2.65 Walls=0.00034(x10) g_ns/g_walls=0.507 Windows=0.00110 Doors=0.00049 IC=0.00000 CO2_BC=0.00009 LR=1.40e-04 nu=0.01 NSraw=0.1228 alpha(W1/W8/all)=0.59/0.39/0.48 | 0.71 it/s
[Iter 37380/50000] Total=0.09745 | NS=0.09041 CO2(scaled)=0.00102 CO2_weight=1.00 guide_w=2.65 Walls=0.00041(x10) g_ns/g_walls=0.507 Windows=0.00144 Doors=0.00039 IC=0.00000 CO2_BC=0.00008 LR=1.40e-04 nu=0.01 NSraw=0.6326 alpha(W1/W8/all)=0.59/0.39/0.48 | 0.71 it/s
[Iter 37390/50000] Total=0.34749 | NS=0.34043 CO2(scaled)=0.00099 CO2_weight=1.00 guide_w=2.65 Walls=0.00046(x10) g_ns/g_walls=0.507 Windows=0.00102 Doors=0.00040 IC=0.00000 CO2_BC=0.00007 LR=1.39e-04 nu=0.01 NSraw=4.375 alpha(W1/W8/all)=0.59/0.39/0.48 | 0.71 it/s
[Iter 37400/50000] Total=0.11199 | NS=0.09876 CO2(scaled)=0.00126 CO2_weight=1.00 guide_w=28.3 Walls=0.00105(x10) g_ns/g_walls=5.58 Windows=0.00106 Doors=0.00037 IC=0.00000 CO2_BC=0.00008 LR=1.39e-04 nu=0.01 NSraw=0.3677 alpha(W1/W8/all)=0.59/0.39/0.48 | 0.70 it/s
[Iter 37410/50000] Total=0.07077 | NS=0.06037 CO2(scaled)=0.00114 CO2_weight=1.00 guide_w=28.3 Walls=0.00076(x10) g_ns/g_walls=5.58 Windows=0.00131 Doors=0.00029 IC=0.00000 CO2_BC=0.00009 LR=1.39e-04 nu=0.01 NSraw=0.1039 alpha(W1/W8/all)=0.59/0.39/0.48 | 0.70 it/s
[Iter 37420/50000] Total=0.07986 | NS=0.06636 CO2(scaled)=0.00167 CO2_weight=1.00 guide_w=28.3 Walls=0.00099(x10) g_ns/g_walls=5.58 Windows=0.00156 Doors=0.00030 IC=0.00000 CO2_BC=0.00009 LR=1.39e-04 nu=0.01 NSraw=0.171 alpha(W1/W8/all)=0.59/0.39/0.48 | 0.70 it/s
[Iter 37430/50000] Total=0.22606 | NS=0.21696 CO2(scaled)=0.00125 CO2_weight=1.00 guide_w=28.3 Walls=0.00064(x10) g_ns/g_walls=5.58 Windows=0.00088 Doors=0.00049 IC=0.00000 CO2_BC=0.00010 LR=1.39e-04 nu=0.01 NSraw=0.978 alpha(W1/W8/all)=0.59/0.39/0.48 | 0.70 it/s
[Iter 37440/50000] Total=0.05681 | NS=0.04823 CO2(scaled)=0.00090 CO2_weight=1.00 guide_w=28.3 Walls=0.00059(x10) g_ns/g_walls=5.58 Windows=0.00132 Doors=0.00039 IC=0.00000 CO2_BC=0.00008 LR=1.39e-04 nu=0.01 NSraw=0.09336 alpha(W1/W8/all)=0.59/0.39/0.48 | 0.70 it/s
[Iter 37450/50000] Total=0.46349 | NS=0.45421 CO2(scaled)=0.00114 CO2_weight=1.00 guide_w=28.3 Walls=0.00067(x10) g_ns/g_walls=5.58 Windows=0.00094 Doors=0.00043 IC=0.00000 CO2_BC=0.00008 LR=1.39e-04 nu=0.01 NSraw=9.804 alpha(W1/W8/all)=0.59/0.39/0.48 | 0.70 it/s
[Iter 37460/50000] Total=0.03918 | NS=0.02781 CO2(scaled)=0.00126 CO2_weight=1.00 guide_w=28.3 Walls=0.00082(x10) g_ns/g_walls=5.58 Windows=0.00136 Doors=0.00046 IC=0.00000 CO2_BC=0.00009 LR=1.39e-04 nu=0.01 NSraw=0.03731 alpha(W1/W8/all)=0.59/0.39/0.48 | 0.70 it/s
[Iter 37470/50000] Total=0.07832 | NS=0.07138 CO2(scaled)=0.00096 CO2_weight=1.00 guide_w=28.3 Walls=0.00046(x10) g_ns/g_walls=5.58 Windows=0.00080 Doors=0.00047 IC=0.00000 CO2_BC=0.00008 LR=1.39e-04 nu=0.01 NSraw=0.1856 alpha(W1/W8/all)=0.59/0.39/0.48 | 0.70 it/s
[Iter 37480/50000] Total=0.62262 | NS=0.61358 CO2(scaled)=0.00093 CO2_weight=1.00 guide_w=28.3 Walls=0.00067(x10) g_ns/g_walls=5.58 Windows=0.00094 Doors=0.00033 IC=0.00000 CO2_BC=0.00009 LR=1.39e-04 nu=0.01 NSraw=26.93 alpha(W1/W8/all)=0.59/0.39/0.48 | 0.70 it/s
[Iter 37490/50000] Total=0.12416 | NS=0.10331 CO2(scaled)=0.00280 CO2_weight=1.00 guide_w=28.3 Walls=0.00158(x10) g_ns/g_walls=5.58 Windows=0.00185 Doors=0.00032 IC=0.00000 CO2_BC=0.00009 LR=1.39e-04 nu=0.01 NSraw=0.4679 alpha(W1/W8/all)=0.59/0.39/0.48 | 0.70 it/s
[Iter 37500/50000] Total=0.09285 | NS=0.08454 CO2(scaled)=0.00122 CO2_weight=1.00 guide_w=36.6 Walls=0.00055(x10) g_ns/g_walls=6.44 Windows=0.00116 Doors=0.00036 IC=0.00000 CO2_BC=0.00009 LR=1.39e-04 nu=0.01 NSraw=0.2025 alpha(W1/W8/all)=0.59/0.39/0.48 | 0.70 it/s
[Iter 37510/50000] Total=0.17040 | NS=0.16103 CO2(scaled)=0.00175 CO2_weight=1.00 guide_w=36.6 Walls=0.00060(x10) g_ns/g_walls=6.44 Windows=0.00115 Doors=0.00034 IC=0.00000 CO2_BC=0.00008 LR=1.39e-04 nu=0.01 NSraw=1.16 alpha(W1/W8/all)=0.59/0.39/0.48 | 0.70 it/s
[Iter 37520/50000] Total=0.08613 | NS=0.07785 CO2(scaled)=0.00104 CO2_weight=1.00 guide_w=36.6 Walls=0.00054(x10) g_ns/g_walls=6.44 Windows=0.00135 Doors=0.00037 IC=0.00000 CO2_BC=0.00009 LR=1.39e-04 nu=0.01 NSraw=0.1539 alpha(W1/W8/all)=0.59/0.39/0.48 | 0.70 it/s
[Iter 37530/50000] Total=0.15161 | NS=0.14243 CO2(scaled)=0.00156 CO2_weight=1.00 guide_w=36.6 Walls=0.00055(x10) g_ns/g_walls=6.44 Windows=0.00164 Doors=0.00038 IC=0.00000 CO2_BC=0.00008 LR=1.38e-04 nu=0.01 NSraw=0.3851 alpha(W1/W8/all)=0.59/0.39/0.48 | 0.70 it/s
[Iter 37540/50000] Total=0.07914 | NS=0.07196 CO2(scaled)=0.00119 CO2_weight=1.00 guide_w=36.6 Walls=0.00046(x10) g_ns/g_walls=6.44 Windows=0.00101 Doors=0.00032 IC=0.00000 CO2_BC=0.00009 LR=1.38e-04 nu=0.01 NSraw=0.2099 alpha(W1/W8/all)=0.59/0.39/0.48 | 0.70 it/s
[Iter 37550/50000] Total=0.24647 | NS=0.23940 CO2(scaled)=0.00098 CO2_weight=1.00 guide_w=36.6 Walls=0.00044(x10) g_ns/g_walls=6.44 Windows=0.00115 Doors=0.00044 IC=0.00000 CO2_BC=0.00008 LR=1.38e-04 nu=0.01 NSraw=1.373 alpha(W1/W8/all)=0.59/0.39/0.48 | 0.70 it/s
[Iter 37560/50000] Total=0.42100 | NS=0.41235 CO2(scaled)=0.00133 CO2_weight=1.00 guide_w=36.6 Walls=0.00057(x10) g_ns/g_walls=6.44 Windows=0.00106 Doors=0.00053 IC=0.00000 CO2_BC=0.00008 LR=1.38e-04 nu=0.01 NSraw=9.239 alpha(W1/W8/all)=0.59/0.39/0.48 | 0.70 it/s
[Iter 37570/50000] Total=0.08843 | NS=0.08168 CO2(scaled)=0.00125 CO2_weight=1.00 guide_w=36.6 Walls=0.00036(x10) g_ns/g_walls=6.44 Windows=0.00134 Doors=0.00047 IC=0.00000 CO2_BC=0.00007 LR=1.38e-04 nu=0.01 NSraw=0.2186 alpha(W1/W8/all)=0.59/0.39/0.48 | 0.70 it/s
[Iter 37580/50000] Total=0.31691 | NS=0.30840 CO2(scaled)=0.00127 CO2_weight=1.00 guide_w=36.6 Walls=0.00057(x10) g_ns/g_walls=6.44 Windows=0.00105 Doors=0.00039 IC=0.00000 CO2_BC=0.00010 LR=1.38e-04 nu=0.01 NSraw=5.437 alpha(W1/W8/all)=0.59/0.39/0.48 | 0.70 it/s
[Iter 37590/50000] Total=0.09263 | NS=0.07751 CO2(scaled)=0.00202 CO2_weight=1.00 guide_w=36.6 Walls=0.00108(x10) g_ns/g_walls=6.44 Windows=0.00176 Doors=0.00042 IC=0.00000 CO2_BC=0.00008 LR=1.38e-04 nu=0.01 NSraw=0.2946 alpha(W1/W8/all)=0.59/0.39/0.48 | 0.70 it/s
[Iter 37600/50000] Total=0.12101 | NS=0.11186 CO2(scaled)=0.00082 CO2_weight=1.00 guide_w=19.6 Walls=0.00065(x10) g_ns/g_walls=0.702 Windows=0.00133 Doors=0.00041 IC=0.00000 CO2_BC=0.00008 LR=1.38e-04 nu=0.01 NSraw=0.4876 alpha(W1/W8/all)=0.59/0.39/0.48 | 0.70 it/s
[Iter 37610/50000] Total=0.05797 | NS=0.05163 CO2(scaled)=0.00116 CO2_weight=1.00 guide_w=19.6 Walls=0.00041(x10) g_ns/g_walls=0.702 Windows=0.00062 Doors=0.00042 IC=0.00000 CO2_BC=0.00008 LR=1.38e-04 nu=0.01 NSraw=0.09498 alpha(W1/W8/all)=0.59/0.39/0.48 | 0.70 it/s
[Iter 37620/50000] Total=0.09367 | NS=0.08709 CO2(scaled)=0.00096 CO2_weight=1.00 guide_w=19.6 Walls=0.00043(x10) g_ns/g_walls=0.702 Windows=0.00090 Doors=0.00038 IC=0.00000 CO2_BC=0.00009 LR=1.38e-04 nu=0.01 NSraw=0.1651 alpha(W1/W8/all)=0.59/0.39/0.48 | 0.70 it/s
[Iter 37630/50000] Total=0.04452 | NS=0.03851 CO2(scaled)=0.00096 CO2_weight=1.00 guide_w=19.6 Walls=0.00038(x10) g_ns/g_walls=0.702 Windows=0.00078 Doors=0.00035 IC=0.00000 CO2_BC=0.00009 LR=1.38e-04 nu=0.01 NSraw=0.05879 alpha(W1/W8/all)=0.59/0.39/0.48 | 0.70 it/s
[Iter 37640/50000] Total=0.30397 | NS=0.29468 CO2(scaled)=0.00120 CO2_weight=1.00 guide_w=19.6 Walls=0.00069(x10) g_ns/g_walls=0.702 Windows=0.00068 Doors=0.00039 IC=0.00000 CO2_BC=0.00008 LR=1.38e-04 nu=0.01 NSraw=4.847 alpha(W1/W8/all)=0.59/0.39/0.48 | 0.70 it/s
[Iter 37650/50000] Total=0.06299 | NS=0.05798 CO2(scaled)=0.00088 CO2_weight=1.00 guide_w=19.6 Walls=0.00027(x10) g_ns/g_walls=0.702 Windows=0.00101 Doors=0.00037 IC=0.00000 CO2_BC=0.00009 LR=1.38e-04 nu=0.01 NSraw=0.1008 alpha(W1/W8/all)=0.59/0.39/0.48 | 0.70 it/s
[Iter 37660/50000] Total=0.16920 | NS=0.16007 CO2(scaled)=0.00123 CO2_weight=1.00 guide_w=19.6 Walls=0.00063(x10) g_ns/g_walls=0.702 Windows=0.00117 Doors=0.00039 IC=0.00000 CO2_BC=0.00008 LR=1.38e-04 nu=0.01 NSraw=0.6428 alpha(W1/W8/all)=0.59/0.39/0.48 | 0.70 it/s
[Iter 37670/50000] Total=0.06616 | NS=0.05327 CO2(scaled)=0.00094 CO2_weight=1.00 guide_w=19.6 Walls=0.00100(x10) g_ns/g_walls=0.702 Windows=0.00142 Doors=0.00045 IC=0.00000 CO2_BC=0.00010 LR=1.37e-04 nu=0.01 NSraw=0.09046 alpha(W1/W8/all)=0.59/0.39/0.48 | 0.70 it/s
[Iter 37680/50000] Total=0.37798 | NS=0.37112 CO2(scaled)=0.00138 CO2_weight=1.00 guide_w=19.6 Walls=0.00041(x10) g_ns/g_walls=0.702 Windows=0.00099 Doors=0.00031 IC=0.00000 CO2_BC=0.00008 LR=1.37e-04 nu=0.01 NSraw=4.072 alpha(W1/W8/all)=0.59/0.39/0.48 | 0.70 it/s
[Iter 37690/50000] Total=0.35237 | NS=0.34746 CO2(scaled)=0.00097 CO2_weight=1.00 guide_w=19.6 Walls=0.00026(x10) g_ns/g_walls=0.702 Windows=0.00074 Doors=0.00052 IC=0.00000 CO2_BC=0.00009 LR=1.37e-04 nu=0.01 NSraw=7.565 alpha(W1/W8/all)=0.59/0.39/0.48 | 0.70 it/s
[Iter 37700/50000] Total=0.08425 | NS=0.07834 CO2(scaled)=0.00077 CO2_weight=1.00 guide_w=5.59 Walls=0.00036(x10) g_ns/g_walls=0.635 Windows=0.00098 Doors=0.00042 IC=0.00000 CO2_BC=0.00011 LR=1.37e-04 nu=0.01 NSraw=0.2001 alpha(W1/W8/all)=0.59/0.39/0.48 | 0.70 it/s
[Iter 37710/50000] Total=0.03923 | NS=0.03376 CO2(scaled)=0.00091 CO2_weight=1.00 guide_w=5.59 Walls=0.00031(x10) g_ns/g_walls=0.635 Windows=0.00097 Doors=0.00038 IC=0.00000 CO2_BC=0.00008 LR=1.37e-04 nu=0.01 NSraw=0.04465 alpha(W1/W8/all)=0.59/0.39/0.48 | 0.70 it/s
[Iter 37720/50000] Total=0.09780 | NS=0.09216 CO2(scaled)=0.00105 CO2_weight=1.00 guide_w=5.59 Walls=0.00033(x10) g_ns/g_walls=0.635 Windows=0.00091 Doors=0.00035 IC=0.00000 CO2_BC=0.00008 LR=1.37e-04 nu=0.01 NSraw=0.2208 alpha(W1/W8/all)=0.59/0.39/0.48 | 0.70 it/s
[Iter 37730/50000] Total=0.36001 | NS=0.34939 CO2(scaled)=0.00098 CO2_weight=1.00 guide_w=5.59 Walls=0.00083(x10) g_ns/g_walls=0.635 Windows=0.00090 Doors=0.00035 IC=0.00000 CO2_BC=0.00007 LR=1.37e-04 nu=0.01 NSraw=3.256 alpha(W1/W8/all)=0.59/0.39/0.48 | 0.70 it/s
[Iter 37740/50000] Total=0.08510 | NS=0.07500 CO2(scaled)=0.00161 CO2_weight=1.00 guide_w=5.59 Walls=0.00070(x10) g_ns/g_walls=0.635 Windows=0.00094 Doors=0.00043 IC=0.00000 CO2_BC=0.00009 LR=1.37e-04 nu=0.01 NSraw=0.1707 alpha(W1/W8/all)=0.59/0.39/0.48 | 0.70 it/s
[Iter 37750/50000] Total=0.03495 | NS=0.02626 CO2(scaled)=0.00157 CO2_weight=1.00 guide_w=5.59 Walls=0.00054(x10) g_ns/g_walls=0.635 Windows=0.00124 Doors=0.00039 IC=0.00000 CO2_BC=0.00008 LR=1.37e-04 nu=0.01 NSraw=0.03129 alpha(W1/W8/all)=0.59/0.39/0.48 | 0.69 it/s
[Iter 37760/50000] Total=0.11026 | NS=0.10375 CO2(scaled)=0.00092 CO2_weight=1.00 guide_w=5.59 Walls=0.00045(x10) g_ns/g_walls=0.635 Windows=0.00064 Doors=0.00035 IC=0.00000 CO2_BC=0.00008 LR=1.37e-04 nu=0.01 NSraw=0.4269 alpha(W1/W8/all)=0.59/0.39/0.48 | 0.69 it/s
[Iter 37770/50000] Total=0.16839 | NS=0.15859 CO2(scaled)=0.00172 CO2_weight=1.00 guide_w=5.59 Walls=0.00064(x10) g_ns/g_walls=0.635 Windows=0.00120 Doors=0.00035 IC=0.00000 CO2_BC=0.00008 LR=1.37e-04 nu=0.01 NSraw=1.978 alpha(W1/W8/all)=0.59/0.39/0.48 | 0.69 it/s
[Iter 37780/50000] Total=0.11285 | NS=0.10543 CO2(scaled)=0.00101 CO2_weight=1.00 guide_w=5.59 Walls=0.00045(x10) g_ns/g_walls=0.635 Windows=0.00143 Doors=0.00043 IC=0.00000 CO2_BC=0.00009 LR=1.37e-04 nu=0.01 NSraw=0.2897 alpha(W1/W8/all)=0.59/0.39/0.48 | 0.69 it/s
[Iter 37790/50000] Total=0.08255 | NS=0.07654 CO2(scaled)=0.00115 CO2_weight=1.00 guide_w=5.59 Walls=0.00035(x10) g_ns/g_walls=0.635 Windows=0.00101 Doors=0.00029 IC=0.00000 CO2_BC=0.00008 LR=1.37e-04 nu=0.01 NSraw=0.2694 alpha(W1/W8/all)=0.59/0.39/0.48 | 0.69 it/s
[Iter 37800/50000] Total=0.54992 | NS=0.53580 CO2(scaled)=0.00190 CO2_weight=1.00 guide_w=34.7 Walls=0.00102(x10) g_ns/g_walls=6.7 Windows=0.00156 Doors=0.00038 IC=0.00000 CO2_BC=0.00009 LR=1.37e-04 nu=0.01 NSraw=16.17 alpha(W1/W8/all)=0.59/0.39/0.48 | 0.69 it/s
[Iter 37810/50000] Total=0.16938 | NS=0.16490 CO2(scaled)=0.00094 CO2_weight=1.00 guide_w=34.7 Walls=0.00022(x10) g_ns/g_walls=6.7 Windows=0.00085 Doors=0.00038 IC=0.00000 CO2_BC=0.00009 LR=1.36e-04 nu=0.01 NSraw=0.8254 alpha(W1/W8/all)=0.59/0.39/0.48 | 0.69 it/s
[Iter 37820/50000] Total=0.11165 | NS=0.10605 CO2(scaled)=0.00090 CO2_weight=1.00 guide_w=34.7 Walls=0.00032(x10) g_ns/g_walls=6.7 Windows=0.00091 Doors=0.00053 IC=0.00000 CO2_BC=0.00010 LR=1.36e-04 nu=0.01 NSraw=0.3854 alpha(W1/W8/all)=0.59/0.39/0.48 | 0.69 it/s
[Iter 37830/50000] Total=0.17201 | NS=0.16066 CO2(scaled)=0.00113 CO2_weight=1.00 guide_w=34.7 Walls=0.00081(x10) g_ns/g_walls=6.7 Windows=0.00151 Doors=0.00054 IC=0.00000 CO2_BC=0.00009 LR=1.36e-04 nu=0.01 NSraw=0.6347 alpha(W1/W8/all)=0.59/0.39/0.48 | 0.69 it/s
[Iter 37840/50000] Total=0.09401 | NS=0.08424 CO2(scaled)=0.00124 CO2_weight=1.00 guide_w=34.7 Walls=0.00066(x10) g_ns/g_walls=6.7 Windows=0.00151 Doors=0.00031 IC=0.00000 CO2_BC=0.00008 LR=1.36e-04 nu=0.01 NSraw=0.1592 alpha(W1/W8/all)=0.59/0.39/0.48 | 0.69 it/s
[Iter 37850/50000] Total=0.14905 | NS=0.14023 CO2(scaled)=0.00118 CO2_weight=1.00 guide_w=34.7 Walls=0.00060(x10) g_ns/g_walls=6.7 Windows=0.00114 Doors=0.00045 IC=0.00000 CO2_BC=0.00010 LR=1.36e-04 nu=0.01 NSraw=0.5531 alpha(W1/W8/all)=0.59/0.39/0.48 | 0.69 it/s
[Iter 37860/50000] Total=0.78483 | NS=0.77721 CO2(scaled)=0.00093 CO2_weight=1.00 guide_w=34.7 Walls=0.00049(x10) g_ns/g_walls=6.7 Windows=0.00141 Doors=0.00034 IC=0.00000 CO2_BC=0.00010 LR=1.36e-04 nu=0.01 NSraw=43.29 alpha(W1/W8/all)=0.59/0.39/0.48 | 0.69 it/s
[Iter 37870/50000] Total=0.21053 | NS=0.20329 CO2(scaled)=0.00112 CO2_weight=1.00 guide_w=34.7 Walls=0.00046(x10) g_ns/g_walls=6.7 Windows=0.00090 Doors=0.00048 IC=0.00000 CO2_BC=0.00010 LR=1.36e-04 nu=0.01 NSraw=1.264 alpha(W1/W8/all)=0.59/0.39/0.48 | 0.69 it/s
[Iter 37880/50000] Total=0.19335 | NS=0.18130 CO2(scaled)=0.00195 CO2_weight=1.00 guide_w=34.7 Walls=0.00078(x10) g_ns/g_walls=6.7 Windows=0.00170 Doors=0.00055 IC=0.00000 CO2_BC=0.00010 LR=1.36e-04 nu=0.01 NSraw=0.7823 alpha(W1/W8/all)=0.59/0.39/0.48 | 0.69 it/s
[Iter 37890/50000] Total=0.25074 | NS=0.23715 CO2(scaled)=0.00110 CO2_weight=1.00 guide_w=34.7 Walls=0.00097(x10) g_ns/g_walls=6.7 Windows=0.00221 Doors=0.00047 IC=0.00000 CO2_BC=0.00010 LR=1.36e-04 nu=0.01 NSraw=2.285 alpha(W1/W8/all)=0.59/0.39/0.48 | 0.69 it/s
[Iter 37900/50000] Total=0.08311 | NS=0.06903 CO2(scaled)=0.00141 CO2_weight=1.00 guide_w=4.3 Walls=0.00104(x10) g_ns/g_walls=0.627 Windows=0.00163 Doors=0.00050 IC=0.00000 CO2_BC=0.00010 LR=1.36e-04 nu=0.01 NSraw=0.1526 alpha(W1/W8/all)=0.59/0.39/0.48 | 0.69 it/s
[Iter 37910/50000] Total=0.03805 | NS=0.03003 CO2(scaled)=0.00151 CO2_weight=1.00 guide_w=4.3 Walls=0.00051(x10) g_ns/g_walls=0.627 Windows=0.00088 Doors=0.00047 IC=0.00000 CO2_BC=0.00010 LR=1.36e-04 nu=0.01 NSraw=0.03611 alpha(W1/W8/all)=0.59/0.39/0.48 | 0.69 it/s
[Iter 37920/50000] Total=0.09928 | NS=0.08266 CO2(scaled)=0.00096 CO2_weight=1.00 guide_w=4.3 Walls=0.00133(x10) g_ns/g_walls=0.627 Windows=0.00178 Doors=0.00052 IC=0.00000 CO2_BC=0.00009 LR=1.36e-04 nu=0.01 NSraw=0.3394 alpha(W1/W8/all)=0.59/0.39/0.48 | 0.69 it/s
[Iter 37930/50000] Total=0.04464 | NS=0.02953 CO2(scaled)=0.00102 CO2_weight=1.00 guide_w=4.3 Walls=0.00121(x10) g_ns/g_walls=0.627 Windows=0.00150 Doors=0.00044 IC=0.00000 CO2_BC=0.00008 LR=1.36e-04 nu=0.01 NSraw=0.04184 alpha(W1/W8/all)=0.59/0.39/0.48 | 0.69 it/s
[Iter 37940/50000] Total=0.08103 | NS=0.06768 CO2(scaled)=0.00100 CO2_weight=1.00 guide_w=4.3 Walls=0.00102(x10) g_ns/g_walls=0.627 Windows=0.00175 Doors=0.00026 IC=0.00000 CO2_BC=0.00010 LR=1.36e-04 nu=0.01 NSraw=0.1794 alpha(W1/W8/all)=0.59/0.39/0.48 | 0.69 it/s
[Iter 37950/50000] Total=0.10855 | NS=0.09781 CO2(scaled)=0.00177 CO2_weight=1.00 guide_w=4.3 Walls=0.00075(x10) g_ns/g_walls=0.627 Windows=0.00104 Doors=0.00036 IC=0.00000 CO2_BC=0.00010 LR=1.35e-04 nu=0.01 NSraw=0.2547 alpha(W1/W8/all)=0.59/0.39/0.48 | 0.69 it/s
[Iter 37960/50000] Total=0.17491 | NS=0.16891 CO2(scaled)=0.00098 CO2_weight=1.00 guide_w=4.3 Walls=0.00038(x10) g_ns/g_walls=0.627 Windows=0.00083 Doors=0.00033 IC=0.00000 CO2_BC=0.00011 LR=1.35e-04 nu=0.01 NSraw=0.9319 alpha(W1/W8/all)=0.59/0.39/0.48 | 0.69 it/s
[Iter 37970/50000] Total=0.18072 | NS=0.16933 CO2(scaled)=0.00181 CO2_weight=1.00 guide_w=4.3 Walls=0.00079(x10) g_ns/g_walls=0.627 Windows=0.00123 Doors=0.00034 IC=0.00000 CO2_BC=0.00009 LR=1.35e-04 nu=0.01 NSraw=1.866 alpha(W1/W8/all)=0.59/0.39/0.48 | 0.69 it/s
[Iter 37980/50000] Total=0.15551 | NS=0.14385 CO2(scaled)=0.00157 CO2_weight=1.00 guide_w=4.3 Walls=0.00082(x10) g_ns/g_walls=0.627 Windows=0.00155 Doors=0.00029 IC=0.00000 CO2_BC=0.00008 LR=1.35e-04 nu=0.01 NSraw=0.4678 alpha(W1/W8/all)=0.59/0.39/0.48 | 0.69 it/s
[Iter 37990/50000] Total=0.11084 | NS=0.09974 CO2(scaled)=0.00117 CO2_weight=1.00 guide_w=4.3 Walls=0.00086(x10) g_ns/g_walls=0.627 Windows=0.00101 Doors=0.00027 IC=0.00000 CO2_BC=0.00008 LR=1.35e-04 nu=0.01 NSraw=0.2499 alpha(W1/W8/all)=0.59/0.39/0.48 | 0.69 it/s
[Iter 38000/50000] Total=0.11255 | NS=0.10125 CO2(scaled)=0.00151 CO2_weight=1.00 guide_w=29.9 Walls=0.00082(x10) g_ns/g_walls=6.49 Windows=0.00110 Doors=0.00042 IC=0.00000 CO2_BC=0.00008 LR=1.35e-04 nu=0.01 NSraw=0.3243 alpha(W1/W8/all)=0.59/0.39/0.48 | 0.69 it/s
  -> saved checkpoint: /home/iai-labor/BuildingControlCFD/experiments/gnot/checkpoints/v25_nsuniform_r50k/gnot_v25_nsuniform_r50k_iter38000.pth
[Iter 38010/50000] Total=0.11117 | NS=0.10349 CO2(scaled)=0.00117 CO2_weight=1.00 guide_w=29.9 Walls=0.00049(x10) g_ns/g_walls=6.49 Windows=0.00120 Doors=0.00035 IC=0.00000 CO2_BC=0.00008 LR=1.35e-04 nu=0.01 NSraw=0.3374 alpha(W1/W8/all)=0.59/0.39/0.48 | 0.69 it/s
[Iter 38020/50000] Total=0.22229 | NS=0.21485 CO2(scaled)=0.00121 CO2_weight=1.00 guide_w=29.9 Walls=0.00046(x10) g_ns/g_walls=6.49 Windows=0.00124 Doors=0.00034 IC=0.00000 CO2_BC=0.00008 LR=1.35e-04 nu=0.01 NSraw=0.8726 alpha(W1/W8/all)=0.59/0.39/0.48 | 0.69 it/s
[Iter 38030/50000] Total=0.14928 | NS=0.14455 CO2(scaled)=0.00117 CO2_weight=1.00 guide_w=29.9 Walls=0.00024(x10) g_ns/g_walls=6.49 Windows=0.00074 Doors=0.00038 IC=0.00000 CO2_BC=0.00008 LR=1.35e-04 nu=0.01 NSraw=0.5049 alpha(W1/W8/all)=0.59/0.39/0.48 | 0.69 it/s
[Iter 38040/50000] Total=0.45022 | NS=0.44258 CO2(scaled)=0.00130 CO2_weight=1.00 guide_w=29.9 Walls=0.00051(x10) g_ns/g_walls=6.49 Windows=0.00075 Doors=0.00044 IC=0.00000 CO2_BC=0.00009 LR=1.35e-04 nu=0.01 NSraw=10.24 alpha(W1/W8/all)=0.59/0.39/0.48 | 0.69 it/s
[Iter 38050/50000] Total=0.06633 | NS=0.05266 CO2(scaled)=0.00114 CO2_weight=1.00 guide_w=29.9 Walls=0.00109(x10) g_ns/g_walls=6.49 Windows=0.00098 Doors=0.00057 IC=0.00000 CO2_BC=0.00009 LR=1.35e-04 nu=0.01 NSraw=0.07437 alpha(W1/W8/all)=0.59/0.39/0.48 | 0.69 it/s
[Iter 38060/50000] Total=0.15999 | NS=0.15059 CO2(scaled)=0.00107 CO2_weight=1.00 guide_w=29.9 Walls=0.00067(x10) g_ns/g_walls=6.49 Windows=0.00108 Doors=0.00045 IC=0.00000 CO2_BC=0.00008 LR=1.35e-04 nu=0.01 NSraw=0.5885 alpha(W1/W8/all)=0.59/0.39/0.48 | 0.69 it/s
[Iter 38070/50000] Total=2.01530 | NS=2.00842 CO2(scaled)=0.00086 CO2_weight=1.00 guide_w=29.9 Walls=0.00048(x10) g_ns/g_walls=6.49 Windows=0.00081 Doors=0.00035 IC=0.00000 CO2_BC=0.00007 LR=1.35e-04 nu=0.01 NSraw=297.1 alpha(W1/W8/all)=0.59/0.39/0.48 | 0.69 it/s
[Iter 38080/50000] Total=0.38758 | NS=0.37924 CO2(scaled)=0.00088 CO2_weight=1.00 guide_w=29.9 Walls=0.00058(x10) g_ns/g_walls=6.49 Windows=0.00116 Doors=0.00043 IC=0.00000 CO2_BC=0.00008 LR=1.35e-04 nu=0.01 NSraw=5.953 alpha(W1/W8/all)=0.59/0.39/0.48 | 0.69 it/s
[Iter 38090/50000] Total=0.11256 | NS=0.10296 CO2(scaled)=0.00106 CO2_weight=1.00 guide_w=29.9 Walls=0.00071(x10) g_ns/g_walls=6.49 Windows=0.00102 Doors=0.00035 IC=0.00000 CO2_BC=0.00007 LR=1.34e-04 nu=0.01 NSraw=0.328 alpha(W1/W8/all)=0.59/0.39/0.48 | 0.69 it/s
[Iter 38100/50000] Total=0.22916 | NS=0.21990 CO2(scaled)=0.00111 CO2_weight=1.00 guide_w=18.7 Walls=0.00065(x10) g_ns/g_walls=1.5 Windows=0.00101 Doors=0.00055 IC=0.00000 CO2_BC=0.00008 LR=1.34e-04 nu=0.01 NSraw=1.254 alpha(W1/W8/all)=0.59/0.39/0.48 | 0.69 it/s
[Iter 38110/50000] Total=0.15852 | NS=0.14768 CO2(scaled)=0.00173 CO2_weight=1.00 guide_w=18.7 Walls=0.00072(x10) g_ns/g_walls=1.5 Windows=0.00117 Doors=0.00065 IC=0.00000 CO2_BC=0.00008 LR=1.34e-04 nu=0.01 NSraw=1.476 alpha(W1/W8/all)=0.59/0.39/0.48 | 0.69 it/s
[Iter 38120/50000] Total=0.08295 | NS=0.06757 CO2(scaled)=0.00251 CO2_weight=1.00 guide_w=18.7 Walls=0.00107(x10) g_ns/g_walls=1.5 Windows=0.00154 Doors=0.00056 IC=0.00000 CO2_BC=0.00008 LR=1.34e-04 nu=0.01 NSraw=0.1336 alpha(W1/W8/all)=0.59/0.39/0.48 | 0.69 it/s
[Iter 38130/50000] Total=0.02363 | NS=0.01726 CO2(scaled)=0.00090 CO2_weight=1.00 guide_w=18.7 Walls=0.00036(x10) g_ns/g_walls=1.5 Windows=0.00114 Doors=0.00063 IC=0.00000 CO2_BC=0.00008 LR=1.34e-04 nu=0.01 NSraw=0.01907 alpha(W1/W8/all)=0.59/0.39/0.48 | 0.69 it/s
[Iter 38140/50000] Total=0.10369 | NS=0.09478 CO2(scaled)=0.00164 CO2_weight=1.00 guide_w=18.7 Walls=0.00053(x10) g_ns/g_walls=1.5 Windows=0.00119 Doors=0.00067 IC=0.00000 CO2_BC=0.00008 LR=1.34e-04 nu=0.01 NSraw=0.3494 alpha(W1/W8/all)=0.59/0.39/0.48 | 0.69 it/s
[Iter 38150/50000] Total=0.29800 | NS=0.28417 CO2(scaled)=0.00113 CO2_weight=1.00 guide_w=18.7 Walls=0.00107(x10) g_ns/g_walls=1.5 Windows=0.00134 Doors=0.00056 IC=0.00000 CO2_BC=0.00008 LR=1.34e-04 nu=0.01 NSraw=2.665 alpha(W1/W8/all)=0.59/0.39/0.48 | 0.69 it/s
[Iter 38160/50000] Total=0.03923 | NS=0.03366 CO2(scaled)=0.00100 CO2_weight=1.00 guide_w=18.7 Walls=0.00033(x10) g_ns/g_walls=1.5 Windows=0.00083 Doors=0.00038 IC=0.00000 CO2_BC=0.00008 LR=1.34e-04 nu=0.01 NSraw=0.05459 alpha(W1/W8/all)=0.59/0.39/0.48 | 0.69 it/s
[Iter 38170/50000] Total=0.04054 | NS=0.03466 CO2(scaled)=0.00093 CO2_weight=1.00 guide_w=18.7 Walls=0.00037(x10) g_ns/g_walls=1.5 Windows=0.00075 Doors=0.00041 IC=0.00000 CO2_BC=0.00008 LR=1.34e-04 nu=0.01 NSraw=0.06128 alpha(W1/W8/all)=0.59/0.39/0.48 | 0.69 it/s
[Iter 38180/50000] Total=0.15680 | NS=0.14888 CO2(scaled)=0.00101 CO2_weight=1.00 guide_w=18.7 Walls=0.00053(x10) g_ns/g_walls=1.5 Windows=0.00116 Doors=0.00035 IC=0.00000 CO2_BC=0.00008 LR=1.34e-04 nu=0.01 NSraw=0.545 alpha(W1/W8/all)=0.59/0.39/0.48 | 0.69 it/s
[Iter 38190/50000] Total=0.08612 | NS=0.07280 CO2(scaled)=0.00105 CO2_weight=1.00 guide_w=18.7 Walls=0.00105(x10) g_ns/g_walls=1.5 Windows=0.00133 Doors=0.00036 IC=0.00000 CO2_BC=0.00008 LR=1.34e-04 nu=0.01 NSraw=0.1493 alpha(W1/W8/all)=0.59/0.39/0.48 | 0.69 it/s
[Iter 38200/50000] Total=0.99096 | NS=0.98442 CO2(scaled)=0.00099 CO2_weight=1.00 guide_w=449 Walls=0.00043(x10) g_ns/g_walls=34.1 Windows=0.00075 Doors=0.00039 IC=0.00000 CO2_BC=0.00008 LR=1.34e-04 nu=0.01 NSraw=78.72 alpha(W1/W8/all)=0.59/0.39/0.48 | 0.69 it/s
[Iter 38210/50000] Total=0.07993 | NS=0.07368 CO2(scaled)=0.00106 CO2_weight=1.00 guide_w=449 Walls=0.00037(x10) g_ns/g_walls=34.1 Windows=0.00088 Doors=0.00051 IC=0.00000 CO2_BC=0.00008 LR=1.34e-04 nu=0.01 NSraw=0.1182 alpha(W1/W8/all)=0.59/0.39/0.48 | 0.69 it/s
[Iter 38220/50000] Total=0.61248 | NS=0.60297 CO2(scaled)=0.00117 CO2_weight=1.00 guide_w=449 Walls=0.00073(x10) g_ns/g_walls=34.1 Windows=0.00051 Doors=0.00045 IC=0.00000 CO2_BC=0.00009 LR=1.34e-04 nu=0.01 NSraw=17.48 alpha(W1/W8/all)=0.59/0.39/0.48 | 0.69 it/s
[Iter 38230/50000] Total=0.18381 | NS=0.16992 CO2(scaled)=0.00150 CO2_weight=1.00 guide_w=449 Walls=0.00107(x10) g_ns/g_walls=34.1 Windows=0.00110 Doors=0.00048 IC=0.00000 CO2_BC=0.00009 LR=1.33e-04 nu=0.01 NSraw=0.5768 alpha(W1/W8/all)=0.59/0.39/0.48 | 0.69 it/s
[Iter 38240/50000] Total=0.20141 | NS=0.19575 CO2(scaled)=0.00143 CO2_weight=1.00 guide_w=449 Walls=0.00032(x10) g_ns/g_walls=34.1 Windows=0.00068 Doors=0.00027 IC=0.00000 CO2_BC=0.00008 LR=1.33e-04 nu=0.01 NSraw=0.9289 alpha(W1/W8/all)=0.59/0.39/0.48 | 0.69 it/s
[Iter 38250/50000] Total=0.04066 | NS=0.03243 CO2(scaled)=0.00152 CO2_weight=1.00 guide_w=449 Walls=0.00052(x10) g_ns/g_walls=34.1 Windows=0.00081 Doors=0.00063 IC=0.00000 CO2_BC=0.00007 LR=1.33e-04 nu=0.01 NSraw=0.0406 alpha(W1/W8/all)=0.59/0.39/0.48 | 0.69 it/s
[Iter 38260/50000] Total=0.26080 | NS=0.25322 CO2(scaled)=0.00124 CO2_weight=1.00 guide_w=449 Walls=0.00046(x10) g_ns/g_walls=34.1 Windows=0.00113 Doors=0.00055 IC=0.00000 CO2_BC=0.00007 LR=1.33e-04 nu=0.01 NSraw=1.323 alpha(W1/W8/all)=0.59/0.39/0.48 | 0.69 it/s
[Iter 38270/50000] Total=0.22579 | NS=0.21768 CO2(scaled)=0.00166 CO2_weight=1.00 guide_w=449 Walls=0.00048(x10) g_ns/g_walls=34.1 Windows=0.00109 Doors=0.00049 IC=0.00000 CO2_BC=0.00007 LR=1.33e-04 nu=0.01 NSraw=3.674 alpha(W1/W8/all)=0.59/0.39/0.48 | 0.69 it/s
[Iter 38280/50000] Total=0.17195 | NS=0.16551 CO2(scaled)=0.00103 CO2_weight=1.00 guide_w=449 Walls=0.00037(x10) g_ns/g_walls=34.1 Windows=0.00122 Doors=0.00041 IC=0.00000 CO2_BC=0.00007 LR=1.33e-04 nu=0.01 NSraw=0.9018 alpha(W1/W8/all)=0.59/0.39/0.48 | 0.69 it/s
[Iter 38290/50000] Total=0.07866 | NS=0.07214 CO2(scaled)=0.00105 CO2_weight=1.00 guide_w=449 Walls=0.00038(x10) g_ns/g_walls=34.1 Windows=0.00118 Doors=0.00038 IC=0.00000 CO2_BC=0.00008 LR=1.33e-04 nu=0.01 NSraw=0.121 alpha(W1/W8/all)=0.59/0.39/0.48 | 0.69 it/s
[Iter 38300/50000] Total=0.09867 | NS=0.09028 CO2(scaled)=0.00086 CO2_weight=1.00 guide_w=23.3 Walls=0.00059(x10) g_ns/g_walls=1.08 Windows=0.00112 Doors=0.00045 IC=0.00000 CO2_BC=0.00009 LR=1.33e-04 nu=0.01 NSraw=0.202 alpha(W1/W8/all)=0.59/0.39/0.48 | 0.69 it/s
[Iter 38310/50000] Total=0.13664 | NS=0.12358 CO2(scaled)=0.00105 CO2_weight=1.00 guide_w=23.3 Walls=0.00097(x10) g_ns/g_walls=1.08 Windows=0.00165 Doors=0.00057 IC=0.00000 CO2_BC=0.00009 LR=1.33e-04 nu=0.01 NSraw=0.8829 alpha(W1/W8/all)=0.59/0.39/0.48 | 0.69 it/s
[Iter 38320/50000] Total=0.16490 | NS=0.15786 CO2(scaled)=0.00112 CO2_weight=1.00 guide_w=23.3 Walls=0.00041(x10) g_ns/g_walls=1.08 Windows=0.00117 Doors=0.00053 IC=0.00000 CO2_BC=0.00008 LR=1.33e-04 nu=0.01 NSraw=0.5103 alpha(W1/W8/all)=0.59/0.39/0.48 | 0.69 it/s
[Iter 38330/50000] Total=0.04549 | NS=0.03878 CO2(scaled)=0.00106 CO2_weight=1.00 guide_w=23.3 Walls=0.00043(x10) g_ns/g_walls=1.08 Windows=0.00078 Doors=0.00045 IC=0.00000 CO2_BC=0.00008 LR=1.33e-04 nu=0.01 NSraw=0.05084 alpha(W1/W8/all)=0.59/0.39/0.48 | 0.69 it/s
[Iter 38340/50000] Total=0.09817 | NS=0.09240 CO2(scaled)=0.00093 CO2_weight=1.00 guide_w=23.3 Walls=0.00035(x10) g_ns/g_walls=1.08 Windows=0.00091 Doors=0.00036 IC=0.00000 CO2_BC=0.00008 LR=1.33e-04 nu=0.01 NSraw=0.2097 alpha(W1/W8/all)=0.59/0.39/0.48 | 0.69 it/s
[Iter 38350/50000] Total=0.06392 | NS=0.05152 CO2(scaled)=0.00193 CO2_weight=1.00 guide_w=23.3 Walls=0.00091(x10) g_ns/g_walls=1.08 Windows=0.00095 Doors=0.00033 IC=0.00000 CO2_BC=0.00007 LR=1.33e-04 nu=0.01 NSraw=0.08128 alpha(W1/W8/all)=0.59/0.39/0.48 | 0.69 it/s
[Iter 38360/50000] Total=0.10070 | NS=0.08888 CO2(scaled)=0.00158 CO2_weight=1.00 guide_w=23.3 Walls=0.00084(x10) g_ns/g_walls=1.08 Windows=0.00132 Doors=0.00039 IC=0.00000 CO2_BC=0.00009 LR=1.33e-04 nu=0.01 NSraw=0.2013 alpha(W1/W8/all)=0.59/0.39/0.48 | 0.69 it/s
[Iter 38370/50000] Total=0.10822 | NS=0.10027 CO2(scaled)=0.00086 CO2_weight=1.00 guide_w=23.3 Walls=0.00055(x10) g_ns/g_walls=1.08 Windows=0.00108 Doors=0.00043 IC=0.00000 CO2_BC=0.00009 LR=1.32e-04 nu=0.01 NSraw=0.2669 alpha(W1/W8/all)=0.59/0.39/0.48 | 0.69 it/s
[Iter 38380/50000] Total=0.08824 | NS=0.08111 CO2(scaled)=0.00127 CO2_weight=1.00 guide_w=23.3 Walls=0.00047(x10) g_ns/g_walls=1.08 Windows=0.00066 Doors=0.00046 IC=0.00000 CO2_BC=0.00008 LR=1.32e-04 nu=0.01 NSraw=0.1904 alpha(W1/W8/all)=0.59/0.39/0.48 | 0.69 it/s
[Iter 38390/50000] Total=0.06361 | NS=0.05734 CO2(scaled)=0.00099 CO2_weight=1.00 guide_w=23.3 Walls=0.00038(x10) g_ns/g_walls=1.08 Windows=0.00090 Doors=0.00046 IC=0.00000 CO2_BC=0.00008 LR=1.32e-04 nu=0.01 NSraw=0.1131 alpha(W1/W8/all)=0.59/0.39/0.48 | 0.69 it/s
[Iter 38400/50000] Total=0.09945 | NS=0.09217 CO2(scaled)=0.00146 CO2_weight=1.00 guide_w=11.8 Walls=0.00042(x10) g_ns/g_walls=3.91 Windows=0.00114 Doors=0.00037 IC=0.00000 CO2_BC=0.00008 LR=1.32e-04 nu=0.01 NSraw=0.1967 alpha(W1/W8/all)=0.59/0.39/0.48 | 0.69 it/s
[Iter 38410/50000] Total=0.07133 | NS=0.06406 CO2(scaled)=0.00094 CO2_weight=1.00 guide_w=11.8 Walls=0.00049(x10) g_ns/g_walls=3.91 Windows=0.00098 Doors=0.00037 IC=0.00000 CO2_BC=0.00009 LR=1.32e-04 nu=0.01 NSraw=0.1043 alpha(W1/W8/all)=0.59/0.39/0.48 | 0.69 it/s
[Iter 38420/50000] Total=0.11830 | NS=0.10529 CO2(scaled)=0.00128 CO2_weight=1.00 guide_w=11.8 Walls=0.00101(x10) g_ns/g_walls=3.91 Windows=0.00098 Doors=0.00057 IC=0.00000 CO2_BC=0.00007 LR=1.32e-04 nu=0.01 NSraw=0.2834 alpha(W1/W8/all)=0.59/0.39/0.48 | 0.69 it/s
[Iter 38430/50000] Total=0.05833 | NS=0.03992 CO2(scaled)=0.00120 CO2_weight=1.00 guide_w=11.8 Walls=0.00147(x10) g_ns/g_walls=3.91 Windows=0.00199 Doors=0.00047 IC=0.00000 CO2_BC=0.00008 LR=1.32e-04 nu=0.01 NSraw=0.05228 alpha(W1/W8/all)=0.59/0.39/0.48 | 0.69 it/s
[Iter 38440/50000] Total=0.13265 | NS=0.11994 CO2(scaled)=0.00133 CO2_weight=1.00 guide_w=11.8 Walls=0.00096(x10) g_ns/g_walls=3.91 Windows=0.00142 Doors=0.00029 IC=0.00000 CO2_BC=0.00008 LR=1.32e-04 nu=0.01 NSraw=0.3752 alpha(W1/W8/all)=0.59/0.39/0.48 | 0.69 it/s
[Iter 38450/50000] Total=0.69471 | NS=0.68438 CO2(scaled)=0.00132 CO2_weight=1.00 guide_w=11.8 Walls=0.00074(x10) g_ns/g_walls=3.91 Windows=0.00107 Doors=0.00045 IC=0.00000 CO2_BC=0.00006 LR=1.32e-04 nu=0.01 NSraw=16.98 alpha(W1/W8/all)=0.59/0.39/0.48 | 0.69 it/s
[Iter 38460/50000] Total=0.13885 | NS=0.12944 CO2(scaled)=0.00089 CO2_weight=1.00 guide_w=11.8 Walls=0.00069(x10) g_ns/g_walls=3.91 Windows=0.00100 Doors=0.00055 IC=0.00000 CO2_BC=0.00009 LR=1.32e-04 nu=0.01 NSraw=0.3155 alpha(W1/W8/all)=0.59/0.39/0.48 | 0.69 it/s
[Iter 38470/50000] Total=0.06278 | NS=0.04901 CO2(scaled)=0.00110 CO2_weight=1.00 guide_w=11.8 Walls=0.00102(x10) g_ns/g_walls=3.91 Windows=0.00195 Doors=0.00044 IC=0.00000 CO2_BC=0.00009 LR=1.32e-04 nu=0.01 NSraw=0.06829 alpha(W1/W8/all)=0.59/0.39/0.48 | 0.69 it/s
[Iter 38480/50000] Total=0.09542 | NS=0.08828 CO2(scaled)=0.00110 CO2_weight=1.00 guide_w=11.8 Walls=0.00046(x10) g_ns/g_walls=3.91 Windows=0.00087 Doors=0.00050 IC=0.00000 CO2_BC=0.00007 LR=1.32e-04 nu=0.01 NSraw=0.3311 alpha(W1/W8/all)=0.59/0.39/0.48 | 0.69 it/s
[Iter 38490/50000] Total=0.04913 | NS=0.03951 CO2(scaled)=0.00095 CO2_weight=1.00 guide_w=11.8 Walls=0.00069(x10) g_ns/g_walls=3.91 Windows=0.00117 Doors=0.00052 IC=0.00000 CO2_BC=0.00009 LR=1.32e-04 nu=0.01 NSraw=0.08039 alpha(W1/W8/all)=0.59/0.39/0.48 | 0.69 it/s
[Iter 38500/50000] Total=0.54060 | NS=0.53302 CO2(scaled)=0.00091 CO2_weight=1.00 guide_w=88.6 Walls=0.00048(x10) g_ns/g_walls=8.88 Windows=0.00130 Doors=0.00053 IC=0.00000 CO2_BC=0.00008 LR=1.32e-04 nu=0.01 NSraw=14.25 alpha(W1/W8/all)=0.59/0.39/0.48 | 0.69 it/s
[Iter 38510/50000] Total=0.61765 | NS=0.61269 CO2(scaled)=0.00088 CO2_weight=1.00 guide_w=88.6 Walls=0.00025(x10) g_ns/g_walls=8.88 Windows=0.00104 Doors=0.00046 IC=0.00000 CO2_BC=0.00007 LR=1.32e-04 nu=0.01 NSraw=15.61 alpha(W1/W8/all)=0.59/0.39/0.48 | 0.69 it/s
[Iter 38520/50000] Total=0.10586 | NS=0.09587 CO2(scaled)=0.00095 CO2_weight=1.00 guide_w=88.6 Walls=0.00073(x10) g_ns/g_walls=8.88 Windows=0.00117 Doors=0.00044 IC=0.00000 CO2_BC=0.00009 LR=1.31e-04 nu=0.01 NSraw=0.2435 alpha(W1/W8/all)=0.59/0.39/0.48 | 0.69 it/s
[Iter 38530/50000] Total=0.08275 | NS=0.06949 CO2(scaled)=0.00114 CO2_weight=1.00 guide_w=88.6 Walls=0.00101(x10) g_ns/g_walls=8.88 Windows=0.00144 Doors=0.00050 IC=0.00000 CO2_BC=0.00008 LR=1.31e-04 nu=0.01 NSraw=0.1379 alpha(W1/W8/all)=0.59/0.39/0.48 | 0.69 it/s
[Iter 38540/50000] Total=0.21456 | NS=0.20139 CO2(scaled)=0.00093 CO2_weight=1.00 guide_w=88.6 Walls=0.00104(x10) g_ns/g_walls=8.88 Windows=0.00131 Doors=0.00048 IC=0.00000 CO2_BC=0.00008 LR=1.31e-04 nu=0.01 NSraw=0.6861 alpha(W1/W8/all)=0.59/0.39/0.48 | 0.69 it/s
[Iter 38550/50000] Total=0.47938 | NS=0.46417 CO2(scaled)=0.00137 CO2_weight=1.00 guide_w=88.6 Walls=0.00121(x10) g_ns/g_walls=8.88 Windows=0.00121 Doors=0.00044 IC=0.00000 CO2_BC=0.00008 LR=1.31e-04 nu=0.01 NSraw=18.32 alpha(W1/W8/all)=0.59/0.39/0.48 | 0.69 it/s
[Iter 38560/50000] Total=0.10261 | NS=0.09570 CO2(scaled)=0.00090 CO2_weight=1.00 guide_w=88.6 Walls=0.00045(x10) g_ns/g_walls=8.88 Windows=0.00102 Doors=0.00042 IC=0.00000 CO2_BC=0.00010 LR=1.31e-04 nu=0.01 NSraw=0.4683 alpha(W1/W8/all)=0.59/0.39/0.48 | 0.69 it/s
[Iter 38570/50000] Total=0.07342 | NS=0.06011 CO2(scaled)=0.00112 CO2_weight=1.00 guide_w=88.6 Walls=0.00101(x10) g_ns/g_walls=8.88 Windows=0.00155 Doors=0.00040 IC=0.00000 CO2_BC=0.00009 LR=1.31e-04 nu=0.01 NSraw=0.1108 alpha(W1/W8/all)=0.59/0.39/0.48 | 0.69 it/s
[Iter 38580/50000] Total=0.50061 | NS=0.49441 CO2(scaled)=0.00097 CO2_weight=1.00 guide_w=88.6 Walls=0.00034(x10) g_ns/g_walls=8.88 Windows=0.00130 Doors=0.00045 IC=0.00000 CO2_BC=0.00009 LR=1.31e-04 nu=0.01 NSraw=14.19 alpha(W1/W8/all)=0.59/0.39/0.48 | 0.69 it/s
[Iter 38590/50000] Total=1.19302 | NS=1.17454 CO2(scaled)=0.00210 CO2_weight=1.00 guide_w=88.6 Walls=0.00140(x10) g_ns/g_walls=8.88 Windows=0.00172 Doors=0.00059 IC=0.00000 CO2_BC=0.00008 LR=1.31e-04 nu=0.01 NSraw=111.1 alpha(W1/W8/all)=0.59/0.39/0.48 | 0.69 it/s
[Iter 38600/50000] Total=0.19225 | NS=0.18023 CO2(scaled)=0.00093 CO2_weight=1.00 guide_w=11.3 Walls=0.00092(x10) g_ns/g_walls=1.04 Windows=0.00137 Doors=0.00041 IC=0.00000 CO2_BC=0.00007 LR=1.31e-04 nu=0.01 NSraw=0.5946 alpha(W1/W8/all)=0.59/0.39/0.48 | 0.69 it/s
[Iter 38610/50000] Total=0.09676 | NS=0.09051 CO2(scaled)=0.00096 CO2_weight=1.00 guide_w=11.3 Walls=0.00038(x10) g_ns/g_walls=1.04 Windows=0.00092 Doors=0.00049 IC=0.00000 CO2_BC=0.00008 LR=1.31e-04 nu=0.01 NSraw=0.3145 alpha(W1/W8/all)=0.59/0.39/0.48 | 0.69 it/s
[Iter 38620/50000] Total=0.06055 | NS=0.05150 CO2(scaled)=0.00130 CO2_weight=1.00 guide_w=11.3 Walls=0.00060(x10) g_ns/g_walls=1.04 Windows=0.00111 Doors=0.00054 IC=0.00000 CO2_BC=0.00009 LR=1.31e-04 nu=0.01 NSraw=0.1069 alpha(W1/W8/all)=0.59/0.39/0.48 | 0.69 it/s
[Iter 38630/50000] Total=0.07549 | NS=0.07033 CO2(scaled)=0.00098 CO2_weight=1.00 guide_w=11.3 Walls=0.00026(x10) g_ns/g_walls=1.04 Windows=0.00098 Doors=0.00050 IC=0.00000 CO2_BC=0.00009 LR=1.31e-04 nu=0.01 NSraw=0.16 alpha(W1/W8/all)=0.59/0.39/0.48 | 0.69 it/s
[Iter 38640/50000] Total=0.17983 | NS=0.16783 CO2(scaled)=0.00158 CO2_weight=1.00 guide_w=11.3 Walls=0.00086(x10) g_ns/g_walls=1.04 Windows=0.00122 Doors=0.00051 IC=0.00000 CO2_BC=0.00009 LR=1.31e-04 nu=0.01 NSraw=0.6037 alpha(W1/W8/all)=0.59/0.39/0.48 | 0.69 it/s
[Iter 38650/50000] Total=0.09063 | NS=0.08273 CO2(scaled)=0.00106 CO2_weight=1.00 guide_w=11.3 Walls=0.00055(x10) g_ns/g_walls=1.04 Windows=0.00082 Doors=0.00042 IC=0.00000 CO2_BC=0.00009 LR=1.31e-04 nu=0.01 NSraw=0.2527 alpha(W1/W8/all)=0.59/0.39/0.48 | 0.69 it/s
[Iter 38660/50000] Total=0.19509 | NS=0.18899 CO2(scaled)=0.00089 CO2_weight=1.00 guide_w=11.3 Walls=0.00039(x10) g_ns/g_walls=1.04 Windows=0.00087 Doors=0.00040 IC=0.00000 CO2_BC=0.00007 LR=1.30e-04 nu=0.01 NSraw=0.7702 alpha(W1/W8/all)=0.59/0.39/0.48 | 0.69 it/s
[Iter 38670/50000] Total=0.09911 | NS=0.08935 CO2(scaled)=0.00141 CO2_weight=1.00 guide_w=11.3 Walls=0.00068(x10) g_ns/g_walls=1.04 Windows=0.00114 Doors=0.00035 IC=0.00000 CO2_BC=0.00008 LR=1.30e-04 nu=0.01 NSraw=0.1848 alpha(W1/W8/all)=0.59/0.39/0.48 | 0.69 it/s
[Iter 38680/50000] Total=0.19685 | NS=0.18976 CO2(scaled)=0.00173 CO2_weight=1.00 guide_w=11.3 Walls=0.00039(x10) g_ns/g_walls=1.04 Windows=0.00094 Doors=0.00038 IC=0.00000 CO2_BC=0.00009 LR=1.30e-04 nu=0.01 NSraw=1.769 alpha(W1/W8/all)=0.59/0.39/0.48 | 0.69 it/s
[Iter 38690/50000] Total=0.11155 | NS=0.10356 CO2(scaled)=0.00095 CO2_weight=1.00 guide_w=11.3 Walls=0.00056(x10) g_ns/g_walls=1.04 Windows=0.00090 Doors=0.00044 IC=0.00000 CO2_BC=0.00009 LR=1.30e-04 nu=0.01 NSraw=0.2288 alpha(W1/W8/all)=0.59/0.39/0.48 | 0.69 it/s
[Iter 38700/50000] Total=0.09747 | NS=0.08946 CO2(scaled)=0.00116 CO2_weight=1.00 guide_w=39.8 Walls=0.00054(x10) g_ns/g_walls=7.39 Windows=0.00105 Doors=0.00034 IC=0.00000 CO2_BC=0.00009 LR=1.30e-04 nu=0.01 NSraw=0.4081 alpha(W1/W8/all)=0.59/0.39/0.48 | 0.69 it/s
[Iter 38710/50000] Total=0.12042 | NS=0.10627 CO2(scaled)=0.00184 CO2_weight=1.00 guide_w=39.8 Walls=0.00107(x10) g_ns/g_walls=7.39 Windows=0.00125 Doors=0.00029 IC=0.00000 CO2_BC=0.00008 LR=1.30e-04 nu=0.01 NSraw=0.5283 alpha(W1/W8/all)=0.59/0.39/0.48 | 0.69 it/s
[Iter 38720/50000] Total=0.17419 | NS=0.16306 CO2(scaled)=0.00091 CO2_weight=1.00 guide_w=39.8 Walls=0.00087(x10) g_ns/g_walls=7.39 Windows=0.00112 Doors=0.00033 IC=0.00000 CO2_BC=0.00009 LR=1.30e-04 nu=0.01 NSraw=1.111 alpha(W1/W8/all)=0.59/0.39/0.48 | 0.69 it/s
[Iter 38730/50000] Total=0.06849 | NS=0.06223 CO2(scaled)=0.00110 CO2_weight=1.00 guide_w=39.8 Walls=0.00039(x10) g_ns/g_walls=7.39 Windows=0.00084 Doors=0.00035 IC=0.00000 CO2_BC=0.00007 LR=1.30e-04 nu=0.01 NSraw=0.1062 alpha(W1/W8/all)=0.59/0.39/0.48 | 0.69 it/s
[Iter 38740/50000] Total=0.25435 | NS=0.24339 CO2(scaled)=0.00102 CO2_weight=1.00 guide_w=39.8 Walls=0.00085(x10) g_ns/g_walls=7.39 Windows=0.00115 Doors=0.00023 IC=0.00000 CO2_BC=0.00008 LR=1.30e-04 nu=0.01 NSraw=3.876 alpha(W1/W8/all)=0.59/0.39/0.48 | 0.69 it/s
[Iter 38750/50000] Total=0.18329 | NS=0.17647 CO2(scaled)=0.00122 CO2_weight=1.00 guide_w=39.8 Walls=0.00040(x10) g_ns/g_walls=7.39 Windows=0.00113 Doors=0.00044 IC=0.00000 CO2_BC=0.00008 LR=1.30e-04 nu=0.01 NSraw=0.7912 alpha(W1/W8/all)=0.59/0.39/0.48 | 0.69 it/s
[Iter 38760/50000] Total=0.43841 | NS=0.43011 CO2(scaled)=0.00137 CO2_weight=1.00 guide_w=39.8 Walls=0.00055(x10) g_ns/g_walls=7.39 Windows=0.00099 Doors=0.00035 IC=0.00000 CO2_BC=0.00008 LR=1.30e-04 nu=0.01 NSraw=7.44 alpha(W1/W8/all)=0.59/0.39/0.48 | 0.69 it/s
[Iter 38770/50000] Total=0.16197 | NS=0.15636 CO2(scaled)=0.00104 CO2_weight=1.00 guide_w=39.8 Walls=0.00033(x10) g_ns/g_walls=7.39 Windows=0.00085 Doors=0.00030 IC=0.00000 CO2_BC=0.00010 LR=1.30e-04 nu=0.01 NSraw=1.134 alpha(W1/W8/all)=0.59/0.39/0.48 | 0.69 it/s
[Iter 38780/50000] Total=0.08452 | NS=0.07941 CO2(scaled)=0.00119 CO2_weight=1.00 guide_w=39.8 Walls=0.00026(x10) g_ns/g_walls=7.39 Windows=0.00080 Doors=0.00039 IC=0.00000 CO2_BC=0.00009 LR=1.30e-04 nu=0.01 NSraw=0.143 alpha(W1/W8/all)=0.59/0.39/0.48 | 0.69 it/s
[Iter 38790/50000] Total=1.97825 | NS=1.96963 CO2(scaled)=0.00099 CO2_weight=1.00 guide_w=39.8 Walls=0.00061(x10) g_ns/g_walls=7.39 Windows=0.00116 Doors=0.00033 IC=0.00000 CO2_BC=0.00007 LR=1.30e-04 nu=0.01 NSraw=354.3 alpha(W1/W8/all)=0.59/0.39/0.48 | 0.69 it/s
[Iter 38800/50000] Total=1.33428 | NS=1.31913 CO2(scaled)=0.00171 CO2_weight=1.00 guide_w=30.8 Walls=0.00116(x10) g_ns/g_walls=6.61 Windows=0.00138 Doors=0.00034 IC=0.00000 CO2_BC=0.00009 LR=1.30e-04 nu=0.01 NSraw=66.77 alpha(W1/W8/all)=0.59/0.39/0.48 | 0.69 it/s
[Iter 38810/50000] Total=0.37666 | NS=0.37197 CO2(scaled)=0.00101 CO2_weight=1.00 guide_w=30.8 Walls=0.00023(x10) g_ns/g_walls=6.61 Windows=0.00093 Doors=0.00038 IC=0.00000 CO2_BC=0.00009 LR=1.29e-04 nu=0.01 NSraw=9.243 alpha(W1/W8/all)=0.59/0.39/0.48 | 0.69 it/s
[Iter 38820/50000] Total=0.69529 | NS=0.68948 CO2(scaled)=0.00089 CO2_weight=1.00 guide_w=30.8 Walls=0.00035(x10) g_ns/g_walls=6.61 Windows=0.00093 Doors=0.00037 IC=0.00000 CO2_BC=0.00010 LR=1.29e-04 nu=0.01 NSraw=31.96 alpha(W1/W8/all)=0.59/0.39/0.48 | 0.69 it/s
[Iter 38830/50000] Total=0.09010 | NS=0.08547 CO2(scaled)=0.00093 CO2_weight=1.00 guide_w=30.8 Walls=0.00024(x10) g_ns/g_walls=6.61 Windows=0.00083 Doors=0.00038 IC=0.00000 CO2_BC=0.00007 LR=1.29e-04 nu=0.01 NSraw=0.1553 alpha(W1/W8/all)=0.59/0.39/0.48 | 0.69 it/s
[Iter 38840/50000] Total=0.64238 | NS=0.63791 CO2(scaled)=0.00093 CO2_weight=1.00 guide_w=30.8 Walls=0.00023(x10) g_ns/g_walls=6.61 Windows=0.00074 Doors=0.00038 IC=0.00000 CO2_BC=0.00008 LR=1.29e-04 nu=0.01 NSraw=35.44 alpha(W1/W8/all)=0.59/0.39/0.48 | 0.69 it/s
[Iter 38850/50000] Total=0.18471 | NS=0.17957 CO2(scaled)=0.00131 CO2_weight=1.00 guide_w=30.8 Walls=0.00025(x10) g_ns/g_walls=6.61 Windows=0.00086 Doors=0.00040 IC=0.00000 CO2_BC=0.00009 LR=1.29e-04 nu=0.01 NSraw=0.6842 alpha(W1/W8/all)=0.59/0.39/0.48 | 0.69 it/s
[Iter 38860/50000] Total=0.12940 | NS=0.11796 CO2(scaled)=0.00100 CO2_weight=1.00 guide_w=30.8 Walls=0.00086(x10) g_ns/g_walls=6.61 Windows=0.00143 Doors=0.00031 IC=0.00000 CO2_BC=0.00009 LR=1.29e-04 nu=0.01 NSraw=0.484 alpha(W1/W8/all)=0.59/0.39/0.48 | 0.69 it/s
[Iter 38870/50000] Total=1.29674 | NS=1.29047 CO2(scaled)=0.00098 CO2_weight=1.00 guide_w=30.8 Walls=0.00036(x10) g_ns/g_walls=6.61 Windows=0.00118 Doors=0.00044 IC=0.00000 CO2_BC=0.00008 LR=1.29e-04 nu=0.01 NSraw=130.6 alpha(W1/W8/all)=0.59/0.39/0.48 | 0.69 it/s
[Iter 38880/50000] Total=0.08974 | NS=0.08514 CO2(scaled)=0.00087 CO2_weight=1.00 guide_w=30.8 Walls=0.00023(x10) g_ns/g_walls=6.61 Windows=0.00098 Doors=0.00041 IC=0.00000 CO2_BC=0.00009 LR=1.29e-04 nu=0.01 NSraw=0.1909 alpha(W1/W8/all)=0.59/0.39/0.48 | 0.69 it/s
[Iter 38890/50000] Total=1.02534 | NS=1.01412 CO2(scaled)=0.00150 CO2_weight=1.00 guide_w=30.8 Walls=0.00079(x10) g_ns/g_walls=6.61 Windows=0.00130 Doors=0.00041 IC=0.00000 CO2_BC=0.00009 LR=1.29e-04 nu=0.01 NSraw=82.93 alpha(W1/W8/all)=0.59/0.39/0.48 | 0.69 it/s
[Iter 38900/50000] Total=0.13661 | NS=0.12957 CO2(scaled)=0.00079 CO2_weight=1.00 guide_w=12.5 Walls=0.00046(x10) g_ns/g_walls=1.96 Windows=0.00119 Doors=0.00038 IC=0.00000 CO2_BC=0.00008 LR=1.29e-04 nu=0.01 NSraw=0.6746 alpha(W1/W8/all)=0.59/0.39/0.48 | 0.69 it/s
[Iter 38910/50000] Total=0.03679 | NS=0.02545 CO2(scaled)=0.00151 CO2_weight=1.00 guide_w=12.5 Walls=0.00084(x10) g_ns/g_walls=1.96 Windows=0.00092 Doors=0.00043 IC=0.00000 CO2_BC=0.00008 LR=1.29e-04 nu=0.01 NSraw=0.02844 alpha(W1/W8/all)=0.59/0.39/0.48 | 0.69 it/s
[Iter 38920/50000] Total=0.18984 | NS=0.17977 CO2(scaled)=0.00100 CO2_weight=1.00 guide_w=12.5 Walls=0.00071(x10) g_ns/g_walls=1.96 Windows=0.00147 Doors=0.00046 IC=0.00000 CO2_BC=0.00009 LR=1.29e-04 nu=0.01 NSraw=1.087 alpha(W1/W8/all)=0.59/0.39/0.48 | 0.69 it/s
[Iter 38930/50000] Total=0.26558 | NS=0.25992 CO2(scaled)=0.00112 CO2_weight=1.00 guide_w=12.5 Walls=0.00029(x10) g_ns/g_walls=1.96 Windows=0.00104 Doors=0.00048 IC=0.00000 CO2_BC=0.00010 LR=1.29e-04 nu=0.01 NSraw=1.183 alpha(W1/W8/all)=0.59/0.39/0.48 | 0.69 it/s
[Iter 38940/50000] Total=0.09275 | NS=0.08433 CO2(scaled)=0.00098 CO2_weight=1.00 guide_w=12.5 Walls=0.00062(x10) g_ns/g_walls=1.96 Windows=0.00064 Doors=0.00045 IC=0.00000 CO2_BC=0.00010 LR=1.29e-04 nu=0.01 NSraw=0.1697 alpha(W1/W8/all)=0.59/0.39/0.48 | 0.69 it/s
[Iter 38950/50000] Total=0.09770 | NS=0.08576 CO2(scaled)=0.00101 CO2_weight=1.00 guide_w=12.5 Walls=0.00092(x10) g_ns/g_walls=1.96 Windows=0.00127 Doors=0.00037 IC=0.00000 CO2_BC=0.00009 LR=1.28e-04 nu=0.01 NSraw=0.2322 alpha(W1/W8/all)=0.59/0.39/0.48 | 0.69 it/s
[Iter 38960/50000] Total=0.32166 | NS=0.31374 CO2(scaled)=0.00117 CO2_weight=1.00 guide_w=12.5 Walls=0.00050(x10) g_ns/g_walls=1.96 Windows=0.00130 Doors=0.00035 IC=0.00000 CO2_BC=0.00008 LR=1.28e-04 nu=0.01 NSraw=6.335 alpha(W1/W8/all)=0.59/0.39/0.48 | 0.69 it/s
[Iter 38970/50000] Total=0.16907 | NS=0.16117 CO2(scaled)=0.00112 CO2_weight=1.00 guide_w=12.5 Walls=0.00049(x10) g_ns/g_walls=1.96 Windows=0.00117 Doors=0.00063 IC=0.00000 CO2_BC=0.00009 LR=1.28e-04 nu=0.01 NSraw=0.6526 alpha(W1/W8/all)=0.59/0.39/0.48 | 0.69 it/s
[Iter 38980/50000] Total=0.10608 | NS=0.09765 CO2(scaled)=0.00106 CO2_weight=1.00 guide_w=12.5 Walls=0.00055(x10) g_ns/g_walls=1.96 Windows=0.00141 Doors=0.00039 IC=0.00000 CO2_BC=0.00009 LR=1.28e-04 nu=0.01 NSraw=0.3318 alpha(W1/W8/all)=0.59/0.39/0.48 | 0.69 it/s
[Iter 38990/50000] Total=0.10187 | NS=0.09703 CO2(scaled)=0.00133 CO2_weight=1.00 guide_w=12.5 Walls=0.00025(x10) g_ns/g_walls=1.96 Windows=0.00065 Doors=0.00032 IC=0.00000 CO2_BC=0.00008 LR=1.28e-04 nu=0.01 NSraw=0.3919 alpha(W1/W8/all)=0.59/0.39/0.48 | 0.69 it/s
[Iter 39000/50000] Total=0.13736 | NS=0.13223 CO2(scaled)=0.00088 CO2_weight=1.00 guide_w=37 Walls=0.00027(x10) g_ns/g_walls=7.14 Windows=0.00102 Doors=0.00043 IC=0.00000 CO2_BC=0.00009 LR=1.28e-04 nu=0.01 NSraw=0.695 alpha(W1/W8/all)=0.59/0.39/0.48 | 0.69 it/s
  -> saved checkpoint: /home/iai-labor/BuildingControlCFD/experiments/gnot/checkpoints/v25_nsuniform_r50k/gnot_v25_nsuniform_r50k_iter39000.pth
[Iter 39010/50000] Total=0.17223 | NS=0.16592 CO2(scaled)=0.00116 CO2_weight=1.00 guide_w=37 Walls=0.00036(x10) g_ns/g_walls=7.14 Windows=0.00104 Doors=0.00038 IC=0.00000 CO2_BC=0.00009 LR=1.28e-04 nu=0.01 NSraw=0.8986 alpha(W1/W8/all)=0.59/0.39/0.48 | 0.69 it/s
[Iter 39020/50000] Total=0.35277 | NS=0.34491 CO2(scaled)=0.00196 CO2_weight=1.00 guide_w=37 Walls=0.00046(x10) g_ns/g_walls=7.14 Windows=0.00100 Doors=0.00025 IC=0.00000 CO2_BC=0.00009 LR=1.28e-04 nu=0.01 NSraw=3.737 alpha(W1/W8/all)=0.59/0.39/0.48 | 0.69 it/s
[Iter 39030/50000] Total=0.35835 | NS=0.35117 CO2(scaled)=0.00108 CO2_weight=1.00 guide_w=37 Walls=0.00046(x10) g_ns/g_walls=7.14 Windows=0.00109 Doors=0.00029 IC=0.00000 CO2_BC=0.00008 LR=1.28e-04 nu=0.01 NSraw=7.251 alpha(W1/W8/all)=0.59/0.39/0.48 | 0.69 it/s
[Iter 39040/50000] Total=0.22905 | NS=0.21651 CO2(scaled)=0.00131 CO2_weight=1.00 guide_w=37 Walls=0.00097(x10) g_ns/g_walls=7.14 Windows=0.00109 Doors=0.00033 IC=0.00000 CO2_BC=0.00008 LR=1.28e-04 nu=0.01 NSraw=3.475 alpha(W1/W8/all)=0.59/0.39/0.48 | 0.69 it/s
[Iter 39050/50000] Total=0.14942 | NS=0.13123 CO2(scaled)=0.00095 CO2_weight=1.00 guide_w=37 Walls=0.00158(x10) g_ns/g_walls=7.14 Windows=0.00102 Doors=0.00028 IC=0.00000 CO2_BC=0.00009 LR=1.28e-04 nu=0.01 NSraw=0.5399 alpha(W1/W8/all)=0.59/0.39/0.48 | 0.69 it/s
[Iter 39060/50000] Total=0.11513 | NS=0.10841 CO2(scaled)=0.00123 CO2_weight=1.00 guide_w=37 Walls=0.00043(x10) g_ns/g_walls=7.14 Windows=0.00085 Doors=0.00027 IC=0.00000 CO2_BC=0.00009 LR=1.28e-04 nu=0.01 NSraw=0.2372 alpha(W1/W8/all)=0.59/0.39/0.48 | 0.69 it/s
[Iter 39070/50000] Total=0.08311 | NS=0.07326 CO2(scaled)=0.00119 CO2_weight=1.00 guide_w=37 Walls=0.00073(x10) g_ns/g_walls=7.14 Windows=0.00091 Doors=0.00036 IC=0.00000 CO2_BC=0.00011 LR=1.28e-04 nu=0.01 NSraw=0.1042 alpha(W1/W8/all)=0.59/0.39/0.48 | 0.69 it/s
[Iter 39080/50000] Total=1.36385 | NS=1.35868 CO2(scaled)=0.00117 CO2_weight=1.00 guide_w=37 Walls=0.00027(x10) g_ns/g_walls=7.14 Windows=0.00084 Doors=0.00034 IC=0.00000 CO2_BC=0.00008 LR=1.28e-04 nu=0.01 NSraw=161.1 alpha(W1/W8/all)=0.59/0.39/0.48 | 0.69 it/s
[Iter 39090/50000] Total=0.53368 | NS=0.52489 CO2(scaled)=0.00121 CO2_weight=1.00 guide_w=37 Walls=0.00058(x10) g_ns/g_walls=7.14 Windows=0.00129 Doors=0.00037 IC=0.00000 CO2_BC=0.00009 LR=1.28e-04 nu=0.01 NSraw=21.07 alpha(W1/W8/all)=0.59/0.39/0.48 | 0.69 it/s
[Iter 39100/50000] Total=0.13272 | NS=0.12747 CO2(scaled)=0.00113 CO2_weight=1.00 guide_w=15.6 Walls=0.00029(x10) g_ns/g_walls=4.9 Windows=0.00077 Doors=0.00039 IC=0.00000 CO2_BC=0.00009 LR=1.27e-04 nu=0.01 NSraw=0.4448 alpha(W1/W8/all)=0.59/0.39/0.48 | 0.69 it/s
[Iter 39110/50000] Total=0.18345 | NS=0.17245 CO2(scaled)=0.00170 CO2_weight=1.00 guide_w=15.6 Walls=0.00079(x10) g_ns/g_walls=4.9 Windows=0.00093 Doors=0.00041 IC=0.00000 CO2_BC=0.00009 LR=1.27e-04 nu=0.01 NSraw=1.263 alpha(W1/W8/all)=0.59/0.39/0.48 | 0.69 it/s
[Iter 39120/50000] Total=0.09712 | NS=0.08705 CO2(scaled)=0.00190 CO2_weight=1.00 guide_w=15.6 Walls=0.00067(x10) g_ns/g_walls=4.9 Windows=0.00095 Doors=0.00043 IC=0.00000 CO2_BC=0.00009 LR=1.27e-04 nu=0.01 NSraw=0.2929 alpha(W1/W8/all)=0.59/0.39/0.48 | 0.69 it/s
[Iter 39130/50000] Total=0.13370 | NS=0.12617 CO2(scaled)=0.00128 CO2_weight=1.00 guide_w=15.6 Walls=0.00048(x10) g_ns/g_walls=4.9 Windows=0.00084 Doors=0.00051 IC=0.00000 CO2_BC=0.00011 LR=1.27e-04 nu=0.01 NSraw=0.3455 alpha(W1/W8/all)=0.59/0.39/0.48 | 0.69 it/s
[Iter 39140/50000] Total=0.41018 | NS=0.40429 CO2(scaled)=0.00116 CO2_weight=1.00 guide_w=15.6 Walls=0.00035(x10) g_ns/g_walls=4.9 Windows=0.00073 Doors=0.00036 IC=0.00000 CO2_BC=0.00009 LR=1.27e-04 nu=0.01 NSraw=6.569 alpha(W1/W8/all)=0.59/0.39/0.48 | 0.69 it/s
[Iter 39150/50000] Total=0.07185 | NS=0.06395 CO2(scaled)=0.00108 CO2_weight=1.00 guide_w=15.6 Walls=0.00054(x10) g_ns/g_walls=4.9 Windows=0.00091 Doors=0.00040 IC=0.00000 CO2_BC=0.00008 LR=1.27e-04 nu=0.01 NSraw=0.1108 alpha(W1/W8/all)=0.59/0.39/0.48 | 0.69 it/s
[Iter 39160/50000] Total=0.12408 | NS=0.11419 CO2(scaled)=0.00177 CO2_weight=1.00 guide_w=15.6 Walls=0.00066(x10) g_ns/g_walls=4.9 Windows=0.00108 Doors=0.00041 IC=0.00000 CO2_BC=0.00008 LR=1.27e-04 nu=0.01 NSraw=0.9632 alpha(W1/W8/all)=0.59/0.39/0.48 | 0.69 it/s
[Iter 39170/50000] Total=0.11120 | NS=0.10162 CO2(scaled)=0.00143 CO2_weight=1.00 guide_w=15.6 Walls=0.00065(x10) g_ns/g_walls=4.9 Windows=0.00102 Doors=0.00054 IC=0.00000 CO2_BC=0.00009 LR=1.27e-04 nu=0.01 NSraw=0.3217 alpha(W1/W8/all)=0.59/0.39/0.48 | 0.69 it/s
[Iter 39180/50000] Total=0.84805 | NS=0.84258 CO2(scaled)=0.00103 CO2_weight=1.00 guide_w=15.6 Walls=0.00030(x10) g_ns/g_walls=4.9 Windows=0.00103 Doors=0.00036 IC=0.00000 CO2_BC=0.00009 LR=1.27e-04 nu=0.01 NSraw=36.09 alpha(W1/W8/all)=0.59/0.39/0.48 | 0.69 it/s
[Iter 39190/50000] Total=0.16017 | NS=0.15398 CO2(scaled)=0.00109 CO2_weight=1.00 guide_w=15.6 Walls=0.00040(x10) g_ns/g_walls=4.9 Windows=0.00063 Doors=0.00038 IC=0.00000 CO2_BC=0.00008 LR=1.27e-04 nu=0.01 NSraw=0.9117 alpha(W1/W8/all)=0.59/0.39/0.48 | 0.69 it/s
[Iter 39200/50000] Total=0.15968 | NS=0.15280 CO2(scaled)=0.00112 CO2_weight=1.00 guide_w=12.8 Walls=0.00042(x10) g_ns/g_walls=2.21 Windows=0.00104 Doors=0.00041 IC=0.00000 CO2_BC=0.00009 LR=1.27e-04 nu=0.01 NSraw=0.7561 alpha(W1/W8/all)=0.59/0.39/0.48 | 0.69 it/s
[Iter 39210/50000] Total=0.09336 | NS=0.08374 CO2(scaled)=0.00111 CO2_weight=1.00 guide_w=12.8 Walls=0.00069(x10) g_ns/g_walls=2.21 Windows=0.00103 Doors=0.00051 IC=0.00000 CO2_BC=0.00008 LR=1.27e-04 nu=0.01 NSraw=0.3502 alpha(W1/W8/all)=0.59/0.39/0.48 | 0.69 it/s
[Iter 39220/50000] Total=1.62063 | NS=1.61184 CO2(scaled)=0.00102 CO2_weight=1.00 guide_w=12.8 Walls=0.00059(x10) g_ns/g_walls=2.21 Windows=0.00123 Doors=0.00049 IC=0.00000 CO2_BC=0.00010 LR=1.27e-04 nu=0.01 NSraw=245.9 alpha(W1/W8/all)=0.59/0.39/0.48 | 0.69 it/s
[Iter 39230/50000] Total=0.12562 | NS=0.11443 CO2(scaled)=0.00096 CO2_weight=1.00 guide_w=12.8 Walls=0.00078(x10) g_ns/g_walls=2.21 Windows=0.00186 Doors=0.00049 IC=0.00000 CO2_BC=0.00008 LR=1.27e-04 nu=0.01 NSraw=0.3264 alpha(W1/W8/all)=0.59/0.39/0.48 | 0.69 it/s
[Iter 39240/50000] Total=0.49788 | NS=0.48996 CO2(scaled)=0.00089 CO2_weight=1.00 guide_w=12.8 Walls=0.00051(x10) g_ns/g_walls=2.21 Windows=0.00141 Doors=0.00042 IC=0.00000 CO2_BC=0.00008 LR=1.27e-04 nu=0.01 NSraw=18.52 alpha(W1/W8/all)=0.59/0.39/0.48 | 0.69 it/s
[Iter 39250/50000] Total=0.12678 | NS=0.11912 CO2(scaled)=0.00099 CO2_weight=1.00 guide_w=12.8 Walls=0.00049(x10) g_ns/g_walls=2.21 Windows=0.00133 Doors=0.00039 IC=0.00000 CO2_BC=0.00008 LR=1.26e-04 nu=0.01 NSraw=0.3694 alpha(W1/W8/all)=0.59/0.39/0.48 | 0.69 it/s
[Iter 39260/50000] Total=0.10842 | NS=0.09658 CO2(scaled)=0.00095 CO2_weight=1.00 guide_w=12.8 Walls=0.00089(x10) g_ns/g_walls=2.21 Windows=0.00149 Doors=0.00039 IC=0.00000 CO2_BC=0.00009 LR=1.26e-04 nu=0.01 NSraw=0.4048 alpha(W1/W8/all)=0.59/0.39/0.48 | 0.69 it/s
[Iter 39270/50000] Total=0.06626 | NS=0.04489 CO2(scaled)=0.00262 CO2_weight=1.00 guide_w=12.8 Walls=0.00163(x10) g_ns/g_walls=2.21 Windows=0.00195 Doors=0.00046 IC=0.00000 CO2_BC=0.00007 LR=1.26e-04 nu=0.01 NSraw=0.06309 alpha(W1/W8/all)=0.59/0.39/0.48 | 0.69 it/s
[Iter 39280/50000] Total=0.09775 | NS=0.09037 CO2(scaled)=0.00136 CO2_weight=1.00 guide_w=12.8 Walls=0.00045(x10) g_ns/g_walls=2.21 Windows=0.00098 Doors=0.00043 IC=0.00000 CO2_BC=0.00008 LR=1.26e-04 nu=0.01 NSraw=0.2652 alpha(W1/W8/all)=0.59/0.39/0.48 | 0.69 it/s
[Iter 39290/50000] Total=0.02475 | NS=0.01804 CO2(scaled)=0.00121 CO2_weight=1.00 guide_w=12.8 Walls=0.00037(x10) g_ns/g_walls=2.21 Windows=0.00121 Doors=0.00050 IC=0.00000 CO2_BC=0.00008 LR=1.26e-04 nu=0.01 NSraw=0.02111 alpha(W1/W8/all)=0.59/0.39/0.48 | 0.69 it/s
[Iter 39300/50000] Total=0.17324 | NS=0.15899 CO2(scaled)=0.00138 CO2_weight=1.00 guide_w=18.4 Walls=0.00112(x10) g_ns/g_walls=2.59 Windows=0.00133 Doors=0.00029 IC=0.00000 CO2_BC=0.00008 LR=1.26e-04 nu=0.01 NSraw=1.151 alpha(W1/W8/all)=0.59/0.39/0.48 | 0.69 it/s
[Iter 39310/50000] Total=0.02889 | NS=0.02095 CO2(scaled)=0.00109 CO2_weight=1.00 guide_w=18.4 Walls=0.00050(x10) g_ns/g_walls=2.59 Windows=0.00137 Doors=0.00037 IC=0.00000 CO2_BC=0.00008 LR=1.26e-04 nu=0.01 NSraw=0.02445 alpha(W1/W8/all)=0.59/0.39/0.48 | 0.69 it/s
[Iter 39320/50000] Total=0.09316 | NS=0.08309 CO2(scaled)=0.00101 CO2_weight=1.00 guide_w=18.4 Walls=0.00073(x10) g_ns/g_walls=2.59 Windows=0.00126 Doors=0.00040 IC=0.00000 CO2_BC=0.00009 LR=1.26e-04 nu=0.01 NSraw=0.2697 alpha(W1/W8/all)=0.59/0.39/0.48 | 0.69 it/s
[Iter 39330/50000] Total=0.02435 | NS=0.01859 CO2(scaled)=0.00111 CO2_weight=1.00 guide_w=18.4 Walls=0.00034(x10) g_ns/g_walls=2.59 Windows=0.00082 Doors=0.00041 IC=0.00000 CO2_BC=0.00007 LR=1.26e-04 nu=0.01 NSraw=0.02217 alpha(W1/W8/all)=0.59/0.39/0.48 | 0.69 it/s
[Iter 39340/50000] Total=0.10859 | NS=0.09762 CO2(scaled)=0.00123 CO2_weight=1.00 guide_w=18.4 Walls=0.00081(x10) g_ns/g_walls=2.59 Windows=0.00111 Doors=0.00041 IC=0.00000 CO2_BC=0.00008 LR=1.26e-04 nu=0.01 NSraw=0.2717 alpha(W1/W8/all)=0.59/0.39/0.48 | 0.69 it/s
[Iter 39350/50000] Total=0.11218 | NS=0.10472 CO2(scaled)=0.00114 CO2_weight=1.00 guide_w=18.4 Walls=0.00047(x10) g_ns/g_walls=2.59 Windows=0.00096 Doors=0.00055 IC=0.00000 CO2_BC=0.00010 LR=1.26e-04 nu=0.01 NSraw=0.3468 alpha(W1/W8/all)=0.59/0.39/0.48 | 0.69 it/s
[Iter 39360/50000] Total=0.52039 | NS=0.51237 CO2(scaled)=0.00110 CO2_weight=1.00 guide_w=18.4 Walls=0.00054(x10) g_ns/g_walls=2.59 Windows=0.00098 Doors=0.00044 IC=0.00000 CO2_BC=0.00011 LR=1.26e-04 nu=0.01 NSraw=13.19 alpha(W1/W8/all)=0.59/0.39/0.48 | 0.69 it/s
[Iter 39370/50000] Total=0.75780 | NS=0.75327 CO2(scaled)=0.00103 CO2_weight=1.00 guide_w=18.4 Walls=0.00022(x10) g_ns/g_walls=2.59 Windows=0.00087 Doors=0.00039 IC=0.00000 CO2_BC=0.00008 LR=1.26e-04 nu=0.01 NSraw=40.65 alpha(W1/W8/all)=0.59/0.39/0.48 | 0.69 it/s
[Iter 39380/50000] Total=0.96846 | NS=0.95879 CO2(scaled)=0.00111 CO2_weight=1.00 guide_w=18.4 Walls=0.00066(x10) g_ns/g_walls=2.59 Windows=0.00135 Doors=0.00051 IC=0.00000 CO2_BC=0.00008 LR=1.26e-04 nu=0.01 NSraw=81.37 alpha(W1/W8/all)=0.59/0.39/0.48 | 0.69 it/s
[Iter 39390/50000] Total=0.21811 | NS=0.21298 CO2(scaled)=0.00105 CO2_weight=1.00 guide_w=18.4 Walls=0.00027(x10) g_ns/g_walls=2.59 Windows=0.00081 Doors=0.00047 IC=0.00000 CO2_BC=0.00009 LR=1.26e-04 nu=0.01 NSraw=1.433 alpha(W1/W8/all)=0.59/0.39/0.48 | 0.69 it/s
[Iter 39400/50000] Total=0.44103 | NS=0.43031 CO2(scaled)=0.00160 CO2_weight=1.00 guide_w=142 Walls=0.00075(x10) g_ns/g_walls=29.5 Windows=0.00111 Doors=0.00038 IC=0.00000 CO2_BC=0.00009 LR=1.25e-04 nu=0.01 NSraw=7.789 alpha(W1/W8/all)=0.59/0.39/0.48 | 0.69 it/s
[Iter 39410/50000] Total=0.33665 | NS=0.33127 CO2(scaled)=0.00093 CO2_weight=1.00 guide_w=142 Walls=0.00030(x10) g_ns/g_walls=29.5 Windows=0.00101 Doors=0.00040 IC=0.00000 CO2_BC=0.00008 LR=1.25e-04 nu=0.01 NSraw=5.802 alpha(W1/W8/all)=0.59/0.39/0.48 | 0.69 it/s
[Iter 39420/50000] Total=0.12398 | NS=0.11153 CO2(scaled)=0.00099 CO2_weight=1.00 guide_w=142 Walls=0.00090(x10) g_ns/g_walls=29.5 Windows=0.00191 Doors=0.00043 IC=0.00000 CO2_BC=0.00008 LR=1.25e-04 nu=0.01 NSraw=0.4034 alpha(W1/W8/all)=0.59/0.39/0.48 | 0.69 it/s
[Iter 39430/50000] Total=0.09884 | NS=0.09351 CO2(scaled)=0.00096 CO2_weight=1.00 guide_w=142 Walls=0.00029(x10) g_ns/g_walls=29.5 Windows=0.00095 Doors=0.00041 IC=0.00000 CO2_BC=0.00008 LR=1.25e-04 nu=0.01 NSraw=0.2081 alpha(W1/W8/all)=0.59/0.39/0.48 | 0.69 it/s
[Iter 39440/50000] Total=0.09873 | NS=0.08908 CO2(scaled)=0.00095 CO2_weight=1.00 guide_w=142 Walls=0.00070(x10) g_ns/g_walls=29.5 Windows=0.00128 Doors=0.00030 IC=0.00000 CO2_BC=0.00008 LR=1.25e-04 nu=0.01 NSraw=0.2848 alpha(W1/W8/all)=0.59/0.39/0.48 | 0.69 it/s
[Iter 39450/50000] Total=0.16534 | NS=0.15787 CO2(scaled)=0.00096 CO2_weight=1.00 guide_w=142 Walls=0.00052(x10) g_ns/g_walls=29.5 Windows=0.00089 Doors=0.00035 IC=0.00000 CO2_BC=0.00009 LR=1.25e-04 nu=0.01 NSraw=0.7468 alpha(W1/W8/all)=0.59/0.39/0.48 | 0.69 it/s
[Iter 39460/50000] Total=0.08378 | NS=0.07789 CO2(scaled)=0.00085 CO2_weight=1.00 guide_w=142 Walls=0.00038(x10) g_ns/g_walls=29.5 Windows=0.00078 Doors=0.00033 IC=0.00000 CO2_BC=0.00009 LR=1.25e-04 nu=0.01 NSraw=0.1381 alpha(W1/W8/all)=0.59/0.39/0.48 | 0.69 it/s
[Iter 39470/50000] Total=0.12517 | NS=0.11919 CO2(scaled)=0.00078 CO2_weight=1.00 guide_w=142 Walls=0.00038(x10) g_ns/g_walls=29.5 Windows=0.00098 Doors=0.00030 IC=0.00000 CO2_BC=0.00008 LR=1.25e-04 nu=0.01 NSraw=0.4087 alpha(W1/W8/all)=0.59/0.39/0.48 | 0.69 it/s
[Iter 39480/50000] Total=0.14883 | NS=0.14034 CO2(scaled)=0.00142 CO2_weight=1.00 guide_w=142 Walls=0.00056(x10) g_ns/g_walls=29.5 Windows=0.00090 Doors=0.00051 IC=0.00000 CO2_BC=0.00010 LR=1.25e-04 nu=0.01 NSraw=0.7032 alpha(W1/W8/all)=0.59/0.39/0.48 | 0.69 it/s
[Iter 39490/50000] Total=0.10119 | NS=0.09328 CO2(scaled)=0.00125 CO2_weight=1.00 guide_w=142 Walls=0.00050(x10) g_ns/g_walls=29.5 Windows=0.00097 Doors=0.00059 IC=0.00000 CO2_BC=0.00009 LR=1.25e-04 nu=0.01 NSraw=0.2437 alpha(W1/W8/all)=0.59/0.39/0.48 | 0.69 it/s
[Iter 39500/50000] Total=0.31206 | NS=0.30535 CO2(scaled)=0.00087 CO2_weight=1.00 guide_w=80.5 Walls=0.00040(x10) g_ns/g_walls=16.1 Windows=0.00116 Doors=0.00060 IC=0.00000 CO2_BC=0.00008 LR=1.25e-04 nu=0.01 NSraw=3.46 alpha(W1/W8/all)=0.59/0.39/0.48 | 0.69 it/s
[Iter 39510/50000] Total=0.45138 | NS=0.44516 CO2(scaled)=0.00175 CO2_weight=1.00 guide_w=80.5 Walls=0.00033(x10) g_ns/g_walls=16.1 Windows=0.00064 Doors=0.00042 IC=0.00000 CO2_BC=0.00009 LR=1.25e-04 nu=0.01 NSraw=13.39 alpha(W1/W8/all)=0.59/0.39/0.48 | 0.69 it/s
[Iter 39520/50000] Total=0.09301 | NS=0.08510 CO2(scaled)=0.00100 CO2_weight=1.00 guide_w=80.5 Walls=0.00053(x10) g_ns/g_walls=16.1 Windows=0.00111 Doors=0.00038 IC=0.00000 CO2_BC=0.00008 LR=1.25e-04 nu=0.01 NSraw=0.2351 alpha(W1/W8/all)=0.59/0.39/0.48 | 0.69 it/s
[Iter 39530/50000] Total=0.10278 | NS=0.09573 CO2(scaled)=0.00109 CO2_weight=1.00 guide_w=80.5 Walls=0.00044(x10) g_ns/g_walls=16.1 Windows=0.00087 Doors=0.00060 IC=0.00000 CO2_BC=0.00008 LR=1.25e-04 nu=0.01 NSraw=0.194 alpha(W1/W8/all)=0.59/0.39/0.48 | 0.69 it/s
[Iter 39540/50000] Total=0.23161 | NS=0.22584 CO2(scaled)=0.00107 CO2_weight=1.00 guide_w=80.5 Walls=0.00031(x10) g_ns/g_walls=16.1 Windows=0.00091 Doors=0.00059 IC=0.00000 CO2_BC=0.00009 LR=1.25e-04 nu=0.01 NSraw=1.412 alpha(W1/W8/all)=0.59/0.39/0.48 | 0.69 it/s
[Iter 39550/50000] Total=0.20288 | NS=0.19218 CO2(scaled)=0.00123 CO2_weight=1.00 guide_w=80.5 Walls=0.00076(x10) g_ns/g_walls=16.1 Windows=0.00130 Doors=0.00048 IC=0.00000 CO2_BC=0.00008 LR=1.24e-04 nu=0.01 NSraw=1.317 alpha(W1/W8/all)=0.59/0.39/0.48 | 0.69 it/s
[Iter 39560/50000] Total=0.10832 | NS=0.10182 CO2(scaled)=0.00086 CO2_weight=1.00 guide_w=80.5 Walls=0.00042(x10) g_ns/g_walls=16.1 Windows=0.00076 Doors=0.00060 IC=0.00000 CO2_BC=0.00008 LR=1.24e-04 nu=0.01 NSraw=0.2718 alpha(W1/W8/all)=0.59/0.39/0.48 | 0.69 it/s
[Iter 39570/50000] Total=0.53955 | NS=0.53180 CO2(scaled)=0.00136 CO2_weight=1.00 guide_w=80.5 Walls=0.00045(x10) g_ns/g_walls=16.1 Windows=0.00121 Doors=0.00062 IC=0.00000 CO2_BC=0.00008 LR=1.24e-04 nu=0.01 NSraw=14.58 alpha(W1/W8/all)=0.59/0.39/0.48 | 0.69 it/s
[Iter 39580/50000] Total=0.43370 | NS=0.42728 CO2(scaled)=0.00122 CO2_weight=1.00 guide_w=80.5 Walls=0.00038(x10) g_ns/g_walls=16.1 Windows=0.00085 Doors=0.00045 IC=0.00000 CO2_BC=0.00009 LR=1.24e-04 nu=0.01 NSraw=7.028 alpha(W1/W8/all)=0.59/0.39/0.48 | 0.69 it/s
[Iter 39590/50000] Total=0.15275 | NS=0.14237 CO2(scaled)=0.00093 CO2_weight=1.00 guide_w=80.5 Walls=0.00076(x10) g_ns/g_walls=16.1 Windows=0.00139 Doors=0.00037 IC=0.00000 CO2_BC=0.00009 LR=1.24e-04 nu=0.01 NSraw=1.288 alpha(W1/W8/all)=0.59/0.39/0.48 | 0.69 it/s
[Iter 39600/50000] Total=0.10200 | NS=0.09510 CO2(scaled)=0.00141 CO2_weight=1.00 guide_w=8.69 Walls=0.00042(x10) g_ns/g_walls=2.25 Windows=0.00082 Doors=0.00043 IC=0.00000 CO2_BC=0.00007 LR=1.24e-04 nu=0.01 NSraw=0.1981 alpha(W1/W8/all)=0.59/0.39/0.48 | 0.69 it/s
[Iter 39610/50000] Total=0.08004 | NS=0.07179 CO2(scaled)=0.00169 CO2_weight=1.00 guide_w=8.69 Walls=0.00049(x10) g_ns/g_walls=2.25 Windows=0.00101 Doors=0.00059 IC=0.00000 CO2_BC=0.00008 LR=1.24e-04 nu=0.01 NSraw=0.1783 alpha(W1/W8/all)=0.59/0.39/0.48 | 0.69 it/s
[Iter 39620/50000] Total=0.07919 | NS=0.06936 CO2(scaled)=0.00105 CO2_weight=1.00 guide_w=8.69 Walls=0.00074(x10) g_ns/g_walls=2.25 Windows=0.00085 Doors=0.00046 IC=0.00000 CO2_BC=0.00007 LR=1.24e-04 nu=0.01 NSraw=0.1489 alpha(W1/W8/all)=0.59/0.39/0.48 | 0.69 it/s
[Iter 39630/50000] Total=0.03511 | NS=0.02163 CO2(scaled)=0.00175 CO2_weight=1.00 guide_w=8.69 Walls=0.00097(x10) g_ns/g_walls=2.25 Windows=0.00145 Doors=0.00044 IC=0.00000 CO2_BC=0.00010 LR=1.24e-04 nu=0.01 NSraw=0.02542 alpha(W1/W8/all)=0.59/0.39/0.48 | 0.69 it/s
[Iter 39640/50000] Total=0.08988 | NS=0.08299 CO2(scaled)=0.00140 CO2_weight=1.00 guide_w=8.69 Walls=0.00040(x10) g_ns/g_walls=2.25 Windows=0.00099 Doors=0.00044 IC=0.00000 CO2_BC=0.00009 LR=1.24e-04 nu=0.01 NSraw=0.1599 alpha(W1/W8/all)=0.59/0.39/0.48 | 0.69 it/s
[Iter 39650/50000] Total=0.90786 | NS=0.90045 CO2(scaled)=0.00097 CO2_weight=1.00 guide_w=8.69 Walls=0.00049(x10) g_ns/g_walls=2.25 Windows=0.00103 Doors=0.00046 IC=0.00000 CO2_BC=0.00009 LR=1.24e-04 nu=0.01 NSraw=70.54 alpha(W1/W8/all)=0.59/0.39/0.48 | 0.69 it/s
[Iter 39660/50000] Total=0.05842 | NS=0.05127 CO2(scaled)=0.00076 CO2_weight=1.00 guide_w=8.69 Walls=0.00048(x10) g_ns/g_walls=2.25 Windows=0.00101 Doors=0.00048 IC=0.00000 CO2_BC=0.00007 LR=1.24e-04 nu=0.01 NSraw=0.06985 alpha(W1/W8/all)=0.59/0.39/0.48 | 0.69 it/s
[Iter 39670/50000] Total=0.08907 | NS=0.08456 CO2(scaled)=0.00098 CO2_weight=1.00 guide_w=8.69 Walls=0.00021(x10) g_ns/g_walls=2.25 Windows=0.00084 Doors=0.00050 IC=0.00000 CO2_BC=0.00008 LR=1.24e-04 nu=0.01 NSraw=0.3205 alpha(W1/W8/all)=0.59/0.39/0.48 | 0.69 it/s
[Iter 39680/50000] Total=0.12035 | NS=0.11055 CO2(scaled)=0.00098 CO2_weight=1.00 guide_w=8.69 Walls=0.00074(x10) g_ns/g_walls=2.25 Windows=0.00084 Doors=0.00045 IC=0.00000 CO2_BC=0.00008 LR=1.24e-04 nu=0.01 NSraw=0.5502 alpha(W1/W8/all)=0.59/0.39/0.48 | 0.69 it/s
[Iter 39690/50000] Total=0.10268 | NS=0.09412 CO2(scaled)=0.00132 CO2_weight=1.00 guide_w=8.69 Walls=0.00055(x10) g_ns/g_walls=2.25 Windows=0.00120 Doors=0.00045 IC=0.00000 CO2_BC=0.00008 LR=1.24e-04 nu=0.01 NSraw=0.2378 alpha(W1/W8/all)=0.59/0.39/0.48 | 0.69 it/s
[Iter 39700/50000] Total=0.06169 | NS=0.04915 CO2(scaled)=0.00107 CO2_weight=1.00 guide_w=3.97 Walls=0.00092(x10) g_ns/g_walls=0.417 Windows=0.00176 Doors=0.00045 IC=0.00000 CO2_BC=0.00008 LR=1.24e-04 nu=0.01 NSraw=0.0858 alpha(W1/W8/all)=0.59/0.39/0.48 | 0.69 it/s
[Iter 39710/50000] Total=0.09563 | NS=0.08529 CO2(scaled)=0.00094 CO2_weight=1.00 guide_w=3.97 Walls=0.00074(x10) g_ns/g_walls=0.417 Windows=0.00157 Doors=0.00033 IC=0.00000 CO2_BC=0.00010 LR=1.23e-04 nu=0.01 NSraw=0.2968 alpha(W1/W8/all)=0.59/0.39/0.48 | 0.69 it/s
[Iter 39720/50000] Total=0.09155 | NS=0.08179 CO2(scaled)=0.00102 CO2_weight=1.00 guide_w=3.97 Walls=0.00072(x10) g_ns/g_walls=0.417 Windows=0.00113 Doors=0.00032 IC=0.00000 CO2_BC=0.00007 LR=1.23e-04 nu=0.01 NSraw=0.2566 alpha(W1/W8/all)=0.59/0.39/0.48 | 0.69 it/s
[Iter 39730/50000] Total=0.74019 | NS=0.73146 CO2(scaled)=0.00101 CO2_weight=1.00 guide_w=3.97 Walls=0.00059(x10) g_ns/g_walls=0.417 Windows=0.00139 Doors=0.00038 IC=0.00000 CO2_BC=0.00009 LR=1.23e-04 nu=0.01 NSraw=49.64 alpha(W1/W8/all)=0.59/0.39/0.48 | 0.69 it/s
[Iter 39740/50000] Total=0.68152 | NS=0.67485 CO2(scaled)=0.00100 CO2_weight=1.00 guide_w=3.97 Walls=0.00040(x10) g_ns/g_walls=0.417 Windows=0.00114 Doors=0.00045 IC=0.00000 CO2_BC=0.00009 LR=1.23e-04 nu=0.01 NSraw=18.42 alpha(W1/W8/all)=0.59/0.39/0.48 | 0.69 it/s
[Iter 39750/50000] Total=0.11838 | NS=0.10474 CO2(scaled)=0.00169 CO2_weight=1.00 guide_w=3.97 Walls=0.00097(x10) g_ns/g_walls=0.417 Windows=0.00165 Doors=0.00050 IC=0.00000 CO2_BC=0.00008 LR=1.23e-04 nu=0.01 NSraw=0.2501 alpha(W1/W8/all)=0.59/0.39/0.48 | 0.69 it/s
[Iter 39760/50000] Total=0.10670 | NS=0.09823 CO2(scaled)=0.00087 CO2_weight=1.00 guide_w=3.97 Walls=0.00059(x10) g_ns/g_walls=0.417 Windows=0.00122 Doors=0.00040 IC=0.00000 CO2_BC=0.00006 LR=1.23e-04 nu=0.01 NSraw=0.5004 alpha(W1/W8/all)=0.59/0.39/0.48 | 0.69 it/s
[Iter 39770/50000] Total=0.13280 | NS=0.12590 CO2(scaled)=0.00135 CO2_weight=1.00 guide_w=3.97 Walls=0.00042(x10) g_ns/g_walls=0.417 Windows=0.00079 Doors=0.00045 IC=0.00000 CO2_BC=0.00006 LR=1.23e-04 nu=0.01 NSraw=1.242 alpha(W1/W8/all)=0.59/0.39/0.48 | 0.69 it/s
[Iter 39780/50000] Total=0.21067 | NS=0.20450 CO2(scaled)=0.00123 CO2_weight=1.00 guide_w=3.97 Walls=0.00034(x10) g_ns/g_walls=0.417 Windows=0.00110 Doors=0.00040 IC=0.00000 CO2_BC=0.00008 LR=1.23e-04 nu=0.01 NSraw=1.63 alpha(W1/W8/all)=0.59/0.39/0.48 | 0.69 it/s
[Iter 39790/50000] Total=0.07157 | NS=0.06456 CO2(scaled)=0.00077 CO2_weight=1.00 guide_w=3.97 Walls=0.00044(x10) g_ns/g_walls=0.417 Windows=0.00128 Doors=0.00046 IC=0.00000 CO2_BC=0.00007 LR=1.23e-04 nu=0.01 NSraw=0.1187 alpha(W1/W8/all)=0.59/0.39/0.48 | 0.69 it/s
[Iter 39800/50000] Total=0.15755 | NS=0.14009 CO2(scaled)=0.00091 CO2_weight=1.00 guide_w=98.9 Walls=0.00139(x10) g_ns/g_walls=3.91 Windows=0.00213 Doors=0.00048 IC=0.00000 CO2_BC=0.00007 LR=1.23e-04 nu=0.01 NSraw=0.486 alpha(W1/W8/all)=0.59/0.39/0.48 | 0.69 it/s
[Iter 39810/50000] Total=0.08295 | NS=0.07542 CO2(scaled)=0.00131 CO2_weight=1.00 guide_w=98.9 Walls=0.00048(x10) g_ns/g_walls=3.91 Windows=0.00104 Doors=0.00035 IC=0.00000 CO2_BC=0.00007 LR=1.23e-04 nu=0.01 NSraw=0.1201 alpha(W1/W8/all)=0.59/0.39/0.48 | 0.69 it/s
[Iter 39820/50000] Total=0.06264 | NS=0.04687 CO2(scaled)=0.00170 CO2_weight=1.00 guide_w=98.9 Walls=0.00121(x10) g_ns/g_walls=3.91 Windows=0.00139 Doors=0.00053 IC=0.00000 CO2_BC=0.00009 LR=1.23e-04 nu=0.01 NSraw=0.07062 alpha(W1/W8/all)=0.59/0.39/0.48 | 0.69 it/s
[Iter 39830/50000] Total=0.03431 | NS=0.02368 CO2(scaled)=0.00214 CO2_weight=1.00 guide_w=98.9 Walls=0.00070(x10) g_ns/g_walls=3.91 Windows=0.00099 Doors=0.00042 IC=0.00000 CO2_BC=0.00011 LR=1.23e-04 nu=0.01 NSraw=0.02755 alpha(W1/W8/all)=0.59/0.39/0.48 | 0.69 it/s
[Iter 39840/50000] Total=0.34456 | NS=0.33765 CO2(scaled)=0.00101 CO2_weight=1.00 guide_w=98.9 Walls=0.00043(x10) g_ns/g_walls=3.91 Windows=0.00098 Doors=0.00054 IC=0.00000 CO2_BC=0.00009 LR=1.23e-04 nu=0.01 NSraw=4.045 alpha(W1/W8/all)=0.59/0.39/0.48 | 0.69 it/s
[Iter 39850/50000] Total=0.07375 | NS=0.06649 CO2(scaled)=0.00133 CO2_weight=1.00 guide_w=98.9 Walls=0.00044(x10) g_ns/g_walls=3.91 Windows=0.00101 Doors=0.00038 IC=0.00000 CO2_BC=0.00009 LR=1.23e-04 nu=0.01 NSraw=0.1034 alpha(W1/W8/all)=0.59/0.39/0.48 | 0.69 it/s
[Iter 39860/50000] Total=0.12185 | NS=0.11247 CO2(scaled)=0.00151 CO2_weight=1.00 guide_w=98.9 Walls=0.00062(x10) g_ns/g_walls=3.91 Windows=0.00119 Doors=0.00043 IC=0.00000 CO2_BC=0.00007 LR=1.22e-04 nu=0.01 NSraw=0.5142 alpha(W1/W8/all)=0.59/0.39/0.48 | 0.69 it/s
[Iter 39870/50000] Total=0.12583 | NS=0.11915 CO2(scaled)=0.00122 CO2_weight=1.00 guide_w=98.9 Walls=0.00040(x10) g_ns/g_walls=3.91 Windows=0.00091 Doors=0.00046 IC=0.00000 CO2_BC=0.00008 LR=1.22e-04 nu=0.01 NSraw=0.3354 alpha(W1/W8/all)=0.59/0.39/0.48 | 0.69 it/s
[Iter 39880/50000] Total=0.12453 | NS=0.11837 CO2(scaled)=0.00122 CO2_weight=1.00 guide_w=98.9 Walls=0.00034(x10) g_ns/g_walls=3.91 Windows=0.00108 Doors=0.00035 IC=0.00000 CO2_BC=0.00008 LR=1.22e-04 nu=0.01 NSraw=0.6254 alpha(W1/W8/all)=0.59/0.39/0.48 | 0.69 it/s
[Iter 39890/50000] Total=0.14491 | NS=0.13325 CO2(scaled)=0.00125 CO2_weight=1.00 guide_w=98.9 Walls=0.00085(x10) g_ns/g_walls=3.91 Windows=0.00122 Doors=0.00063 IC=0.00000 CO2_BC=0.00007 LR=1.22e-04 nu=0.01 NSraw=0.5407 alpha(W1/W8/all)=0.59/0.39/0.48 | 0.69 it/s
[Iter 39900/50000] Total=0.04336 | NS=0.03832 CO2(scaled)=0.00090 CO2_weight=1.00 guide_w=7.22 Walls=0.00026(x10) g_ns/g_walls=1.55 Windows=0.00094 Doors=0.00053 IC=0.00000 CO2_BC=0.00008 LR=1.22e-04 nu=0.01 NSraw=0.05176 alpha(W1/W8/all)=0.59/0.39/0.48 | 0.69 it/s
[Iter 39910/50000] Total=0.33640 | NS=0.32919 CO2(scaled)=0.00105 CO2_weight=1.00 guide_w=7.22 Walls=0.00042(x10) g_ns/g_walls=1.55 Windows=0.00125 Doors=0.00063 IC=0.00000 CO2_BC=0.00009 LR=1.22e-04 nu=0.01 NSraw=7.391 alpha(W1/W8/all)=0.59/0.39/0.48 | 0.69 it/s
[Iter 39920/50000] Total=0.16913 | NS=0.16261 CO2(scaled)=0.00094 CO2_weight=1.00 guide_w=7.22 Walls=0.00040(x10) g_ns/g_walls=1.55 Windows=0.00111 Doors=0.00044 IC=0.00000 CO2_BC=0.00006 LR=1.22e-04 nu=0.01 NSraw=0.872 alpha(W1/W8/all)=0.59/0.39/0.48 | 0.69 it/s
[Iter 39930/50000] Total=0.08747 | NS=0.08248 CO2(scaled)=0.00088 CO2_weight=1.00 guide_w=7.22 Walls=0.00028(x10) g_ns/g_walls=1.55 Windows=0.00079 Doors=0.00042 IC=0.00000 CO2_BC=0.00008 LR=1.22e-04 nu=0.01 NSraw=0.2564 alpha(W1/W8/all)=0.59/0.39/0.48 | 0.69 it/s
[Iter 39940/50000] Total=0.20963 | NS=0.20382 CO2(scaled)=0.00114 CO2_weight=1.00 guide_w=7.22 Walls=0.00030(x10) g_ns/g_walls=1.55 Windows=0.00112 Doors=0.00049 IC=0.00000 CO2_BC=0.00009 LR=1.22e-04 nu=0.01 NSraw=0.9766 alpha(W1/W8/all)=0.59/0.39/0.48 | 0.69 it/s
[Iter 39950/50000] Total=0.14404 | NS=0.13432 CO2(scaled)=0.00124 CO2_weight=1.00 guide_w=7.22 Walls=0.00067(x10) g_ns/g_walls=1.55 Windows=0.00126 Doors=0.00043 IC=0.00000 CO2_BC=0.00007 LR=1.22e-04 nu=0.01 NSraw=0.4735 alpha(W1/W8/all)=0.59/0.39/0.48 | 0.69 it/s
[Iter 39960/50000] Total=0.10602 | NS=0.10024 CO2(scaled)=0.00106 CO2_weight=1.00 guide_w=7.22 Walls=0.00033(x10) g_ns/g_walls=1.55 Windows=0.00076 Doors=0.00055 IC=0.00000 CO2_BC=0.00009 LR=1.22e-04 nu=0.01 NSraw=0.4694 alpha(W1/W8/all)=0.59/0.39/0.48 | 0.69 it/s
[Iter 39970/50000] Total=0.07398 | NS=0.06936 CO2(scaled)=0.00111 CO2_weight=1.00 guide_w=7.22 Walls=0.00021(x10) g_ns/g_walls=1.55 Windows=0.00078 Doors=0.00057 IC=0.00000 CO2_BC=0.00008 LR=1.22e-04 nu=0.01 NSraw=0.1611 alpha(W1/W8/all)=0.59/0.39/0.48 | 0.69 it/s
[Iter 39980/50000] Total=0.09625 | NS=0.08853 CO2(scaled)=0.00119 CO2_weight=1.00 guide_w=7.22 Walls=0.00050(x10) g_ns/g_walls=1.55 Windows=0.00099 Doors=0.00040 IC=0.00000 CO2_BC=0.00009 LR=1.22e-04 nu=0.01 NSraw=0.1915 alpha(W1/W8/all)=0.59/0.39/0.48 | 0.69 it/s
[Iter 39990/50000] Total=0.09792 | NS=0.09185 CO2(scaled)=0.00093 CO2_weight=1.00 guide_w=7.22 Walls=0.00035(x10) g_ns/g_walls=1.55 Windows=0.00105 Doors=0.00054 IC=0.00000 CO2_BC=0.00009 LR=1.22e-04 nu=0.01 NSraw=0.2455 alpha(W1/W8/all)=0.59/0.39/0.48 | 0.69 it/s
[Iter 40000/50000] Total=0.06097 | NS=0.05229 CO2(scaled)=0.00093 CO2_weight=1.00 guide_w=3.7 Walls=0.00060(x10) g_ns/g_walls=0.352 Windows=0.00117 Doors=0.00048 IC=0.00000 CO2_BC=0.00009 LR=1.22e-04 nu=0.01 NSraw=0.09563 alpha(W1/W8/all)=0.59/0.39/0.48 | 0.69 it/s
  -> saved checkpoint: /home/iai-labor/BuildingControlCFD/experiments/gnot/checkpoints/v25_nsuniform_r50k/gnot_v25_nsuniform_r50k_iter40000.pth
[Iter 40010/50000] Total=0.13952 | NS=0.12651 CO2(scaled)=0.00185 CO2_weight=1.00 guide_w=3.7 Walls=0.00095(x10) g_ns/g_walls=0.352 Windows=0.00118 Doors=0.00039 IC=0.00000 CO2_BC=0.00008 LR=1.22e-04 nu=0.01 NSraw=0.3976 alpha(W1/W8/all)=0.59/0.39/0.48 | 0.69 it/s
[Iter 40020/50000] Total=0.05276 | NS=0.04509 CO2(scaled)=0.00138 CO2_weight=1.00 guide_w=3.7 Walls=0.00045(x10) g_ns/g_walls=0.352 Windows=0.00132 Doors=0.00039 IC=0.00000 CO2_BC=0.00007 LR=1.21e-04 nu=0.01 NSraw=0.07746 alpha(W1/W8/all)=0.59/0.39/0.48 | 0.69 it/s
[Iter 40030/50000] Total=0.39918 | NS=0.39249 CO2(scaled)=0.00149 CO2_weight=1.00 guide_w=3.7 Walls=0.00037(x10) g_ns/g_walls=0.352 Windows=0.00094 Doors=0.00045 IC=0.00000 CO2_BC=0.00008 LR=1.21e-04 nu=0.01 NSraw=12.85 alpha(W1/W8/all)=0.59/0.39/0.48 | 0.69 it/s
[Iter 40040/50000] Total=0.12737 | NS=0.11553 CO2(scaled)=0.00160 CO2_weight=1.00 guide_w=3.7 Walls=0.00086(x10) g_ns/g_walls=0.352 Windows=0.00119 Doors=0.00042 IC=0.00000 CO2_BC=0.00008 LR=1.21e-04 nu=0.01 NSraw=0.3052 alpha(W1/W8/all)=0.59/0.39/0.48 | 0.69 it/s
[Iter 40050/50000] Total=0.17827 | NS=0.17102 CO2(scaled)=0.00129 CO2_weight=1.00 guide_w=3.7 Walls=0.00045(x10) g_ns/g_walls=0.352 Windows=0.00105 Doors=0.00033 IC=0.00000 CO2_BC=0.00007 LR=1.21e-04 nu=0.01 NSraw=0.8383 alpha(W1/W8/all)=0.59/0.39/0.48 | 0.69 it/s
[Iter 40060/50000] Total=0.10374 | NS=0.09412 CO2(scaled)=0.00112 CO2_weight=1.00 guide_w=3.7 Walls=0.00070(x10) g_ns/g_walls=0.352 Windows=0.00108 Doors=0.00037 IC=0.00000 CO2_BC=0.00010 LR=1.21e-04 nu=0.01 NSraw=0.2365 alpha(W1/W8/all)=0.59/0.39/0.48 | 0.69 it/s
[Iter 40070/50000] Total=0.09670 | NS=0.08866 CO2(scaled)=0.00147 CO2_weight=1.00 guide_w=3.7 Walls=0.00051(x10) g_ns/g_walls=0.352 Windows=0.00107 Doors=0.00033 IC=0.00000 CO2_BC=0.00009 LR=1.21e-04 nu=0.01 NSraw=0.1906 alpha(W1/W8/all)=0.59/0.39/0.48 | 0.69 it/s
[Iter 40080/50000] Total=0.07062 | NS=0.06286 CO2(scaled)=0.00106 CO2_weight=1.00 guide_w=3.7 Walls=0.00051(x10) g_ns/g_walls=0.352 Windows=0.00098 Doors=0.00049 IC=0.00000 CO2_BC=0.00010 LR=1.21e-04 nu=0.01 NSraw=0.2304 alpha(W1/W8/all)=0.59/0.39/0.48 | 0.69 it/s
[Iter 40090/50000] Total=0.10337 | NS=0.09776 CO2(scaled)=0.00109 CO2_weight=1.00 guide_w=3.7 Walls=0.00031(x10) g_ns/g_walls=0.352 Windows=0.00094 Doors=0.00043 IC=0.00000 CO2_BC=0.00008 LR=1.21e-04 nu=0.01 NSraw=0.2658 alpha(W1/W8/all)=0.59/0.39/0.48 | 0.69 it/s
[Iter 40100/50000] Total=0.04133 | NS=0.03171 CO2(scaled)=0.00142 CO2_weight=1.00 guide_w=1.63 Walls=0.00063(x10) g_ns/g_walls=0.261 Windows=0.00138 Doors=0.00040 IC=0.00000 CO2_BC=0.00007 LR=1.21e-04 nu=0.01 NSraw=0.03767 alpha(W1/W8/all)=0.59/0.39/0.48 | 0.69 it/s
[Iter 40110/50000] Total=0.10741 | NS=0.09627 CO2(scaled)=0.00092 CO2_weight=1.00 guide_w=1.63 Walls=0.00080(x10) g_ns/g_walls=0.261 Windows=0.00168 Doors=0.00047 IC=0.00000 CO2_BC=0.00009 LR=1.21e-04 nu=0.01 NSraw=0.4168 alpha(W1/W8/all)=0.59/0.39/0.48 | 0.69 it/s
[Iter 40120/50000] Total=0.06737 | NS=0.06312 CO2(scaled)=0.00091 CO2_weight=1.00 guide_w=1.63 Walls=0.00024(x10) g_ns/g_walls=0.261 Windows=0.00054 Doors=0.00034 IC=0.00000 CO2_BC=0.00009 LR=1.21e-04 nu=0.01 NSraw=0.09291 alpha(W1/W8/all)=0.59/0.39/0.48 | 0.69 it/s
[Iter 40130/50000] Total=0.20922 | NS=0.20445 CO2(scaled)=0.00093 CO2_weight=1.00 guide_w=1.63 Walls=0.00024(x10) g_ns/g_walls=0.261 Windows=0.00086 Doors=0.00049 IC=0.00000 CO2_BC=0.00008 LR=1.21e-04 nu=0.01 NSraw=0.9833 alpha(W1/W8/all)=0.59/0.39/0.48 | 0.68 it/s
[Iter 40140/50000] Total=0.08105 | NS=0.07439 CO2(scaled)=0.00107 CO2_weight=1.00 guide_w=1.63 Walls=0.00040(x10) g_ns/g_walls=0.261 Windows=0.00102 Doors=0.00045 IC=0.00000 CO2_BC=0.00008 LR=1.21e-04 nu=0.01 NSraw=0.1589 alpha(W1/W8/all)=0.59/0.39/0.48 | 0.68 it/s
[Iter 40150/50000] Total=0.08974 | NS=0.08395 CO2(scaled)=0.00091 CO2_weight=1.00 guide_w=1.63 Walls=0.00035(x10) g_ns/g_walls=0.261 Windows=0.00075 Doors=0.00053 IC=0.00000 CO2_BC=0.00008 LR=1.21e-04 nu=0.01 NSraw=0.1628 alpha(W1/W8/all)=0.59/0.39/0.48 | 0.68 it/s
[Iter 40160/50000] Total=0.33267 | NS=0.32450 CO2(scaled)=0.00118 CO2_weight=1.00 guide_w=1.63 Walls=0.00057(x10) g_ns/g_walls=0.261 Windows=0.00081 Doors=0.00043 IC=0.00000 CO2_BC=0.00009 LR=1.21e-04 nu=0.01 NSraw=5.783 alpha(W1/W8/all)=0.59/0.39/0.48 | 0.68 it/s
[Iter 40170/50000] Total=0.33858 | NS=0.33243 CO2(scaled)=0.00093 CO2_weight=1.00 guide_w=1.63 Walls=0.00036(x10) g_ns/g_walls=0.261 Windows=0.00113 Doors=0.00042 IC=0.00000 CO2_BC=0.00008 LR=1.20e-04 nu=0.01 NSraw=8.517 alpha(W1/W8/all)=0.59/0.39/0.48 | 0.68 it/s
[Iter 40180/50000] Total=0.07008 | NS=0.06277 CO2(scaled)=0.00107 CO2_weight=1.00 guide_w=1.63 Walls=0.00048(x10) g_ns/g_walls=0.261 Windows=0.00071 Doors=0.00068 IC=0.00000 CO2_BC=0.00008 LR=1.20e-04 nu=0.01 NSraw=0.2216 alpha(W1/W8/all)=0.59/0.39/0.48 | 0.68 it/s
[Iter 40190/50000] Total=0.07129 | NS=0.05644 CO2(scaled)=0.00100 CO2_weight=1.00 guide_w=1.63 Walls=0.00117(x10) g_ns/g_walls=0.261 Windows=0.00166 Doors=0.00036 IC=0.00000 CO2_BC=0.00009 LR=1.20e-04 nu=0.01 NSraw=0.08929 alpha(W1/W8/all)=0.59/0.39/0.48 | 0.68 it/s
[Iter 40200/50000] Total=0.29392 | NS=0.28873 CO2(scaled)=0.00084 CO2_weight=1.00 guide_w=122 Walls=0.00028(x10) g_ns/g_walls=8.98 Windows=0.00095 Doors=0.00047 IC=0.00000 CO2_BC=0.00009 LR=1.20e-04 nu=0.01 NSraw=4.631 alpha(W1/W8/all)=0.59/0.39/0.48 | 0.68 it/s
[Iter 40210/50000] Total=0.16125 | NS=0.15286 CO2(scaled)=0.00108 CO2_weight=1.00 guide_w=122 Walls=0.00053(x10) g_ns/g_walls=8.98 Windows=0.00148 Doors=0.00048 IC=0.00000 CO2_BC=0.00007 LR=1.20e-04 nu=0.01 NSraw=0.4957 alpha(W1/W8/all)=0.59/0.39/0.48 | 0.68 it/s
[Iter 40220/50000] Total=0.16089 | NS=0.15533 CO2(scaled)=0.00110 CO2_weight=1.00 guide_w=122 Walls=0.00033(x10) g_ns/g_walls=8.98 Windows=0.00065 Doors=0.00044 IC=0.00000 CO2_BC=0.00008 LR=1.20e-04 nu=0.01 NSraw=0.6401 alpha(W1/W8/all)=0.59/0.39/0.48 | 0.68 it/s
[Iter 40230/50000] Total=0.17893 | NS=0.16048 CO2(scaled)=0.00088 CO2_weight=1.00 guide_w=122 Walls=0.00152(x10) g_ns/g_walls=8.98 Windows=0.00188 Doors=0.00038 IC=0.00000 CO2_BC=0.00008 LR=1.20e-04 nu=0.01 NSraw=1.438 alpha(W1/W8/all)=0.59/0.39/0.48 | 0.68 it/s
[Iter 40240/50000] Total=0.10916 | NS=0.10220 CO2(scaled)=0.00108 CO2_weight=1.00 guide_w=122 Walls=0.00043(x10) g_ns/g_walls=8.98 Windows=0.00105 Doors=0.00043 IC=0.00000 CO2_BC=0.00009 LR=1.20e-04 nu=0.01 NSraw=0.2588 alpha(W1/W8/all)=0.59/0.39/0.48 | 0.68 it/s
[Iter 40250/50000] Total=0.09333 | NS=0.08550 CO2(scaled)=0.00118 CO2_weight=1.00 guide_w=122 Walls=0.00054(x10) g_ns/g_walls=8.98 Windows=0.00081 Doors=0.00038 IC=0.00000 CO2_BC=0.00009 LR=1.20e-04 nu=0.01 NSraw=0.3258 alpha(W1/W8/all)=0.59/0.39/0.48 | 0.68 it/s
[Iter 40260/50000] Total=0.91007 | NS=0.90405 CO2(scaled)=0.00099 CO2_weight=1.00 guide_w=122 Walls=0.00034(x10) g_ns/g_walls=8.98 Windows=0.00108 Doors=0.00042 IC=0.00000 CO2_BC=0.00008 LR=1.20e-04 nu=0.01 NSraw=62.63 alpha(W1/W8/all)=0.59/0.39/0.48 | 0.68 it/s
[Iter 40270/50000] Total=0.05741 | NS=0.05195 CO2(scaled)=0.00077 CO2_weight=1.00 guide_w=122 Walls=0.00035(x10) g_ns/g_walls=8.98 Windows=0.00077 Doors=0.00035 IC=0.00000 CO2_BC=0.00009 LR=1.20e-04 nu=0.01 NSraw=0.07745 alpha(W1/W8/all)=0.59/0.39/0.48 | 0.68 it/s
[Iter 40280/50000] Total=0.10668 | NS=0.09773 CO2(scaled)=0.00187 CO2_weight=1.00 guide_w=122 Walls=0.00055(x10) g_ns/g_walls=8.98 Windows=0.00105 Doors=0.00038 IC=0.00000 CO2_BC=0.00009 LR=1.20e-04 nu=0.01 NSraw=0.2505 alpha(W1/W8/all)=0.59/0.39/0.48 | 0.68 it/s
[Iter 40290/50000] Total=0.22241 | NS=0.21351 CO2(scaled)=0.00216 CO2_weight=1.00 guide_w=122 Walls=0.00049(x10) g_ns/g_walls=8.98 Windows=0.00124 Doors=0.00046 IC=0.00000 CO2_BC=0.00010 LR=1.20e-04 nu=0.01 NSraw=1.204 alpha(W1/W8/all)=0.59/0.39/0.48 | 0.68 it/s
[Iter 40300/50000] Total=0.08811 | NS=0.07376 CO2(scaled)=0.00117 CO2_weight=1.00 guide_w=4 Walls=0.00112(x10) g_ns/g_walls=0.553 Windows=0.00135 Doors=0.00052 IC=0.00000 CO2_BC=0.00012 LR=1.20e-04 nu=0.01 NSraw=0.1376 alpha(W1/W8/all)=0.59/0.39/0.48 | 0.68 it/s
[Iter 40310/50000] Total=0.03311 | NS=0.02532 CO2(scaled)=0.00107 CO2_weight=1.00 guide_w=4 Walls=0.00052(x10) g_ns/g_walls=0.553 Windows=0.00108 Doors=0.00036 IC=0.00000 CO2_BC=0.00008 LR=1.20e-04 nu=0.01 NSraw=0.03153 alpha(W1/W8/all)=0.59/0.39/0.48 | 0.68 it/s
[Iter 40320/50000] Total=0.04397 | NS=0.03729 CO2(scaled)=0.00096 CO2_weight=1.00 guide_w=4 Walls=0.00040(x10) g_ns/g_walls=0.553 Windows=0.00120 Doors=0.00042 IC=0.00000 CO2_BC=0.00009 LR=1.20e-04 nu=0.01 NSraw=0.05006 alpha(W1/W8/all)=0.59/0.39/0.48 | 0.68 it/s
[Iter 40330/50000] Total=1.50899 | NS=1.50040 CO2(scaled)=0.00108 CO2_weight=1.00 guide_w=4 Walls=0.00062(x10) g_ns/g_walls=0.553 Windows=0.00086 Doors=0.00032 IC=0.00000 CO2_BC=0.00010 LR=1.19e-04 nu=0.01 NSraw=188.3 alpha(W1/W8/all)=0.59/0.39/0.48 | 0.68 it/s
[Iter 40340/50000] Total=0.08909 | NS=0.08008 CO2(scaled)=0.00142 CO2_weight=1.00 guide_w=4 Walls=0.00060(x10) g_ns/g_walls=0.553 Windows=0.00117 Doors=0.00029 IC=0.00000 CO2_BC=0.00009 LR=1.19e-04 nu=0.01 NSraw=0.1469 alpha(W1/W8/all)=0.59/0.39/0.48 | 0.68 it/s
[Iter 40350/50000] Total=0.09002 | NS=0.07771 CO2(scaled)=0.00094 CO2_weight=1.00 guide_w=4 Walls=0.00099(x10) g_ns/g_walls=0.553 Windows=0.00098 Doors=0.00042 IC=0.00000 CO2_BC=0.00009 LR=1.19e-04 nu=0.01 NSraw=0.2202 alpha(W1/W8/all)=0.59/0.39/0.48 | 0.68 it/s
[Iter 40360/50000] Total=0.16437 | NS=0.15105 CO2(scaled)=0.00107 CO2_weight=1.00 guide_w=4 Walls=0.00104(x10) g_ns/g_walls=0.553 Windows=0.00136 Doors=0.00040 IC=0.00000 CO2_BC=0.00008 LR=1.19e-04 nu=0.01 NSraw=0.8696 alpha(W1/W8/all)=0.59/0.39/0.48 | 0.68 it/s
[Iter 40370/50000] Total=0.10900 | NS=0.10111 CO2(scaled)=0.00133 CO2_weight=1.00 guide_w=4 Walls=0.00052(x10) g_ns/g_walls=0.553 Windows=0.00074 Doors=0.00057 IC=0.00000 CO2_BC=0.00007 LR=1.19e-04 nu=0.01 NSraw=0.2378 alpha(W1/W8/all)=0.59/0.39/0.48 | 0.68 it/s
[Iter 40380/50000] Total=0.12795 | NS=0.12303 CO2(scaled)=0.00094 CO2_weight=1.00 guide_w=4 Walls=0.00024(x10) g_ns/g_walls=0.553 Windows=0.00101 Doors=0.00050 IC=0.00000 CO2_BC=0.00008 LR=1.19e-04 nu=0.01 NSraw=0.5508 alpha(W1/W8/all)=0.59/0.39/0.48 | 0.68 it/s
[Iter 40390/50000] Total=0.17244 | NS=0.16480 CO2(scaled)=0.00101 CO2_weight=1.00 guide_w=4 Walls=0.00050(x10) g_ns/g_walls=0.553 Windows=0.00116 Doors=0.00039 IC=0.00000 CO2_BC=0.00009 LR=1.19e-04 nu=0.01 NSraw=0.7151 alpha(W1/W8/all)=0.59/0.39/0.48 | 0.68 it/s
[Iter 40400/50000] Total=0.07146 | NS=0.06455 CO2(scaled)=0.00128 CO2_weight=1.00 guide_w=5.13 Walls=0.00043(x10) g_ns/g_walls=0.954 Windows=0.00082 Doors=0.00043 IC=0.00000 CO2_BC=0.00008 LR=1.19e-04 nu=0.01 NSraw=0.162 alpha(W1/W8/all)=0.59/0.39/0.48 | 0.68 it/s
[Iter 40410/50000] Total=0.21969 | NS=0.21456 CO2(scaled)=0.00104 CO2_weight=1.00 guide_w=5.13 Walls=0.00028(x10) g_ns/g_walls=0.954 Windows=0.00073 Doors=0.00050 IC=0.00000 CO2_BC=0.00008 LR=1.19e-04 nu=0.01 NSraw=1.327 alpha(W1/W8/all)=0.59/0.39/0.48 | 0.68 it/s
[Iter 40420/50000] Total=0.11675 | NS=0.10516 CO2(scaled)=0.00244 CO2_weight=1.00 guide_w=5.13 Walls=0.00076(x10) g_ns/g_walls=0.954 Windows=0.00099 Doors=0.00047 IC=0.00000 CO2_BC=0.00009 LR=1.19e-04 nu=0.01 NSraw=0.4211 alpha(W1/W8/all)=0.59/0.39/0.48 | 0.68 it/s
[Iter 40430/50000] Total=0.13576 | NS=0.12986 CO2(scaled)=0.00126 CO2_weight=1.00 guide_w=5.13 Walls=0.00030(x10) g_ns/g_walls=0.954 Windows=0.00120 Doors=0.00034 IC=0.00000 CO2_BC=0.00008 LR=1.19e-04 nu=0.01 NSraw=0.5181 alpha(W1/W8/all)=0.59/0.39/0.48 | 0.68 it/s
[Iter 40440/50000] Total=0.21604 | NS=0.20678 CO2(scaled)=0.00124 CO2_weight=1.00 guide_w=5.13 Walls=0.00061(x10) g_ns/g_walls=0.954 Windows=0.00142 Doors=0.00043 IC=0.00000 CO2_BC=0.00007 LR=1.19e-04 nu=0.01 NSraw=1.169 alpha(W1/W8/all)=0.59/0.39/0.48 | 0.68 it/s
[Iter 40450/50000] Total=0.09400 | NS=0.08518 CO2(scaled)=0.00132 CO2_weight=1.00 guide_w=5.13 Walls=0.00055(x10) g_ns/g_walls=0.954 Windows=0.00148 Doors=0.00040 IC=0.00000 CO2_BC=0.00009 LR=1.19e-04 nu=0.01 NSraw=0.2711 alpha(W1/W8/all)=0.59/0.39/0.48 | 0.68 it/s
[Iter 40460/50000] Total=0.08871 | NS=0.08049 CO2(scaled)=0.00093 CO2_weight=1.00 guide_w=5.13 Walls=0.00059(x10) g_ns/g_walls=0.954 Windows=0.00092 Doors=0.00039 IC=0.00000 CO2_BC=0.00009 LR=1.19e-04 nu=0.01 NSraw=0.2324 alpha(W1/W8/all)=0.59/0.39/0.48 | 0.68 it/s
[Iter 40470/50000] Total=0.57321 | NS=0.56158 CO2(scaled)=0.00111 CO2_weight=1.00 guide_w=5.13 Walls=0.00085(x10) g_ns/g_walls=0.954 Windows=0.00134 Doors=0.00056 IC=0.00000 CO2_BC=0.00009 LR=1.19e-04 nu=0.01 NSraw=9.527 alpha(W1/W8/all)=0.59/0.39/0.48 | 0.68 it/s
[Iter 40480/50000] Total=0.07265 | NS=0.06076 CO2(scaled)=0.00168 CO2_weight=1.00 guide_w=5.13 Walls=0.00085(x10) g_ns/g_walls=0.954 Windows=0.00114 Doors=0.00051 IC=0.00000 CO2_BC=0.00009 LR=1.19e-04 nu=0.01 NSraw=0.1031 alpha(W1/W8/all)=0.59/0.39/0.48 | 0.68 it/s
[Iter 40490/50000] Total=0.18507 | NS=0.16647 CO2(scaled)=0.00148 CO2_weight=1.00 guide_w=5.13 Walls=0.00154(x10) g_ns/g_walls=0.954 Windows=0.00115 Doors=0.00045 IC=0.00000 CO2_BC=0.00010 LR=1.18e-04 nu=0.01 NSraw=0.4792 alpha(W1/W8/all)=0.59/0.39/0.48 | 0.68 it/s
[Iter 40500/50000] Total=0.05536 | NS=0.04820 CO2(scaled)=0.00139 CO2_weight=1.00 guide_w=2.01 Walls=0.00040(x10) g_ns/g_walls=0.407 Windows=0.00138 Doors=0.00026 IC=0.00000 CO2_BC=0.00008 LR=1.18e-04 nu=0.01 NSraw=0.06516 alpha(W1/W8/all)=0.59/0.39/0.48 | 0.68 it/s
[Iter 40510/50000] Total=0.12445 | NS=0.11824 CO2(scaled)=0.00128 CO2_weight=1.00 guide_w=2.01 Walls=0.00032(x10) g_ns/g_walls=0.407 Windows=0.00133 Doors=0.00033 IC=0.00000 CO2_BC=0.00008 LR=1.18e-04 nu=0.01 NSraw=0.3489 alpha(W1/W8/all)=0.59/0.39/0.48 | 0.68 it/s
[Iter 40520/50000] Total=0.12548 | NS=0.11910 CO2(scaled)=0.00091 CO2_weight=1.00 guide_w=2.01 Walls=0.00038(x10) g_ns/g_walls=0.407 Windows=0.00123 Doors=0.00037 IC=0.00000 CO2_BC=0.00008 LR=1.18e-04 nu=0.01 NSraw=0.4192 alpha(W1/W8/all)=0.59/0.39/0.48 | 0.68 it/s
[Iter 40530/50000] Total=0.22595 | NS=0.22114 CO2(scaled)=0.00109 CO2_weight=1.00 guide_w=2.01 Walls=0.00023(x10) g_ns/g_walls=0.407 Windows=0.00088 Doors=0.00047 IC=0.00000 CO2_BC=0.00006 LR=1.18e-04 nu=0.01 NSraw=2.024 alpha(W1/W8/all)=0.59/0.39/0.48 | 0.68 it/s
[Iter 40540/50000] Total=0.08957 | NS=0.08288 CO2(scaled)=0.00113 CO2_weight=1.00 guide_w=2.01 Walls=0.00037(x10) g_ns/g_walls=0.407 Windows=0.00138 Doors=0.00038 IC=0.00000 CO2_BC=0.00010 LR=1.18e-04 nu=0.01 NSraw=0.3147 alpha(W1/W8/all)=0.59/0.39/0.48 | 0.68 it/s
[Iter 40550/50000] Total=0.12775 | NS=0.11985 CO2(scaled)=0.00099 CO2_weight=1.00 guide_w=2.01 Walls=0.00053(x10) g_ns/g_walls=0.407 Windows=0.00112 Doors=0.00040 IC=0.00000 CO2_BC=0.00008 LR=1.18e-04 nu=0.01 NSraw=0.5812 alpha(W1/W8/all)=0.59/0.39/0.48 | 0.68 it/s
[Iter 40560/50000] Total=0.15745 | NS=0.14868 CO2(scaled)=0.00117 CO2_weight=1.00 guide_w=2.01 Walls=0.00060(x10) g_ns/g_walls=0.407 Windows=0.00114 Doors=0.00036 IC=0.00000 CO2_BC=0.00008 LR=1.18e-04 nu=0.01 NSraw=0.5881 alpha(W1/W8/all)=0.59/0.39/0.48 | 0.68 it/s
[Iter 40570/50000] Total=0.06072 | NS=0.05232 CO2(scaled)=0.00159 CO2_weight=1.00 guide_w=2.01 Walls=0.00054(x10) g_ns/g_walls=0.407 Windows=0.00078 Doors=0.00051 IC=0.00000 CO2_BC=0.00008 LR=1.18e-04 nu=0.01 NSraw=0.07857 alpha(W1/W8/all)=0.59/0.39/0.48 | 0.68 it/s
[Iter 40580/50000] Total=0.87654 | NS=0.86883 CO2(scaled)=0.00088 CO2_weight=1.00 guide_w=2.01 Walls=0.00053(x10) g_ns/g_walls=0.407 Windows=0.00091 Doors=0.00056 IC=0.00000 CO2_BC=0.00008 LR=1.18e-04 nu=0.01 NSraw=68.75 alpha(W1/W8/all)=0.59/0.39/0.48 | 0.68 it/s
[Iter 40590/50000] Total=0.40239 | NS=0.39665 CO2(scaled)=0.00087 CO2_weight=1.00 guide_w=2.01 Walls=0.00034(x10) g_ns/g_walls=0.407 Windows=0.00097 Doors=0.00040 IC=0.00000 CO2_BC=0.00010 LR=1.18e-04 nu=0.01 NSraw=10.1 alpha(W1/W8/all)=0.59/0.39/0.48 | 0.68 it/s
[Iter 40600/50000] Total=0.06741 | NS=0.05378 CO2(scaled)=0.00078 CO2_weight=1.00 guide_w=14.9 Walls=0.00112(x10) g_ns/g_walls=0.418 Windows=0.00124 Doors=0.00030 IC=0.00000 CO2_BC=0.00010 LR=1.18e-04 nu=0.01 NSraw=0.09951 alpha(W1/W8/all)=0.59/0.39/0.48 | 0.68 it/s
[Iter 40610/50000] Total=0.27836 | NS=0.27006 CO2(scaled)=0.00119 CO2_weight=1.00 guide_w=14.9 Walls=0.00053(x10) g_ns/g_walls=0.418 Windows=0.00121 Doors=0.00048 IC=0.00000 CO2_BC=0.00010 LR=1.18e-04 nu=0.01 NSraw=1.527 alpha(W1/W8/all)=0.59/0.39/0.48 | 0.68 it/s
[Iter 40620/50000] Total=0.65581 | NS=0.64557 CO2(scaled)=0.00103 CO2_weight=1.00 guide_w=14.9 Walls=0.00077(x10) g_ns/g_walls=0.418 Windows=0.00101 Doors=0.00044 IC=0.00000 CO2_BC=0.00009 LR=1.18e-04 nu=0.01 NSraw=22.21 alpha(W1/W8/all)=0.59/0.39/0.48 | 0.68 it/s
[Iter 40630/50000] Total=0.37966 | NS=0.36383 CO2(scaled)=0.00142 CO2_weight=1.00 guide_w=14.9 Walls=0.00124(x10) g_ns/g_walls=0.418 Windows=0.00152 Doors=0.00042 IC=0.00000 CO2_BC=0.00010 LR=1.18e-04 nu=0.01 NSraw=6.14 alpha(W1/W8/all)=0.59/0.39/0.48 | 0.68 it/s
[Iter 40640/50000] Total=0.10397 | NS=0.09562 CO2(scaled)=0.00126 CO2_weight=1.00 guide_w=14.9 Walls=0.00055(x10) g_ns/g_walls=0.418 Windows=0.00113 Doors=0.00035 IC=0.00000 CO2_BC=0.00009 LR=1.18e-04 nu=0.01 NSraw=0.2205 alpha(W1/W8/all)=0.59/0.39/0.48 | 0.68 it/s
[Iter 40650/50000] Total=0.20929 | NS=0.20417 CO2(scaled)=0.00110 CO2_weight=1.00 guide_w=14.9 Walls=0.00025(x10) g_ns/g_walls=0.418 Windows=0.00097 Doors=0.00049 IC=0.00000 CO2_BC=0.00010 LR=1.17e-04 nu=0.01 NSraw=1.646 alpha(W1/W8/all)=0.59/0.39/0.48 | 0.68 it/s
[Iter 40660/50000] Total=0.25402 | NS=0.24520 CO2(scaled)=0.00185 CO2_weight=1.00 guide_w=14.9 Walls=0.00053(x10) g_ns/g_walls=0.418 Windows=0.00106 Doors=0.00057 IC=0.00000 CO2_BC=0.00008 LR=1.17e-04 nu=0.01 NSraw=1.456 alpha(W1/W8/all)=0.59/0.39/0.48 | 0.68 it/s
[Iter 40670/50000] Total=0.15111 | NS=0.14338 CO2(scaled)=0.00095 CO2_weight=1.00 guide_w=14.9 Walls=0.00052(x10) g_ns/g_walls=0.418 Windows=0.00113 Doors=0.00039 IC=0.00000 CO2_BC=0.00009 LR=1.17e-04 nu=0.01 NSraw=1.089 alpha(W1/W8/all)=0.59/0.39/0.48 | 0.68 it/s
[Iter 40680/50000] Total=0.03501 | NS=0.02812 CO2(scaled)=0.00101 CO2_weight=1.00 guide_w=14.9 Walls=0.00045(x10) g_ns/g_walls=0.418 Windows=0.00079 Doors=0.00051 IC=0.00000 CO2_BC=0.00007 LR=1.17e-04 nu=0.01 NSraw=0.03205 alpha(W1/W8/all)=0.59/0.39/0.48 | 0.68 it/s
[Iter 40690/50000] Total=0.26552 | NS=0.25190 CO2(scaled)=0.00125 CO2_weight=1.00 guide_w=14.9 Walls=0.00107(x10) g_ns/g_walls=0.418 Windows=0.00123 Doors=0.00037 IC=0.00000 CO2_BC=0.00008 LR=1.17e-04 nu=0.01 NSraw=5.198 alpha(W1/W8/all)=0.59/0.39/0.48 | 0.68 it/s
[Iter 40700/50000] Total=0.19654 | NS=0.19003 CO2(scaled)=0.00130 CO2_weight=1.00 guide_w=19.9 Walls=0.00037(x10) g_ns/g_walls=5.45 Windows=0.00093 Doors=0.00049 IC=0.00000 CO2_BC=0.00008 LR=1.17e-04 nu=0.01 NSraw=1.413 alpha(W1/W8/all)=0.59/0.39/0.48 | 0.68 it/s
[Iter 40710/50000] Total=0.12279 | NS=0.11611 CO2(scaled)=0.00137 CO2_weight=1.00 guide_w=19.9 Walls=0.00039(x10) g_ns/g_walls=5.45 Windows=0.00099 Doors=0.00032 IC=0.00000 CO2_BC=0.00009 LR=1.17e-04 nu=0.01 NSraw=0.566 alpha(W1/W8/all)=0.59/0.39/0.48 | 0.68 it/s
[Iter 40720/50000] Total=0.09651 | NS=0.08945 CO2(scaled)=0.00099 CO2_weight=1.00 guide_w=19.9 Walls=0.00052(x10) g_ns/g_walls=5.45 Windows=0.00042 Doors=0.00036 IC=0.00000 CO2_BC=0.00009 LR=1.17e-04 nu=0.01 NSraw=0.3015 alpha(W1/W8/all)=0.59/0.39/0.48 | 0.68 it/s
[Iter 40730/50000] Total=0.10848 | NS=0.10332 CO2(scaled)=0.00113 CO2_weight=1.00 guide_w=19.9 Walls=0.00023(x10) g_ns/g_walls=5.45 Windows=0.00110 Doors=0.00050 IC=0.00000 CO2_BC=0.00009 LR=1.17e-04 nu=0.01 NSraw=0.2668 alpha(W1/W8/all)=0.59/0.39/0.48 | 0.68 it/s
[Iter 40740/50000] Total=0.12355 | NS=0.11602 CO2(scaled)=0.00102 CO2_weight=1.00 guide_w=19.9 Walls=0.00050(x10) g_ns/g_walls=5.45 Windows=0.00097 Doors=0.00046 IC=0.00000 CO2_BC=0.00008 LR=1.17e-04 nu=0.01 NSraw=0.346 alpha(W1/W8/all)=0.59/0.39/0.48 | 0.68 it/s
[Iter 40750/50000] Total=0.01980 | NS=0.01328 CO2(scaled)=0.00120 CO2_weight=1.00 guide_w=19.9 Walls=0.00035(x10) g_ns/g_walls=5.45 Windows=0.00133 Doors=0.00041 IC=0.00000 CO2_BC=0.00009 LR=1.17e-04 nu=0.01 NSraw=0.01405 alpha(W1/W8/all)=0.59/0.39/0.48 | 0.68 it/s
[Iter 40760/50000] Total=0.11180 | NS=0.09791 CO2(scaled)=0.00112 CO2_weight=1.00 guide_w=19.9 Walls=0.00104(x10) g_ns/g_walls=5.45 Windows=0.00194 Doors=0.00037 IC=0.00000 CO2_BC=0.00010 LR=1.17e-04 nu=0.01 NSraw=0.3214 alpha(W1/W8/all)=0.59/0.39/0.48 | 0.68 it/s
[Iter 40770/50000] Total=0.63500 | NS=0.62856 CO2(scaled)=0.00119 CO2_weight=1.00 guide_w=19.9 Walls=0.00036(x10) g_ns/g_walls=5.45 Windows=0.00122 Doors=0.00034 IC=0.00000 CO2_BC=0.00009 LR=1.17e-04 nu=0.01 NSraw=27.55 alpha(W1/W8/all)=0.59/0.39/0.48 | 0.68 it/s
[Iter 40780/50000] Total=0.11199 | NS=0.10729 CO2(scaled)=0.00127 CO2_weight=1.00 guide_w=19.9 Walls=0.00019(x10) g_ns/g_walls=5.45 Windows=0.00110 Doors=0.00039 IC=0.00000 CO2_BC=0.00008 LR=1.17e-04 nu=0.01 NSraw=0.3558 alpha(W1/W8/all)=0.59/0.39/0.48 | 0.68 it/s
[Iter 40790/50000] Total=2.37142 | NS=2.36479 CO2(scaled)=0.00092 CO2_weight=1.00 guide_w=19.9 Walls=0.00037(x10) g_ns/g_walls=5.45 Windows=0.00148 Doors=0.00049 IC=0.00000 CO2_BC=0.00008 LR=1.17e-04 nu=0.01 NSraw=543.6 alpha(W1/W8/all)=0.59/0.39/0.48 | 0.68 it/s
[Iter 40800/50000] Total=0.08550 | NS=0.07884 CO2(scaled)=0.00110 CO2_weight=1.00 guide_w=3.84 Walls=0.00042(x10) g_ns/g_walls=0.843 Windows=0.00080 Doors=0.00047 IC=0.00000 CO2_BC=0.00009 LR=1.17e-04 nu=0.01 NSraw=0.1634 alpha(W1/W8/all)=0.59/0.39/0.48 | 0.68 it/s
[Iter 40810/50000] Total=0.22322 | NS=0.21689 CO2(scaled)=0.00080 CO2_weight=1.00 guide_w=3.84 Walls=0.00040(x10) g_ns/g_walls=0.843 Windows=0.00096 Doors=0.00043 IC=0.00000 CO2_BC=0.00010 LR=1.16e-04 nu=0.01 NSraw=0.9532 alpha(W1/W8/all)=0.59/0.39/0.48 | 0.68 it/s
[Iter 40820/50000] Total=0.26868 | NS=0.25638 CO2(scaled)=0.00224 CO2_weight=1.00 guide_w=3.84 Walls=0.00078(x10) g_ns/g_walls=0.843 Windows=0.00171 Doors=0.00047 IC=0.00000 CO2_BC=0.00009 LR=1.16e-04 nu=0.01 NSraw=2.994 alpha(W1/W8/all)=0.59/0.39/0.48 | 0.68 it/s
[Iter 40830/50000] Total=0.36200 | NS=0.35523 CO2(scaled)=0.00142 CO2_weight=1.00 guide_w=3.84 Walls=0.00041(x10) g_ns/g_walls=0.843 Windows=0.00083 Doors=0.00039 IC=0.00000 CO2_BC=0.00009 LR=1.16e-04 nu=0.01 NSraw=7.14 alpha(W1/W8/all)=0.59/0.39/0.48 | 0.68 it/s
[Iter 40840/50000] Total=0.18912 | NS=0.18266 CO2(scaled)=0.00126 CO2_weight=1.00 guide_w=3.84 Walls=0.00038(x10) g_ns/g_walls=0.843 Windows=0.00106 Doors=0.00030 IC=0.00000 CO2_BC=0.00007 LR=1.16e-04 nu=0.01 NSraw=2.006 alpha(W1/W8/all)=0.59/0.39/0.48 | 0.68 it/s
[Iter 40850/50000] Total=0.07915 | NS=0.07211 CO2(scaled)=0.00087 CO2_weight=1.00 guide_w=3.84 Walls=0.00049(x10) g_ns/g_walls=0.843 Windows=0.00081 Doors=0.00035 IC=0.00000 CO2_BC=0.00007 LR=1.16e-04 nu=0.01 NSraw=0.1656 alpha(W1/W8/all)=0.59/0.39/0.48 | 0.68 it/s
[Iter 40860/50000] Total=0.26685 | NS=0.26159 CO2(scaled)=0.00105 CO2_weight=1.00 guide_w=3.84 Walls=0.00030(x10) g_ns/g_walls=0.843 Windows=0.00073 Doors=0.00038 IC=0.00000 CO2_BC=0.00009 LR=1.16e-04 nu=0.01 NSraw=2.175 alpha(W1/W8/all)=0.59/0.39/0.48 | 0.68 it/s
[Iter 40870/50000] Total=0.56131 | NS=0.54983 CO2(scaled)=0.00110 CO2_weight=1.00 guide_w=3.84 Walls=0.00088(x10) g_ns/g_walls=0.843 Windows=0.00128 Doors=0.00025 IC=0.00000 CO2_BC=0.00008 LR=1.16e-04 nu=0.01 NSraw=22.22 alpha(W1/W8/all)=0.59/0.39/0.48 | 0.68 it/s
[Iter 40880/50000] Total=0.06837 | NS=0.05967 CO2(scaled)=0.00130 CO2_weight=1.00 guide_w=3.84 Walls=0.00060(x10) g_ns/g_walls=0.843 Windows=0.00107 Doors=0.00027 IC=0.00000 CO2_BC=0.00008 LR=1.16e-04 nu=0.01 NSraw=0.08668 alpha(W1/W8/all)=0.59/0.39/0.48 | 0.68 it/s
[Iter 40890/50000] Total=0.07944 | NS=0.07133 CO2(scaled)=0.00133 CO2_weight=1.00 guide_w=3.84 Walls=0.00053(x10) g_ns/g_walls=0.843 Windows=0.00117 Doors=0.00025 IC=0.00000 CO2_BC=0.00008 LR=1.16e-04 nu=0.01 NSraw=0.2438 alpha(W1/W8/all)=0.59/0.39/0.48 | 0.68 it/s
[Iter 40900/50000] Total=0.06886 | NS=0.05612 CO2(scaled)=0.00100 CO2_weight=1.00 guide_w=6.19 Walls=0.00097(x10) g_ns/g_walls=0.312 Windows=0.00162 Doors=0.00037 IC=0.00000 CO2_BC=0.00008 LR=1.16e-04 nu=0.01 NSraw=0.0804 alpha(W1/W8/all)=0.59/0.39/0.48 | 0.68 it/s
[Iter 40910/50000] Total=1.45930 | NS=1.45071 CO2(scaled)=0.00124 CO2_weight=1.00 guide_w=6.19 Walls=0.00055(x10) g_ns/g_walls=0.312 Windows=0.00141 Doors=0.00035 IC=0.00000 CO2_BC=0.00008 LR=1.16e-04 nu=0.01 NSraw=153.6 alpha(W1/W8/all)=0.59/0.39/0.48 | 0.68 it/s
[Iter 40920/50000] Total=0.11881 | NS=0.11015 CO2(scaled)=0.00097 CO2_weight=1.00 guide_w=6.19 Walls=0.00060(x10) g_ns/g_walls=0.312 Windows=0.00120 Doors=0.00037 IC=0.00000 CO2_BC=0.00008 LR=1.16e-04 nu=0.01 NSraw=0.2927 alpha(W1/W8/all)=0.59/0.39/0.48 | 0.68 it/s
[Iter 40930/50000] Total=0.07690 | NS=0.07137 CO2(scaled)=0.00087 CO2_weight=1.00 guide_w=6.19 Walls=0.00031(x10) g_ns/g_walls=0.312 Windows=0.00115 Doors=0.00031 IC=0.00000 CO2_BC=0.00008 LR=1.16e-04 nu=0.01 NSraw=0.1128 alpha(W1/W8/all)=0.59/0.39/0.48 | 0.68 it/s
[Iter 40940/50000] Total=0.10578 | NS=0.09661 CO2(scaled)=0.00124 CO2_weight=1.00 guide_w=6.19 Walls=0.00057(x10) g_ns/g_walls=0.312 Windows=0.00179 Doors=0.00034 IC=0.00000 CO2_BC=0.00008 LR=1.16e-04 nu=0.01 NSraw=0.298 alpha(W1/W8/all)=0.59/0.39/0.48 | 0.68 it/s
[Iter 40950/50000] Total=0.05179 | NS=0.04355 CO2(scaled)=0.00081 CO2_weight=1.00 guide_w=6.19 Walls=0.00056(x10) g_ns/g_walls=0.312 Windows=0.00137 Doors=0.00041 IC=0.00000 CO2_BC=0.00008 LR=1.16e-04 nu=0.01 NSraw=0.06177 alpha(W1/W8/all)=0.59/0.39/0.48 | 0.68 it/s
[Iter 40960/50000] Total=0.07357 | NS=0.06728 CO2(scaled)=0.00111 CO2_weight=1.00 guide_w=6.19 Walls=0.00037(x10) g_ns/g_walls=0.312 Windows=0.00116 Doors=0.00023 IC=0.00000 CO2_BC=0.00008 LR=1.16e-04 nu=0.01 NSraw=0.1169 alpha(W1/W8/all)=0.59/0.39/0.48 | 0.68 it/s
[Iter 40970/50000] Total=0.16605 | NS=0.16082 CO2(scaled)=0.00096 CO2_weight=1.00 guide_w=6.19 Walls=0.00030(x10) g_ns/g_walls=0.312 Windows=0.00089 Doors=0.00029 IC=0.00000 CO2_BC=0.00010 LR=1.16e-04 nu=0.01 NSraw=0.6592 alpha(W1/W8/all)=0.59/0.39/0.48 | 0.68 it/s
[Iter 40980/50000] Total=0.11136 | NS=0.10570 CO2(scaled)=0.00127 CO2_weight=1.00 guide_w=6.19 Walls=0.00029(x10) g_ns/g_walls=0.312 Windows=0.00111 Doors=0.00030 IC=0.00000 CO2_BC=0.00008 LR=1.15e-04 nu=0.01 NSraw=0.3403 alpha(W1/W8/all)=0.59/0.39/0.48 | 0.68 it/s
[Iter 40990/50000] Total=0.19015 | NS=0.18509 CO2(scaled)=0.00095 CO2_weight=1.00 guide_w=6.19 Walls=0.00026(x10) g_ns/g_walls=0.312 Windows=0.00100 Doors=0.00047 IC=0.00000 CO2_BC=0.00008 LR=1.15e-04 nu=0.01 NSraw=1.462 alpha(W1/W8/all)=0.59/0.39/0.48 | 0.68 it/s
[Iter 41000/50000] Total=0.31998 | NS=0.31340 CO2(scaled)=0.00094 CO2_weight=1.00 guide_w=81.3 Walls=0.00040(x10) g_ns/g_walls=17.3 Windows=0.00111 Doors=0.00043 IC=0.00000 CO2_BC=0.00009 LR=1.15e-04 nu=0.01 NSraw=6.076 alpha(W1/W8/all)=0.59/0.39/0.48 | 0.68 it/s
  -> saved checkpoint: /home/iai-labor/BuildingControlCFD/experiments/gnot/checkpoints/v25_nsuniform_r50k/gnot_v25_nsuniform_r50k_iter41000.pth
[Iter 41010/50000] Total=0.08144 | NS=0.07313 CO2(scaled)=0.00119 CO2_weight=1.00 guide_w=81.3 Walls=0.00053(x10) g_ns/g_walls=17.3 Windows=0.00129 Doors=0.00040 IC=0.00000 CO2_BC=0.00008 LR=1.15e-04 nu=0.01 NSraw=0.1337 alpha(W1/W8/all)=0.59/0.39/0.48 | 0.68 it/s
[Iter 41020/50000] Total=1.38397 | NS=1.37438 CO2(scaled)=0.00093 CO2_weight=1.00 guide_w=81.3 Walls=0.00070(x10) g_ns/g_walls=17.3 Windows=0.00120 Doors=0.00037 IC=0.00000 CO2_BC=0.00008 LR=1.15e-04 nu=0.01 NSraw=64.14 alpha(W1/W8/all)=0.59/0.39/0.48 | 0.68 it/s
[Iter 41030/50000] Total=0.14032 | NS=0.13125 CO2(scaled)=0.00106 CO2_weight=1.00 guide_w=81.3 Walls=0.00059(x10) g_ns/g_walls=17.3 Windows=0.00172 Doors=0.00035 IC=0.00000 CO2_BC=0.00008 LR=1.15e-04 nu=0.01 NSraw=0.7282 alpha(W1/W8/all)=0.59/0.39/0.48 | 0.68 it/s
[Iter 41040/50000] Total=0.22114 | NS=0.20758 CO2(scaled)=0.00103 CO2_weight=1.00 guide_w=81.3 Walls=0.00108(x10) g_ns/g_walls=17.3 Windows=0.00115 Doors=0.00044 IC=0.00000 CO2_BC=0.00010 LR=1.15e-04 nu=0.01 NSraw=2.33 alpha(W1/W8/all)=0.59/0.39/0.48 | 0.68 it/s
[Iter 41050/50000] Total=0.54284 | NS=0.53453 CO2(scaled)=0.00077 CO2_weight=1.00 guide_w=81.3 Walls=0.00061(x10) g_ns/g_walls=17.3 Windows=0.00096 Doors=0.00042 IC=0.00000 CO2_BC=0.00009 LR=1.15e-04 nu=0.01 NSraw=11.41 alpha(W1/W8/all)=0.59/0.39/0.48 | 0.68 it/s
[Iter 41060/50000] Total=0.03916 | NS=0.03196 CO2(scaled)=0.00109 CO2_weight=1.00 guide_w=81.3 Walls=0.00046(x10) g_ns/g_walls=17.3 Windows=0.00103 Doors=0.00038 IC=0.00000 CO2_BC=0.00008 LR=1.15e-04 nu=0.01 NSraw=0.04672 alpha(W1/W8/all)=0.59/0.39/0.48 | 0.68 it/s
[Iter 41070/50000] Total=0.14172 | NS=0.13286 CO2(scaled)=0.00103 CO2_weight=1.00 guide_w=81.3 Walls=0.00065(x10) g_ns/g_walls=17.3 Windows=0.00088 Doors=0.00042 IC=0.00000 CO2_BC=0.00008 LR=1.15e-04 nu=0.01 NSraw=0.44 alpha(W1/W8/all)=0.59/0.39/0.48 | 0.68 it/s
[Iter 41080/50000] Total=0.08118 | NS=0.07550 CO2(scaled)=0.00081 CO2_weight=1.00 guide_w=81.3 Walls=0.00034(x10) g_ns/g_walls=17.3 Windows=0.00096 Doors=0.00040 IC=0.00000 CO2_BC=0.00008 LR=1.15e-04 nu=0.01 NSraw=0.1772 alpha(W1/W8/all)=0.59/0.39/0.48 | 0.68 it/s
[Iter 41090/50000] Total=0.14604 | NS=0.13726 CO2(scaled)=0.00097 CO2_weight=1.00 guide_w=81.3 Walls=0.00065(x10) g_ns/g_walls=17.3 Windows=0.00084 Doors=0.00041 IC=0.00000 CO2_BC=0.00009 LR=1.15e-04 nu=0.01 NSraw=0.4354 alpha(W1/W8/all)=0.59/0.39/0.48 | 0.68 it/s
[Iter 41100/50000] Total=0.05664 | NS=0.04762 CO2(scaled)=0.00077 CO2_weight=1.00 guide_w=5.64 Walls=0.00066(x10) g_ns/g_walls=0.472 Windows=0.00101 Doors=0.00054 IC=0.00000 CO2_BC=0.00008 LR=1.15e-04 nu=0.01 NSraw=0.08338 alpha(W1/W8/all)=0.59/0.39/0.48 | 0.68 it/s
[Iter 41110/50000] Total=0.11574 | NS=0.10994 CO2(scaled)=0.00109 CO2_weight=1.00 guide_w=5.64 Walls=0.00032(x10) g_ns/g_walls=0.472 Windows=0.00102 Doors=0.00033 IC=0.00000 CO2_BC=0.00011 LR=1.15e-04 nu=0.01 NSraw=0.3503 alpha(W1/W8/all)=0.59/0.39/0.48 | 0.68 it/s
[Iter 41120/50000] Total=0.36636 | NS=0.36087 CO2(scaled)=0.00138 CO2_weight=1.00 guide_w=5.64 Walls=0.00029(x10) g_ns/g_walls=0.472 Windows=0.00070 Doors=0.00046 IC=0.00000 CO2_BC=0.00009 LR=1.15e-04 nu=0.01 NSraw=6.235 alpha(W1/W8/all)=0.59/0.39/0.48 | 0.68 it/s
[Iter 41130/50000] Total=0.37490 | NS=0.36788 CO2(scaled)=0.00086 CO2_weight=1.00 guide_w=5.64 Walls=0.00048(x10) g_ns/g_walls=0.472 Windows=0.00093 Doors=0.00037 IC=0.00000 CO2_BC=0.00008 LR=1.15e-04 nu=0.01 NSraw=9.044 alpha(W1/W8/all)=0.59/0.39/0.48 | 0.68 it/s
[Iter 41140/50000] Total=0.31155 | NS=0.30618 CO2(scaled)=0.00098 CO2_weight=1.00 guide_w=5.64 Walls=0.00032(x10) g_ns/g_walls=0.472 Windows=0.00069 Doors=0.00046 IC=0.00000 CO2_BC=0.00007 LR=1.14e-04 nu=0.01 NSraw=7.849 alpha(W1/W8/all)=0.59/0.39/0.48 | 0.68 it/s
[Iter 41150/50000] Total=0.10115 | NS=0.05689 CO2(scaled)=0.00118 CO2_weight=1.00 guide_w=5.64 Walls=0.00390(x10) g_ns/g_walls=0.472 Windows=0.00352 Doors=0.00050 IC=0.00000 CO2_BC=0.00007 LR=1.14e-04 nu=0.01 NSraw=0.08888 alpha(W1/W8/all)=0.59/0.39/0.48 | 0.68 it/s
[Iter 41160/50000] Total=0.15387 | NS=0.14820 CO2(scaled)=0.00094 CO2_weight=1.00 guide_w=5.64 Walls=0.00035(x10) g_ns/g_walls=0.472 Windows=0.00083 Doors=0.00034 IC=0.00000 CO2_BC=0.00010 LR=1.14e-04 nu=0.01 NSraw=0.879 alpha(W1/W8/all)=0.59/0.39/0.48 | 0.68 it/s
[Iter 41170/50000] Total=0.87619 | NS=0.84865 CO2(scaled)=0.00155 CO2_weight=1.00 guide_w=5.64 Walls=0.00231(x10) g_ns/g_walls=0.472 Windows=0.00248 Doors=0.00036 IC=0.00000 CO2_BC=0.00009 LR=1.14e-04 nu=0.01 NSraw=35.93 alpha(W1/W8/all)=0.59/0.39/0.48 | 0.68 it/s
[Iter 41180/50000] Total=0.17556 | NS=0.16743 CO2(scaled)=0.00108 CO2_weight=1.00 guide_w=5.64 Walls=0.00055(x10) g_ns/g_walls=0.472 Windows=0.00093 Doors=0.00050 IC=0.00000 CO2_BC=0.00008 LR=1.14e-04 nu=0.01 NSraw=0.555 alpha(W1/W8/all)=0.59/0.39/0.48 | 0.68 it/s
[Iter 41190/50000] Total=0.41021 | NS=0.40200 CO2(scaled)=0.00118 CO2_weight=1.00 guide_w=5.64 Walls=0.00056(x10) g_ns/g_walls=0.472 Windows=0.00101 Doors=0.00036 IC=0.00000 CO2_BC=0.00009 LR=1.14e-04 nu=0.01 NSraw=5.173 alpha(W1/W8/all)=0.59/0.39/0.48 | 0.68 it/s
[Iter 41200/50000] Total=0.18969 | NS=0.18456 CO2(scaled)=0.00096 CO2_weight=1.00 guide_w=110 Walls=0.00029(x10) g_ns/g_walls=13.2 Windows=0.00081 Doors=0.00039 IC=0.00000 CO2_BC=0.00009 LR=1.14e-04 nu=0.01 NSraw=1.437 alpha(W1/W8/all)=0.59/0.39/0.48 | 0.68 it/s
[Iter 41210/50000] Total=1.19647 | NS=1.19003 CO2(scaled)=0.00100 CO2_weight=1.00 guide_w=110 Walls=0.00037(x10) g_ns/g_walls=13.2 Windows=0.00118 Doors=0.00047 IC=0.00000 CO2_BC=0.00008 LR=1.14e-04 nu=0.01 NSraw=126.8 alpha(W1/W8/all)=0.59/0.39/0.48 | 0.68 it/s
[Iter 41220/50000] Total=0.15771 | NS=0.15155 CO2(scaled)=0.00108 CO2_weight=1.00 guide_w=110 Walls=0.00039(x10) g_ns/g_walls=13.2 Windows=0.00091 Doors=0.00023 IC=0.00000 CO2_BC=0.00008 LR=1.14e-04 nu=0.01 NSraw=0.6187 alpha(W1/W8/all)=0.59/0.39/0.48 | 0.68 it/s
[Iter 41230/50000] Total=0.12906 | NS=0.11411 CO2(scaled)=0.00177 CO2_weight=1.00 guide_w=110 Walls=0.00115(x10) g_ns/g_walls=13.2 Windows=0.00112 Doors=0.00045 IC=0.00000 CO2_BC=0.00008 LR=1.14e-04 nu=0.01 NSraw=0.5985 alpha(W1/W8/all)=0.59/0.39/0.48 | 0.68 it/s
[Iter 41240/50000] Total=0.12338 | NS=0.10846 CO2(scaled)=0.00315 CO2_weight=1.00 guide_w=110 Walls=0.00101(x10) g_ns/g_walls=13.2 Windows=0.00119 Doors=0.00037 IC=0.00000 CO2_BC=0.00009 LR=1.14e-04 nu=0.01 NSraw=0.3477 alpha(W1/W8/all)=0.59/0.39/0.48 | 0.68 it/s
[Iter 41250/50000] Total=1.09645 | NS=1.09059 CO2(scaled)=0.00094 CO2_weight=1.00 guide_w=110 Walls=0.00036(x10) g_ns/g_walls=13.2 Windows=0.00088 Doors=0.00031 IC=0.00000 CO2_BC=0.00011 LR=1.14e-04 nu=0.01 NSraw=107.1 alpha(W1/W8/all)=0.59/0.39/0.48 | 0.68 it/s
[Iter 41260/50000] Total=0.06883 | NS=0.06412 CO2(scaled)=0.00083 CO2_weight=1.00 guide_w=110 Walls=0.00025(x10) g_ns/g_walls=13.2 Windows=0.00093 Doors=0.00042 IC=0.00000 CO2_BC=0.00008 LR=1.14e-04 nu=0.01 NSraw=0.1265 alpha(W1/W8/all)=0.59/0.39/0.48 | 0.67 it/s
[Iter 41270/50000] Total=0.04950 | NS=0.04312 CO2(scaled)=0.00112 CO2_weight=1.00 guide_w=110 Walls=0.00040(x10) g_ns/g_walls=13.2 Windows=0.00090 Doors=0.00029 IC=0.00000 CO2_BC=0.00010 LR=1.14e-04 nu=0.01 NSraw=0.09123 alpha(W1/W8/all)=0.59/0.39/0.48 | 0.67 it/s
[Iter 41280/50000] Total=0.07559 | NS=0.06334 CO2(scaled)=0.00094 CO2_weight=1.00 guide_w=110 Walls=0.00096(x10) g_ns/g_walls=13.2 Windows=0.00101 Doors=0.00060 IC=0.00000 CO2_BC=0.00009 LR=1.14e-04 nu=0.01 NSraw=0.194 alpha(W1/W8/all)=0.59/0.39/0.48 | 0.67 it/s
[Iter 41290/50000] Total=0.21480 | NS=0.20533 CO2(scaled)=0.00183 CO2_weight=1.00 guide_w=110 Walls=0.00059(x10) g_ns/g_walls=13.2 Windows=0.00121 Doors=0.00042 IC=0.00000 CO2_BC=0.00009 LR=1.14e-04 nu=0.01 NSraw=2.435 alpha(W1/W8/all)=0.59/0.39/0.48 | 0.67 it/s
[Iter 41300/50000] Total=0.20389 | NS=0.19792 CO2(scaled)=0.00104 CO2_weight=1.00 guide_w=17.7 Walls=0.00034(x10) g_ns/g_walls=3.36 Windows=0.00100 Doors=0.00044 IC=0.00000 CO2_BC=0.00009 LR=1.14e-04 nu=0.01 NSraw=0.9572 alpha(W1/W8/all)=0.59/0.39/0.48 | 0.67 it/s
[Iter 41310/50000] Total=0.09071 | NS=0.08513 CO2(scaled)=0.00130 CO2_weight=1.00 guide_w=17.7 Walls=0.00029(x10) g_ns/g_walls=3.36 Windows=0.00093 Doors=0.00035 IC=0.00000 CO2_BC=0.00008 LR=1.13e-04 nu=0.01 NSraw=0.2835 alpha(W1/W8/all)=0.59/0.39/0.48 | 0.67 it/s
[Iter 41320/50000] Total=0.13171 | NS=0.12388 CO2(scaled)=0.00138 CO2_weight=1.00 guide_w=17.7 Walls=0.00051(x10) g_ns/g_walls=3.36 Windows=0.00081 Doors=0.00044 IC=0.00000 CO2_BC=0.00008 LR=1.13e-04 nu=0.01 NSraw=0.4566 alpha(W1/W8/all)=0.59/0.39/0.48 | 0.67 it/s
[Iter 41330/50000] Total=0.12570 | NS=0.11635 CO2(scaled)=0.00177 CO2_weight=1.00 guide_w=17.7 Walls=0.00061(x10) g_ns/g_walls=3.36 Windows=0.00095 Doors=0.00039 IC=0.00000 CO2_BC=0.00010 LR=1.13e-04 nu=0.01 NSraw=0.2448 alpha(W1/W8/all)=0.59/0.39/0.48 | 0.67 it/s
[Iter 41340/50000] Total=0.22383 | NS=0.21778 CO2(scaled)=0.00132 CO2_weight=1.00 guide_w=17.7 Walls=0.00033(x10) g_ns/g_walls=3.36 Windows=0.00094 Doors=0.00038 IC=0.00000 CO2_BC=0.00009 LR=1.13e-04 nu=0.01 NSraw=3.295 alpha(W1/W8/all)=0.59/0.39/0.48 | 0.67 it/s
[Iter 41350/50000] Total=0.09112 | NS=0.08266 CO2(scaled)=0.00096 CO2_weight=1.00 guide_w=17.7 Walls=0.00063(x10) g_ns/g_walls=3.36 Windows=0.00077 Doors=0.00034 IC=0.00000 CO2_BC=0.00011 LR=1.13e-04 nu=0.01 NSraw=0.2087 alpha(W1/W8/all)=0.59/0.39/0.48 | 0.67 it/s
[Iter 41360/50000] Total=0.34554 | NS=0.33761 CO2(scaled)=0.00129 CO2_weight=1.00 guide_w=17.7 Walls=0.00053(x10) g_ns/g_walls=3.36 Windows=0.00082 Doors=0.00043 IC=0.00000 CO2_BC=0.00010 LR=1.13e-04 nu=0.01 NSraw=9.464 alpha(W1/W8/all)=0.59/0.39/0.48 | 0.67 it/s
[Iter 41370/50000] Total=0.37337 | NS=0.36000 CO2(scaled)=0.00128 CO2_weight=1.00 guide_w=17.7 Walls=0.00102(x10) g_ns/g_walls=3.36 Windows=0.00141 Doors=0.00043 IC=0.00000 CO2_BC=0.00008 LR=1.13e-04 nu=0.01 NSraw=7.37 alpha(W1/W8/all)=0.59/0.39/0.48 | 0.67 it/s
[Iter 41380/50000] Total=0.76917 | NS=0.75407 CO2(scaled)=0.00099 CO2_weight=1.00 guide_w=17.7 Walls=0.00118(x10) g_ns/g_walls=3.36 Windows=0.00174 Doors=0.00046 IC=0.00000 CO2_BC=0.00011 LR=1.13e-04 nu=0.01 NSraw=19.82 alpha(W1/W8/all)=0.59/0.39/0.48 | 0.67 it/s
[Iter 41390/50000] Total=0.12620 | NS=0.11814 CO2(scaled)=0.00096 CO2_weight=1.00 guide_w=17.7 Walls=0.00057(x10) g_ns/g_walls=3.36 Windows=0.00106 Doors=0.00028 IC=0.00000 CO2_BC=0.00010 LR=1.13e-04 nu=0.01 NSraw=0.4022 alpha(W1/W8/all)=0.59/0.39/0.48 | 0.67 it/s
[Iter 41400/50000] Total=0.15313 | NS=0.14858 CO2(scaled)=0.00102 CO2_weight=1.00 guide_w=5.74 Walls=0.00025(x10) g_ns/g_walls=2.47 Windows=0.00053 Doors=0.00039 IC=0.00000 CO2_BC=0.00009 LR=1.13e-04 nu=0.01 NSraw=0.646 alpha(W1/W8/all)=0.59/0.39/0.48 | 0.67 it/s
[Iter 41410/50000] Total=0.12972 | NS=0.12074 CO2(scaled)=0.00106 CO2_weight=1.00 guide_w=5.74 Walls=0.00064(x10) g_ns/g_walls=2.47 Windows=0.00087 Doors=0.00052 IC=0.00000 CO2_BC=0.00009 LR=1.13e-04 nu=0.01 NSraw=0.304 alpha(W1/W8/all)=0.59/0.39/0.48 | 0.67 it/s
[Iter 41420/50000] Total=3.01408 | NS=3.00644 CO2(scaled)=0.00122 CO2_weight=1.00 guide_w=5.74 Walls=0.00048(x10) g_ns/g_walls=2.47 Windows=0.00121 Doors=0.00035 IC=0.00000 CO2_BC=0.00008 LR=1.13e-04 nu=0.01 NSraw=738.3 alpha(W1/W8/all)=0.59/0.39/0.48 | 0.67 it/s
[Iter 41430/50000] Total=0.31292 | NS=0.27981 CO2(scaled)=0.00103 CO2_weight=1.00 guide_w=5.74 Walls=0.00283(x10) g_ns/g_walls=2.47 Windows=0.00332 Doors=0.00042 IC=0.00000 CO2_BC=0.00008 LR=1.13e-04 nu=0.01 NSraw=1.662 alpha(W1/W8/all)=0.59/0.39/0.48 | 0.67 it/s
[Iter 41440/50000] Total=0.09600 | NS=0.08800 CO2(scaled)=0.00083 CO2_weight=1.00 guide_w=5.74 Walls=0.00060(x10) g_ns/g_walls=2.47 Windows=0.00072 Doors=0.00038 IC=0.00000 CO2_BC=0.00008 LR=1.13e-04 nu=0.01 NSraw=0.161 alpha(W1/W8/all)=0.59/0.39/0.48 | 0.67 it/s
[Iter 41450/50000] Total=0.06410 | NS=0.05789 CO2(scaled)=0.00094 CO2_weight=1.00 guide_w=5.74 Walls=0.00040(x10) g_ns/g_walls=2.47 Windows=0.00085 Doors=0.00032 IC=0.00000 CO2_BC=0.00009 LR=1.13e-04 nu=0.01 NSraw=0.1303 alpha(W1/W8/all)=0.59/0.39/0.48 | 0.67 it/s
[Iter 41460/50000] Total=0.09806 | NS=0.09147 CO2(scaled)=0.00097 CO2_weight=1.00 guide_w=5.74 Walls=0.00043(x10) g_ns/g_walls=2.47 Windows=0.00089 Doors=0.00039 IC=0.00000 CO2_BC=0.00008 LR=1.13e-04 nu=0.01 NSraw=0.5273 alpha(W1/W8/all)=0.59/0.39/0.48 | 0.67 it/s
[Iter 41470/50000] Total=0.20572 | NS=0.20081 CO2(scaled)=0.00129 CO2_weight=1.00 guide_w=5.74 Walls=0.00024(x10) g_ns/g_walls=2.47 Windows=0.00065 Doors=0.00046 IC=0.00000 CO2_BC=0.00008 LR=1.13e-04 nu=0.01 NSraw=1.653 alpha(W1/W8/all)=0.59/0.39/0.48 | 0.67 it/s
[Iter 41480/50000] Total=0.40108 | NS=0.39662 CO2(scaled)=0.00112 CO2_weight=1.00 guide_w=5.74 Walls=0.00022(x10) g_ns/g_walls=2.47 Windows=0.00068 Doors=0.00041 IC=0.00000 CO2_BC=0.00008 LR=1.12e-04 nu=0.01 NSraw=4.948 alpha(W1/W8/all)=0.59/0.39/0.48 | 0.67 it/s
[Iter 41490/50000] Total=0.06068 | NS=0.05028 CO2(scaled)=0.00104 CO2_weight=1.00 guide_w=5.74 Walls=0.00078(x10) g_ns/g_walls=2.47 Windows=0.00103 Doors=0.00042 IC=0.00000 CO2_BC=0.00008 LR=1.12e-04 nu=0.01 NSraw=0.1285 alpha(W1/W8/all)=0.59/0.39/0.48 | 0.67 it/s
[Iter 41500/50000] Total=0.08081 | NS=0.06717 CO2(scaled)=0.00209 CO2_weight=1.00 guide_w=5.43 Walls=0.00093(x10) g_ns/g_walls=1.81 Windows=0.00166 Doors=0.00050 IC=0.00000 CO2_BC=0.00008 LR=1.12e-04 nu=0.01 NSraw=0.1367 alpha(W1/W8/all)=0.59/0.39/0.48 | 0.67 it/s
[Iter 41510/50000] Total=0.20677 | NS=0.19685 CO2(scaled)=0.00124 CO2_weight=1.00 guide_w=5.43 Walls=0.00071(x10) g_ns/g_walls=1.81 Windows=0.00101 Doors=0.00049 IC=0.00000 CO2_BC=0.00008 LR=1.12e-04 nu=0.01 NSraw=1.125 alpha(W1/W8/all)=0.59/0.39/0.48 | 0.67 it/s
[Iter 41520/50000] Total=0.15570 | NS=0.14691 CO2(scaled)=0.00140 CO2_weight=1.00 guide_w=5.43 Walls=0.00059(x10) g_ns/g_walls=1.81 Windows=0.00093 Doors=0.00049 IC=0.00000 CO2_BC=0.00008 LR=1.12e-04 nu=0.01 NSraw=0.5156 alpha(W1/W8/all)=0.59/0.39/0.48 | 0.67 it/s
[Iter 41530/50000] Total=0.49858 | NS=0.49163 CO2(scaled)=0.00101 CO2_weight=1.00 guide_w=5.43 Walls=0.00044(x10) g_ns/g_walls=1.81 Windows=0.00101 Doors=0.00049 IC=0.00000 CO2_BC=0.00008 LR=1.12e-04 nu=0.01 NSraw=19.42 alpha(W1/W8/all)=0.59/0.39/0.48 | 0.67 it/s
[Iter 41540/50000] Total=0.17289 | NS=0.16718 CO2(scaled)=0.00087 CO2_weight=1.00 guide_w=5.43 Walls=0.00034(x10) g_ns/g_walls=1.81 Windows=0.00075 Doors=0.00056 IC=0.00000 CO2_BC=0.00009 LR=1.12e-04 nu=0.01 NSraw=0.8465 alpha(W1/W8/all)=0.59/0.39/0.48 | 0.67 it/s
[Iter 41550/50000] Total=0.22051 | NS=0.21617 CO2(scaled)=0.00096 CO2_weight=1.00 guide_w=5.43 Walls=0.00020(x10) g_ns/g_walls=1.81 Windows=0.00072 Doors=0.00058 IC=0.00000 CO2_BC=0.00010 LR=1.12e-04 nu=0.01 NSraw=2.373 alpha(W1/W8/all)=0.59/0.39/0.48 | 0.67 it/s
[Iter 41560/50000] Total=0.14471 | NS=0.13682 CO2(scaled)=0.00109 CO2_weight=1.00 guide_w=5.43 Walls=0.00053(x10) g_ns/g_walls=1.81 Windows=0.00079 Doors=0.00058 IC=0.00000 CO2_BC=0.00009 LR=1.12e-04 nu=0.01 NSraw=0.4045 alpha(W1/W8/all)=0.59/0.39/0.48 | 0.67 it/s
[Iter 41570/50000] Total=0.07301 | NS=0.06624 CO2(scaled)=0.00071 CO2_weight=1.00 guide_w=5.43 Walls=0.00045(x10) g_ns/g_walls=1.81 Windows=0.00095 Doors=0.00057 IC=0.00000 CO2_BC=0.00008 LR=1.12e-04 nu=0.01 NSraw=0.1239 alpha(W1/W8/all)=0.59/0.39/0.48 | 0.67 it/s
[Iter 41580/50000] Total=0.04283 | NS=0.03782 CO2(scaled)=0.00094 CO2_weight=1.00 guide_w=5.43 Walls=0.00029(x10) g_ns/g_walls=1.81 Windows=0.00064 Doors=0.00046 IC=0.00000 CO2_BC=0.00008 LR=1.12e-04 nu=0.01 NSraw=0.04985 alpha(W1/W8/all)=0.59/0.39/0.48 | 0.67 it/s
[Iter 41590/50000] Total=0.09146 | NS=0.08605 CO2(scaled)=0.00083 CO2_weight=1.00 guide_w=5.43 Walls=0.00034(x10) g_ns/g_walls=1.81 Windows=0.00074 Doors=0.00038 IC=0.00000 CO2_BC=0.00008 LR=1.12e-04 nu=0.01 NSraw=0.2856 alpha(W1/W8/all)=0.59/0.39/0.48 | 0.67 it/s
[Iter 41600/50000] Total=0.14263 | NS=0.13779 CO2(scaled)=0.00083 CO2_weight=1.00 guide_w=62.1 Walls=0.00028(x10) g_ns/g_walls=15.2 Windows=0.00079 Doors=0.00035 IC=0.00000 CO2_BC=0.00008 LR=1.12e-04 nu=0.01 NSraw=1.316 alpha(W1/W8/all)=0.59/0.39/0.48 | 0.67 it/s
[Iter 41610/50000] Total=0.06265 | NS=0.05682 CO2(scaled)=0.00117 CO2_weight=1.00 guide_w=62.1 Walls=0.00035(x10) g_ns/g_walls=15.2 Windows=0.00069 Doors=0.00041 IC=0.00000 CO2_BC=0.00006 LR=1.12e-04 nu=0.01 NSraw=0.1163 alpha(W1/W8/all)=0.59/0.39/0.48 | 0.67 it/s
[Iter 41620/50000] Total=0.05219 | NS=0.04339 CO2(scaled)=0.00116 CO2_weight=1.00 guide_w=62.1 Walls=0.00062(x10) g_ns/g_walls=15.2 Windows=0.00091 Doors=0.00040 IC=0.00000 CO2_BC=0.00010 LR=1.12e-04 nu=0.01 NSraw=0.08127 alpha(W1/W8/all)=0.59/0.39/0.48 | 0.67 it/s
[Iter 41630/50000] Total=0.03135 | NS=0.02606 CO2(scaled)=0.00086 CO2_weight=1.00 guide_w=62.1 Walls=0.00030(x10) g_ns/g_walls=15.2 Windows=0.00089 Doors=0.00047 IC=0.00000 CO2_BC=0.00008 LR=1.12e-04 nu=0.01 NSraw=0.04072 alpha(W1/W8/all)=0.59/0.39/0.48 | 0.67 it/s
[Iter 41640/50000] Total=0.06780 | NS=0.06120 CO2(scaled)=0.00103 CO2_weight=1.00 guide_w=62.1 Walls=0.00039(x10) g_ns/g_walls=15.2 Windows=0.00126 Doors=0.00029 IC=0.00000 CO2_BC=0.00008 LR=1.12e-04 nu=0.01 NSraw=0.1163 alpha(W1/W8/all)=0.59/0.39/0.48 | 0.67 it/s
[Iter 41650/50000] Total=0.58336 | NS=0.57860 CO2(scaled)=0.00115 CO2_weight=1.00 guide_w=62.1 Walls=0.00025(x10) g_ns/g_walls=15.2 Windows=0.00068 Doors=0.00034 IC=0.00000 CO2_BC=0.00009 LR=1.11e-04 nu=0.01 NSraw=24.85 alpha(W1/W8/all)=0.59/0.39/0.48 | 0.67 it/s
[Iter 41660/50000] Total=0.44972 | NS=0.44412 CO2(scaled)=0.00088 CO2_weight=1.00 guide_w=62.1 Walls=0.00035(x10) g_ns/g_walls=15.2 Windows=0.00080 Doors=0.00033 IC=0.00000 CO2_BC=0.00008 LR=1.11e-04 nu=0.01 NSraw=10.58 alpha(W1/W8/all)=0.59/0.39/0.48 | 0.67 it/s
[Iter 41670/50000] Total=0.05504 | NS=0.04913 CO2(scaled)=0.00096 CO2_weight=1.00 guide_w=62.1 Walls=0.00036(x10) g_ns/g_walls=15.2 Windows=0.00090 Doors=0.00035 IC=0.00000 CO2_BC=0.00009 LR=1.11e-04 nu=0.01 NSraw=0.09536 alpha(W1/W8/all)=0.59/0.39/0.48 | 0.67 it/s
[Iter 41680/50000] Total=0.09369 | NS=0.08666 CO2(scaled)=0.00104 CO2_weight=1.00 guide_w=62.1 Walls=0.00046(x10) g_ns/g_walls=15.2 Windows=0.00082 Doors=0.00051 IC=0.00000 CO2_BC=0.00009 LR=1.11e-04 nu=0.01 NSraw=0.2218 alpha(W1/W8/all)=0.59/0.39/0.48 | 0.67 it/s
[Iter 41690/50000] Total=0.09193 | NS=0.08276 CO2(scaled)=0.00122 CO2_weight=1.00 guide_w=62.1 Walls=0.00066(x10) g_ns/g_walls=15.2 Windows=0.00099 Doors=0.00029 IC=0.00000 CO2_BC=0.00008 LR=1.11e-04 nu=0.01 NSraw=0.1695 alpha(W1/W8/all)=0.59/0.39/0.48 | 0.67 it/s
[Iter 41700/50000] Total=0.55952 | NS=0.55309 CO2(scaled)=0.00101 CO2_weight=1.00 guide_w=168 Walls=0.00040(x10) g_ns/g_walls=37.5 Windows=0.00102 Doors=0.00037 IC=0.00000 CO2_BC=0.00007 LR=1.11e-04 nu=0.01 NSraw=24.86 alpha(W1/W8/all)=0.59/0.39/0.48 | 0.67 it/s
[Iter 41710/50000] Total=0.11085 | NS=0.10541 CO2(scaled)=0.00102 CO2_weight=1.00 guide_w=168 Walls=0.00031(x10) g_ns/g_walls=37.5 Windows=0.00080 Doors=0.00044 IC=0.00000 CO2_BC=0.00007 LR=1.11e-04 nu=0.01 NSraw=0.2319 alpha(W1/W8/all)=0.59/0.39/0.48 | 0.67 it/s
[Iter 41720/50000] Total=0.16060 | NS=0.15531 CO2(scaled)=0.00101 CO2_weight=1.00 guide_w=168 Walls=0.00028(x10) g_ns/g_walls=37.5 Windows=0.00102 Doors=0.00038 IC=0.00000 CO2_BC=0.00007 LR=1.11e-04 nu=0.01 NSraw=0.5466 alpha(W1/W8/all)=0.59/0.39/0.48 | 0.67 it/s
[Iter 41730/50000] Total=0.04576 | NS=0.03918 CO2(scaled)=0.00122 CO2_weight=1.00 guide_w=168 Walls=0.00039(x10) g_ns/g_walls=37.5 Windows=0.00092 Doors=0.00050 IC=0.00000 CO2_BC=0.00008 LR=1.11e-04 nu=0.01 NSraw=0.05213 alpha(W1/W8/all)=0.59/0.39/0.48 | 0.67 it/s
[Iter 41740/50000] Total=0.10888 | NS=0.10263 CO2(scaled)=0.00104 CO2_weight=1.00 guide_w=168 Walls=0.00039(x10) g_ns/g_walls=37.5 Windows=0.00073 Doors=0.00046 IC=0.00000 CO2_BC=0.00008 LR=1.11e-04 nu=0.01 NSraw=0.2477 alpha(W1/W8/all)=0.59/0.39/0.48 | 0.67 it/s
[Iter 41750/50000] Total=0.03723 | NS=0.03194 CO2(scaled)=0.00115 CO2_weight=1.00 guide_w=168 Walls=0.00029(x10) g_ns/g_walls=37.5 Windows=0.00082 Doors=0.00040 IC=0.00000 CO2_BC=0.00007 LR=1.11e-04 nu=0.01 NSraw=0.03924 alpha(W1/W8/all)=0.59/0.39/0.48 | 0.67 it/s
[Iter 41760/50000] Total=0.04720 | NS=0.04261 CO2(scaled)=0.00091 CO2_weight=1.00 guide_w=168 Walls=0.00027(x10) g_ns/g_walls=37.5 Windows=0.00059 Doors=0.00032 IC=0.00000 CO2_BC=0.00008 LR=1.11e-04 nu=0.01 NSraw=0.07754 alpha(W1/W8/all)=0.59/0.39/0.48 | 0.67 it/s
[Iter 41770/50000] Total=0.12232 | NS=0.11317 CO2(scaled)=0.00096 CO2_weight=1.00 guide_w=168 Walls=0.00067(x10) g_ns/g_walls=37.5 Windows=0.00096 Doors=0.00042 IC=0.00000 CO2_BC=0.00008 LR=1.11e-04 nu=0.01 NSraw=0.4648 alpha(W1/W8/all)=0.59/0.39/0.48 | 0.67 it/s
[Iter 41780/50000] Total=0.17898 | NS=0.17220 CO2(scaled)=0.00109 CO2_weight=1.00 guide_w=168 Walls=0.00041(x10) g_ns/g_walls=37.5 Windows=0.00115 Doors=0.00036 IC=0.00000 CO2_BC=0.00008 LR=1.11e-04 nu=0.01 NSraw=0.9013 alpha(W1/W8/all)=0.59/0.39/0.48 | 0.67 it/s
[Iter 41790/50000] Total=0.06037 | NS=0.05313 CO2(scaled)=0.00088 CO2_weight=1.00 guide_w=168 Walls=0.00049(x10) g_ns/g_walls=37.5 Windows=0.00095 Doors=0.00043 IC=0.00000 CO2_BC=0.00008 LR=1.11e-04 nu=0.01 NSraw=0.1058 alpha(W1/W8/all)=0.59/0.39/0.48 | 0.67 it/s
[Iter 41800/50000] Total=0.08943 | NS=0.08103 CO2(scaled)=0.00139 CO2_weight=1.00 guide_w=1.67 Walls=0.00053(x10) g_ns/g_walls=0.435 Windows=0.00126 Doors=0.00040 IC=0.00000 CO2_BC=0.00008 LR=1.11e-04 nu=0.01 NSraw=0.1671 alpha(W1/W8/all)=0.59/0.39/0.48 | 0.67 it/s
[Iter 41810/50000] Total=0.40383 | NS=0.39312 CO2(scaled)=0.00112 CO2_weight=1.00 guide_w=1.67 Walls=0.00075(x10) g_ns/g_walls=0.435 Windows=0.00160 Doors=0.00042 IC=0.00000 CO2_BC=0.00008 LR=1.11e-04 nu=0.01 NSraw=6.976 alpha(W1/W8/all)=0.59/0.39/0.48 | 0.67 it/s
[Iter 41820/50000] Total=0.28348 | NS=0.27731 CO2(scaled)=0.00109 CO2_weight=1.00 guide_w=1.67 Walls=0.00038(x10) g_ns/g_walls=0.435 Windows=0.00079 Doors=0.00043 IC=0.00000 CO2_BC=0.00010 LR=1.10e-04 nu=0.01 NSraw=2.867 alpha(W1/W8/all)=0.59/0.39/0.48 | 0.67 it/s
[Iter 41830/50000] Total=0.06521 | NS=0.05823 CO2(scaled)=0.00086 CO2_weight=1.00 guide_w=1.67 Walls=0.00045(x10) g_ns/g_walls=0.435 Windows=0.00109 Doors=0.00042 IC=0.00000 CO2_BC=0.00008 LR=1.10e-04 nu=0.01 NSraw=0.1156 alpha(W1/W8/all)=0.59/0.39/0.48 | 0.67 it/s
[Iter 41840/50000] Total=0.05324 | NS=0.04857 CO2(scaled)=0.00099 CO2_weight=1.00 guide_w=1.67 Walls=0.00024(x10) g_ns/g_walls=0.435 Windows=0.00082 Doors=0.00034 IC=0.00000 CO2_BC=0.00009 LR=1.10e-04 nu=0.01 NSraw=0.08556 alpha(W1/W8/all)=0.59/0.39/0.48 | 0.67 it/s
[Iter 41850/50000] Total=0.04944 | NS=0.04120 CO2(scaled)=0.00082 CO2_weight=1.00 guide_w=1.67 Walls=0.00057(x10) g_ns/g_walls=0.435 Windows=0.00117 Doors=0.00040 IC=0.00000 CO2_BC=0.00010 LR=1.10e-04 nu=0.01 NSraw=0.06994 alpha(W1/W8/all)=0.59/0.39/0.48 | 0.67 it/s
[Iter 41860/50000] Total=0.05160 | NS=0.04675 CO2(scaled)=0.00100 CO2_weight=1.00 guide_w=1.67 Walls=0.00027(x10) g_ns/g_walls=0.435 Windows=0.00070 Doors=0.00034 IC=0.00000 CO2_BC=0.00009 LR=1.10e-04 nu=0.01 NSraw=0.07168 alpha(W1/W8/all)=0.59/0.39/0.48 | 0.67 it/s
[Iter 41870/50000] Total=1.31451 | NS=1.30994 CO2(scaled)=0.00070 CO2_weight=1.00 guide_w=1.67 Walls=0.00024(x10) g_ns/g_walls=0.435 Windows=0.00085 Doors=0.00054 IC=0.00000 CO2_BC=0.00008 LR=1.10e-04 nu=0.01 NSraw=147.4 alpha(W1/W8/all)=0.59/0.39/0.48 | 0.67 it/s
[Iter 41880/50000] Total=1.49028 | NS=1.48274 CO2(scaled)=0.00107 CO2_weight=1.00 guide_w=1.67 Walls=0.00051(x10) g_ns/g_walls=0.435 Windows=0.00081 Doors=0.00052 IC=0.00000 CO2_BC=0.00008 LR=1.10e-04 nu=0.01 NSraw=111.7 alpha(W1/W8/all)=0.59/0.39/0.48 | 0.67 it/s
[Iter 41890/50000] Total=0.04933 | NS=0.04353 CO2(scaled)=0.00097 CO2_weight=1.00 guide_w=1.67 Walls=0.00034(x10) g_ns/g_walls=0.435 Windows=0.00068 Doors=0.00066 IC=0.00000 CO2_BC=0.00009 LR=1.10e-04 nu=0.01 NSraw=0.07906 alpha(W1/W8/all)=0.59/0.39/0.48 | 0.67 it/s
[Iter 41900/50000] Total=0.18599 | NS=0.18161 CO2(scaled)=0.00099 CO2_weight=1.00 guide_w=123 Walls=0.00020(x10) g_ns/g_walls=15.5 Windows=0.00076 Doors=0.00057 IC=0.00000 CO2_BC=0.00009 LR=1.10e-04 nu=0.01 NSraw=1.081 alpha(W1/W8/all)=0.59/0.39/0.48 | 0.67 it/s
[Iter 41910/50000] Total=0.15672 | NS=0.15132 CO2(scaled)=0.00110 CO2_weight=1.00 guide_w=123 Walls=0.00030(x10) g_ns/g_walls=15.5 Windows=0.00076 Doors=0.00046 IC=0.00000 CO2_BC=0.00007 LR=1.10e-04 nu=0.01 NSraw=0.5161 alpha(W1/W8/all)=0.59/0.39/0.48 | 0.67 it/s
[Iter 41920/50000] Total=0.09532 | NS=0.08963 CO2(scaled)=0.00123 CO2_weight=1.00 guide_w=123 Walls=0.00033(x10) g_ns/g_walls=15.5 Windows=0.00070 Doors=0.00044 IC=0.00000 CO2_BC=0.00007 LR=1.10e-04 nu=0.01 NSraw=0.2311 alpha(W1/W8/all)=0.59/0.39/0.48 | 0.67 it/s
[Iter 41930/50000] Total=0.07556 | NS=0.06799 CO2(scaled)=0.00097 CO2_weight=1.00 guide_w=123 Walls=0.00051(x10) g_ns/g_walls=15.5 Windows=0.00109 Doors=0.00029 IC=0.00000 CO2_BC=0.00009 LR=1.10e-04 nu=0.01 NSraw=0.1182 alpha(W1/W8/all)=0.59/0.39/0.48 | 0.67 it/s
[Iter 41940/50000] Total=0.05571 | NS=0.04776 CO2(scaled)=0.00123 CO2_weight=1.00 guide_w=123 Walls=0.00048(x10) g_ns/g_walls=15.5 Windows=0.00147 Doors=0.00040 IC=0.00000 CO2_BC=0.00008 LR=1.10e-04 nu=0.01 NSraw=0.1046 alpha(W1/W8/all)=0.59/0.39/0.48 | 0.67 it/s
[Iter 41950/50000] Total=0.38654 | NS=0.37925 CO2(scaled)=0.00098 CO2_weight=1.00 guide_w=123 Walls=0.00050(x10) g_ns/g_walls=15.5 Windows=0.00088 Doors=0.00037 IC=0.00000 CO2_BC=0.00009 LR=1.10e-04 nu=0.01 NSraw=7.463 alpha(W1/W8/all)=0.59/0.39/0.48 | 0.67 it/s
[Iter 41960/50000] Total=0.08005 | NS=0.07379 CO2(scaled)=0.00114 CO2_weight=1.00 guide_w=123 Walls=0.00036(x10) g_ns/g_walls=15.5 Windows=0.00096 Doors=0.00050 IC=0.00000 CO2_BC=0.00008 LR=1.10e-04 nu=0.01 NSraw=0.1432 alpha(W1/W8/all)=0.59/0.39/0.48 | 0.67 it/s
[Iter 41970/50000] Total=0.09701 | NS=0.08840 CO2(scaled)=0.00156 CO2_weight=1.00 guide_w=123 Walls=0.00055(x10) g_ns/g_walls=15.5 Windows=0.00109 Doors=0.00036 IC=0.00000 CO2_BC=0.00007 LR=1.10e-04 nu=0.01 NSraw=0.2212 alpha(W1/W8/all)=0.59/0.39/0.48 | 0.67 it/s
[Iter 41980/50000] Total=0.05053 | NS=0.04182 CO2(scaled)=0.00111 CO2_weight=1.00 guide_w=123 Walls=0.00061(x10) g_ns/g_walls=15.5 Windows=0.00108 Doors=0.00037 IC=0.00000 CO2_BC=0.00009 LR=1.10e-04 nu=0.01 NSraw=0.0719 alpha(W1/W8/all)=0.59/0.39/0.48 | 0.67 it/s
[Iter 41990/50000] Total=0.32287 | NS=0.31268 CO2(scaled)=0.00186 CO2_weight=1.00 guide_w=123 Walls=0.00069(x10) g_ns/g_walls=15.5 Windows=0.00110 Doors=0.00029 IC=0.00000 CO2_BC=0.00007 LR=1.09e-04 nu=0.01 NSraw=4.651 alpha(W1/W8/all)=0.59/0.39/0.48 | 0.67 it/s
[Iter 42000/50000] Total=0.11569 | NS=0.10486 CO2(scaled)=0.00226 CO2_weight=1.00 guide_w=2.06 Walls=0.00073(x10) g_ns/g_walls=0.885 Windows=0.00083 Doors=0.00033 IC=0.00000 CO2_BC=0.00008 LR=1.09e-04 nu=0.01 NSraw=0.341 alpha(W1/W8/all)=0.59/0.39/0.48 | 0.67 it/s
  -> saved checkpoint: /home/iai-labor/BuildingControlCFD/experiments/gnot/checkpoints/v25_nsuniform_r50k/gnot_v25_nsuniform_r50k_iter42000.pth
[Iter 42010/50000] Total=0.46296 | NS=0.44760 CO2(scaled)=0.00196 CO2_weight=1.00 guide_w=2.06 Walls=0.00115(x10) g_ns/g_walls=0.885 Windows=0.00144 Doors=0.00034 IC=0.00000 CO2_BC=0.00008 LR=1.09e-04 nu=0.01 NSraw=17.49 alpha(W1/W8/all)=0.59/0.39/0.48 | 0.67 it/s
[Iter 42020/50000] Total=0.10784 | NS=0.09821 CO2(scaled)=0.00128 CO2_weight=1.00 guide_w=2.06 Walls=0.00064(x10) g_ns/g_walls=0.885 Windows=0.00156 Doors=0.00031 IC=0.00000 CO2_BC=0.00009 LR=1.09e-04 nu=0.01 NSraw=0.2548 alpha(W1/W8/all)=0.59/0.39/0.48 | 0.67 it/s
[Iter 42030/50000] Total=0.04918 | NS=0.04157 CO2(scaled)=0.00092 CO2_weight=1.00 guide_w=2.06 Walls=0.00055(x10) g_ns/g_walls=0.885 Windows=0.00082 Doors=0.00029 IC=0.00000 CO2_BC=0.00008 LR=1.09e-04 nu=0.01 NSraw=0.06708 alpha(W1/W8/all)=0.59/0.39/0.48 | 0.67 it/s
[Iter 42040/50000] Total=0.10707 | NS=0.09982 CO2(scaled)=0.00116 CO2_weight=1.00 guide_w=2.06 Walls=0.00047(x10) g_ns/g_walls=0.885 Windows=0.00093 Doors=0.00040 IC=0.00000 CO2_BC=0.00008 LR=1.09e-04 nu=0.01 NSraw=0.2318 alpha(W1/W8/all)=0.59/0.39/0.48 | 0.67 it/s
[Iter 42050/50000] Total=0.13340 | NS=0.11489 CO2(scaled)=0.00099 CO2_weight=1.00 guide_w=2.06 Walls=0.00153(x10) g_ns/g_walls=0.885 Windows=0.00185 Doors=0.00034 IC=0.00000 CO2_BC=0.00009 LR=1.09e-04 nu=0.01 NSraw=0.3204 alpha(W1/W8/all)=0.59/0.39/0.48 | 0.67 it/s
[Iter 42060/50000] Total=0.09267 | NS=0.08488 CO2(scaled)=0.00130 CO2_weight=1.00 guide_w=2.06 Walls=0.00049(x10) g_ns/g_walls=0.885 Windows=0.00109 Doors=0.00040 IC=0.00000 CO2_BC=0.00010 LR=1.09e-04 nu=0.01 NSraw=0.1685 alpha(W1/W8/all)=0.59/0.39/0.48 | 0.67 it/s
[Iter 42070/50000] Total=0.11504 | NS=0.10410 CO2(scaled)=0.00162 CO2_weight=1.00 guide_w=2.06 Walls=0.00077(x10) g_ns/g_walls=0.885 Windows=0.00110 Doors=0.00039 IC=0.00000 CO2_BC=0.00009 LR=1.09e-04 nu=0.01 NSraw=0.3162 alpha(W1/W8/all)=0.59/0.39/0.48 | 0.67 it/s
[Iter 42080/50000] Total=0.13427 | NS=0.12820 CO2(scaled)=0.00089 CO2_weight=1.00 guide_w=2.06 Walls=0.00040(x10) g_ns/g_walls=0.885 Windows=0.00074 Doors=0.00036 IC=0.00000 CO2_BC=0.00010 LR=1.09e-04 nu=0.01 NSraw=0.4976 alpha(W1/W8/all)=0.59/0.39/0.48 | 0.67 it/s
[Iter 42090/50000] Total=0.12881 | NS=0.12182 CO2(scaled)=0.00101 CO2_weight=1.00 guide_w=2.06 Walls=0.00048(x10) g_ns/g_walls=0.885 Windows=0.00076 Doors=0.00034 IC=0.00000 CO2_BC=0.00008 LR=1.09e-04 nu=0.01 NSraw=0.5073 alpha(W1/W8/all)=0.59/0.39/0.48 | 0.67 it/s
[Iter 42100/50000] Total=0.17330 | NS=0.16662 CO2(scaled)=0.00098 CO2_weight=1.00 guide_w=13 Walls=0.00045(x10) g_ns/g_walls=1.9 Windows=0.00081 Doors=0.00034 IC=0.00000 CO2_BC=0.00007 LR=1.09e-04 nu=0.01 NSraw=0.6846 alpha(W1/W8/all)=0.59/0.39/0.48 | 0.67 it/s
[Iter 42110/50000] Total=2.49055 | NS=2.48130 CO2(scaled)=0.00147 CO2_weight=1.00 guide_w=13 Walls=0.00062(x10) g_ns/g_walls=1.9 Windows=0.00104 Doors=0.00043 IC=0.00000 CO2_BC=0.00009 LR=1.09e-04 nu=0.01 NSraw=572 alpha(W1/W8/all)=0.59/0.39/0.48 | 0.67 it/s
[Iter 42120/50000] Total=0.09774 | NS=0.09225 CO2(scaled)=0.00088 CO2_weight=1.00 guide_w=13 Walls=0.00033(x10) g_ns/g_walls=1.9 Windows=0.00077 Doors=0.00045 IC=0.00000 CO2_BC=0.00008 LR=1.09e-04 nu=0.01 NSraw=0.2036 alpha(W1/W8/all)=0.59/0.39/0.48 | 0.67 it/s
[Iter 42130/50000] Total=0.04026 | NS=0.02595 CO2(scaled)=0.00097 CO2_weight=1.00 guide_w=13 Walls=0.00114(x10) g_ns/g_walls=1.9 Windows=0.00139 Doors=0.00046 IC=0.00000 CO2_BC=0.00008 LR=1.09e-04 nu=0.01 NSraw=0.02934 alpha(W1/W8/all)=0.59/0.39/0.48 | 0.67 it/s
[Iter 42140/50000] Total=0.24560 | NS=0.24073 CO2(scaled)=0.00109 CO2_weight=1.00 guide_w=13 Walls=0.00026(x10) g_ns/g_walls=1.9 Windows=0.00060 Doors=0.00044 IC=0.00000 CO2_BC=0.00010 LR=1.09e-04 nu=0.01 NSraw=1.322 alpha(W1/W8/all)=0.59/0.39/0.48 | 0.67 it/s
[Iter 42150/50000] Total=0.13678 | NS=0.13148 CO2(scaled)=0.00098 CO2_weight=1.00 guide_w=13 Walls=0.00028(x10) g_ns/g_walls=1.9 Windows=0.00107 Doors=0.00036 IC=0.00000 CO2_BC=0.00011 LR=1.09e-04 nu=0.01 NSraw=0.5842 alpha(W1/W8/all)=0.59/0.39/0.48 | 0.67 it/s
[Iter 42160/50000] Total=0.12359 | NS=0.11745 CO2(scaled)=0.00099 CO2_weight=1.00 guide_w=13 Walls=0.00038(x10) g_ns/g_walls=1.9 Windows=0.00094 Doors=0.00036 IC=0.00000 CO2_BC=0.00007 LR=1.09e-04 nu=0.01 NSraw=0.6199 alpha(W1/W8/all)=0.59/0.39/0.48 | 0.67 it/s
[Iter 42170/50000] Total=0.36011 | NS=0.35155 CO2(scaled)=0.00091 CO2_weight=1.00 guide_w=13 Walls=0.00060(x10) g_ns/g_walls=1.9 Windows=0.00115 Doors=0.00039 IC=0.00000 CO2_BC=0.00010 LR=1.08e-04 nu=0.01 NSraw=8.809 alpha(W1/W8/all)=0.59/0.39/0.48 | 0.67 it/s
[Iter 42180/50000] Total=0.08048 | NS=0.07422 CO2(scaled)=0.00088 CO2_weight=1.00 guide_w=13 Walls=0.00037(x10) g_ns/g_walls=1.9 Windows=0.00118 Doors=0.00040 IC=0.00000 CO2_BC=0.00008 LR=1.08e-04 nu=0.01 NSraw=0.2038 alpha(W1/W8/all)=0.59/0.39/0.48 | 0.67 it/s
[Iter 42190/50000] Total=0.15638 | NS=0.15146 CO2(scaled)=0.00095 CO2_weight=1.00 guide_w=13 Walls=0.00026(x10) g_ns/g_walls=1.9 Windows=0.00086 Doors=0.00037 IC=0.00000 CO2_BC=0.00011 LR=1.08e-04 nu=0.01 NSraw=0.5811 alpha(W1/W8/all)=0.59/0.39/0.48 | 0.67 it/s
[Iter 42200/50000] Total=0.17682 | NS=0.16973 CO2(scaled)=0.00120 CO2_weight=1.00 guide_w=7.57 Walls=0.00044(x10) g_ns/g_walls=1.06 Windows=0.00097 Doors=0.00043 IC=0.00000 CO2_BC=0.00008 LR=1.08e-04 nu=0.01 NSraw=0.507 alpha(W1/W8/all)=0.59/0.39/0.48 | 0.67 it/s
[Iter 42210/50000] Total=0.11472 | NS=0.09794 CO2(scaled)=0.00118 CO2_weight=1.00 guide_w=7.57 Walls=0.00130(x10) g_ns/g_walls=1.06 Windows=0.00205 Doors=0.00042 IC=0.00000 CO2_BC=0.00009 LR=1.08e-04 nu=0.01 NSraw=0.2258 alpha(W1/W8/all)=0.59/0.39/0.48 | 0.67 it/s
[Iter 42220/50000] Total=0.06096 | NS=0.04918 CO2(scaled)=0.00141 CO2_weight=1.00 guide_w=7.57 Walls=0.00087(x10) g_ns/g_walls=1.06 Windows=0.00124 Doors=0.00031 IC=0.00000 CO2_BC=0.00010 LR=1.08e-04 nu=0.01 NSraw=0.08843 alpha(W1/W8/all)=0.59/0.39/0.48 | 0.67 it/s
[Iter 42230/50000] Total=0.12408 | NS=0.11748 CO2(scaled)=0.00135 CO2_weight=1.00 guide_w=7.57 Walls=0.00038(x10) g_ns/g_walls=1.06 Windows=0.00089 Doors=0.00045 IC=0.00000 CO2_BC=0.00009 LR=1.08e-04 nu=0.01 NSraw=0.3584 alpha(W1/W8/all)=0.59/0.39/0.48 | 0.67 it/s
[Iter 42240/50000] Total=0.50331 | NS=0.49314 CO2(scaled)=0.00097 CO2_weight=1.00 guide_w=7.57 Walls=0.00076(x10) g_ns/g_walls=1.06 Windows=0.00110 Doors=0.00040 IC=0.00000 CO2_BC=0.00008 LR=1.08e-04 nu=0.01 NSraw=15 alpha(W1/W8/all)=0.59/0.39/0.48 | 0.67 it/s
[Iter 42250/50000] Total=0.15832 | NS=0.15058 CO2(scaled)=0.00105 CO2_weight=1.00 guide_w=7.57 Walls=0.00053(x10) g_ns/g_walls=1.06 Windows=0.00097 Doors=0.00035 IC=0.00000 CO2_BC=0.00008 LR=1.08e-04 nu=0.01 NSraw=0.492 alpha(W1/W8/all)=0.59/0.39/0.48 | 0.66 it/s
[Iter 42260/50000] Total=0.10180 | NS=0.09398 CO2(scaled)=0.00117 CO2_weight=1.00 guide_w=7.57 Walls=0.00050(x10) g_ns/g_walls=1.06 Windows=0.00114 Doors=0.00040 IC=0.00000 CO2_BC=0.00009 LR=1.08e-04 nu=0.01 NSraw=0.5805 alpha(W1/W8/all)=0.59/0.39/0.48 | 0.66 it/s
[Iter 42270/50000] Total=0.61346 | NS=0.60643 CO2(scaled)=0.00158 CO2_weight=1.00 guide_w=7.57 Walls=0.00042(x10) g_ns/g_walls=1.06 Windows=0.00079 Doors=0.00039 IC=0.00000 CO2_BC=0.00008 LR=1.08e-04 nu=0.01 NSraw=32.44 alpha(W1/W8/all)=0.59/0.39/0.48 | 0.66 it/s
[Iter 42280/50000] Total=0.14482 | NS=0.13897 CO2(scaled)=0.00121 CO2_weight=1.00 guide_w=7.57 Walls=0.00035(x10) g_ns/g_walls=1.06 Windows=0.00062 Doors=0.00049 IC=0.00000 CO2_BC=0.00008 LR=1.08e-04 nu=0.01 NSraw=0.4905 alpha(W1/W8/all)=0.59/0.39/0.48 | 0.66 it/s
[Iter 42290/50000] Total=0.07908 | NS=0.07275 CO2(scaled)=0.00095 CO2_weight=1.00 guide_w=7.57 Walls=0.00040(x10) g_ns/g_walls=1.06 Windows=0.00087 Doors=0.00045 IC=0.00000 CO2_BC=0.00008 LR=1.08e-04 nu=0.01 NSraw=0.151 alpha(W1/W8/all)=0.59/0.39/0.48 | 0.66 it/s
[Iter 42300/50000] Total=0.40447 | NS=0.39771 CO2(scaled)=0.00088 CO2_weight=1.00 guide_w=298 Walls=0.00043(x10) g_ns/g_walls=49.7 Windows=0.00099 Doors=0.00048 IC=0.00000 CO2_BC=0.00007 LR=1.08e-04 nu=0.01 NSraw=4.312 alpha(W1/W8/all)=0.59/0.39/0.48 | 0.66 it/s
[Iter 42310/50000] Total=0.52696 | NS=0.52152 CO2(scaled)=0.00093 CO2_weight=1.00 guide_w=298 Walls=0.00028(x10) g_ns/g_walls=49.7 Windows=0.00100 Doors=0.00059 IC=0.00000 CO2_BC=0.00008 LR=1.08e-04 nu=0.01 NSraw=17.66 alpha(W1/W8/all)=0.59/0.39/0.48 | 0.66 it/s
[Iter 42320/50000] Total=1.34822 | NS=1.33329 CO2(scaled)=0.00123 CO2_weight=1.00 guide_w=298 Walls=0.00116(x10) g_ns/g_walls=49.7 Windows=0.00159 Doors=0.00045 IC=0.00000 CO2_BC=0.00010 LR=1.08e-04 nu=0.01 NSraw=94.63 alpha(W1/W8/all)=0.59/0.39/0.48 | 0.66 it/s
[Iter 42330/50000] Total=0.03841 | NS=0.02890 CO2(scaled)=0.00118 CO2_weight=1.00 guide_w=298 Walls=0.00066(x10) g_ns/g_walls=49.7 Windows=0.00126 Doors=0.00034 IC=0.00000 CO2_BC=0.00009 LR=1.08e-04 nu=0.01 NSraw=0.03275 alpha(W1/W8/all)=0.59/0.39/0.48 | 0.66 it/s
[Iter 42340/50000] Total=0.12819 | NS=0.11938 CO2(scaled)=0.00106 CO2_weight=1.00 guide_w=298 Walls=0.00061(x10) g_ns/g_walls=49.7 Windows=0.00117 Doors=0.00041 IC=0.00000 CO2_BC=0.00009 LR=1.07e-04 nu=0.01 NSraw=0.366 alpha(W1/W8/all)=0.59/0.39/0.48 | 0.66 it/s
[Iter 42350/50000] Total=0.39104 | NS=0.38574 CO2(scaled)=0.00119 CO2_weight=1.00 guide_w=298 Walls=0.00029(x10) g_ns/g_walls=49.7 Windows=0.00075 Doors=0.00036 IC=0.00000 CO2_BC=0.00008 LR=1.07e-04 nu=0.01 NSraw=7.933 alpha(W1/W8/all)=0.59/0.39/0.48 | 0.66 it/s
[Iter 42360/50000] Total=0.04468 | NS=0.03839 CO2(scaled)=0.00138 CO2_weight=1.00 guide_w=298 Walls=0.00034(x10) g_ns/g_walls=49.7 Windows=0.00095 Doors=0.00046 IC=0.00000 CO2_BC=0.00007 LR=1.07e-04 nu=0.01 NSraw=0.04955 alpha(W1/W8/all)=0.59/0.39/0.48 | 0.66 it/s
[Iter 42370/50000] Total=0.09926 | NS=0.09128 CO2(scaled)=0.00113 CO2_weight=1.00 guide_w=298 Walls=0.00053(x10) g_ns/g_walls=49.7 Windows=0.00090 Doors=0.00057 IC=0.00000 CO2_BC=0.00008 LR=1.07e-04 nu=0.01 NSraw=0.3668 alpha(W1/W8/all)=0.59/0.39/0.48 | 0.66 it/s
[Iter 42380/50000] Total=0.14808 | NS=0.13778 CO2(scaled)=0.00120 CO2_weight=1.00 guide_w=298 Walls=0.00073(x10) g_ns/g_walls=49.7 Windows=0.00123 Doors=0.00049 IC=0.00000 CO2_BC=0.00009 LR=1.07e-04 nu=0.01 NSraw=0.6277 alpha(W1/W8/all)=0.59/0.39/0.48 | 0.65 it/s
[Iter 42390/50000] Total=0.14266 | NS=0.13691 CO2(scaled)=0.00099 CO2_weight=1.00 guide_w=298 Walls=0.00033(x10) g_ns/g_walls=49.7 Windows=0.00089 Doors=0.00053 IC=0.00000 CO2_BC=0.00009 LR=1.07e-04 nu=0.01 NSraw=0.5359 alpha(W1/W8/all)=0.59/0.39/0.48 | 0.65 it/s
[Iter 42400/50000] Total=0.43630 | NS=0.42832 CO2(scaled)=0.00142 CO2_weight=1.00 guide_w=9.04 Walls=0.00048(x10) g_ns/g_walls=1.74 Windows=0.00107 Doors=0.00060 IC=0.00000 CO2_BC=0.00008 LR=1.07e-04 nu=0.01 NSraw=16.39 alpha(W1/W8/all)=0.59/0.39/0.48 | 0.65 it/s
[Iter 42410/50000] Total=0.63043 | NS=0.62556 CO2(scaled)=0.00089 CO2_weight=1.00 guide_w=9.04 Walls=0.00026(x10) g_ns/g_walls=1.74 Windows=0.00089 Doors=0.00038 IC=0.00000 CO2_BC=0.00009 LR=1.07e-04 nu=0.01 NSraw=24.89 alpha(W1/W8/all)=0.59/0.39/0.48 | 0.65 it/s
[Iter 42420/50000] Total=0.54082 | NS=0.53141 CO2(scaled)=0.00091 CO2_weight=1.00 guide_w=9.04 Walls=0.00066(x10) g_ns/g_walls=1.74 Windows=0.00125 Doors=0.00060 IC=0.00000 CO2_BC=0.00009 LR=1.07e-04 nu=0.01 NSraw=12.61 alpha(W1/W8/all)=0.59/0.39/0.48 | 0.65 it/s
[Iter 42430/50000] Total=0.14619 | NS=0.13693 CO2(scaled)=0.00105 CO2_weight=1.00 guide_w=9.04 Walls=0.00060(x10) g_ns/g_walls=1.74 Windows=0.00157 Doors=0.00051 IC=0.00000 CO2_BC=0.00010 LR=1.07e-04 nu=0.01 NSraw=0.5213 alpha(W1/W8/all)=0.59/0.39/0.48 | 0.65 it/s
[Iter 42440/50000] Total=0.09780 | NS=0.08671 CO2(scaled)=0.00203 CO2_weight=1.00 guide_w=9.04 Walls=0.00072(x10) g_ns/g_walls=1.74 Windows=0.00140 Doors=0.00041 IC=0.00000 CO2_BC=0.00008 LR=1.07e-04 nu=0.01 NSraw=0.3634 alpha(W1/W8/all)=0.59/0.39/0.48 | 0.65 it/s
[Iter 42450/50000] Total=0.18407 | NS=0.17498 CO2(scaled)=0.00140 CO2_weight=1.00 guide_w=9.04 Walls=0.00056(x10) g_ns/g_walls=1.74 Windows=0.00149 Doors=0.00047 IC=0.00000 CO2_BC=0.00008 LR=1.07e-04 nu=0.01 NSraw=0.7252 alpha(W1/W8/all)=0.59/0.39/0.48 | 0.65 it/s
[Iter 42460/50000] Total=0.21037 | NS=0.20036 CO2(scaled)=0.00124 CO2_weight=1.00 guide_w=9.04 Walls=0.00070(x10) g_ns/g_walls=1.74 Windows=0.00123 Doors=0.00044 IC=0.00000 CO2_BC=0.00008 LR=1.07e-04 nu=0.01 NSraw=1.756 alpha(W1/W8/all)=0.59/0.39/0.48 | 0.65 it/s
[Iter 42470/50000] Total=0.12899 | NS=0.12025 CO2(scaled)=0.00133 CO2_weight=1.00 guide_w=9.04 Walls=0.00061(x10) g_ns/g_walls=1.74 Windows=0.00090 Doors=0.00032 IC=0.00000 CO2_BC=0.00008 LR=1.07e-04 nu=0.01 NSraw=0.7534 alpha(W1/W8/all)=0.59/0.39/0.48 | 0.65 it/s
[Iter 42480/50000] Total=0.08276 | NS=0.07062 CO2(scaled)=0.00138 CO2_weight=1.00 guide_w=9.04 Walls=0.00090(x10) g_ns/g_walls=1.74 Windows=0.00139 Doors=0.00033 IC=0.00000 CO2_BC=0.00007 LR=1.07e-04 nu=0.01 NSraw=0.1756 alpha(W1/W8/all)=0.59/0.39/0.48 | 0.65 it/s
[Iter 42490/50000] Total=0.05150 | NS=0.04404 CO2(scaled)=0.00093 CO2_weight=1.00 guide_w=9.04 Walls=0.00052(x10) g_ns/g_walls=1.74 Windows=0.00086 Doors=0.00043 IC=0.00000 CO2_BC=0.00008 LR=1.07e-04 nu=0.01 NSraw=0.06706 alpha(W1/W8/all)=0.59/0.39/0.48 | 0.64 it/s
[Iter 42500/50000] Total=0.11817 | NS=0.11320 CO2(scaled)=0.00099 CO2_weight=1.00 guide_w=22.7 Walls=0.00025(x10) g_ns/g_walls=4.23 Windows=0.00106 Doors=0.00034 IC=0.00000 CO2_BC=0.00008 LR=1.07e-04 nu=0.01 NSraw=0.2447 alpha(W1/W8/all)=0.59/0.39/0.48 | 0.64 it/s
[Iter 42510/50000] Total=0.33467 | NS=0.32871 CO2(scaled)=0.00088 CO2_weight=1.00 guide_w=22.7 Walls=0.00037(x10) g_ns/g_walls=4.23 Windows=0.00104 Doors=0.00029 IC=0.00000 CO2_BC=0.00008 LR=1.07e-04 nu=0.01 NSraw=9.306 alpha(W1/W8/all)=0.59/0.39/0.48 | 0.64 it/s
[Iter 42520/50000] Total=0.26830 | NS=0.25837 CO2(scaled)=0.00113 CO2_weight=1.00 guide_w=22.7 Walls=0.00072(x10) g_ns/g_walls=4.23 Windows=0.00120 Doors=0.00036 IC=0.00000 CO2_BC=0.00007 LR=1.06e-04 nu=0.01 NSraw=4.123 alpha(W1/W8/all)=0.59/0.39/0.48 | 0.64 it/s
[Iter 42530/50000] Total=0.06786 | NS=0.05410 CO2(scaled)=0.00120 CO2_weight=1.00 guide_w=22.7 Walls=0.00111(x10) g_ns/g_walls=4.23 Windows=0.00097 Doors=0.00042 IC=0.00000 CO2_BC=0.00007 LR=1.06e-04 nu=0.01 NSraw=0.08147 alpha(W1/W8/all)=0.59/0.39/0.48 | 0.64 it/s
[Iter 42540/50000] Total=0.13892 | NS=0.13082 CO2(scaled)=0.00093 CO2_weight=1.00 guide_w=22.7 Walls=0.00056(x10) g_ns/g_walls=4.23 Windows=0.00104 Doors=0.00044 IC=0.00000 CO2_BC=0.00009 LR=1.06e-04 nu=0.01 NSraw=0.6127 alpha(W1/W8/all)=0.59/0.39/0.48 | 0.64 it/s
[Iter 42550/50000] Total=0.45544 | NS=0.44762 CO2(scaled)=0.00097 CO2_weight=1.00 guide_w=22.7 Walls=0.00054(x10) g_ns/g_walls=4.23 Windows=0.00083 Doors=0.00054 IC=0.00000 CO2_BC=0.00007 LR=1.06e-04 nu=0.01 NSraw=12.08 alpha(W1/W8/all)=0.59/0.39/0.48 | 0.64 it/s
[Iter 42560/50000] Total=0.09132 | NS=0.07959 CO2(scaled)=0.00126 CO2_weight=1.00 guide_w=22.7 Walls=0.00090(x10) g_ns/g_walls=4.23 Windows=0.00097 Doors=0.00045 IC=0.00000 CO2_BC=0.00009 LR=1.06e-04 nu=0.01 NSraw=0.1429 alpha(W1/W8/all)=0.59/0.39/0.48 | 0.64 it/s
[Iter 42570/50000] Total=0.07583 | NS=0.06922 CO2(scaled)=0.00123 CO2_weight=1.00 guide_w=22.7 Walls=0.00039(x10) g_ns/g_walls=4.23 Windows=0.00106 Doors=0.00038 IC=0.00000 CO2_BC=0.00007 LR=1.06e-04 nu=0.01 NSraw=0.1297 alpha(W1/W8/all)=0.59/0.39/0.48 | 0.64 it/s
[Iter 42580/50000] Total=0.19470 | NS=0.18882 CO2(scaled)=0.00116 CO2_weight=1.00 guide_w=22.7 Walls=0.00035(x10) g_ns/g_walls=4.23 Windows=0.00077 Doors=0.00039 IC=0.00000 CO2_BC=0.00008 LR=1.06e-04 nu=0.01 NSraw=1.719 alpha(W1/W8/all)=0.59/0.39/0.48 | 0.64 it/s
[Iter 42590/50000] Total=0.05137 | NS=0.04488 CO2(scaled)=0.00085 CO2_weight=1.00 guide_w=22.7 Walls=0.00041(x10) g_ns/g_walls=4.23 Windows=0.00107 Doors=0.00037 IC=0.00000 CO2_BC=0.00010 LR=1.06e-04 nu=0.01 NSraw=0.06559 alpha(W1/W8/all)=0.59/0.39/0.48 | 0.64 it/s
[Iter 42600/50000] Total=0.13996 | NS=0.13360 CO2(scaled)=0.00092 CO2_weight=1.00 guide_w=32.1 Walls=0.00040(x10) g_ns/g_walls=3.87 Windows=0.00086 Doors=0.00046 IC=0.00000 CO2_BC=0.00010 LR=1.06e-04 nu=0.01 NSraw=0.8529 alpha(W1/W8/all)=0.59/0.39/0.48 | 0.64 it/s
[Iter 42610/50000] Total=0.12092 | NS=0.10950 CO2(scaled)=0.00078 CO2_weight=1.00 guide_w=32.1 Walls=0.00089(x10) g_ns/g_walls=3.87 Windows=0.00131 Doors=0.00039 IC=0.00000 CO2_BC=0.00007 LR=1.06e-04 nu=0.01 NSraw=0.3863 alpha(W1/W8/all)=0.59/0.39/0.48 | 0.64 it/s
[Iter 42620/50000] Total=0.23304 | NS=0.22686 CO2(scaled)=0.00091 CO2_weight=1.00 guide_w=32.1 Walls=0.00038(x10) g_ns/g_walls=3.87 Windows=0.00100 Doors=0.00041 IC=0.00000 CO2_BC=0.00007 LR=1.06e-04 nu=0.01 NSraw=1.657 alpha(W1/W8/all)=0.59/0.39/0.48 | 0.64 it/s
[Iter 42630/50000] Total=0.10333 | NS=0.09853 CO2(scaled)=0.00122 CO2_weight=1.00 guide_w=32.1 Walls=0.00023(x10) g_ns/g_walls=3.87 Windows=0.00087 Doors=0.00036 IC=0.00000 CO2_BC=0.00008 LR=1.06e-04 nu=0.01 NSraw=0.2815 alpha(W1/W8/all)=0.59/0.39/0.48 | 0.64 it/s
[Iter 42640/50000] Total=0.05383 | NS=0.04093 CO2(scaled)=0.00108 CO2_weight=1.00 guide_w=32.1 Walls=0.00099(x10) g_ns/g_walls=3.87 Windows=0.00144 Doors=0.00038 IC=0.00000 CO2_BC=0.00007 LR=1.06e-04 nu=0.01 NSraw=0.05539 alpha(W1/W8/all)=0.59/0.39/0.48 | 0.64 it/s
[Iter 42650/50000] Total=0.21709 | NS=0.20946 CO2(scaled)=0.00103 CO2_weight=1.00 guide_w=32.1 Walls=0.00052(x10) g_ns/g_walls=3.87 Windows=0.00099 Doors=0.00034 IC=0.00000 CO2_BC=0.00008 LR=1.06e-04 nu=0.01 NSraw=2.065 alpha(W1/W8/all)=0.59/0.39/0.48 | 0.64 it/s
[Iter 42660/50000] Total=0.11683 | NS=0.11072 CO2(scaled)=0.00082 CO2_weight=1.00 guide_w=32.1 Walls=0.00037(x10) g_ns/g_walls=3.87 Windows=0.00105 Doors=0.00046 IC=0.00000 CO2_BC=0.00008 LR=1.06e-04 nu=0.01 NSraw=0.7581 alpha(W1/W8/all)=0.59/0.39/0.48 | 0.64 it/s
[Iter 42670/50000] Total=0.49871 | NS=0.49214 CO2(scaled)=0.00086 CO2_weight=1.00 guide_w=32.1 Walls=0.00041(x10) g_ns/g_walls=3.87 Windows=0.00113 Doors=0.00043 IC=0.00000 CO2_BC=0.00008 LR=1.06e-04 nu=0.01 NSraw=10.07 alpha(W1/W8/all)=0.59/0.39/0.48 | 0.64 it/s
[Iter 42680/50000] Total=0.04407 | NS=0.03722 CO2(scaled)=0.00093 CO2_weight=1.00 guide_w=32.1 Walls=0.00048(x10) g_ns/g_walls=3.87 Windows=0.00073 Doors=0.00035 IC=0.00000 CO2_BC=0.00008 LR=1.06e-04 nu=0.01 NSraw=0.05424 alpha(W1/W8/all)=0.59/0.39/0.48 | 0.64 it/s
[Iter 42690/50000] Total=0.11892 | NS=0.11226 CO2(scaled)=0.00103 CO2_weight=1.00 guide_w=32.1 Walls=0.00042(x10) g_ns/g_walls=3.87 Windows=0.00097 Doors=0.00042 IC=0.00000 CO2_BC=0.00009 LR=1.06e-04 nu=0.01 NSraw=0.2591 alpha(W1/W8/all)=0.59/0.39/0.48 | 0.64 it/s
[Iter 42700/50000] Total=0.04290 | NS=0.03561 CO2(scaled)=0.00090 CO2_weight=1.00 guide_w=4.06 Walls=0.00050(x10) g_ns/g_walls=0.4 Windows=0.00091 Doors=0.00044 IC=0.00000 CO2_BC=0.00008 LR=1.05e-04 nu=0.01 NSraw=0.06037 alpha(W1/W8/all)=0.59/0.39/0.48 | 0.64 it/s
[Iter 42710/50000] Total=0.06339 | NS=0.05643 CO2(scaled)=0.00090 CO2_weight=1.00 guide_w=4.06 Walls=0.00046(x10) g_ns/g_walls=0.4 Windows=0.00096 Doors=0.00046 IC=0.00000 CO2_BC=0.00008 LR=1.05e-04 nu=0.01 NSraw=0.08834 alpha(W1/W8/all)=0.59/0.39/0.48 | 0.64 it/s
[Iter 42720/50000] Total=0.07071 | NS=0.06494 CO2(scaled)=0.00096 CO2_weight=1.00 guide_w=4.06 Walls=0.00036(x10) g_ns/g_walls=0.4 Windows=0.00068 Doors=0.00040 IC=0.00000 CO2_BC=0.00009 LR=1.05e-04 nu=0.01 NSraw=0.1036 alpha(W1/W8/all)=0.59/0.39/0.48 | 0.64 it/s
[Iter 42730/50000] Total=0.15445 | NS=0.14753 CO2(scaled)=0.00111 CO2_weight=1.00 guide_w=4.06 Walls=0.00041(x10) g_ns/g_walls=0.4 Windows=0.00119 Doors=0.00050 IC=0.00000 CO2_BC=0.00007 LR=1.05e-04 nu=0.01 NSraw=0.6505 alpha(W1/W8/all)=0.59/0.39/0.48 | 0.64 it/s
[Iter 42740/50000] Total=0.05741 | NS=0.05173 CO2(scaled)=0.00086 CO2_weight=1.00 guide_w=4.06 Walls=0.00034(x10) g_ns/g_walls=0.4 Windows=0.00094 Doors=0.00045 IC=0.00000 CO2_BC=0.00008 LR=1.05e-04 nu=0.01 NSraw=0.08544 alpha(W1/W8/all)=0.59/0.39/0.48 | 0.64 it/s
[Iter 42750/50000] Total=0.09031 | NS=0.08427 CO2(scaled)=0.00074 CO2_weight=1.00 guide_w=4.06 Walls=0.00039(x10) g_ns/g_walls=0.4 Windows=0.00078 Doors=0.00057 IC=0.00000 CO2_BC=0.00008 LR=1.05e-04 nu=0.01 NSraw=0.2306 alpha(W1/W8/all)=0.59/0.39/0.48 | 0.64 it/s
[Iter 42760/50000] Total=0.10548 | NS=0.09740 CO2(scaled)=0.00081 CO2_weight=1.00 guide_w=4.06 Walls=0.00060(x10) g_ns/g_walls=0.4 Windows=0.00086 Doors=0.00032 IC=0.00000 CO2_BC=0.00007 LR=1.05e-04 nu=0.01 NSraw=0.2443 alpha(W1/W8/all)=0.59/0.39/0.48 | 0.64 it/s
[Iter 42770/50000] Total=0.10921 | NS=0.10295 CO2(scaled)=0.00076 CO2_weight=1.00 guide_w=4.06 Walls=0.00042(x10) g_ns/g_walls=0.4 Windows=0.00083 Doors=0.00037 IC=0.00000 CO2_BC=0.00009 LR=1.05e-04 nu=0.01 NSraw=0.4507 alpha(W1/W8/all)=0.59/0.39/0.48 | 0.64 it/s
[Iter 42780/50000] Total=0.06222 | NS=0.05726 CO2(scaled)=0.00084 CO2_weight=1.00 guide_w=4.06 Walls=0.00031(x10) g_ns/g_walls=0.4 Windows=0.00060 Doors=0.00029 IC=0.00000 CO2_BC=0.00008 LR=1.05e-04 nu=0.01 NSraw=0.1395 alpha(W1/W8/all)=0.59/0.39/0.48 | 0.63 it/s
[Iter 42790/50000] Total=0.12008 | NS=0.11224 CO2(scaled)=0.00114 CO2_weight=1.00 guide_w=4.06 Walls=0.00051(x10) g_ns/g_walls=0.4 Windows=0.00101 Doors=0.00056 IC=0.00000 CO2_BC=0.00008 LR=1.05e-04 nu=0.01 NSraw=0.197 alpha(W1/W8/all)=0.59/0.39/0.48 | 0.63 it/s
[Iter 42800/50000] Total=0.19237 | NS=0.17915 CO2(scaled)=0.00105 CO2_weight=1.00 guide_w=28.9 Walls=0.00107(x10) g_ns/g_walls=9 Windows=0.00088 Doors=0.00051 IC=0.00000 CO2_BC=0.00008 LR=1.05e-04 nu=0.01 NSraw=1.319 alpha(W1/W8/all)=0.59/0.39/0.48 | 0.63 it/s
[Iter 42810/50000] Total=0.08211 | NS=0.07730 CO2(scaled)=0.00102 CO2_weight=1.00 guide_w=28.9 Walls=0.00025(x10) g_ns/g_walls=9 Windows=0.00080 Doors=0.00046 IC=0.00000 CO2_BC=0.00007 LR=1.05e-04 nu=0.01 NSraw=0.2471 alpha(W1/W8/all)=0.59/0.39/0.48 | 0.63 it/s
[Iter 42820/50000] Total=0.10845 | NS=0.10256 CO2(scaled)=0.00118 CO2_weight=1.00 guide_w=28.9 Walls=0.00031(x10) g_ns/g_walls=9 Windows=0.00099 Doors=0.00056 IC=0.00000 CO2_BC=0.00009 LR=1.05e-04 nu=0.01 NSraw=0.2115 alpha(W1/W8/all)=0.59/0.39/0.48 | 0.63 it/s
[Iter 42830/50000] Total=0.17639 | NS=0.16509 CO2(scaled)=0.00104 CO2_weight=1.00 guide_w=28.9 Walls=0.00081(x10) g_ns/g_walls=9 Windows=0.00153 Doors=0.00056 IC=0.00000 CO2_BC=0.00007 LR=1.05e-04 nu=0.01 NSraw=1.068 alpha(W1/W8/all)=0.59/0.39/0.48 | 0.63 it/s
[Iter 42840/50000] Total=0.14880 | NS=0.14007 CO2(scaled)=0.00135 CO2_weight=1.00 guide_w=28.9 Walls=0.00060(x10) g_ns/g_walls=9 Windows=0.00075 Doors=0.00050 IC=0.00000 CO2_BC=0.00009 LR=1.05e-04 nu=0.01 NSraw=0.7331 alpha(W1/W8/all)=0.59/0.39/0.48 | 0.63 it/s
[Iter 42850/50000] Total=0.17066 | NS=0.15859 CO2(scaled)=0.00118 CO2_weight=1.00 guide_w=28.9 Walls=0.00093(x10) g_ns/g_walls=9 Windows=0.00105 Doors=0.00049 IC=0.00000 CO2_BC=0.00009 LR=1.05e-04 nu=0.01 NSraw=0.7279 alpha(W1/W8/all)=0.59/0.39/0.48 | 0.63 it/s
[Iter 42860/50000] Total=0.16719 | NS=0.15881 CO2(scaled)=0.00188 CO2_weight=1.00 guide_w=28.9 Walls=0.00047(x10) g_ns/g_walls=9 Windows=0.00129 Doors=0.00042 IC=0.00000 CO2_BC=0.00008 LR=1.05e-04 nu=0.01 NSraw=1.41 alpha(W1/W8/all)=0.59/0.39/0.48 | 0.63 it/s
[Iter 42870/50000] Total=0.10930 | NS=0.10404 CO2(scaled)=0.00088 CO2_weight=1.00 guide_w=28.9 Walls=0.00032(x10) g_ns/g_walls=9 Windows=0.00057 Doors=0.00052 IC=0.00000 CO2_BC=0.00008 LR=1.05e-04 nu=0.01 NSraw=0.2485 alpha(W1/W8/all)=0.59/0.39/0.48 | 0.63 it/s
[Iter 42880/50000] Total=0.10129 | NS=0.09423 CO2(scaled)=0.00147 CO2_weight=1.00 guide_w=28.9 Walls=0.00040(x10) g_ns/g_walls=9 Windows=0.00108 Doors=0.00045 IC=0.00000 CO2_BC=0.00007 LR=1.04e-04 nu=0.01 NSraw=0.1964 alpha(W1/W8/all)=0.59/0.39/0.48 | 0.63 it/s
[Iter 42890/50000] Total=0.14903 | NS=0.14315 CO2(scaled)=0.00124 CO2_weight=1.00 guide_w=28.9 Walls=0.00030(x10) g_ns/g_walls=9 Windows=0.00109 Doors=0.00050 IC=0.00000 CO2_BC=0.00006 LR=1.04e-04 nu=0.01 NSraw=0.4813 alpha(W1/W8/all)=0.59/0.39/0.48 | 0.63 it/s
[Iter 42900/50000] Total=1.12893 | NS=1.11680 CO2(scaled)=0.00096 CO2_weight=1.00 guide_w=191 Walls=0.00092(x10) g_ns/g_walls=20.9 Windows=0.00139 Doors=0.00052 IC=0.00000 CO2_BC=0.00009 LR=1.04e-04 nu=0.01 NSraw=114.1 alpha(W1/W8/all)=0.59/0.39/0.48 | 0.63 it/s
[Iter 42910/50000] Total=0.09102 | NS=0.07733 CO2(scaled)=0.00097 CO2_weight=1.00 guide_w=191 Walls=0.00105(x10) g_ns/g_walls=20.9 Windows=0.00148 Doors=0.00062 IC=0.00000 CO2_BC=0.00008 LR=1.04e-04 nu=0.01 NSraw=0.1575 alpha(W1/W8/all)=0.59/0.39/0.48 | 0.63 it/s
[Iter 42920/50000] Total=0.15843 | NS=0.14996 CO2(scaled)=0.00125 CO2_weight=1.00 guide_w=191 Walls=0.00053(x10) g_ns/g_walls=20.9 Windows=0.00123 Doors=0.00057 IC=0.00000 CO2_BC=0.00010 LR=1.04e-04 nu=0.01 NSraw=0.3711 alpha(W1/W8/all)=0.59/0.39/0.48 | 0.63 it/s
[Iter 42930/50000] Total=1.35226 | NS=1.34743 CO2(scaled)=0.00109 CO2_weight=1.00 guide_w=191 Walls=0.00026(x10) g_ns/g_walls=20.9 Windows=0.00062 Doors=0.00049 IC=0.00000 CO2_BC=0.00008 LR=1.04e-04 nu=0.01 NSraw=157.8 alpha(W1/W8/all)=0.59/0.39/0.48 | 0.63 it/s
[Iter 42940/50000] Total=0.20956 | NS=0.20377 CO2(scaled)=0.00106 CO2_weight=1.00 guide_w=191 Walls=0.00032(x10) g_ns/g_walls=20.9 Windows=0.00097 Doors=0.00047 IC=0.00000 CO2_BC=0.00007 LR=1.04e-04 nu=0.01 NSraw=0.8511 alpha(W1/W8/all)=0.59/0.39/0.48 | 0.63 it/s
[Iter 42950/50000] Total=0.10003 | NS=0.09598 CO2(scaled)=0.00087 CO2_weight=1.00 guide_w=191 Walls=0.00020(x10) g_ns/g_walls=20.9 Windows=0.00064 Doors=0.00042 IC=0.00000 CO2_BC=0.00009 LR=1.04e-04 nu=0.01 NSraw=0.4273 alpha(W1/W8/all)=0.59/0.39/0.48 | 0.63 it/s
[Iter 42960/50000] Total=0.71315 | NS=0.70140 CO2(scaled)=0.00097 CO2_weight=1.00 guide_w=191 Walls=0.00088(x10) g_ns/g_walls=20.9 Windows=0.00139 Doors=0.00051 IC=0.00000 CO2_BC=0.00008 LR=1.04e-04 nu=0.01 NSraw=26.84 alpha(W1/W8/all)=0.59/0.39/0.48 | 0.63 it/s
[Iter 42970/50000] Total=0.02875 | NS=0.02238 CO2(scaled)=0.00094 CO2_weight=1.00 guide_w=191 Walls=0.00041(x10) g_ns/g_walls=20.9 Windows=0.00066 Doors=0.00062 IC=0.00000 CO2_BC=0.00008 LR=1.04e-04 nu=0.01 NSraw=0.02554 alpha(W1/W8/all)=0.59/0.39/0.48 | 0.63 it/s
[Iter 42980/50000] Total=0.06169 | NS=0.05455 CO2(scaled)=0.00082 CO2_weight=1.00 guide_w=191 Walls=0.00050(x10) g_ns/g_walls=20.9 Windows=0.00089 Doors=0.00037 IC=0.00000 CO2_BC=0.00008 LR=1.04e-04 nu=0.01 NSraw=0.08229 alpha(W1/W8/all)=0.59/0.39/0.48 | 0.63 it/s
[Iter 42990/50000] Total=0.02910 | NS=0.02499 CO2(scaled)=0.00083 CO2_weight=1.00 guide_w=191 Walls=0.00018(x10) g_ns/g_walls=20.9 Windows=0.00076 Doors=0.00065 IC=0.00000 CO2_BC=0.00006 LR=1.04e-04 nu=0.01 NSraw=0.03006 alpha(W1/W8/all)=0.59/0.39/0.48 | 0.63 it/s
[Iter 43000/50000] Total=0.40189 | NS=0.39156 CO2(scaled)=0.00106 CO2_weight=1.00 guide_w=63.7 Walls=0.00075(x10) g_ns/g_walls=7.72 Windows=0.00116 Doors=0.00053 IC=0.00000 CO2_BC=0.00007 LR=1.04e-04 nu=0.01 NSraw=7.242 alpha(W1/W8/all)=0.59/0.39/0.48 | 0.63 it/s
  -> saved checkpoint: /home/iai-labor/BuildingControlCFD/experiments/gnot/checkpoints/v25_nsuniform_r50k/gnot_v25_nsuniform_r50k_iter43000.pth
[Iter 43010/50000] Total=0.91357 | NS=0.90833 CO2(scaled)=0.00094 CO2_weight=1.00 guide_w=63.7 Walls=0.00028(x10) g_ns/g_walls=7.72 Windows=0.00087 Doors=0.00050 IC=0.00000 CO2_BC=0.00009 LR=1.04e-04 nu=0.01 NSraw=60.29 alpha(W1/W8/all)=0.59/0.39/0.48 | 0.63 it/s
[Iter 43020/50000] Total=0.30001 | NS=0.29067 CO2(scaled)=0.00145 CO2_weight=1.00 guide_w=63.7 Walls=0.00064(x10) g_ns/g_walls=7.72 Windows=0.00093 Doors=0.00044 IC=0.00000 CO2_BC=0.00008 LR=1.04e-04 nu=0.01 NSraw=3.09 alpha(W1/W8/all)=0.59/0.39/0.48 | 0.63 it/s
[Iter 43030/50000] Total=0.07639 | NS=0.06528 CO2(scaled)=0.00196 CO2_weight=1.00 guide_w=63.7 Walls=0.00077(x10) g_ns/g_walls=7.72 Windows=0.00103 Doors=0.00038 IC=0.00000 CO2_BC=0.00008 LR=1.04e-04 nu=0.01 NSraw=0.1248 alpha(W1/W8/all)=0.59/0.39/0.48 | 0.63 it/s
[Iter 43040/50000] Total=0.10265 | NS=0.09529 CO2(scaled)=0.00116 CO2_weight=1.00 guide_w=63.7 Walls=0.00049(x10) g_ns/g_walls=7.72 Windows=0.00080 Doors=0.00041 IC=0.00000 CO2_BC=0.00009 LR=1.04e-04 nu=0.01 NSraw=0.3238 alpha(W1/W8/all)=0.59/0.39/0.48 | 0.63 it/s
[Iter 43050/50000] Total=0.53012 | NS=0.52076 CO2(scaled)=0.00080 CO2_weight=1.00 guide_w=63.7 Walls=0.00070(x10) g_ns/g_walls=7.72 Windows=0.00098 Doors=0.00054 IC=0.00000 CO2_BC=0.00009 LR=1.04e-04 nu=0.01 NSraw=8.497 alpha(W1/W8/all)=0.59/0.39/0.48 | 0.63 it/s
[Iter 43060/50000] Total=0.42833 | NS=0.42047 CO2(scaled)=0.00144 CO2_weight=1.00 guide_w=63.7 Walls=0.00050(x10) g_ns/g_walls=7.72 Windows=0.00094 Doors=0.00042 IC=0.00000 CO2_BC=0.00008 LR=1.03e-04 nu=0.01 NSraw=14.58 alpha(W1/W8/all)=0.59/0.39/0.48 | 0.63 it/s
[Iter 43070/50000] Total=0.08963 | NS=0.08134 CO2(scaled)=0.00145 CO2_weight=1.00 guide_w=63.7 Walls=0.00053(x10) g_ns/g_walls=7.72 Windows=0.00102 Doors=0.00043 IC=0.00000 CO2_BC=0.00009 LR=1.03e-04 nu=0.01 NSraw=0.3179 alpha(W1/W8/all)=0.59/0.39/0.48 | 0.63 it/s
[Iter 43080/50000] Total=0.42397 | NS=0.41549 CO2(scaled)=0.00111 CO2_weight=1.00 guide_w=63.7 Walls=0.00056(x10) g_ns/g_walls=7.72 Windows=0.00136 Doors=0.00033 IC=0.00000 CO2_BC=0.00008 LR=1.03e-04 nu=0.01 NSraw=14.24 alpha(W1/W8/all)=0.59/0.39/0.48 | 0.63 it/s
[Iter 43090/50000] Total=0.11432 | NS=0.10834 CO2(scaled)=0.00136 CO2_weight=1.00 guide_w=63.7 Walls=0.00034(x10) g_ns/g_walls=7.72 Windows=0.00086 Doors=0.00028 IC=0.00000 CO2_BC=0.00009 LR=1.03e-04 nu=0.01 NSraw=0.2567 alpha(W1/W8/all)=0.59/0.39/0.48 | 0.63 it/s
[Iter 43100/50000] Total=0.22689 | NS=0.21876 CO2(scaled)=0.00114 CO2_weight=1.00 guide_w=93.9 Walls=0.00055(x10) g_ns/g_walls=14.3 Windows=0.00109 Doors=0.00034 IC=0.00000 CO2_BC=0.00009 LR=1.03e-04 nu=0.01 NSraw=3.911 alpha(W1/W8/all)=0.59/0.39/0.48 | 0.63 it/s
[Iter 43110/50000] Total=0.04983 | NS=0.04521 CO2(scaled)=0.00095 CO2_weight=1.00 guide_w=93.9 Walls=0.00025(x10) g_ns/g_walls=14.3 Windows=0.00072 Doors=0.00040 IC=0.00000 CO2_BC=0.00010 LR=1.03e-04 nu=0.01 NSraw=0.0916 alpha(W1/W8/all)=0.59/0.39/0.48 | 0.63 it/s
[Iter 43120/50000] Total=0.41918 | NS=0.41041 CO2(scaled)=0.00115 CO2_weight=1.00 guide_w=93.9 Walls=0.00061(x10) g_ns/g_walls=14.3 Windows=0.00111 Doors=0.00037 IC=0.00000 CO2_BC=0.00008 LR=1.03e-04 nu=0.01 NSraw=12.88 alpha(W1/W8/all)=0.59/0.39/0.48 | 0.63 it/s
[Iter 43130/50000] Total=0.09304 | NS=0.08575 CO2(scaled)=0.00125 CO2_weight=1.00 guide_w=93.9 Walls=0.00045(x10) g_ns/g_walls=14.3 Windows=0.00121 Doors=0.00027 IC=0.00000 CO2_BC=0.00008 LR=1.03e-04 nu=0.01 NSraw=0.156 alpha(W1/W8/all)=0.59/0.39/0.48 | 0.63 it/s
[Iter 43140/50000] Total=0.42689 | NS=0.41467 CO2(scaled)=0.00095 CO2_weight=1.00 guide_w=93.9 Walls=0.00095(x10) g_ns/g_walls=14.3 Windows=0.00134 Doors=0.00028 IC=0.00000 CO2_BC=0.00010 LR=1.03e-04 nu=0.01 NSraw=5.361 alpha(W1/W8/all)=0.59/0.39/0.48 | 0.63 it/s
[Iter 43150/50000] Total=0.12849 | NS=0.12320 CO2(scaled)=0.00087 CO2_weight=1.00 guide_w=93.9 Walls=0.00029(x10) g_ns/g_walls=14.3 Windows=0.00114 Doors=0.00037 IC=0.00000 CO2_BC=0.00007 LR=1.03e-04 nu=0.01 NSraw=0.4067 alpha(W1/W8/all)=0.59/0.39/0.48 | 0.63 it/s
[Iter 43160/50000] Total=0.44341 | NS=0.43510 CO2(scaled)=0.00112 CO2_weight=1.00 guide_w=93.9 Walls=0.00055(x10) g_ns/g_walls=14.3 Windows=0.00129 Doors=0.00030 IC=0.00000 CO2_BC=0.00007 LR=1.03e-04 nu=0.01 NSraw=9.447 alpha(W1/W8/all)=0.59/0.39/0.48 | 0.63 it/s
[Iter 43170/50000] Total=0.09554 | NS=0.09130 CO2(scaled)=0.00095 CO2_weight=1.00 guide_w=93.9 Walls=0.00021(x10) g_ns/g_walls=14.3 Windows=0.00074 Doors=0.00033 IC=0.00000 CO2_BC=0.00008 LR=1.03e-04 nu=0.01 NSraw=0.3017 alpha(W1/W8/all)=0.59/0.39/0.48 | 0.63 it/s
[Iter 43180/50000] Total=0.13879 | NS=0.12884 CO2(scaled)=0.00115 CO2_weight=1.00 guide_w=93.9 Walls=0.00073(x10) g_ns/g_walls=14.3 Windows=0.00105 Doors=0.00037 IC=0.00000 CO2_BC=0.00008 LR=1.03e-04 nu=0.01 NSraw=0.6984 alpha(W1/W8/all)=0.59/0.39/0.48 | 0.63 it/s
[Iter 43190/50000] Total=0.06771 | NS=0.05708 CO2(scaled)=0.00126 CO2_weight=1.00 guide_w=93.9 Walls=0.00076(x10) g_ns/g_walls=14.3 Windows=0.00134 Doors=0.00035 IC=0.00000 CO2_BC=0.00008 LR=1.03e-04 nu=0.01 NSraw=0.09699 alpha(W1/W8/all)=0.59/0.39/0.48 | 0.63 it/s
[Iter 43200/50000] Total=0.28651 | NS=0.27991 CO2(scaled)=0.00082 CO2_weight=1.00 guide_w=396 Walls=0.00041(x10) g_ns/g_walls=20.9 Windows=0.00114 Doors=0.00043 IC=0.00000 CO2_BC=0.00009 LR=1.03e-04 nu=0.01 NSraw=3.682 alpha(W1/W8/all)=0.59/0.39/0.48 | 0.63 it/s
[Iter 43210/50000] Total=0.07260 | NS=0.06770 CO2(scaled)=0.00087 CO2_weight=1.00 guide_w=396 Walls=0.00026(x10) g_ns/g_walls=20.9 Windows=0.00104 Doors=0.00035 IC=0.00000 CO2_BC=0.00008 LR=1.03e-04 nu=0.01 NSraw=0.1861 alpha(W1/W8/all)=0.59/0.39/0.48 | 0.63 it/s
[Iter 43220/50000] Total=0.03458 | NS=0.02701 CO2(scaled)=0.00102 CO2_weight=1.00 guide_w=396 Walls=0.00051(x10) g_ns/g_walls=20.9 Windows=0.00092 Doors=0.00042 IC=0.00000 CO2_BC=0.00008 LR=1.03e-04 nu=0.01 NSraw=0.03351 alpha(W1/W8/all)=0.59/0.39/0.48 | 0.63 it/s
[Iter 43230/50000] Total=0.25611 | NS=0.24783 CO2(scaled)=0.00107 CO2_weight=1.00 guide_w=396 Walls=0.00058(x10) g_ns/g_walls=20.9 Windows=0.00104 Doors=0.00024 IC=0.00000 CO2_BC=0.00008 LR=1.03e-04 nu=0.01 NSraw=1.335 alpha(W1/W8/all)=0.59/0.39/0.48 | 0.63 it/s
[Iter 43240/50000] Total=0.09327 | NS=0.08641 CO2(scaled)=0.00119 CO2_weight=1.00 guide_w=396 Walls=0.00046(x10) g_ns/g_walls=20.9 Windows=0.00064 Doors=0.00038 IC=0.00000 CO2_BC=0.00007 LR=1.02e-04 nu=0.01 NSraw=0.2394 alpha(W1/W8/all)=0.59/0.39/0.48 | 0.63 it/s
[Iter 43250/50000] Total=0.04286 | NS=0.03524 CO2(scaled)=0.00097 CO2_weight=1.00 guide_w=396 Walls=0.00052(x10) g_ns/g_walls=20.9 Windows=0.00086 Doors=0.00045 IC=0.00000 CO2_BC=0.00008 LR=1.02e-04 nu=0.01 NSraw=0.0447 alpha(W1/W8/all)=0.59/0.39/0.48 | 0.63 it/s
[Iter 43260/50000] Total=0.08285 | NS=0.07768 CO2(scaled)=0.00113 CO2_weight=1.00 guide_w=396 Walls=0.00027(x10) g_ns/g_walls=20.9 Windows=0.00085 Doors=0.00045 IC=0.00000 CO2_BC=0.00007 LR=1.02e-04 nu=0.01 NSraw=0.1551 alpha(W1/W8/all)=0.59/0.39/0.48 | 0.63 it/s
[Iter 43270/50000] Total=0.08255 | NS=0.07765 CO2(scaled)=0.00089 CO2_weight=1.00 guide_w=396 Walls=0.00028(x10) g_ns/g_walls=20.9 Windows=0.00086 Doors=0.00026 IC=0.00000 CO2_BC=0.00008 LR=1.02e-04 nu=0.01 NSraw=0.1868 alpha(W1/W8/all)=0.59/0.39/0.48 | 0.63 it/s
[Iter 43280/50000] Total=0.74037 | NS=0.73485 CO2(scaled)=0.00086 CO2_weight=1.00 guide_w=396 Walls=0.00032(x10) g_ns/g_walls=20.9 Windows=0.00096 Doors=0.00042 IC=0.00000 CO2_BC=0.00008 LR=1.02e-04 nu=0.01 NSraw=45.22 alpha(W1/W8/all)=0.59/0.39/0.48 | 0.63 it/s
[Iter 43290/50000] Total=0.11722 | NS=0.11200 CO2(scaled)=0.00092 CO2_weight=1.00 guide_w=396 Walls=0.00028(x10) g_ns/g_walls=20.9 Windows=0.00089 Doors=0.00051 IC=0.00000 CO2_BC=0.00008 LR=1.02e-04 nu=0.01 NSraw=0.277 alpha(W1/W8/all)=0.59/0.39/0.48 | 0.63 it/s
[Iter 43300/50000] Total=0.07006 | NS=0.06182 CO2(scaled)=0.00094 CO2_weight=1.00 guide_w=11.6 Walls=0.00060(x10) g_ns/g_walls=1.01 Windows=0.00094 Doors=0.00033 IC=0.00000 CO2_BC=0.00008 LR=1.02e-04 nu=0.01 NSraw=0.1977 alpha(W1/W8/all)=0.59/0.39/0.48 | 0.63 it/s
[Iter 43310/50000] Total=0.47625 | NS=0.46702 CO2(scaled)=0.00088 CO2_weight=1.00 guide_w=11.6 Walls=0.00068(x10) g_ns/g_walls=1.01 Windows=0.00106 Doors=0.00038 IC=0.00000 CO2_BC=0.00008 LR=1.02e-04 nu=0.01 NSraw=13.33 alpha(W1/W8/all)=0.59/0.39/0.48 | 0.63 it/s
[Iter 43320/50000] Total=0.03350 | NS=0.02904 CO2(scaled)=0.00090 CO2_weight=1.00 guide_w=11.6 Walls=0.00022(x10) g_ns/g_walls=1.01 Windows=0.00084 Doors=0.00044 IC=0.00000 CO2_BC=0.00010 LR=1.02e-04 nu=0.01 NSraw=0.03854 alpha(W1/W8/all)=0.59/0.39/0.48 | 0.63 it/s
[Iter 43330/50000] Total=0.38417 | NS=0.37614 CO2(scaled)=0.00096 CO2_weight=1.00 guide_w=11.6 Walls=0.00054(x10) g_ns/g_walls=1.01 Windows=0.00114 Doors=0.00048 IC=0.00000 CO2_BC=0.00010 LR=1.02e-04 nu=0.01 NSraw=10.34 alpha(W1/W8/all)=0.59/0.39/0.48 | 0.63 it/s
[Iter 43340/50000] Total=2.18833 | NS=2.17911 CO2(scaled)=0.00097 CO2_weight=1.00 guide_w=11.6 Walls=0.00064(x10) g_ns/g_walls=1.01 Windows=0.00128 Doors=0.00047 IC=0.00000 CO2_BC=0.00010 LR=1.02e-04 nu=0.01 NSraw=412.9 alpha(W1/W8/all)=0.59/0.39/0.48 | 0.63 it/s
[Iter 43350/50000] Total=0.03377 | NS=0.02817 CO2(scaled)=0.00116 CO2_weight=1.00 guide_w=11.6 Walls=0.00029(x10) g_ns/g_walls=1.01 Windows=0.00095 Doors=0.00049 IC=0.00000 CO2_BC=0.00008 LR=1.02e-04 nu=0.01 NSraw=0.0494 alpha(W1/W8/all)=0.59/0.39/0.48 | 0.63 it/s
[Iter 43360/50000] Total=0.07412 | NS=0.06991 CO2(scaled)=0.00104 CO2_weight=1.00 guide_w=11.6 Walls=0.00020(x10) g_ns/g_walls=1.01 Windows=0.00070 Doors=0.00037 IC=0.00000 CO2_BC=0.00007 LR=1.02e-04 nu=0.01 NSraw=0.152 alpha(W1/W8/all)=0.59/0.39/0.48 | 0.63 it/s
[Iter 43370/50000] Total=0.23567 | NS=0.22587 CO2(scaled)=0.00187 CO2_weight=1.00 guide_w=11.6 Walls=0.00065(x10) g_ns/g_walls=1.01 Windows=0.00101 Doors=0.00034 IC=0.00000 CO2_BC=0.00008 LR=1.02e-04 nu=0.01 NSraw=1.582 alpha(W1/W8/all)=0.59/0.39/0.48 | 0.63 it/s
[Iter 43380/50000] Total=0.06728 | NS=0.05798 CO2(scaled)=0.00218 CO2_weight=1.00 guide_w=11.6 Walls=0.00058(x10) g_ns/g_walls=1.01 Windows=0.00084 Doors=0.00041 IC=0.00000 CO2_BC=0.00008 LR=1.02e-04 nu=0.01 NSraw=0.1272 alpha(W1/W8/all)=0.59/0.39/0.48 | 0.63 it/s
[Iter 43390/50000] Total=0.10196 | NS=0.09622 CO2(scaled)=0.00127 CO2_weight=1.00 guide_w=11.6 Walls=0.00033(x10) g_ns/g_walls=1.01 Windows=0.00071 Doors=0.00033 IC=0.00000 CO2_BC=0.00009 LR=1.02e-04 nu=0.01 NSraw=0.2728 alpha(W1/W8/all)=0.59/0.39/0.48 | 0.63 it/s
[Iter 43400/50000] Total=0.22548 | NS=0.21360 CO2(scaled)=0.00111 CO2_weight=1.00 guide_w=40.7 Walls=0.00087(x10) g_ns/g_walls=5.24 Windows=0.00144 Doors=0.00050 IC=0.00000 CO2_BC=0.00009 LR=1.02e-04 nu=0.01 NSraw=1.03 alpha(W1/W8/all)=0.59/0.39/0.48 | 0.63 it/s
[Iter 43410/50000] Total=0.09696 | NS=0.08878 CO2(scaled)=0.00108 CO2_weight=1.00 guide_w=40.7 Walls=0.00055(x10) g_ns/g_walls=5.24 Windows=0.00110 Doors=0.00043 IC=0.00000 CO2_BC=0.00007 LR=1.02e-04 nu=0.01 NSraw=0.2322 alpha(W1/W8/all)=0.59/0.39/0.48 | 0.63 it/s
[Iter 43420/50000] Total=0.25841 | NS=0.25099 CO2(scaled)=0.00127 CO2_weight=1.00 guide_w=40.7 Walls=0.00049(x10) g_ns/g_walls=5.24 Windows=0.00083 Doors=0.00038 IC=0.00000 CO2_BC=0.00009 LR=1.02e-04 nu=0.01 NSraw=1.877 alpha(W1/W8/all)=0.59/0.39/0.48 | 0.63 it/s
[Iter 43430/50000] Total=0.45391 | NS=0.44502 CO2(scaled)=0.00090 CO2_weight=1.00 guide_w=40.7 Walls=0.00064(x10) g_ns/g_walls=5.24 Windows=0.00115 Doors=0.00037 IC=0.00000 CO2_BC=0.00008 LR=1.01e-04 nu=0.01 NSraw=7.506 alpha(W1/W8/all)=0.59/0.39/0.48 | 0.63 it/s
[Iter 43440/50000] Total=0.23916 | NS=0.21324 CO2(scaled)=0.00196 CO2_weight=1.00 guide_w=40.7 Walls=0.00213(x10) g_ns/g_walls=5.24 Windows=0.00221 Doors=0.00039 IC=0.00000 CO2_BC=0.00007 LR=1.01e-04 nu=0.01 NSraw=3.287 alpha(W1/W8/all)=0.59/0.39/0.48 | 0.63 it/s
[Iter 43450/50000] Total=0.09953 | NS=0.08821 CO2(scaled)=0.00213 CO2_weight=1.00 guide_w=40.7 Walls=0.00076(x10) g_ns/g_walls=5.24 Windows=0.00104 Doors=0.00043 IC=0.00000 CO2_BC=0.00008 LR=1.01e-04 nu=0.01 NSraw=0.1982 alpha(W1/W8/all)=0.59/0.39/0.48 | 0.63 it/s
[Iter 43460/50000] Total=0.06216 | NS=0.05669 CO2(scaled)=0.00109 CO2_weight=1.00 guide_w=40.7 Walls=0.00029(x10) g_ns/g_walls=5.24 Windows=0.00091 Doors=0.00053 IC=0.00000 CO2_BC=0.00007 LR=1.01e-04 nu=0.01 NSraw=0.09638 alpha(W1/W8/all)=0.59/0.39/0.48 | 0.63 it/s
[Iter 43470/50000] Total=0.06733 | NS=0.06064 CO2(scaled)=0.00081 CO2_weight=1.00 guide_w=40.7 Walls=0.00046(x10) g_ns/g_walls=5.24 Windows=0.00078 Doors=0.00041 IC=0.00000 CO2_BC=0.00007 LR=1.01e-04 nu=0.01 NSraw=0.1036 alpha(W1/W8/all)=0.59/0.39/0.48 | 0.63 it/s
[Iter 43480/50000] Total=0.19976 | NS=0.19597 CO2(scaled)=0.00102 CO2_weight=1.00 guide_w=40.7 Walls=0.00017(x10) g_ns/g_walls=5.24 Windows=0.00056 Doors=0.00043 IC=0.00000 CO2_BC=0.00009 LR=1.01e-04 nu=0.01 NSraw=1.467 alpha(W1/W8/all)=0.59/0.39/0.48 | 0.63 it/s
[Iter 43490/50000] Total=0.39338 | NS=0.38533 CO2(scaled)=0.00105 CO2_weight=1.00 guide_w=40.7 Walls=0.00053(x10) g_ns/g_walls=5.24 Windows=0.00130 Doors=0.00035 IC=0.00000 CO2_BC=0.00006 LR=1.01e-04 nu=0.01 NSraw=11.2 alpha(W1/W8/all)=0.59/0.39/0.48 | 0.63 it/s
[Iter 43500/50000] Total=0.12501 | NS=0.11614 CO2(scaled)=0.00111 CO2_weight=1.00 guide_w=4.71 Walls=0.00060(x10) g_ns/g_walls=0.713 Windows=0.00128 Doors=0.00046 IC=0.00000 CO2_BC=0.00006 LR=1.01e-04 nu=0.01 NSraw=0.3757 alpha(W1/W8/all)=0.59/0.39/0.48 | 0.63 it/s
[Iter 43510/50000] Total=0.42263 | NS=0.41671 CO2(scaled)=0.00111 CO2_weight=1.00 guide_w=4.71 Walls=0.00035(x10) g_ns/g_walls=0.713 Windows=0.00090 Doors=0.00036 IC=0.00000 CO2_BC=0.00008 LR=1.01e-04 nu=0.01 NSraw=9.744 alpha(W1/W8/all)=0.59/0.39/0.48 | 0.63 it/s
[Iter 43520/50000] Total=0.83661 | NS=0.83258 CO2(scaled)=0.00077 CO2_weight=1.00 guide_w=4.71 Walls=0.00021(x10) g_ns/g_walls=0.713 Windows=0.00070 Doors=0.00042 IC=0.00000 CO2_BC=0.00008 LR=1.01e-04 nu=0.01 NSraw=50.65 alpha(W1/W8/all)=0.59/0.39/0.48 | 0.63 it/s
[Iter 43530/50000] Total=0.18766 | NS=0.18224 CO2(scaled)=0.00117 CO2_weight=1.00 guide_w=4.71 Walls=0.00031(x10) g_ns/g_walls=0.713 Windows=0.00059 Doors=0.00046 IC=0.00000 CO2_BC=0.00008 LR=1.01e-04 nu=0.01 NSraw=0.6123 alpha(W1/W8/all)=0.59/0.39/0.48 | 0.63 it/s
[Iter 43540/50000] Total=0.24825 | NS=0.24252 CO2(scaled)=0.00117 CO2_weight=1.00 guide_w=4.71 Walls=0.00033(x10) g_ns/g_walls=0.713 Windows=0.00071 Doors=0.00049 IC=0.00000 CO2_BC=0.00008 LR=1.01e-04 nu=0.01 NSraw=1.603 alpha(W1/W8/all)=0.59/0.39/0.48 | 0.63 it/s
[Iter 43550/50000] Total=0.31668 | NS=0.30588 CO2(scaled)=0.00143 CO2_weight=1.00 guide_w=4.71 Walls=0.00079(x10) g_ns/g_walls=0.713 Windows=0.00105 Doors=0.00033 IC=0.00000 CO2_BC=0.00009 LR=1.01e-04 nu=0.01 NSraw=3.291 alpha(W1/W8/all)=0.59/0.39/0.48 | 0.63 it/s
[Iter 43560/50000] Total=0.48564 | NS=0.47412 CO2(scaled)=0.00120 CO2_weight=1.00 guide_w=4.71 Walls=0.00085(x10) g_ns/g_walls=0.713 Windows=0.00125 Doors=0.00049 IC=0.00000 CO2_BC=0.00008 LR=1.01e-04 nu=0.01 NSraw=13.68 alpha(W1/W8/all)=0.59/0.39/0.48 | 0.63 it/s
[Iter 43570/50000] Total=0.43115 | NS=0.42668 CO2(scaled)=0.00097 CO2_weight=1.00 guide_w=4.71 Walls=0.00020(x10) g_ns/g_walls=0.713 Windows=0.00082 Doors=0.00060 IC=0.00000 CO2_BC=0.00009 LR=1.01e-04 nu=0.01 NSraw=9.111 alpha(W1/W8/all)=0.59/0.39/0.48 | 0.63 it/s
[Iter 43580/50000] Total=0.15968 | NS=0.15425 CO2(scaled)=0.00088 CO2_weight=1.00 guide_w=4.71 Walls=0.00032(x10) g_ns/g_walls=0.713 Windows=0.00077 Doors=0.00046 IC=0.00000 CO2_BC=0.00008 LR=1.01e-04 nu=0.01 NSraw=1.642 alpha(W1/W8/all)=0.59/0.39/0.48 | 0.63 it/s
[Iter 43590/50000] Total=0.10635 | NS=0.09647 CO2(scaled)=0.00107 CO2_weight=1.00 guide_w=4.71 Walls=0.00074(x10) g_ns/g_walls=0.713 Windows=0.00097 Doors=0.00036 IC=0.00000 CO2_BC=0.00008 LR=1.01e-04 nu=0.01 NSraw=0.3483 alpha(W1/W8/all)=0.59/0.39/0.48 | 0.63 it/s
[Iter 43600/50000] Total=0.31932 | NS=0.31385 CO2(scaled)=0.00126 CO2_weight=1.00 guide_w=34.2 Walls=0.00030(x10) g_ns/g_walls=14.1 Windows=0.00082 Doors=0.00035 IC=0.00000 CO2_BC=0.00007 LR=1.01e-04 nu=0.01 NSraw=3.915 alpha(W1/W8/all)=0.59/0.39/0.48 | 0.63 it/s
[Iter 43610/50000] Total=0.05461 | NS=0.04456 CO2(scaled)=0.00139 CO2_weight=1.00 guide_w=34.2 Walls=0.00072(x10) g_ns/g_walls=14.1 Windows=0.00095 Doors=0.00044 IC=0.00000 CO2_BC=0.00006 LR=1.01e-04 nu=0.01 NSraw=0.1309 alpha(W1/W8/all)=0.59/0.39/0.48 | 0.63 it/s
[Iter 43620/50000] Total=0.12963 | NS=0.12556 CO2(scaled)=0.00109 CO2_weight=1.00 guide_w=34.2 Walls=0.00016(x10) g_ns/g_walls=14.1 Windows=0.00091 Doors=0.00036 IC=0.00000 CO2_BC=0.00011 LR=1.00e-04 nu=0.01 NSraw=0.3096 alpha(W1/W8/all)=0.59/0.39/0.48 | 0.63 it/s
[Iter 43630/50000] Total=0.17544 | NS=0.16752 CO2(scaled)=0.00115 CO2_weight=1.00 guide_w=34.2 Walls=0.00053(x10) g_ns/g_walls=14.1 Windows=0.00111 Doors=0.00027 IC=0.00000 CO2_BC=0.00009 LR=1.00e-04 nu=0.01 NSraw=0.7425 alpha(W1/W8/all)=0.59/0.39/0.48 | 0.63 it/s
[Iter 43640/50000] Total=0.20788 | NS=0.20096 CO2(scaled)=0.00105 CO2_weight=1.00 guide_w=34.2 Walls=0.00044(x10) g_ns/g_walls=14.1 Windows=0.00100 Doors=0.00041 IC=0.00000 CO2_BC=0.00008 LR=1.00e-04 nu=0.01 NSraw=0.8363 alpha(W1/W8/all)=0.59/0.39/0.48 | 0.63 it/s
[Iter 43650/50000] Total=0.09567 | NS=0.08617 CO2(scaled)=0.00133 CO2_weight=1.00 guide_w=34.2 Walls=0.00066(x10) g_ns/g_walls=14.1 Windows=0.00102 Doors=0.00046 IC=0.00000 CO2_BC=0.00007 LR=1.00e-04 nu=0.01 NSraw=0.2306 alpha(W1/W8/all)=0.59/0.39/0.48 | 0.63 it/s
[Iter 43660/50000] Total=0.18646 | NS=0.18074 CO2(scaled)=0.00118 CO2_weight=1.00 guide_w=34.2 Walls=0.00029(x10) g_ns/g_walls=14.1 Windows=0.00121 Doors=0.00039 IC=0.00000 CO2_BC=0.00008 LR=1.00e-04 nu=0.01 NSraw=0.8527 alpha(W1/W8/all)=0.59/0.39/0.48 | 0.63 it/s
[Iter 43670/50000] Total=0.42804 | NS=0.41378 CO2(scaled)=0.00093 CO2_weight=1.00 guide_w=34.2 Walls=0.00120(x10) g_ns/g_walls=14.1 Windows=0.00072 Doors=0.00050 IC=0.00000 CO2_BC=0.00009 LR=1.00e-04 nu=0.01 NSraw=8.183 alpha(W1/W8/all)=0.59/0.39/0.48 | 0.63 it/s
[Iter 43680/50000] Total=0.08923 | NS=0.08308 CO2(scaled)=0.00110 CO2_weight=1.00 guide_w=34.2 Walls=0.00038(x10) g_ns/g_walls=14.1 Windows=0.00069 Doors=0.00045 IC=0.00000 CO2_BC=0.00009 LR=1.00e-04 nu=0.01 NSraw=0.2581 alpha(W1/W8/all)=0.59/0.39/0.48 | 0.63 it/s
[Iter 43690/50000] Total=1.21128 | NS=1.20681 CO2(scaled)=0.00098 CO2_weight=1.00 guide_w=34.2 Walls=0.00023(x10) g_ns/g_walls=14.1 Windows=0.00077 Doors=0.00034 IC=0.00000 CO2_BC=0.00008 LR=1.00e-04 nu=0.01 NSraw=123.6 alpha(W1/W8/all)=0.59/0.39/0.48 | 0.63 it/s
[Iter 43700/50000] Total=0.07667 | NS=0.06325 CO2(scaled)=0.00099 CO2_weight=1.00 guide_w=7.81 Walls=0.00104(x10) g_ns/g_walls=0.739 Windows=0.00146 Doors=0.00048 IC=0.00000 CO2_BC=0.00008 LR=1.00e-04 nu=0.01 NSraw=0.1437 alpha(W1/W8/all)=0.59/0.39/0.48 | 0.63 it/s
[Iter 43710/50000] Total=0.11280 | NS=0.10857 CO2(scaled)=0.00094 CO2_weight=1.00 guide_w=7.81 Walls=0.00020(x10) g_ns/g_walls=0.739 Windows=0.00079 Doors=0.00042 IC=0.00000 CO2_BC=0.00007 LR=1.00e-04 nu=0.01 NSraw=0.305 alpha(W1/W8/all)=0.59/0.39/0.48 | 0.63 it/s
[Iter 43720/50000] Total=0.16807 | NS=0.16023 CO2(scaled)=0.00155 CO2_weight=1.00 guide_w=7.81 Walls=0.00047(x10) g_ns/g_walls=0.739 Windows=0.00105 Doors=0.00042 IC=0.00000 CO2_BC=0.00008 LR=9.99e-05 nu=0.01 NSraw=0.8101 alpha(W1/W8/all)=0.59/0.39/0.48 | 0.63 it/s
[Iter 43730/50000] Total=0.23942 | NS=0.22949 CO2(scaled)=0.00121 CO2_weight=1.00 guide_w=7.81 Walls=0.00072(x10) g_ns/g_walls=0.739 Windows=0.00111 Doors=0.00033 IC=0.00000 CO2_BC=0.00010 LR=9.99e-05 nu=0.01 NSraw=1.041 alpha(W1/W8/all)=0.59/0.39/0.48 | 0.63 it/s
[Iter 43740/50000] Total=0.15641 | NS=0.14846 CO2(scaled)=0.00101 CO2_weight=1.00 guide_w=7.81 Walls=0.00055(x10) g_ns/g_walls=0.739 Windows=0.00096 Doors=0.00038 IC=0.00000 CO2_BC=0.00006 LR=9.98e-05 nu=0.01 NSraw=0.6114 alpha(W1/W8/all)=0.59/0.39/0.48 | 0.63 it/s
[Iter 43750/50000] Total=0.10956 | NS=0.10433 CO2(scaled)=0.00104 CO2_weight=1.00 guide_w=7.81 Walls=0.00029(x10) g_ns/g_walls=0.739 Windows=0.00085 Doors=0.00037 IC=0.00000 CO2_BC=0.00007 LR=9.98e-05 nu=0.01 NSraw=0.2472 alpha(W1/W8/all)=0.59/0.39/0.48 | 0.63 it/s
[Iter 43760/50000] Total=0.07444 | NS=0.06979 CO2(scaled)=0.00089 CO2_weight=1.00 guide_w=7.81 Walls=0.00023(x10) g_ns/g_walls=0.739 Windows=0.00098 Doors=0.00046 IC=0.00000 CO2_BC=0.00008 LR=9.97e-05 nu=0.01 NSraw=0.2208 alpha(W1/W8/all)=0.59/0.39/0.48 | 0.63 it/s
[Iter 43770/50000] Total=0.06689 | NS=0.06087 CO2(scaled)=0.00086 CO2_weight=1.00 guide_w=7.81 Walls=0.00041(x10) g_ns/g_walls=0.739 Windows=0.00065 Doors=0.00038 IC=0.00000 CO2_BC=0.00008 LR=9.97e-05 nu=0.01 NSraw=0.1587 alpha(W1/W8/all)=0.59/0.39/0.48 | 0.63 it/s
[Iter 43780/50000] Total=0.04359 | NS=0.03404 CO2(scaled)=0.00096 CO2_weight=1.00 guide_w=7.81 Walls=0.00073(x10) g_ns/g_walls=0.739 Windows=0.00077 Doors=0.00042 IC=0.00000 CO2_BC=0.00008 LR=9.96e-05 nu=0.01 NSraw=0.0462 alpha(W1/W8/all)=0.59/0.39/0.48 | 0.63 it/s
[Iter 43790/50000] Total=0.13099 | NS=0.12586 CO2(scaled)=0.00074 CO2_weight=1.00 guide_w=7.81 Walls=0.00030(x10) g_ns/g_walls=0.739 Windows=0.00089 Doors=0.00039 IC=0.00000 CO2_BC=0.00008 LR=9.96e-05 nu=0.01 NSraw=0.4033 alpha(W1/W8/all)=0.59/0.39/0.48 | 0.63 it/s
[Iter 43800/50000] Total=0.31439 | NS=0.30600 CO2(scaled)=0.00090 CO2_weight=1.00 guide_w=33.9 Walls=0.00060(x10) g_ns/g_walls=3.94 Windows=0.00108 Doors=0.00037 IC=0.00000 CO2_BC=0.00008 LR=9.95e-05 nu=0.01 NSraw=6.016 alpha(W1/W8/all)=0.59/0.39/0.48 | 0.63 it/s
[Iter 43810/50000] Total=0.12617 | NS=0.12092 CO2(scaled)=0.00103 CO2_weight=1.00 guide_w=33.9 Walls=0.00027(x10) g_ns/g_walls=3.94 Windows=0.00104 Doors=0.00045 IC=0.00000 CO2_BC=0.00008 LR=9.95e-05 nu=0.01 NSraw=0.3111 alpha(W1/W8/all)=0.59/0.39/0.48 | 0.63 it/s
[Iter 43820/50000] Total=0.07555 | NS=0.06847 CO2(scaled)=0.00099 CO2_weight=1.00 guide_w=33.9 Walls=0.00046(x10) g_ns/g_walls=3.94 Windows=0.00103 Doors=0.00035 IC=0.00000 CO2_BC=0.00008 LR=9.94e-05 nu=0.01 NSraw=0.1067 alpha(W1/W8/all)=0.59/0.39/0.48 | 0.63 it/s
[Iter 43830/50000] Total=0.09115 | NS=0.08002 CO2(scaled)=0.00128 CO2_weight=1.00 guide_w=33.9 Walls=0.00080(x10) g_ns/g_walls=3.94 Windows=0.00131 Doors=0.00047 IC=0.00000 CO2_BC=0.00008 LR=9.94e-05 nu=0.01 NSraw=0.2667 alpha(W1/W8/all)=0.59/0.39/0.48 | 0.63 it/s
[Iter 43840/50000] Total=0.13070 | NS=0.12316 CO2(scaled)=0.00118 CO2_weight=1.00 guide_w=33.9 Walls=0.00047(x10) g_ns/g_walls=3.94 Windows=0.00099 Doors=0.00056 IC=0.00000 CO2_BC=0.00007 LR=9.93e-05 nu=0.01 NSraw=0.3258 alpha(W1/W8/all)=0.59/0.39/0.48 | 0.63 it/s
[Iter 43850/50000] Total=0.12549 | NS=0.11845 CO2(scaled)=0.00090 CO2_weight=1.00 guide_w=33.9 Walls=0.00041(x10) g_ns/g_walls=3.94 Windows=0.00144 Doors=0.00053 IC=0.00000 CO2_BC=0.00009 LR=9.93e-05 nu=0.01 NSraw=0.5209 alpha(W1/W8/all)=0.59/0.39/0.48 | 0.63 it/s
[Iter 43860/50000] Total=0.08492 | NS=0.07990 CO2(scaled)=0.00079 CO2_weight=1.00 guide_w=33.9 Walls=0.00027(x10) g_ns/g_walls=3.94 Windows=0.00091 Doors=0.00052 IC=0.00000 CO2_BC=0.00008 LR=9.92e-05 nu=0.01 NSraw=0.2638 alpha(W1/W8/all)=0.59/0.39/0.48 | 0.63 it/s
[Iter 43870/50000] Total=0.08441 | NS=0.07819 CO2(scaled)=0.00111 CO2_weight=1.00 guide_w=33.9 Walls=0.00031(x10) g_ns/g_walls=3.94 Windows=0.00146 Doors=0.00048 IC=0.00000 CO2_BC=0.00008 LR=9.92e-05 nu=0.01 NSraw=0.1837 alpha(W1/W8/all)=0.59/0.39/0.48 | 0.63 it/s
[Iter 43880/50000] Total=0.62446 | NS=0.61758 CO2(scaled)=0.00094 CO2_weight=1.00 guide_w=33.9 Walls=0.00044(x10) g_ns/g_walls=3.94 Windows=0.00093 Doors=0.00051 IC=0.00000 CO2_BC=0.00007 LR=9.91e-05 nu=0.01 NSraw=14 alpha(W1/W8/all)=0.59/0.39/0.48 | 0.63 it/s
[Iter 43890/50000] Total=0.08435 | NS=0.07724 CO2(scaled)=0.00131 CO2_weight=1.00 guide_w=33.9 Walls=0.00043(x10) g_ns/g_walls=3.94 Windows=0.00089 Doors=0.00051 IC=0.00000 CO2_BC=0.00007 LR=9.90e-05 nu=0.01 NSraw=0.1654 alpha(W1/W8/all)=0.59/0.39/0.48 | 0.63 it/s
[Iter 43900/50000] Total=0.06146 | NS=0.05173 CO2(scaled)=0.00151 CO2_weight=1.00 guide_w=1.31 Walls=0.00070(x10) g_ns/g_walls=0.374 Windows=0.00065 Doors=0.00046 IC=0.00000 CO2_BC=0.00009 LR=9.90e-05 nu=0.01 NSraw=0.1713 alpha(W1/W8/all)=0.59/0.39/0.48 | 0.63 it/s
[Iter 43910/50000] Total=0.64863 | NS=0.64087 CO2(scaled)=0.00097 CO2_weight=1.00 guide_w=1.31 Walls=0.00055(x10) g_ns/g_walls=0.374 Windows=0.00077 Doors=0.00048 IC=0.00000 CO2_BC=0.00008 LR=9.89e-05 nu=0.01 NSraw=34.61 alpha(W1/W8/all)=0.59/0.39/0.48 | 0.63 it/s
[Iter 43920/50000] Total=0.20574 | NS=0.20039 CO2(scaled)=0.00089 CO2_weight=1.00 guide_w=1.31 Walls=0.00031(x10) g_ns/g_walls=0.374 Windows=0.00097 Doors=0.00036 IC=0.00000 CO2_BC=0.00008 LR=9.89e-05 nu=0.01 NSraw=0.8318 alpha(W1/W8/all)=0.59/0.39/0.48 | 0.63 it/s
[Iter 43930/50000] Total=0.04823 | NS=0.03756 CO2(scaled)=0.00089 CO2_weight=1.00 guide_w=1.31 Walls=0.00079(x10) g_ns/g_walls=0.374 Windows=0.00128 Doors=0.00047 IC=0.00000 CO2_BC=0.00008 LR=9.88e-05 nu=0.01 NSraw=0.05034 alpha(W1/W8/all)=0.59/0.39/0.48 | 0.63 it/s
[Iter 43940/50000] Total=0.10756 | NS=0.10088 CO2(scaled)=0.00082 CO2_weight=1.00 guide_w=1.31 Walls=0.00039(x10) g_ns/g_walls=0.374 Windows=0.00139 Doors=0.00053 IC=0.00000 CO2_BC=0.00008 LR=9.88e-05 nu=0.01 NSraw=0.3635 alpha(W1/W8/all)=0.59/0.39/0.48 | 0.63 it/s
[Iter 43950/50000] Total=0.11324 | NS=0.10588 CO2(scaled)=0.00103 CO2_weight=1.00 guide_w=1.31 Walls=0.00050(x10) g_ns/g_walls=0.374 Windows=0.00081 Doors=0.00047 IC=0.00000 CO2_BC=0.00008 LR=9.87e-05 nu=0.01 NSraw=0.1909 alpha(W1/W8/all)=0.59/0.39/0.48 | 0.63 it/s
[Iter 43960/50000] Total=0.04328 | NS=0.03813 CO2(scaled)=0.00104 CO2_weight=1.00 guide_w=1.31 Walls=0.00024(x10) g_ns/g_walls=0.374 Windows=0.00108 Doors=0.00058 IC=0.00000 CO2_BC=0.00008 LR=9.87e-05 nu=0.01 NSraw=0.06577 alpha(W1/W8/all)=0.59/0.39/0.48 | 0.63 it/s
[Iter 43970/50000] Total=0.06999 | NS=0.06053 CO2(scaled)=0.00119 CO2_weight=1.00 guide_w=1.31 Walls=0.00068(x10) g_ns/g_walls=0.374 Windows=0.00102 Doors=0.00039 IC=0.00000 CO2_BC=0.00007 LR=9.86e-05 nu=0.01 NSraw=0.112 alpha(W1/W8/all)=0.59/0.39/0.48 | 0.63 it/s
[Iter 43980/50000] Total=0.13782 | NS=0.13067 CO2(scaled)=0.00136 CO2_weight=1.00 guide_w=1.31 Walls=0.00044(x10) g_ns/g_walls=0.374 Windows=0.00085 Doors=0.00046 IC=0.00000 CO2_BC=0.00007 LR=9.86e-05 nu=0.01 NSraw=0.4169 alpha(W1/W8/all)=0.59/0.39/0.48 | 0.63 it/s
[Iter 43990/50000] Total=0.04485 | NS=0.03475 CO2(scaled)=0.00138 CO2_weight=1.00 guide_w=1.31 Walls=0.00070(x10) g_ns/g_walls=0.374 Windows=0.00121 Doors=0.00044 IC=0.00000 CO2_BC=0.00008 LR=9.85e-05 nu=0.01 NSraw=0.0504 alpha(W1/W8/all)=0.59/0.39/0.48 | 0.63 it/s
[Iter 44000/50000] Total=0.07196 | NS=0.06542 CO2(scaled)=0.00110 CO2_weight=1.00 guide_w=8.9 Walls=0.00040(x10) g_ns/g_walls=2.34 Windows=0.00098 Doors=0.00036 IC=0.00000 CO2_BC=0.00007 LR=9.85e-05 nu=0.01 NSraw=0.1905 alpha(W1/W8/all)=0.59/0.39/0.48 | 0.63 it/s
  -> saved checkpoint: /home/iai-labor/BuildingControlCFD/experiments/gnot/checkpoints/v25_nsuniform_r50k/gnot_v25_nsuniform_r50k_iter44000.pth
[Iter 44010/50000] Total=0.09105 | NS=0.08542 CO2(scaled)=0.00105 CO2_weight=1.00 guide_w=8.9 Walls=0.00031(x10) g_ns/g_walls=2.34 Windows=0.00091 Doors=0.00044 IC=0.00000 CO2_BC=0.00008 LR=9.84e-05 nu=0.01 NSraw=0.1337 alpha(W1/W8/all)=0.59/0.39/0.48 | 0.63 it/s
[Iter 44020/50000] Total=0.34454 | NS=0.33549 CO2(scaled)=0.00083 CO2_weight=1.00 guide_w=8.9 Walls=0.00070(x10) g_ns/g_walls=2.34 Windows=0.00074 Doors=0.00038 IC=0.00000 CO2_BC=0.00007 LR=9.84e-05 nu=0.01 NSraw=6.161 alpha(W1/W8/all)=0.59/0.39/0.48 | 0.63 it/s
[Iter 44030/50000] Total=0.14649 | NS=0.14015 CO2(scaled)=0.00106 CO2_weight=1.00 guide_w=8.9 Walls=0.00039(x10) g_ns/g_walls=2.34 Windows=0.00091 Doors=0.00036 IC=0.00000 CO2_BC=0.00008 LR=9.83e-05 nu=0.01 NSraw=0.3588 alpha(W1/W8/all)=0.59/0.39/0.48 | 0.63 it/s
[Iter 44040/50000] Total=0.12246 | NS=0.11699 CO2(scaled)=0.00093 CO2_weight=1.00 guide_w=8.9 Walls=0.00030(x10) g_ns/g_walls=2.34 Windows=0.00097 Doors=0.00045 IC=0.00000 CO2_BC=0.00008 LR=9.83e-05 nu=0.01 NSraw=0.9556 alpha(W1/W8/all)=0.59/0.39/0.48 | 0.63 it/s
[Iter 44050/50000] Total=0.17651 | NS=0.16947 CO2(scaled)=0.00106 CO2_weight=1.00 guide_w=8.9 Walls=0.00045(x10) g_ns/g_walls=2.34 Windows=0.00099 Doors=0.00037 IC=0.00000 CO2_BC=0.00008 LR=9.82e-05 nu=0.01 NSraw=1.436 alpha(W1/W8/all)=0.59/0.39/0.48 | 0.63 it/s
[Iter 44060/50000] Total=0.07564 | NS=0.06886 CO2(scaled)=0.00126 CO2_weight=1.00 guide_w=8.9 Walls=0.00041(x10) g_ns/g_walls=2.34 Windows=0.00095 Doors=0.00042 IC=0.00000 CO2_BC=0.00009 LR=9.82e-05 nu=0.01 NSraw=0.1575 alpha(W1/W8/all)=0.59/0.39/0.48 | 0.63 it/s
[Iter 44070/50000] Total=0.08698 | NS=0.07931 CO2(scaled)=0.00124 CO2_weight=1.00 guide_w=8.9 Walls=0.00049(x10) g_ns/g_walls=2.34 Windows=0.00110 Doors=0.00035 IC=0.00000 CO2_BC=0.00009 LR=9.81e-05 nu=0.01 NSraw=0.1417 alpha(W1/W8/all)=0.59/0.39/0.48 | 0.63 it/s
[Iter 44080/50000] Total=0.10574 | NS=0.09984 CO2(scaled)=0.00116 CO2_weight=1.00 guide_w=8.9 Walls=0.00035(x10) g_ns/g_walls=2.34 Windows=0.00071 Doors=0.00045 IC=0.00000 CO2_BC=0.00007 LR=9.81e-05 nu=0.01 NSraw=0.368 alpha(W1/W8/all)=0.59/0.39/0.48 | 0.63 it/s
[Iter 44090/50000] Total=0.11762 | NS=0.11001 CO2(scaled)=0.00089 CO2_weight=1.00 guide_w=8.9 Walls=0.00050(x10) g_ns/g_walls=2.34 Windows=0.00105 Doors=0.00057 IC=0.00000 CO2_BC=0.00006 LR=9.80e-05 nu=0.01 NSraw=0.2657 alpha(W1/W8/all)=0.59/0.39/0.48 | 0.63 it/s
[Iter 44100/50000] Total=0.16639 | NS=0.15932 CO2(scaled)=0.00143 CO2_weight=1.00 guide_w=6.7 Walls=0.00042(x10) g_ns/g_walls=2.53 Windows=0.00105 Doors=0.00032 IC=0.00000 CO2_BC=0.00007 LR=9.80e-05 nu=0.01 NSraw=0.5538 alpha(W1/W8/all)=0.59/0.39/0.48 | 0.63 it/s
[Iter 44110/50000] Total=0.06091 | NS=0.05488 CO2(scaled)=0.00089 CO2_weight=1.00 guide_w=6.7 Walls=0.00036(x10) g_ns/g_walls=2.53 Windows=0.00104 Doors=0.00039 IC=0.00000 CO2_BC=0.00008 LR=9.79e-05 nu=0.01 NSraw=0.1712 alpha(W1/W8/all)=0.59/0.39/0.48 | 0.63 it/s
[Iter 44120/50000] Total=0.03666 | NS=0.02799 CO2(scaled)=0.00103 CO2_weight=1.00 guide_w=6.7 Walls=0.00062(x10) g_ns/g_walls=2.53 Windows=0.00087 Doors=0.00047 IC=0.00000 CO2_BC=0.00010 LR=9.79e-05 nu=0.01 NSraw=0.03499 alpha(W1/W8/all)=0.59/0.39/0.48 | 0.63 it/s
[Iter 44130/50000] Total=0.03608 | NS=0.03004 CO2(scaled)=0.00086 CO2_weight=1.00 guide_w=6.7 Walls=0.00038(x10) g_ns/g_walls=2.53 Windows=0.00078 Doors=0.00050 IC=0.00000 CO2_BC=0.00006 LR=9.78e-05 nu=0.01 NSraw=0.03833 alpha(W1/W8/all)=0.59/0.39/0.48 | 0.63 it/s
[Iter 44140/50000] Total=0.06476 | NS=0.05765 CO2(scaled)=0.00095 CO2_weight=1.00 guide_w=6.7 Walls=0.00046(x10) g_ns/g_walls=2.53 Windows=0.00101 Doors=0.00042 IC=0.00000 CO2_BC=0.00010 LR=9.78e-05 nu=0.01 NSraw=0.1856 alpha(W1/W8/all)=0.59/0.39/0.48 | 0.63 it/s
[Iter 44150/50000] Total=0.08294 | NS=0.07865 CO2(scaled)=0.00094 CO2_weight=1.00 guide_w=6.7 Walls=0.00020(x10) g_ns/g_walls=2.53 Windows=0.00077 Doors=0.00048 IC=0.00000 CO2_BC=0.00007 LR=9.77e-05 nu=0.01 NSraw=0.2475 alpha(W1/W8/all)=0.59/0.39/0.48 | 0.63 it/s
[Iter 44160/50000] Total=0.31104 | NS=0.30670 CO2(scaled)=0.00099 CO2_weight=1.00 guide_w=6.7 Walls=0.00022(x10) g_ns/g_walls=2.53 Windows=0.00053 Doors=0.00052 IC=0.00000 CO2_BC=0.00007 LR=9.77e-05 nu=0.01 NSraw=3.854 alpha(W1/W8/all)=0.59/0.39/0.48 | 0.63 it/s
[Iter 44170/50000] Total=0.08832 | NS=0.08263 CO2(scaled)=0.00104 CO2_weight=1.00 guide_w=6.7 Walls=0.00034(x10) g_ns/g_walls=2.53 Windows=0.00070 Doors=0.00043 IC=0.00000 CO2_BC=0.00008 LR=9.76e-05 nu=0.01 NSraw=0.3597 alpha(W1/W8/all)=0.59/0.39/0.48 | 0.63 it/s
[Iter 44180/50000] Total=0.48605 | NS=0.47963 CO2(scaled)=0.00095 CO2_weight=1.00 guide_w=6.7 Walls=0.00042(x10) g_ns/g_walls=2.53 Windows=0.00081 Doors=0.00044 IC=0.00000 CO2_BC=0.00007 LR=9.75e-05 nu=0.01 NSraw=12.55 alpha(W1/W8/all)=0.59/0.39/0.48 | 0.63 it/s
[Iter 44190/50000] Total=0.21079 | NS=0.20206 CO2(scaled)=0.00097 CO2_weight=1.00 guide_w=6.7 Walls=0.00061(x10) g_ns/g_walls=2.53 Windows=0.00109 Doors=0.00050 IC=0.00000 CO2_BC=0.00008 LR=9.75e-05 nu=0.01 NSraw=1.356 alpha(W1/W8/all)=0.59/0.39/0.48 | 0.63 it/s
[Iter 44200/50000] Total=0.27085 | NS=0.26431 CO2(scaled)=0.00096 CO2_weight=1.00 guide_w=320 Walls=0.00043(x10) g_ns/g_walls=35.1 Windows=0.00082 Doors=0.00041 IC=0.00000 CO2_BC=0.00008 LR=9.74e-05 nu=0.01 NSraw=3.021 alpha(W1/W8/all)=0.59/0.39/0.48 | 0.63 it/s
[Iter 44210/50000] Total=0.17276 | NS=0.16901 CO2(scaled)=0.00096 CO2_weight=1.00 guide_w=320 Walls=0.00017(x10) g_ns/g_walls=35.1 Windows=0.00064 Doors=0.00037 IC=0.00000 CO2_BC=0.00007 LR=9.74e-05 nu=0.01 NSraw=1.024 alpha(W1/W8/all)=0.59/0.39/0.48 | 0.63 it/s
[Iter 44220/50000] Total=0.08839 | NS=0.08358 CO2(scaled)=0.00082 CO2_weight=1.00 guide_w=320 Walls=0.00027(x10) g_ns/g_walls=35.1 Windows=0.00072 Doors=0.00045 IC=0.00000 CO2_BC=0.00009 LR=9.73e-05 nu=0.01 NSraw=0.2107 alpha(W1/W8/all)=0.59/0.39/0.48 | 0.63 it/s
[Iter 44230/50000] Total=0.08056 | NS=0.07558 CO2(scaled)=0.00095 CO2_weight=1.00 guide_w=320 Walls=0.00028(x10) g_ns/g_walls=35.1 Windows=0.00073 Doors=0.00041 IC=0.00000 CO2_BC=0.00007 LR=9.73e-05 nu=0.01 NSraw=0.1491 alpha(W1/W8/all)=0.59/0.39/0.48 | 0.63 it/s
[Iter 44240/50000] Total=0.06114 | NS=0.05495 CO2(scaled)=0.00115 CO2_weight=1.00 guide_w=320 Walls=0.00040(x10) g_ns/g_walls=35.1 Windows=0.00067 Doors=0.00034 IC=0.00000 CO2_BC=0.00007 LR=9.72e-05 nu=0.01 NSraw=0.09053 alpha(W1/W8/all)=0.59/0.39/0.48 | 0.63 it/s
[Iter 44250/50000] Total=0.11055 | NS=0.10608 CO2(scaled)=0.00090 CO2_weight=1.00 guide_w=320 Walls=0.00023(x10) g_ns/g_walls=35.1 Windows=0.00079 Doors=0.00045 IC=0.00000 CO2_BC=0.00007 LR=9.72e-05 nu=0.01 NSraw=0.5571 alpha(W1/W8/all)=0.59/0.39/0.48 | 0.63 it/s
[Iter 44260/50000] Total=0.23884 | NS=0.23388 CO2(scaled)=0.00101 CO2_weight=1.00 guide_w=320 Walls=0.00028(x10) g_ns/g_walls=35.1 Windows=0.00066 Doors=0.00041 IC=0.00000 CO2_BC=0.00007 LR=9.71e-05 nu=0.01 NSraw=3.453 alpha(W1/W8/all)=0.59/0.39/0.48 | 0.63 it/s
[Iter 44270/50000] Total=0.18851 | NS=0.18334 CO2(scaled)=0.00077 CO2_weight=1.00 guide_w=320 Walls=0.00030(x10) g_ns/g_walls=35.1 Windows=0.00087 Doors=0.00048 IC=0.00000 CO2_BC=0.00007 LR=9.71e-05 nu=0.01 NSraw=1.036 alpha(W1/W8/all)=0.59/0.39/0.48 | 0.63 it/s
[Iter 44280/50000] Total=0.24550 | NS=0.23708 CO2(scaled)=0.00096 CO2_weight=1.00 guide_w=320 Walls=0.00061(x10) g_ns/g_walls=35.1 Windows=0.00077 Doors=0.00049 IC=0.00000 CO2_BC=0.00007 LR=9.70e-05 nu=0.01 NSraw=3.111 alpha(W1/W8/all)=0.59/0.39/0.48 | 0.63 it/s
[Iter 44290/50000] Total=0.13071 | NS=0.12082 CO2(scaled)=0.00229 CO2_weight=1.00 guide_w=320 Walls=0.00061(x10) g_ns/g_walls=35.1 Windows=0.00090 Doors=0.00056 IC=0.00000 CO2_BC=0.00008 LR=9.70e-05 nu=0.01 NSraw=0.3474 alpha(W1/W8/all)=0.59/0.39/0.48 | 0.63 it/s
[Iter 44300/50000] Total=0.19219 | NS=0.18599 CO2(scaled)=0.00100 CO2_weight=1.00 guide_w=30.4 Walls=0.00038(x10) g_ns/g_walls=3.55 Windows=0.00085 Doors=0.00043 IC=0.00000 CO2_BC=0.00007 LR=9.69e-05 nu=0.01 NSraw=1.69 alpha(W1/W8/all)=0.59/0.39/0.48 | 0.63 it/s
[Iter 44310/50000] Total=0.08608 | NS=0.07839 CO2(scaled)=0.00117 CO2_weight=1.00 guide_w=30.4 Walls=0.00050(x10) g_ns/g_walls=3.55 Windows=0.00107 Doors=0.00041 IC=0.00000 CO2_BC=0.00007 LR=9.69e-05 nu=0.01 NSraw=0.2042 alpha(W1/W8/all)=0.59/0.39/0.48 | 0.63 it/s
[Iter 44320/50000] Total=0.14786 | NS=0.14241 CO2(scaled)=0.00090 CO2_weight=1.00 guide_w=30.4 Walls=0.00031(x10) g_ns/g_walls=3.55 Windows=0.00100 Doors=0.00037 IC=0.00000 CO2_BC=0.00006 LR=9.68e-05 nu=0.01 NSraw=0.6219 alpha(W1/W8/all)=0.59/0.39/0.48 | 0.63 it/s
[Iter 44330/50000] Total=0.28865 | NS=0.27656 CO2(scaled)=0.00109 CO2_weight=1.00 guide_w=30.4 Walls=0.00096(x10) g_ns/g_walls=3.55 Windows=0.00095 Doors=0.00037 IC=0.00000 CO2_BC=0.00007 LR=9.68e-05 nu=0.01 NSraw=2.096 alpha(W1/W8/all)=0.59/0.39/0.48 | 0.63 it/s
[Iter 44340/50000] Total=0.62581 | NS=0.61777 CO2(scaled)=0.00095 CO2_weight=1.00 guide_w=30.4 Walls=0.00058(x10) g_ns/g_walls=3.55 Windows=0.00073 Doors=0.00043 IC=0.00000 CO2_BC=0.00007 LR=9.67e-05 nu=0.01 NSraw=20.05 alpha(W1/W8/all)=0.59/0.39/0.48 | 0.63 it/s
[Iter 44350/50000] Total=0.35085 | NS=0.34462 CO2(scaled)=0.00083 CO2_weight=1.00 guide_w=30.4 Walls=0.00040(x10) g_ns/g_walls=3.55 Windows=0.00085 Doors=0.00044 IC=0.00000 CO2_BC=0.00008 LR=9.67e-05 nu=0.01 NSraw=8.005 alpha(W1/W8/all)=0.59/0.39/0.48 | 0.63 it/s
[Iter 44360/50000] Total=1.11727 | NS=1.11109 CO2(scaled)=0.00145 CO2_weight=1.00 guide_w=30.4 Walls=0.00034(x10) g_ns/g_walls=3.55 Windows=0.00090 Doors=0.00037 IC=0.00000 CO2_BC=0.00007 LR=9.66e-05 nu=0.01 NSraw=113.2 alpha(W1/W8/all)=0.59/0.39/0.48 | 0.63 it/s
[Iter 44370/50000] Total=0.07752 | NS=0.06909 CO2(scaled)=0.00113 CO2_weight=1.00 guide_w=30.4 Walls=0.00061(x10) g_ns/g_walls=3.55 Windows=0.00073 Doors=0.00040 IC=0.00000 CO2_BC=0.00007 LR=9.66e-05 nu=0.01 NSraw=0.2618 alpha(W1/W8/all)=0.59/0.39/0.48 | 0.63 it/s
[Iter 44380/50000] Total=0.03661 | NS=0.02848 CO2(scaled)=0.00108 CO2_weight=1.00 guide_w=30.4 Walls=0.00056(x10) g_ns/g_walls=3.55 Windows=0.00101 Doors=0.00042 IC=0.00000 CO2_BC=0.00006 LR=9.65e-05 nu=0.01 NSraw=0.03162 alpha(W1/W8/all)=0.59/0.39/0.48 | 0.63 it/s
[Iter 44390/50000] Total=0.06428 | NS=0.05974 CO2(scaled)=0.00076 CO2_weight=1.00 guide_w=30.4 Walls=0.00026(x10) g_ns/g_walls=3.55 Windows=0.00072 Doors=0.00037 IC=0.00000 CO2_BC=0.00009 LR=9.65e-05 nu=0.01 NSraw=0.0892 alpha(W1/W8/all)=0.59/0.39/0.48 | 0.63 it/s
[Iter 44400/50000] Total=0.09514 | NS=0.08950 CO2(scaled)=0.00094 CO2_weight=1.00 guide_w=5.21 Walls=0.00033(x10) g_ns/g_walls=1.14 Windows=0.00087 Doors=0.00041 IC=0.00000 CO2_BC=0.00007 LR=9.64e-05 nu=0.01 NSraw=0.2996 alpha(W1/W8/all)=0.59/0.39/0.48 | 0.63 it/s
[Iter 44410/50000] Total=0.26687 | NS=0.25932 CO2(scaled)=0.00078 CO2_weight=1.00 guide_w=5.21 Walls=0.00054(x10) g_ns/g_walls=1.14 Windows=0.00081 Doors=0.00043 IC=0.00000 CO2_BC=0.00009 LR=9.64e-05 nu=0.01 NSraw=2.281 alpha(W1/W8/all)=0.59/0.39/0.48 | 0.63 it/s
[Iter 44420/50000] Total=0.15166 | NS=0.14521 CO2(scaled)=0.00076 CO2_weight=1.00 guide_w=5.21 Walls=0.00041(x10) g_ns/g_walls=1.14 Windows=0.00103 Doors=0.00043 IC=0.00000 CO2_BC=0.00008 LR=9.63e-05 nu=0.01 NSraw=0.6873 alpha(W1/W8/all)=0.59/0.39/0.48 | 0.63 it/s
[Iter 44430/50000] Total=0.13943 | NS=0.13172 CO2(scaled)=0.00124 CO2_weight=1.00 guide_w=5.21 Walls=0.00050(x10) g_ns/g_walls=1.14 Windows=0.00094 Doors=0.00042 IC=0.00000 CO2_BC=0.00009 LR=9.63e-05 nu=0.01 NSraw=0.8218 alpha(W1/W8/all)=0.59/0.39/0.48 | 0.63 it/s
[Iter 44440/50000] Total=0.10757 | NS=0.09944 CO2(scaled)=0.00160 CO2_weight=1.00 guide_w=5.21 Walls=0.00052(x10) g_ns/g_walls=1.14 Windows=0.00092 Doors=0.00034 IC=0.00000 CO2_BC=0.00008 LR=9.62e-05 nu=0.01 NSraw=0.2795 alpha(W1/W8/all)=0.59/0.39/0.48 | 0.63 it/s
[Iter 44450/50000] Total=0.06442 | NS=0.05887 CO2(scaled)=0.00122 CO2_weight=1.00 guide_w=5.21 Walls=0.00032(x10) g_ns/g_walls=1.14 Windows=0.00081 Doors=0.00029 IC=0.00000 CO2_BC=0.00007 LR=9.62e-05 nu=0.01 NSraw=0.1188 alpha(W1/W8/all)=0.59/0.39/0.48 | 0.63 it/s
[Iter 44460/50000] Total=0.34905 | NS=0.34316 CO2(scaled)=0.00094 CO2_weight=1.00 guide_w=5.21 Walls=0.00038(x10) g_ns/g_walls=1.14 Windows=0.00079 Doors=0.00027 IC=0.00000 CO2_BC=0.00007 LR=9.61e-05 nu=0.01 NSraw=6.908 alpha(W1/W8/all)=0.59/0.39/0.48 | 0.63 it/s
[Iter 44470/50000] Total=0.07906 | NS=0.07361 CO2(scaled)=0.00119 CO2_weight=1.00 guide_w=5.21 Walls=0.00032(x10) g_ns/g_walls=1.14 Windows=0.00072 Doors=0.00029 IC=0.00000 CO2_BC=0.00008 LR=9.61e-05 nu=0.01 NSraw=0.1713 alpha(W1/W8/all)=0.59/0.39/0.48 | 0.63 it/s
[Iter 44480/50000] Total=0.25836 | NS=0.25268 CO2(scaled)=0.00136 CO2_weight=1.00 guide_w=5.21 Walls=0.00031(x10) g_ns/g_walls=1.14 Windows=0.00085 Doors=0.00033 IC=0.00000 CO2_BC=0.00008 LR=9.60e-05 nu=0.01 NSraw=1.563 alpha(W1/W8/all)=0.59/0.39/0.48 | 0.63 it/s
[Iter 44490/50000] Total=0.29046 | NS=0.28371 CO2(scaled)=0.00107 CO2_weight=1.00 guide_w=5.21 Walls=0.00043(x10) g_ns/g_walls=1.14 Windows=0.00095 Doors=0.00035 IC=0.00000 CO2_BC=0.00008 LR=9.60e-05 nu=0.01 NSraw=5.107 alpha(W1/W8/all)=0.59/0.39/0.48 | 0.63 it/s
[Iter 44500/50000] Total=0.06302 | NS=0.05318 CO2(scaled)=0.00081 CO2_weight=1.00 guide_w=21.8 Walls=0.00075(x10) g_ns/g_walls=0.848 Windows=0.00118 Doors=0.00026 IC=0.00000 CO2_BC=0.00008 LR=9.59e-05 nu=0.01 NSraw=0.09397 alpha(W1/W8/all)=0.59/0.39/0.48 | 0.63 it/s
[Iter 44510/50000] Total=0.09390 | NS=0.08644 CO2(scaled)=0.00099 CO2_weight=1.00 guide_w=21.8 Walls=0.00051(x10) g_ns/g_walls=0.848 Windows=0.00097 Doors=0.00031 IC=0.00000 CO2_BC=0.00008 LR=9.59e-05 nu=0.01 NSraw=0.3031 alpha(W1/W8/all)=0.59/0.39/0.48 | 0.63 it/s
[Iter 44520/50000] Total=0.18759 | NS=0.17290 CO2(scaled)=0.00118 CO2_weight=1.00 guide_w=21.8 Walls=0.00123(x10) g_ns/g_walls=0.848 Windows=0.00077 Doors=0.00033 IC=0.00000 CO2_BC=0.00009 LR=9.58e-05 nu=0.01 NSraw=1.199 alpha(W1/W8/all)=0.59/0.39/0.48 | 0.63 it/s
[Iter 44530/50000] Total=0.09687 | NS=0.08571 CO2(scaled)=0.00107 CO2_weight=1.00 guide_w=21.8 Walls=0.00086(x10) g_ns/g_walls=0.848 Windows=0.00110 Doors=0.00032 IC=0.00000 CO2_BC=0.00007 LR=9.58e-05 nu=0.01 NSraw=0.2724 alpha(W1/W8/all)=0.59/0.39/0.48 | 0.63 it/s
[Iter 44540/50000] Total=0.18965 | NS=0.18326 CO2(scaled)=0.00101 CO2_weight=1.00 guide_w=21.8 Walls=0.00039(x10) g_ns/g_walls=0.848 Windows=0.00097 Doors=0.00039 IC=0.00000 CO2_BC=0.00007 LR=9.57e-05 nu=0.01 NSraw=0.6446 alpha(W1/W8/all)=0.59/0.39/0.48 | 0.63 it/s
[Iter 44550/50000] Total=0.10353 | NS=0.09686 CO2(scaled)=0.00098 CO2_weight=1.00 guide_w=21.8 Walls=0.00041(x10) g_ns/g_walls=0.848 Windows=0.00117 Doors=0.00031 IC=0.00000 CO2_BC=0.00007 LR=9.57e-05 nu=0.01 NSraw=0.2067 alpha(W1/W8/all)=0.59/0.39/0.48 | 0.63 it/s
[Iter 44560/50000] Total=0.89659 | NS=0.89176 CO2(scaled)=0.00104 CO2_weight=1.00 guide_w=21.8 Walls=0.00027(x10) g_ns/g_walls=0.848 Windows=0.00069 Doors=0.00035 IC=0.00000 CO2_BC=0.00008 LR=9.56e-05 nu=0.01 NSraw=67.51 alpha(W1/W8/all)=0.59/0.39/0.48 | 0.63 it/s
[Iter 44570/50000] Total=0.10176 | NS=0.09501 CO2(scaled)=0.00109 CO2_weight=1.00 guide_w=21.8 Walls=0.00043(x10) g_ns/g_walls=0.848 Windows=0.00101 Doors=0.00027 IC=0.00000 CO2_BC=0.00008 LR=9.56e-05 nu=0.01 NSraw=0.2709 alpha(W1/W8/all)=0.59/0.39/0.48 | 0.63 it/s
[Iter 44580/50000] Total=0.05705 | NS=0.05138 CO2(scaled)=0.00094 CO2_weight=1.00 guide_w=21.8 Walls=0.00036(x10) g_ns/g_walls=0.848 Windows=0.00077 Doors=0.00024 IC=0.00000 CO2_BC=0.00010 LR=9.55e-05 nu=0.01 NSraw=0.08888 alpha(W1/W8/all)=0.59/0.39/0.48 | 0.63 it/s
[Iter 44590/50000] Total=0.02690 | NS=0.02105 CO2(scaled)=0.00088 CO2_weight=1.00 guide_w=21.8 Walls=0.00037(x10) g_ns/g_walls=0.848 Windows=0.00090 Doors=0.00028 IC=0.00000 CO2_BC=0.00008 LR=9.55e-05 nu=0.01 NSraw=0.02317 alpha(W1/W8/all)=0.59/0.39/0.48 | 0.63 it/s
[Iter 44600/50000] Total=0.06667 | NS=0.06155 CO2(scaled)=0.00109 CO2_weight=1.00 guide_w=5.64 Walls=0.00027(x10) g_ns/g_walls=1.62 Windows=0.00084 Doors=0.00037 IC=0.00000 CO2_BC=0.00009 LR=9.54e-05 nu=0.01 NSraw=0.1029 alpha(W1/W8/all)=0.59/0.39/0.48 | 0.63 it/s
[Iter 44610/50000] Total=0.08261 | NS=0.07330 CO2(scaled)=0.00111 CO2_weight=1.00 guide_w=5.64 Walls=0.00065(x10) g_ns/g_walls=1.62 Windows=0.00122 Doors=0.00036 IC=0.00000 CO2_BC=0.00009 LR=9.54e-05 nu=0.01 NSraw=0.2076 alpha(W1/W8/all)=0.59/0.39/0.48 | 0.63 it/s
[Iter 44620/50000] Total=0.10270 | NS=0.09620 CO2(scaled)=0.00087 CO2_weight=1.00 guide_w=5.64 Walls=0.00044(x10) g_ns/g_walls=1.62 Windows=0.00072 Doors=0.00042 IC=0.00000 CO2_BC=0.00008 LR=9.53e-05 nu=0.01 NSraw=0.4425 alpha(W1/W8/all)=0.59/0.39/0.48 | 0.63 it/s
[Iter 44630/50000] Total=0.13698 | NS=0.13096 CO2(scaled)=0.00120 CO2_weight=1.00 guide_w=5.64 Walls=0.00036(x10) g_ns/g_walls=1.62 Windows=0.00076 Doors=0.00041 IC=0.00000 CO2_BC=0.00007 LR=9.53e-05 nu=0.01 NSraw=0.3881 alpha(W1/W8/all)=0.59/0.39/0.48 | 0.63 it/s
[Iter 44640/50000] Total=0.08968 | NS=0.08386 CO2(scaled)=0.00098 CO2_weight=1.00 guide_w=5.64 Walls=0.00035(x10) g_ns/g_walls=1.62 Windows=0.00076 Doors=0.00046 IC=0.00000 CO2_BC=0.00007 LR=9.52e-05 nu=0.01 NSraw=0.2178 alpha(W1/W8/all)=0.59/0.39/0.48 | 0.63 it/s
[Iter 44650/50000] Total=0.15478 | NS=0.14902 CO2(scaled)=0.00100 CO2_weight=1.00 guide_w=5.64 Walls=0.00035(x10) g_ns/g_walls=1.62 Windows=0.00087 Doors=0.00035 IC=0.00000 CO2_BC=0.00008 LR=9.52e-05 nu=0.01 NSraw=1.179 alpha(W1/W8/all)=0.59/0.39/0.48 | 0.63 it/s
[Iter 44660/50000] Total=0.49881 | NS=0.48946 CO2(scaled)=0.00098 CO2_weight=1.00 guide_w=5.64 Walls=0.00071(x10) g_ns/g_walls=1.62 Windows=0.00085 Doors=0.00033 IC=0.00000 CO2_BC=0.00009 LR=9.51e-05 nu=0.01 NSraw=15.88 alpha(W1/W8/all)=0.59/0.39/0.48 | 0.63 it/s
[Iter 44670/50000] Total=0.17202 | NS=0.16485 CO2(scaled)=0.00093 CO2_weight=1.00 guide_w=5.64 Walls=0.00049(x10) g_ns/g_walls=1.62 Windows=0.00091 Doors=0.00037 IC=0.00000 CO2_BC=0.00008 LR=9.51e-05 nu=0.01 NSraw=1.227 alpha(W1/W8/all)=0.59/0.39/0.48 | 0.63 it/s
[Iter 44680/50000] Total=0.32521 | NS=0.31864 CO2(scaled)=0.00109 CO2_weight=1.00 guide_w=5.64 Walls=0.00042(x10) g_ns/g_walls=1.62 Windows=0.00082 Doors=0.00042 IC=0.00000 CO2_BC=0.00007 LR=9.50e-05 nu=0.01 NSraw=5.995 alpha(W1/W8/all)=0.59/0.39/0.48 | 0.63 it/s
[Iter 44690/50000] Total=0.14255 | NS=0.13570 CO2(scaled)=0.00105 CO2_weight=1.00 guide_w=5.64 Walls=0.00045(x10) g_ns/g_walls=1.62 Windows=0.00077 Doors=0.00046 IC=0.00000 CO2_BC=0.00010 LR=9.50e-05 nu=0.01 NSraw=0.582 alpha(W1/W8/all)=0.59/0.39/0.48 | 0.63 it/s
[Iter 44700/50000] Total=0.11491 | NS=0.10917 CO2(scaled)=0.00085 CO2_weight=1.00 guide_w=4.45 Walls=0.00032(x10) g_ns/g_walls=1.3 Windows=0.00111 Doors=0.00046 IC=0.00000 CO2_BC=0.00008 LR=9.49e-05 nu=0.01 NSraw=0.2682 alpha(W1/W8/all)=0.59/0.39/0.48 | 0.63 it/s
[Iter 44710/50000] Total=0.06185 | NS=0.05663 CO2(scaled)=0.00093 CO2_weight=1.00 guide_w=4.45 Walls=0.00030(x10) g_ns/g_walls=1.3 Windows=0.00079 Doors=0.00038 IC=0.00000 CO2_BC=0.00009 LR=9.49e-05 nu=0.01 NSraw=0.1094 alpha(W1/W8/all)=0.59/0.39/0.48 | 0.63 it/s
[Iter 44720/50000] Total=0.11375 | NS=0.10800 CO2(scaled)=0.00085 CO2_weight=1.00 guide_w=4.45 Walls=0.00034(x10) g_ns/g_walls=1.3 Windows=0.00100 Doors=0.00043 IC=0.00000 CO2_BC=0.00007 LR=9.48e-05 nu=0.01 NSraw=0.3255 alpha(W1/W8/all)=0.59/0.39/0.48 | 0.63 it/s
[Iter 44730/50000] Total=0.06717 | NS=0.05929 CO2(scaled)=0.00110 CO2_weight=1.00 guide_w=4.45 Walls=0.00053(x10) g_ns/g_walls=1.3 Windows=0.00105 Doors=0.00038 IC=0.00000 CO2_BC=0.00006 LR=9.48e-05 nu=0.01 NSraw=0.09341 alpha(W1/W8/all)=0.59/0.39/0.48 | 0.63 it/s
[Iter 44740/50000] Total=0.46025 | NS=0.45439 CO2(scaled)=0.00081 CO2_weight=1.00 guide_w=4.45 Walls=0.00037(x10) g_ns/g_walls=1.3 Windows=0.00096 Doors=0.00027 IC=0.00000 CO2_BC=0.00008 LR=9.47e-05 nu=0.01 NSraw=12.97 alpha(W1/W8/all)=0.59/0.39/0.48 | 0.63 it/s
[Iter 44750/50000] Total=0.08434 | NS=0.07785 CO2(scaled)=0.00082 CO2_weight=1.00 guide_w=4.45 Walls=0.00046(x10) g_ns/g_walls=1.3 Windows=0.00069 Doors=0.00030 IC=0.00000 CO2_BC=0.00009 LR=9.47e-05 nu=0.01 NSraw=0.2039 alpha(W1/W8/all)=0.59/0.39/0.48 | 0.63 it/s
[Iter 44760/50000] Total=0.03810 | NS=0.03129 CO2(scaled)=0.00098 CO2_weight=1.00 guide_w=4.45 Walls=0.00042(x10) g_ns/g_walls=1.3 Windows=0.00121 Doors=0.00033 IC=0.00000 CO2_BC=0.00007 LR=9.46e-05 nu=0.01 NSraw=0.04437 alpha(W1/W8/all)=0.59/0.39/0.48 | 0.63 it/s
[Iter 44770/50000] Total=0.15089 | NS=0.14614 CO2(scaled)=0.00095 CO2_weight=1.00 guide_w=4.45 Walls=0.00026(x10) g_ns/g_walls=1.3 Windows=0.00081 Doors=0.00032 IC=0.00000 CO2_BC=0.00008 LR=9.46e-05 nu=0.01 NSraw=0.541 alpha(W1/W8/all)=0.59/0.39/0.48 | 0.63 it/s
[Iter 44780/50000] Total=0.14056 | NS=0.13278 CO2(scaled)=0.00143 CO2_weight=1.00 guide_w=4.45 Walls=0.00049(x10) g_ns/g_walls=1.3 Windows=0.00105 Doors=0.00035 IC=0.00000 CO2_BC=0.00009 LR=9.45e-05 nu=0.01 NSraw=0.5531 alpha(W1/W8/all)=0.59/0.39/0.48 | 0.63 it/s
[Iter 44790/50000] Total=0.23836 | NS=0.22155 CO2(scaled)=0.00130 CO2_weight=1.00 guide_w=4.45 Walls=0.00140(x10) g_ns/g_walls=1.3 Windows=0.00101 Doors=0.00041 IC=0.00000 CO2_BC=0.00009 LR=9.45e-05 nu=0.01 NSraw=1.164 alpha(W1/W8/all)=0.59/0.39/0.48 | 0.63 it/s
[Iter 44800/50000] Total=0.10673 | NS=0.09973 CO2(scaled)=0.00097 CO2_weight=1.00 guide_w=14.2 Walls=0.00047(x10) g_ns/g_walls=1.62 Windows=0.00083 Doors=0.00041 IC=0.00000 CO2_BC=0.00009 LR=9.44e-05 nu=0.01 NSraw=0.2944 alpha(W1/W8/all)=0.59/0.39/0.48 | 0.63 it/s
[Iter 44810/50000] Total=0.48466 | NS=0.47777 CO2(scaled)=0.00084 CO2_weight=1.00 guide_w=14.2 Walls=0.00044(x10) g_ns/g_walls=1.62 Windows=0.00096 Doors=0.00060 IC=0.00000 CO2_BC=0.00008 LR=9.44e-05 nu=0.01 NSraw=13.63 alpha(W1/W8/all)=0.59/0.39/0.48 | 0.63 it/s
[Iter 44820/50000] Total=0.08091 | NS=0.07397 CO2(scaled)=0.00113 CO2_weight=1.00 guide_w=14.2 Walls=0.00040(x10) g_ns/g_walls=1.62 Windows=0.00108 Doors=0.00062 IC=0.00000 CO2_BC=0.00007 LR=9.43e-05 nu=0.01 NSraw=0.1859 alpha(W1/W8/all)=0.59/0.39/0.48 | 0.63 it/s
[Iter 44830/50000] Total=0.03348 | NS=0.02942 CO2(scaled)=0.00080 CO2_weight=1.00 guide_w=14.2 Walls=0.00019(x10) g_ns/g_walls=1.62 Windows=0.00073 Doors=0.00051 IC=0.00000 CO2_BC=0.00009 LR=9.43e-05 nu=0.01 NSraw=0.03949 alpha(W1/W8/all)=0.59/0.39/0.48 | 0.63 it/s
[Iter 44840/50000] Total=0.11043 | NS=0.10597 CO2(scaled)=0.00079 CO2_weight=1.00 guide_w=14.2 Walls=0.00024(x10) g_ns/g_walls=1.62 Windows=0.00074 Doors=0.00039 IC=0.00000 CO2_BC=0.00008 LR=9.42e-05 nu=0.01 NSraw=0.5559 alpha(W1/W8/all)=0.59/0.39/0.48 | 0.63 it/s
[Iter 44850/50000] Total=0.19849 | NS=0.19125 CO2(scaled)=0.00098 CO2_weight=1.00 guide_w=14.2 Walls=0.00049(x10) g_ns/g_walls=1.62 Windows=0.00088 Doors=0.00036 IC=0.00000 CO2_BC=0.00009 LR=9.42e-05 nu=0.01 NSraw=0.9551 alpha(W1/W8/all)=0.59/0.39/0.48 | 0.63 it/s
[Iter 44860/50000] Total=0.13947 | NS=0.12371 CO2(scaled)=0.00113 CO2_weight=1.00 guide_w=14.2 Walls=0.00127(x10) g_ns/g_walls=1.62 Windows=0.00142 Doors=0.00038 IC=0.00000 CO2_BC=0.00008 LR=9.41e-05 nu=0.01 NSraw=0.5422 alpha(W1/W8/all)=0.59/0.39/0.48 | 0.63 it/s
[Iter 44870/50000] Total=0.93965 | NS=0.93440 CO2(scaled)=0.00089 CO2_weight=1.00 guide_w=14.2 Walls=0.00031(x10) g_ns/g_walls=1.62 Windows=0.00077 Doors=0.00038 IC=0.00000 CO2_BC=0.00008 LR=9.41e-05 nu=0.01 NSraw=78.76 alpha(W1/W8/all)=0.59/0.39/0.48 | 0.63 it/s
[Iter 44880/50000] Total=0.07863 | NS=0.07210 CO2(scaled)=0.00112 CO2_weight=1.00 guide_w=14.2 Walls=0.00040(x10) g_ns/g_walls=1.62 Windows=0.00088 Doors=0.00047 IC=0.00000 CO2_BC=0.00007 LR=9.40e-05 nu=0.01 NSraw=0.1531 alpha(W1/W8/all)=0.59/0.39/0.48 | 0.63 it/s
[Iter 44890/50000] Total=0.04602 | NS=0.03711 CO2(scaled)=0.00110 CO2_weight=1.00 guide_w=14.2 Walls=0.00061(x10) g_ns/g_walls=1.62 Windows=0.00121 Doors=0.00041 IC=0.00000 CO2_BC=0.00008 LR=9.40e-05 nu=0.01 NSraw=0.04953 alpha(W1/W8/all)=0.59/0.39/0.48 | 0.63 it/s
[Iter 44900/50000] Total=0.19734 | NS=0.19005 CO2(scaled)=0.00142 CO2_weight=1.00 guide_w=5.34 Walls=0.00039(x10) g_ns/g_walls=2.1 Windows=0.00152 Doors=0.00038 IC=0.00000 CO2_BC=0.00007 LR=9.39e-05 nu=0.01 NSraw=1.086 alpha(W1/W8/all)=0.59/0.39/0.48 | 0.63 it/s
[Iter 44910/50000] Total=0.05847 | NS=0.04446 CO2(scaled)=0.00082 CO2_weight=1.00 guide_w=5.34 Walls=0.00109(x10) g_ns/g_walls=2.1 Windows=0.00174 Doors=0.00044 IC=0.00000 CO2_BC=0.00009 LR=9.39e-05 nu=0.01 NSraw=0.06666 alpha(W1/W8/all)=0.59/0.39/0.48 | 0.63 it/s
[Iter 44920/50000] Total=0.08199 | NS=0.07755 CO2(scaled)=0.00101 CO2_weight=1.00 guide_w=5.34 Walls=0.00022(x10) g_ns/g_walls=2.1 Windows=0.00067 Doors=0.00052 IC=0.00000 CO2_BC=0.00007 LR=9.38e-05 nu=0.01 NSraw=0.2894 alpha(W1/W8/all)=0.59/0.39/0.48 | 0.63 it/s
[Iter 44930/50000] Total=0.11534 | NS=0.10790 CO2(scaled)=0.00117 CO2_weight=1.00 guide_w=5.34 Walls=0.00049(x10) g_ns/g_walls=2.1 Windows=0.00082 Doors=0.00044 IC=0.00000 CO2_BC=0.00007 LR=9.38e-05 nu=0.01 NSraw=0.2439 alpha(W1/W8/all)=0.59/0.39/0.48 | 0.63 it/s
[Iter 44940/50000] Total=0.06225 | NS=0.05614 CO2(scaled)=0.00081 CO2_weight=1.00 guide_w=5.34 Walls=0.00040(x10) g_ns/g_walls=2.1 Windows=0.00069 Doors=0.00055 IC=0.00000 CO2_BC=0.00010 LR=9.37e-05 nu=0.01 NSraw=0.09948 alpha(W1/W8/all)=0.59/0.39/0.48 | 0.63 it/s
[Iter 44950/50000] Total=0.03516 | NS=0.02848 CO2(scaled)=0.00085 CO2_weight=1.00 guide_w=5.34 Walls=0.00046(x10) g_ns/g_walls=2.1 Windows=0.00079 Doors=0.00040 IC=0.00000 CO2_BC=0.00007 LR=9.37e-05 nu=0.01 NSraw=0.0356 alpha(W1/W8/all)=0.59/0.39/0.48 | 0.63 it/s
[Iter 44960/50000] Total=0.04879 | NS=0.04281 CO2(scaled)=0.00093 CO2_weight=1.00 guide_w=5.34 Walls=0.00035(x10) g_ns/g_walls=2.1 Windows=0.00097 Doors=0.00047 IC=0.00000 CO2_BC=0.00008 LR=9.36e-05 nu=0.01 NSraw=0.05672 alpha(W1/W8/all)=0.59/0.39/0.48 | 0.63 it/s
[Iter 44970/50000] Total=1.58009 | NS=1.57185 CO2(scaled)=0.00105 CO2_weight=1.00 guide_w=5.34 Walls=0.00058(x10) g_ns/g_walls=2.1 Windows=0.00081 Doors=0.00052 IC=0.00000 CO2_BC=0.00008 LR=9.36e-05 nu=0.01 NSraw=166.3 alpha(W1/W8/all)=0.59/0.39/0.48 | 0.63 it/s
[Iter 44980/50000] Total=0.07993 | NS=0.07473 CO2(scaled)=0.00080 CO2_weight=1.00 guide_w=5.34 Walls=0.00030(x10) g_ns/g_walls=2.1 Windows=0.00081 Doors=0.00047 IC=0.00000 CO2_BC=0.00009 LR=9.35e-05 nu=0.01 NSraw=0.4203 alpha(W1/W8/all)=0.59/0.39/0.48 | 0.63 it/s
[Iter 44990/50000] Total=0.23706 | NS=0.23219 CO2(scaled)=0.00106 CO2_weight=1.00 guide_w=5.34 Walls=0.00025(x10) g_ns/g_walls=2.1 Windows=0.00081 Doors=0.00041 IC=0.00000 CO2_BC=0.00010 LR=9.35e-05 nu=0.01 NSraw=2.602 alpha(W1/W8/all)=0.59/0.39/0.48 | 0.63 it/s
[Iter 45000/50000] Total=0.09000 | NS=0.08569 CO2(scaled)=0.00103 CO2_weight=1.00 guide_w=37.7 Walls=0.00020(x10) g_ns/g_walls=44.5 Windows=0.00085 Doors=0.00034 IC=0.00000 CO2_BC=0.00007 LR=9.34e-05 nu=0.01 NSraw=0.3265 alpha(W1/W8/all)=0.59/0.39/0.48 | 0.63 it/s
  -> saved checkpoint: /home/iai-labor/BuildingControlCFD/experiments/gnot/checkpoints/v25_nsuniform_r50k/gnot_v25_nsuniform_r50k_iter45000.pth
[Iter 45010/50000] Total=0.61608 | NS=0.60656 CO2(scaled)=0.00163 CO2_weight=1.00 guide_w=37.7 Walls=0.00064(x10) g_ns/g_walls=44.5 Windows=0.00098 Doors=0.00041 IC=0.00000 CO2_BC=0.00007 LR=9.34e-05 nu=0.01 NSraw=24.02 alpha(W1/W8/all)=0.59/0.39/0.48 | 0.63 it/s
[Iter 45020/50000] Total=0.03107 | NS=0.02323 CO2(scaled)=0.00152 CO2_weight=1.00 guide_w=37.7 Walls=0.00051(x10) g_ns/g_walls=44.5 Windows=0.00080 Doors=0.00034 IC=0.00000 CO2_BC=0.00009 LR=9.33e-05 nu=0.01 NSraw=0.02802 alpha(W1/W8/all)=0.59/0.39/0.48 | 0.63 it/s
[Iter 45030/50000] Total=0.06123 | NS=0.05191 CO2(scaled)=0.00084 CO2_weight=1.00 guide_w=37.7 Walls=0.00072(x10) g_ns/g_walls=44.5 Windows=0.00087 Doors=0.00037 IC=0.00000 CO2_BC=0.00009 LR=9.33e-05 nu=0.01 NSraw=0.08164 alpha(W1/W8/all)=0.59/0.39/0.48 | 0.63 it/s
[Iter 45040/50000] Total=0.28017 | NS=0.27309 CO2(scaled)=0.00097 CO2_weight=1.00 guide_w=37.7 Walls=0.00049(x10) g_ns/g_walls=44.5 Windows=0.00085 Doors=0.00030 IC=0.00000 CO2_BC=0.00008 LR=9.32e-05 nu=0.01 NSraw=3.118 alpha(W1/W8/all)=0.59/0.39/0.48 | 0.63 it/s
[Iter 45050/50000] Total=0.05280 | NS=0.04693 CO2(scaled)=0.00164 CO2_weight=1.00 guide_w=37.7 Walls=0.00031(x10) g_ns/g_walls=44.5 Windows=0.00070 Doors=0.00038 IC=0.00000 CO2_BC=0.00009 LR=9.32e-05 nu=0.01 NSraw=0.06988 alpha(W1/W8/all)=0.59/0.39/0.48 | 0.63 it/s
[Iter 45060/50000] Total=0.09823 | NS=0.09253 CO2(scaled)=0.00099 CO2_weight=1.00 guide_w=37.7 Walls=0.00035(x10) g_ns/g_walls=44.5 Windows=0.00078 Doors=0.00034 IC=0.00000 CO2_BC=0.00007 LR=9.31e-05 nu=0.01 NSraw=0.2561 alpha(W1/W8/all)=0.59/0.39/0.48 | 0.63 it/s
[Iter 45070/50000] Total=0.05257 | NS=0.04796 CO2(scaled)=0.00105 CO2_weight=1.00 guide_w=37.7 Walls=0.00025(x10) g_ns/g_walls=44.5 Windows=0.00070 Doors=0.00032 IC=0.00000 CO2_BC=0.00009 LR=9.31e-05 nu=0.01 NSraw=0.06895 alpha(W1/W8/all)=0.59/0.39/0.48 | 0.63 it/s
[Iter 45080/50000] Total=0.07745 | NS=0.07032 CO2(scaled)=0.00109 CO2_weight=1.00 guide_w=37.7 Walls=0.00046(x10) g_ns/g_walls=44.5 Windows=0.00103 Doors=0.00037 IC=0.00000 CO2_BC=0.00008 LR=9.30e-05 nu=0.01 NSraw=0.2202 alpha(W1/W8/all)=0.59/0.39/0.48 | 0.63 it/s
[Iter 45090/50000] Total=0.03465 | NS=0.02881 CO2(scaled)=0.00106 CO2_weight=1.00 guide_w=37.7 Walls=0.00036(x10) g_ns/g_walls=44.5 Windows=0.00079 Doors=0.00028 IC=0.00000 CO2_BC=0.00008 LR=9.30e-05 nu=0.01 NSraw=0.03774 alpha(W1/W8/all)=0.59/0.39/0.48 | 0.63 it/s
[Iter 45100/50000] Total=0.08093 | NS=0.07495 CO2(scaled)=0.00087 CO2_weight=1.00 guide_w=13.8 Walls=0.00040(x10) g_ns/g_walls=1.18 Windows=0.00071 Doors=0.00037 IC=0.00000 CO2_BC=0.00007 LR=9.29e-05 nu=0.01 NSraw=0.1751 alpha(W1/W8/all)=0.59/0.39/0.48 | 0.63 it/s
[Iter 45110/50000] Total=0.51411 | NS=0.50802 CO2(scaled)=0.00091 CO2_weight=1.00 guide_w=13.8 Walls=0.00037(x10) g_ns/g_walls=1.18 Windows=0.00099 Doors=0.00044 IC=0.00000 CO2_BC=0.00008 LR=9.29e-05 nu=0.01 NSraw=18.29 alpha(W1/W8/all)=0.59/0.39/0.48 | 0.63 it/s
[Iter 45120/50000] Total=0.08494 | NS=0.07964 CO2(scaled)=0.00109 CO2_weight=1.00 guide_w=13.8 Walls=0.00027(x10) g_ns/g_walls=1.18 Windows=0.00105 Doors=0.00041 IC=0.00000 CO2_BC=0.00008 LR=9.28e-05 nu=0.01 NSraw=0.1727 alpha(W1/W8/all)=0.59/0.39/0.48 | 0.63 it/s
[Iter 45130/50000] Total=0.10532 | NS=0.09895 CO2(scaled)=0.00092 CO2_weight=1.00 guide_w=13.8 Walls=0.00042(x10) g_ns/g_walls=1.18 Windows=0.00062 Doors=0.00053 IC=0.00000 CO2_BC=0.00008 LR=9.28e-05 nu=0.01 NSraw=0.3423 alpha(W1/W8/all)=0.59/0.39/0.48 | 0.63 it/s
[Iter 45140/50000] Total=0.05817 | NS=0.05263 CO2(scaled)=0.00106 CO2_weight=1.00 guide_w=13.8 Walls=0.00036(x10) g_ns/g_walls=1.18 Windows=0.00048 Doors=0.00028 IC=0.00000 CO2_BC=0.00007 LR=9.27e-05 nu=0.01 NSraw=0.08597 alpha(W1/W8/all)=0.59/0.39/0.48 | 0.63 it/s
[Iter 45150/50000] Total=0.11604 | NS=0.10430 CO2(scaled)=0.00140 CO2_weight=1.00 guide_w=13.8 Walls=0.00088(x10) g_ns/g_walls=1.18 Windows=0.00105 Doors=0.00042 IC=0.00000 CO2_BC=0.00008 LR=9.27e-05 nu=0.01 NSraw=0.2588 alpha(W1/W8/all)=0.59/0.39/0.48 | 0.63 it/s
[Iter 45160/50000] Total=0.06337 | NS=0.05600 CO2(scaled)=0.00139 CO2_weight=1.00 guide_w=13.8 Walls=0.00044(x10) g_ns/g_walls=1.18 Windows=0.00117 Doors=0.00036 IC=0.00000 CO2_BC=0.00008 LR=9.26e-05 nu=0.01 NSraw=0.08208 alpha(W1/W8/all)=0.59/0.39/0.48 | 0.63 it/s
[Iter 45170/50000] Total=1.02043 | NS=1.01577 CO2(scaled)=0.00108 CO2_weight=1.00 guide_w=13.8 Walls=0.00023(x10) g_ns/g_walls=1.18 Windows=0.00080 Doors=0.00042 IC=0.00000 CO2_BC=0.00008 LR=9.26e-05 nu=0.01 NSraw=66.4 alpha(W1/W8/all)=0.59/0.39/0.48 | 0.63 it/s
[Iter 45180/50000] Total=0.18134 | NS=0.17455 CO2(scaled)=0.00110 CO2_weight=1.00 guide_w=13.8 Walls=0.00041(x10) g_ns/g_walls=1.18 Windows=0.00111 Doors=0.00043 IC=0.00000 CO2_BC=0.00009 LR=9.25e-05 nu=0.01 NSraw=1.5 alpha(W1/W8/all)=0.59/0.39/0.48 | 0.63 it/s
[Iter 45190/50000] Total=0.15205 | NS=0.14509 CO2(scaled)=0.00085 CO2_weight=1.00 guide_w=13.8 Walls=0.00044(x10) g_ns/g_walls=1.18 Windows=0.00129 Doors=0.00034 IC=0.00000 CO2_BC=0.00009 LR=9.25e-05 nu=0.01 NSraw=0.8273 alpha(W1/W8/all)=0.59/0.39/0.48 | 0.63 it/s
[Iter 45200/50000] Total=0.05210 | NS=0.04668 CO2(scaled)=0.00096 CO2_weight=1.00 guide_w=55.1 Walls=0.00031(x10) g_ns/g_walls=4.34 Windows=0.00094 Doors=0.00039 IC=0.00000 CO2_BC=0.00008 LR=9.24e-05 nu=0.01 NSraw=0.08322 alpha(W1/W8/all)=0.59/0.39/0.48 | 0.62 it/s
[Iter 45210/50000] Total=0.20726 | NS=0.20064 CO2(scaled)=0.00077 CO2_weight=1.00 guide_w=55.1 Walls=0.00044(x10) g_ns/g_walls=4.34 Windows=0.00089 Doors=0.00046 IC=0.00000 CO2_BC=0.00009 LR=9.24e-05 nu=0.01 NSraw=1.066 alpha(W1/W8/all)=0.59/0.39/0.48 | 0.62 it/s
[Iter 45220/50000] Total=2.72521 | NS=2.71903 CO2(scaled)=0.00086 CO2_weight=1.00 guide_w=55.1 Walls=0.00043(x10) g_ns/g_walls=4.34 Windows=0.00054 Doors=0.00040 IC=0.00000 CO2_BC=0.00008 LR=9.23e-05 nu=0.01 NSraw=342.5 alpha(W1/W8/all)=0.59/0.39/0.48 | 0.62 it/s
[Iter 45230/50000] Total=0.09842 | NS=0.09371 CO2(scaled)=0.00095 CO2_weight=1.00 guide_w=55.1 Walls=0.00027(x10) g_ns/g_walls=4.34 Windows=0.00062 Doors=0.00035 IC=0.00000 CO2_BC=0.00008 LR=9.23e-05 nu=0.01 NSraw=0.3737 alpha(W1/W8/all)=0.59/0.39/0.48 | 0.62 it/s
[Iter 45240/50000] Total=0.19003 | NS=0.18414 CO2(scaled)=0.00095 CO2_weight=1.00 guide_w=55.1 Walls=0.00037(x10) g_ns/g_walls=4.34 Windows=0.00071 Doors=0.00041 IC=0.00000 CO2_BC=0.00008 LR=9.22e-05 nu=0.01 NSraw=0.6717 alpha(W1/W8/all)=0.59/0.39/0.48 | 0.62 it/s
[Iter 45250/50000] Total=0.06672 | NS=0.06000 CO2(scaled)=0.00123 CO2_weight=1.00 guide_w=55.1 Walls=0.00042(x10) g_ns/g_walls=4.34 Windows=0.00074 Doors=0.00042 IC=0.00000 CO2_BC=0.00010 LR=9.22e-05 nu=0.01 NSraw=0.09877 alpha(W1/W8/all)=0.59/0.39/0.48 | 0.62 it/s
[Iter 45260/50000] Total=0.08253 | NS=0.07381 CO2(scaled)=0.00106 CO2_weight=1.00 guide_w=55.1 Walls=0.00062(x10) g_ns/g_walls=4.34 Windows=0.00098 Doors=0.00037 IC=0.00000 CO2_BC=0.00007 LR=9.22e-05 nu=0.01 NSraw=0.2971 alpha(W1/W8/all)=0.59/0.39/0.48 | 0.62 it/s
[Iter 45270/50000] Total=0.07540 | NS=0.06930 CO2(scaled)=0.00084 CO2_weight=1.00 guide_w=55.1 Walls=0.00039(x10) g_ns/g_walls=4.34 Windows=0.00101 Doors=0.00028 IC=0.00000 CO2_BC=0.00008 LR=9.21e-05 nu=0.01 NSraw=0.1165 alpha(W1/W8/all)=0.59/0.39/0.48 | 0.62 it/s
[Iter 45280/50000] Total=0.07979 | NS=0.06963 CO2(scaled)=0.00141 CO2_weight=1.00 guide_w=55.1 Walls=0.00072(x10) g_ns/g_walls=4.34 Windows=0.00111 Doors=0.00036 IC=0.00000 CO2_BC=0.00007 LR=9.21e-05 nu=0.01 NSraw=0.1354 alpha(W1/W8/all)=0.59/0.39/0.48 | 0.62 it/s
[Iter 45290/50000] Total=0.13960 | NS=0.13103 CO2(scaled)=0.00130 CO2_weight=1.00 guide_w=55.1 Walls=0.00059(x10) g_ns/g_walls=4.34 Windows=0.00096 Doors=0.00028 IC=0.00000 CO2_BC=0.00009 LR=9.20e-05 nu=0.01 NSraw=0.4883 alpha(W1/W8/all)=0.59/0.39/0.48 | 0.62 it/s
[Iter 45300/50000] Total=0.06843 | NS=0.06271 CO2(scaled)=0.00086 CO2_weight=1.00 guide_w=3.57 Walls=0.00036(x10) g_ns/g_walls=0.551 Windows=0.00081 Doors=0.00035 IC=0.00000 CO2_BC=0.00008 LR=9.20e-05 nu=0.01 NSraw=0.1277 alpha(W1/W8/all)=0.59/0.39/0.48 | 0.62 it/s
[Iter 45310/50000] Total=0.05200 | NS=0.04696 CO2(scaled)=0.00104 CO2_weight=1.00 guide_w=3.57 Walls=0.00026(x10) g_ns/g_walls=0.551 Windows=0.00067 Doors=0.00065 IC=0.00000 CO2_BC=0.00007 LR=9.19e-05 nu=0.01 NSraw=0.07398 alpha(W1/W8/all)=0.59/0.39/0.48 | 0.62 it/s
[Iter 45320/50000] Total=0.21944 | NS=0.21056 CO2(scaled)=0.00099 CO2_weight=1.00 guide_w=3.57 Walls=0.00066(x10) g_ns/g_walls=0.551 Windows=0.00084 Doors=0.00041 IC=0.00000 CO2_BC=0.00007 LR=9.19e-05 nu=0.01 NSraw=2.029 alpha(W1/W8/all)=0.59/0.39/0.48 | 0.62 it/s
[Iter 45330/50000] Total=0.09089 | NS=0.08595 CO2(scaled)=0.00076 CO2_weight=1.00 guide_w=3.57 Walls=0.00028(x10) g_ns/g_walls=0.551 Windows=0.00094 Doors=0.00034 IC=0.00000 CO2_BC=0.00009 LR=9.18e-05 nu=0.01 NSraw=0.1912 alpha(W1/W8/all)=0.59/0.39/0.48 | 0.62 it/s
[Iter 45340/50000] Total=0.04526 | NS=0.03934 CO2(scaled)=0.00110 CO2_weight=1.00 guide_w=3.57 Walls=0.00036(x10) g_ns/g_walls=0.551 Windows=0.00071 Doors=0.00037 IC=0.00000 CO2_BC=0.00008 LR=9.18e-05 nu=0.01 NSraw=0.05285 alpha(W1/W8/all)=0.59/0.39/0.48 | 0.62 it/s
[Iter 45350/50000] Total=0.10903 | NS=0.10392 CO2(scaled)=0.00092 CO2_weight=1.00 guide_w=3.57 Walls=0.00030(x10) g_ns/g_walls=0.551 Windows=0.00062 Doors=0.00052 IC=0.00000 CO2_BC=0.00010 LR=9.17e-05 nu=0.01 NSraw=0.3202 alpha(W1/W8/all)=0.59/0.39/0.48 | 0.62 it/s
[Iter 45360/50000] Total=0.04706 | NS=0.04124 CO2(scaled)=0.00100 CO2_weight=1.00 guide_w=3.57 Walls=0.00032(x10) g_ns/g_walls=0.551 Windows=0.00121 Doors=0.00033 IC=0.00000 CO2_BC=0.00007 LR=9.17e-05 nu=0.01 NSraw=0.05665 alpha(W1/W8/all)=0.59/0.39/0.48 | 0.62 it/s
[Iter 45370/50000] Total=0.13422 | NS=0.12600 CO2(scaled)=0.00112 CO2_weight=1.00 guide_w=3.57 Walls=0.00058(x10) g_ns/g_walls=0.551 Windows=0.00078 Doors=0.00040 IC=0.00000 CO2_BC=0.00008 LR=9.16e-05 nu=0.01 NSraw=0.2686 alpha(W1/W8/all)=0.59/0.39/0.48 | 0.62 it/s
[Iter 45380/50000] Total=0.28916 | NS=0.27281 CO2(scaled)=0.00088 CO2_weight=1.00 guide_w=3.57 Walls=0.00132(x10) g_ns/g_walls=0.551 Windows=0.00181 Doors=0.00035 IC=0.00000 CO2_BC=0.00006 LR=9.16e-05 nu=0.01 NSraw=3.312 alpha(W1/W8/all)=0.59/0.39/0.48 | 0.62 it/s
[Iter 45390/50000] Total=0.37698 | NS=0.37048 CO2(scaled)=0.00102 CO2_weight=1.00 guide_w=3.57 Walls=0.00041(x10) g_ns/g_walls=0.551 Windows=0.00083 Doors=0.00045 IC=0.00000 CO2_BC=0.00008 LR=9.15e-05 nu=0.01 NSraw=8.633 alpha(W1/W8/all)=0.59/0.39/0.48 | 0.62 it/s
[Iter 45400/50000] Total=0.25571 | NS=0.24918 CO2(scaled)=0.00113 CO2_weight=1.00 guide_w=109 Walls=0.00042(x10) g_ns/g_walls=29.1 Windows=0.00072 Doors=0.00041 IC=0.00000 CO2_BC=0.00007 LR=9.15e-05 nu=0.01 NSraw=1.737 alpha(W1/W8/all)=0.59/0.39/0.48 | 0.62 it/s
[Iter 45410/50000] Total=0.07026 | NS=0.06451 CO2(scaled)=0.00092 CO2_weight=1.00 guide_w=109 Walls=0.00038(x10) g_ns/g_walls=29.1 Windows=0.00066 Doors=0.00033 IC=0.00000 CO2_BC=0.00008 LR=9.14e-05 nu=0.01 NSraw=0.1048 alpha(W1/W8/all)=0.59/0.39/0.48 | 0.62 it/s
[Iter 45420/50000] Total=0.04403 | NS=0.03589 CO2(scaled)=0.00092 CO2_weight=1.00 guide_w=109 Walls=0.00056(x10) g_ns/g_walls=29.1 Windows=0.00106 Doors=0.00049 IC=0.00000 CO2_BC=0.00009 LR=9.14e-05 nu=0.01 NSraw=0.04622 alpha(W1/W8/all)=0.59/0.39/0.48 | 0.62 it/s
[Iter 45430/50000] Total=0.35790 | NS=0.35070 CO2(scaled)=0.00099 CO2_weight=1.00 guide_w=109 Walls=0.00050(x10) g_ns/g_walls=29.1 Windows=0.00071 Doors=0.00043 IC=0.00000 CO2_BC=0.00007 LR=9.13e-05 nu=0.01 NSraw=9.667 alpha(W1/W8/all)=0.59/0.39/0.48 | 0.62 it/s
[Iter 45440/50000] Total=0.05356 | NS=0.04772 CO2(scaled)=0.00074 CO2_weight=1.00 guide_w=109 Walls=0.00036(x10) g_ns/g_walls=29.1 Windows=0.00102 Doors=0.00040 IC=0.00000 CO2_BC=0.00008 LR=9.13e-05 nu=0.01 NSraw=0.08197 alpha(W1/W8/all)=0.59/0.39/0.48 | 0.62 it/s
[Iter 45450/50000] Total=0.18630 | NS=0.17780 CO2(scaled)=0.00077 CO2_weight=1.00 guide_w=109 Walls=0.00063(x10) g_ns/g_walls=29.1 Windows=0.00097 Doors=0.00038 IC=0.00000 CO2_BC=0.00008 LR=9.12e-05 nu=0.01 NSraw=1.386 alpha(W1/W8/all)=0.59/0.39/0.48 | 0.62 it/s
[Iter 45460/50000] Total=0.05549 | NS=0.05118 CO2(scaled)=0.00090 CO2_weight=1.00 guide_w=109 Walls=0.00019(x10) g_ns/g_walls=29.1 Windows=0.00096 Doors=0.00046 IC=0.00000 CO2_BC=0.00007 LR=9.12e-05 nu=0.01 NSraw=0.09111 alpha(W1/W8/all)=0.59/0.39/0.48 | 0.62 it/s
[Iter 45470/50000] Total=0.06596 | NS=0.06022 CO2(scaled)=0.00114 CO2_weight=1.00 guide_w=109 Walls=0.00033(x10) g_ns/g_walls=29.1 Windows=0.00088 Doors=0.00039 IC=0.00000 CO2_BC=0.00007 LR=9.11e-05 nu=0.01 NSraw=0.1043 alpha(W1/W8/all)=0.59/0.39/0.48 | 0.62 it/s
[Iter 45480/50000] Total=0.08586 | NS=0.07723 CO2(scaled)=0.00185 CO2_weight=1.00 guide_w=109 Walls=0.00056(x10) g_ns/g_walls=29.1 Windows=0.00066 Doors=0.00046 IC=0.00000 CO2_BC=0.00007 LR=9.11e-05 nu=0.01 NSraw=0.1385 alpha(W1/W8/all)=0.59/0.39/0.48 | 0.62 it/s
[Iter 45490/50000] Total=0.14477 | NS=0.14007 CO2(scaled)=0.00093 CO2_weight=1.00 guide_w=109 Walls=0.00024(x10) g_ns/g_walls=29.1 Windows=0.00078 Doors=0.00049 IC=0.00000 CO2_BC=0.00007 LR=9.10e-05 nu=0.01 NSraw=0.635 alpha(W1/W8/all)=0.59/0.39/0.48 | 0.62 it/s
[Iter 45500/50000] Total=0.17854 | NS=0.17292 CO2(scaled)=0.00098 CO2_weight=1.00 guide_w=18.1 Walls=0.00031(x10) g_ns/g_walls=4.28 Windows=0.00090 Doors=0.00052 IC=0.00000 CO2_BC=0.00010 LR=9.10e-05 nu=0.01 NSraw=0.9963 alpha(W1/W8/all)=0.59/0.39/0.48 | 0.62 it/s
[Iter 45510/50000] Total=1.23010 | NS=1.22441 CO2(scaled)=0.00087 CO2_weight=1.00 guide_w=18.1 Walls=0.00031(x10) g_ns/g_walls=4.28 Windows=0.00109 Doors=0.00055 IC=0.00000 CO2_BC=0.00008 LR=9.09e-05 nu=0.01 NSraw=65.92 alpha(W1/W8/all)=0.59/0.39/0.48 | 0.62 it/s
[Iter 45520/50000] Total=0.10109 | NS=0.09528 CO2(scaled)=0.00107 CO2_weight=1.00 guide_w=18.1 Walls=0.00034(x10) g_ns/g_walls=4.28 Windows=0.00090 Doors=0.00039 IC=0.00000 CO2_BC=0.00009 LR=9.09e-05 nu=0.01 NSraw=0.195 alpha(W1/W8/all)=0.59/0.39/0.48 | 0.62 it/s
[Iter 45530/50000] Total=0.44334 | NS=0.43549 CO2(scaled)=0.00110 CO2_weight=1.00 guide_w=18.1 Walls=0.00051(x10) g_ns/g_walls=4.28 Windows=0.00098 Doors=0.00060 IC=0.00000 CO2_BC=0.00008 LR=9.09e-05 nu=0.01 NSraw=12.32 alpha(W1/W8/all)=0.59/0.39/0.48 | 0.62 it/s
[Iter 45540/50000] Total=0.08499 | NS=0.07868 CO2(scaled)=0.00127 CO2_weight=1.00 guide_w=18.1 Walls=0.00035(x10) g_ns/g_walls=4.28 Windows=0.00107 Doors=0.00043 IC=0.00000 CO2_BC=0.00007 LR=9.08e-05 nu=0.01 NSraw=0.1353 alpha(W1/W8/all)=0.59/0.39/0.48 | 0.62 it/s
[Iter 45550/50000] Total=0.14640 | NS=0.13960 CO2(scaled)=0.00107 CO2_weight=1.00 guide_w=18.1 Walls=0.00043(x10) g_ns/g_walls=4.28 Windows=0.00076 Doors=0.00059 IC=0.00000 CO2_BC=0.00007 LR=9.08e-05 nu=0.01 NSraw=1.004 alpha(W1/W8/all)=0.59/0.39/0.48 | 0.62 it/s
[Iter 45560/50000] Total=0.42765 | NS=0.42318 CO2(scaled)=0.00094 CO2_weight=1.00 guide_w=18.1 Walls=0.00022(x10) g_ns/g_walls=4.28 Windows=0.00067 Doors=0.00056 IC=0.00000 CO2_BC=0.00007 LR=9.07e-05 nu=0.01 NSraw=9.442 alpha(W1/W8/all)=0.59/0.39/0.48 | 0.62 it/s
[Iter 45570/50000] Total=0.33385 | NS=0.32593 CO2(scaled)=0.00094 CO2_weight=1.00 guide_w=18.1 Walls=0.00056(x10) g_ns/g_walls=4.28 Windows=0.00075 Doors=0.00056 IC=0.00000 CO2_BC=0.00006 LR=9.07e-05 nu=0.01 NSraw=4.126 alpha(W1/W8/all)=0.59/0.39/0.48 | 0.62 it/s
[Iter 45580/50000] Total=0.07688 | NS=0.07212 CO2(scaled)=0.00092 CO2_weight=1.00 guide_w=18.1 Walls=0.00023(x10) g_ns/g_walls=4.28 Windows=0.00097 Doors=0.00045 IC=0.00000 CO2_BC=0.00009 LR=9.06e-05 nu=0.01 NSraw=0.1739 alpha(W1/W8/all)=0.59/0.39/0.48 | 0.62 it/s
[Iter 45590/50000] Total=0.47287 | NS=0.46689 CO2(scaled)=0.00096 CO2_weight=1.00 guide_w=18.1 Walls=0.00035(x10) g_ns/g_walls=4.28 Windows=0.00081 Doors=0.00059 IC=0.00000 CO2_BC=0.00007 LR=9.06e-05 nu=0.01 NSraw=14.41 alpha(W1/W8/all)=0.59/0.39/0.48 | 0.62 it/s
[Iter 45600/50000] Total=0.05519 | NS=0.04530 CO2(scaled)=0.00153 CO2_weight=1.00 guide_w=2.59 Walls=0.00069(x10) g_ns/g_walls=0.635 Windows=0.00076 Doors=0.00060 IC=0.00000 CO2_BC=0.00007 LR=9.05e-05 nu=0.01 NSraw=0.06261 alpha(W1/W8/all)=0.59/0.39/0.48 | 0.62 it/s
[Iter 45610/50000] Total=0.10986 | NS=0.10506 CO2(scaled)=0.00092 CO2_weight=1.00 guide_w=2.59 Walls=0.00023(x10) g_ns/g_walls=0.635 Windows=0.00108 Doors=0.00045 IC=0.00000 CO2_BC=0.00007 LR=9.05e-05 nu=0.01 NSraw=0.5063 alpha(W1/W8/all)=0.59/0.39/0.48 | 0.62 it/s
[Iter 45620/50000] Total=0.04202 | NS=0.03751 CO2(scaled)=0.00075 CO2_weight=1.00 guide_w=2.59 Walls=0.00024(x10) g_ns/g_walls=0.635 Windows=0.00067 Doors=0.00058 IC=0.00000 CO2_BC=0.00008 LR=9.04e-05 nu=0.01 NSraw=0.05281 alpha(W1/W8/all)=0.59/0.39/0.48 | 0.62 it/s
[Iter 45630/50000] Total=0.11131 | NS=0.10633 CO2(scaled)=0.00097 CO2_weight=1.00 guide_w=2.59 Walls=0.00027(x10) g_ns/g_walls=0.635 Windows=0.00081 Doors=0.00041 IC=0.00000 CO2_BC=0.00008 LR=9.04e-05 nu=0.01 NSraw=0.4691 alpha(W1/W8/all)=0.59/0.39/0.48 | 0.62 it/s
[Iter 45640/50000] Total=0.04157 | NS=0.03276 CO2(scaled)=0.00111 CO2_weight=1.00 guide_w=2.59 Walls=0.00061(x10) g_ns/g_walls=0.635 Windows=0.00112 Doors=0.00035 IC=0.00000 CO2_BC=0.00009 LR=9.03e-05 nu=0.01 NSraw=0.03886 alpha(W1/W8/all)=0.59/0.39/0.48 | 0.62 it/s
[Iter 45650/50000] Total=0.16830 | NS=0.16171 CO2(scaled)=0.00080 CO2_weight=1.00 guide_w=2.59 Walls=0.00045(x10) g_ns/g_walls=0.635 Windows=0.00084 Doors=0.00037 IC=0.00000 CO2_BC=0.00007 LR=9.03e-05 nu=0.01 NSraw=0.8419 alpha(W1/W8/all)=0.59/0.39/0.48 | 0.62 it/s
[Iter 45660/50000] Total=0.04449 | NS=0.03838 CO2(scaled)=0.00100 CO2_weight=1.00 guide_w=2.59 Walls=0.00037(x10) g_ns/g_walls=0.635 Windows=0.00079 Doors=0.00057 IC=0.00000 CO2_BC=0.00007 LR=9.02e-05 nu=0.01 NSraw=0.05195 alpha(W1/W8/all)=0.59/0.39/0.48 | 0.62 it/s
[Iter 45670/50000] Total=0.10842 | NS=0.10171 CO2(scaled)=0.00085 CO2_weight=1.00 guide_w=2.59 Walls=0.00046(x10) g_ns/g_walls=0.635 Windows=0.00082 Doors=0.00040 IC=0.00000 CO2_BC=0.00007 LR=9.02e-05 nu=0.01 NSraw=0.2829 alpha(W1/W8/all)=0.59/0.39/0.48 | 0.62 it/s
[Iter 45680/50000] Total=0.22788 | NS=0.22171 CO2(scaled)=0.00073 CO2_weight=1.00 guide_w=2.59 Walls=0.00033(x10) g_ns/g_walls=0.635 Windows=0.00153 Doors=0.00051 IC=0.00000 CO2_BC=0.00008 LR=9.01e-05 nu=0.01 NSraw=1.344 alpha(W1/W8/all)=0.59/0.39/0.48 | 0.62 it/s
[Iter 45690/50000] Total=3.71112 | NS=3.70600 CO2(scaled)=0.00108 CO2_weight=1.00 guide_w=2.59 Walls=0.00026(x10) g_ns/g_walls=0.635 Windows=0.00097 Doors=0.00040 IC=0.00000 CO2_BC=0.00008 LR=9.01e-05 nu=0.01 NSraw=742.9 alpha(W1/W8/all)=0.59/0.39/0.48 | 0.62 it/s
[Iter 45700/50000] Total=1.41466 | NS=1.40684 CO2(scaled)=0.00114 CO2_weight=1.00 guide_w=248 Walls=0.00052(x10) g_ns/g_walls=52.4 Windows=0.00096 Doors=0.00043 IC=0.00000 CO2_BC=0.00008 LR=9.00e-05 nu=0.01 NSraw=119.1 alpha(W1/W8/all)=0.59/0.39/0.48 | 0.62 it/s
[Iter 45710/50000] Total=0.07629 | NS=0.06719 CO2(scaled)=0.00132 CO2_weight=1.00 guide_w=248 Walls=0.00059(x10) g_ns/g_walls=52.4 Windows=0.00129 Doors=0.00049 IC=0.00000 CO2_BC=0.00008 LR=9.00e-05 nu=0.01 NSraw=0.2707 alpha(W1/W8/all)=0.59/0.39/0.48 | 0.62 it/s
[Iter 45720/50000] Total=0.13617 | NS=0.12811 CO2(scaled)=0.00078 CO2_weight=1.00 guide_w=248 Walls=0.00059(x10) g_ns/g_walls=52.4 Windows=0.00092 Doors=0.00040 IC=0.00000 CO2_BC=0.00008 LR=8.99e-05 nu=0.01 NSraw=0.4316 alpha(W1/W8/all)=0.59/0.39/0.48 | 0.62 it/s
[Iter 45730/50000] Total=0.06027 | NS=0.05074 CO2(scaled)=0.00086 CO2_weight=1.00 guide_w=248 Walls=0.00070(x10) g_ns/g_walls=52.4 Windows=0.00120 Doors=0.00042 IC=0.00000 CO2_BC=0.00008 LR=8.99e-05 nu=0.01 NSraw=0.08947 alpha(W1/W8/all)=0.59/0.39/0.48 | 0.62 it/s
[Iter 45740/50000] Total=0.18789 | NS=0.17307 CO2(scaled)=0.00104 CO2_weight=1.00 guide_w=248 Walls=0.00119(x10) g_ns/g_walls=52.4 Windows=0.00134 Doors=0.00048 IC=0.00000 CO2_BC=0.00007 LR=8.99e-05 nu=0.01 NSraw=1.381 alpha(W1/W8/all)=0.59/0.39/0.48 | 0.62 it/s
[Iter 45750/50000] Total=0.11767 | NS=0.11012 CO2(scaled)=0.00112 CO2_weight=1.00 guide_w=248 Walls=0.00050(x10) g_ns/g_walls=52.4 Windows=0.00088 Doors=0.00052 IC=0.00000 CO2_BC=0.00007 LR=8.98e-05 nu=0.01 NSraw=0.544 alpha(W1/W8/all)=0.59/0.39/0.48 | 0.62 it/s
[Iter 45760/50000] Total=0.39895 | NS=0.39132 CO2(scaled)=0.00115 CO2_weight=1.00 guide_w=248 Walls=0.00051(x10) g_ns/g_walls=52.4 Windows=0.00083 Doors=0.00050 IC=0.00000 CO2_BC=0.00008 LR=8.98e-05 nu=0.01 NSraw=8.011 alpha(W1/W8/all)=0.59/0.39/0.48 | 0.62 it/s
[Iter 45770/50000] Total=0.12525 | NS=0.11727 CO2(scaled)=0.00106 CO2_weight=1.00 guide_w=248 Walls=0.00054(x10) g_ns/g_walls=52.4 Windows=0.00096 Doors=0.00045 IC=0.00000 CO2_BC=0.00008 LR=8.97e-05 nu=0.01 NSraw=0.4152 alpha(W1/W8/all)=0.59/0.39/0.48 | 0.62 it/s
[Iter 45780/50000] Total=3.00926 | NS=3.00461 CO2(scaled)=0.00094 CO2_weight=1.00 guide_w=248 Walls=0.00019(x10) g_ns/g_walls=52.4 Windows=0.00112 Doors=0.00057 IC=0.00000 CO2_BC=0.00009 LR=8.97e-05 nu=0.01 NSraw=682.3 alpha(W1/W8/all)=0.59/0.39/0.48 | 0.62 it/s
[Iter 45790/50000] Total=0.17053 | NS=0.16368 CO2(scaled)=0.00138 CO2_weight=1.00 guide_w=248 Walls=0.00040(x10) g_ns/g_walls=52.4 Windows=0.00087 Doors=0.00050 IC=0.00000 CO2_BC=0.00008 LR=8.96e-05 nu=0.01 NSraw=0.6818 alpha(W1/W8/all)=0.59/0.39/0.48 | 0.62 it/s
[Iter 45800/50000] Total=0.16841 | NS=0.16097 CO2(scaled)=0.00101 CO2_weight=1.00 guide_w=45.8 Walls=0.00045(x10) g_ns/g_walls=3.23 Windows=0.00133 Doors=0.00053 IC=0.00000 CO2_BC=0.00008 LR=8.96e-05 nu=0.01 NSraw=0.6758 alpha(W1/W8/all)=0.59/0.39/0.48 | 0.62 it/s
[Iter 45810/50000] Total=0.13284 | NS=0.12467 CO2(scaled)=0.00106 CO2_weight=1.00 guide_w=45.8 Walls=0.00053(x10) g_ns/g_walls=3.23 Windows=0.00114 Doors=0.00055 IC=0.00000 CO2_BC=0.00009 LR=8.95e-05 nu=0.01 NSraw=0.4431 alpha(W1/W8/all)=0.59/0.39/0.48 | 0.62 it/s
[Iter 45820/50000] Total=0.11983 | NS=0.11467 CO2(scaled)=0.00100 CO2_weight=1.00 guide_w=45.8 Walls=0.00028(x10) g_ns/g_walls=3.23 Windows=0.00077 Doors=0.00048 IC=0.00000 CO2_BC=0.00010 LR=8.95e-05 nu=0.01 NSraw=0.4155 alpha(W1/W8/all)=0.59/0.39/0.48 | 0.62 it/s
[Iter 45830/50000] Total=0.22057 | NS=0.21488 CO2(scaled)=0.00086 CO2_weight=1.00 guide_w=45.8 Walls=0.00034(x10) g_ns/g_walls=3.23 Windows=0.00077 Doors=0.00059 IC=0.00000 CO2_BC=0.00009 LR=8.94e-05 nu=0.01 NSraw=0.7176 alpha(W1/W8/all)=0.59/0.39/0.48 | 0.62 it/s
[Iter 45840/50000] Total=0.21243 | NS=0.20543 CO2(scaled)=0.00086 CO2_weight=1.00 guide_w=45.8 Walls=0.00046(x10) g_ns/g_walls=3.23 Windows=0.00088 Doors=0.00061 IC=0.00000 CO2_BC=0.00010 LR=8.94e-05 nu=0.01 NSraw=3.364 alpha(W1/W8/all)=0.59/0.39/0.48 | 0.62 it/s
[Iter 45850/50000] Total=0.10377 | NS=0.09688 CO2(scaled)=0.00102 CO2_weight=1.00 guide_w=45.8 Walls=0.00043(x10) g_ns/g_walls=3.23 Windows=0.00094 Doors=0.00057 IC=0.00000 CO2_BC=0.00009 LR=8.93e-05 nu=0.01 NSraw=0.1601 alpha(W1/W8/all)=0.59/0.39/0.48 | 0.62 it/s
[Iter 45860/50000] Total=0.07212 | NS=0.06492 CO2(scaled)=0.00087 CO2_weight=1.00 guide_w=45.8 Walls=0.00050(x10) g_ns/g_walls=3.23 Windows=0.00078 Doors=0.00050 IC=0.00000 CO2_BC=0.00007 LR=8.93e-05 nu=0.01 NSraw=0.1028 alpha(W1/W8/all)=0.59/0.39/0.48 | 0.62 it/s
[Iter 45870/50000] Total=0.04920 | NS=0.03525 CO2(scaled)=0.00152 CO2_weight=1.00 guide_w=45.8 Walls=0.00105(x10) g_ns/g_walls=3.23 Windows=0.00137 Doors=0.00054 IC=0.00000 CO2_BC=0.00008 LR=8.92e-05 nu=0.01 NSraw=0.05 alpha(W1/W8/all)=0.59/0.39/0.48 | 0.62 it/s
[Iter 45880/50000] Total=0.10534 | NS=0.09671 CO2(scaled)=0.00096 CO2_weight=1.00 guide_w=45.8 Walls=0.00061(x10) g_ns/g_walls=3.23 Windows=0.00099 Doors=0.00047 IC=0.00000 CO2_BC=0.00009 LR=8.92e-05 nu=0.01 NSraw=0.5927 alpha(W1/W8/all)=0.59/0.39/0.48 | 0.62 it/s
[Iter 45890/50000] Total=0.09702 | NS=0.09035 CO2(scaled)=0.00111 CO2_weight=1.00 guide_w=45.8 Walls=0.00039(x10) g_ns/g_walls=3.23 Windows=0.00103 Doors=0.00051 IC=0.00000 CO2_BC=0.00006 LR=8.91e-05 nu=0.01 NSraw=0.326 alpha(W1/W8/all)=0.59/0.39/0.48 | 0.62 it/s
[Iter 45900/50000] Total=0.12425 | NS=0.11601 CO2(scaled)=0.00117 CO2_weight=1.00 guide_w=37.2 Walls=0.00056(x10) g_ns/g_walls=10.1 Windows=0.00091 Doors=0.00046 IC=0.00000 CO2_BC=0.00008 LR=8.91e-05 nu=0.01 NSraw=0.5416 alpha(W1/W8/all)=0.59/0.39/0.48 | 0.62 it/s
[Iter 45910/50000] Total=0.15733 | NS=0.14880 CO2(scaled)=0.00100 CO2_weight=1.00 guide_w=37.2 Walls=0.00059(x10) g_ns/g_walls=10.1 Windows=0.00109 Doors=0.00046 IC=0.00000 CO2_BC=0.00007 LR=8.91e-05 nu=0.01 NSraw=0.6094 alpha(W1/W8/all)=0.59/0.39/0.48 | 0.62 it/s
[Iter 45920/50000] Total=0.07914 | NS=0.07016 CO2(scaled)=0.00098 CO2_weight=1.00 guide_w=37.2 Walls=0.00063(x10) g_ns/g_walls=10.1 Windows=0.00097 Doors=0.00059 IC=0.00000 CO2_BC=0.00009 LR=8.90e-05 nu=0.01 NSraw=0.1536 alpha(W1/W8/all)=0.59/0.39/0.48 | 0.62 it/s
[Iter 45930/50000] Total=1.38093 | NS=1.37162 CO2(scaled)=0.00187 CO2_weight=1.00 guide_w=37.2 Walls=0.00061(x10) g_ns/g_walls=10.1 Windows=0.00073 Doors=0.00050 IC=0.00000 CO2_BC=0.00008 LR=8.90e-05 nu=0.01 NSraw=160.7 alpha(W1/W8/all)=0.59/0.39/0.48 | 0.62 it/s
[Iter 45940/50000] Total=0.16483 | NS=0.15551 CO2(scaled)=0.00168 CO2_weight=1.00 guide_w=37.2 Walls=0.00058(x10) g_ns/g_walls=10.1 Windows=0.00139 Doors=0.00039 IC=0.00000 CO2_BC=0.00007 LR=8.89e-05 nu=0.01 NSraw=0.691 alpha(W1/W8/all)=0.59/0.39/0.48 | 0.62 it/s
[Iter 45950/50000] Total=0.14814 | NS=0.14185 CO2(scaled)=0.00108 CO2_weight=1.00 guide_w=37.2 Walls=0.00036(x10) g_ns/g_walls=10.1 Windows=0.00100 Doors=0.00053 IC=0.00000 CO2_BC=0.00007 LR=8.89e-05 nu=0.01 NSraw=0.6579 alpha(W1/W8/all)=0.59/0.39/0.48 | 0.62 it/s
[Iter 45960/50000] Total=0.11226 | NS=0.10601 CO2(scaled)=0.00162 CO2_weight=1.00 guide_w=37.2 Walls=0.00033(x10) g_ns/g_walls=10.1 Windows=0.00082 Doors=0.00046 IC=0.00000 CO2_BC=0.00008 LR=8.88e-05 nu=0.01 NSraw=0.4462 alpha(W1/W8/all)=0.59/0.39/0.48 | 0.62 it/s
[Iter 45970/50000] Total=0.08219 | NS=0.07469 CO2(scaled)=0.00112 CO2_weight=1.00 guide_w=37.2 Walls=0.00049(x10) g_ns/g_walls=10.1 Windows=0.00095 Doors=0.00042 IC=0.00000 CO2_BC=0.00008 LR=8.88e-05 nu=0.01 NSraw=0.1822 alpha(W1/W8/all)=0.59/0.39/0.48 | 0.62 it/s
[Iter 45980/50000] Total=0.12275 | NS=0.11662 CO2(scaled)=0.00084 CO2_weight=1.00 guide_w=37.2 Walls=0.00040(x10) g_ns/g_walls=10.1 Windows=0.00080 Doors=0.00043 IC=0.00000 CO2_BC=0.00008 LR=8.87e-05 nu=0.01 NSraw=0.261 alpha(W1/W8/all)=0.59/0.39/0.48 | 0.62 it/s
[Iter 45990/50000] Total=0.08571 | NS=0.08066 CO2(scaled)=0.00082 CO2_weight=1.00 guide_w=37.2 Walls=0.00030(x10) g_ns/g_walls=10.1 Windows=0.00078 Doors=0.00042 IC=0.00000 CO2_BC=0.00008 LR=8.87e-05 nu=0.01 NSraw=0.2483 alpha(W1/W8/all)=0.59/0.39/0.48 | 0.62 it/s
[Iter 46000/50000] Total=0.16287 | NS=0.15436 CO2(scaled)=0.00105 CO2_weight=1.00 guide_w=17.9 Walls=0.00058(x10) g_ns/g_walls=2.14 Windows=0.00117 Doors=0.00040 IC=0.00000 CO2_BC=0.00008 LR=8.86e-05 nu=0.01 NSraw=0.5856 alpha(W1/W8/all)=0.59/0.39/0.48 | 0.62 it/s
  -> saved checkpoint: /home/iai-labor/BuildingControlCFD/experiments/gnot/checkpoints/v25_nsuniform_r50k/gnot_v25_nsuniform_r50k_iter46000.pth
[Iter 46010/50000] Total=0.13166 | NS=0.12513 CO2(scaled)=0.00115 CO2_weight=1.00 guide_w=17.9 Walls=0.00038(x10) g_ns/g_walls=2.14 Windows=0.00100 Doors=0.00048 IC=0.00000 CO2_BC=0.00008 LR=8.86e-05 nu=0.01 NSraw=0.8435 alpha(W1/W8/all)=0.59/0.39/0.48 | 0.62 it/s
[Iter 46020/50000] Total=0.07284 | NS=0.06760 CO2(scaled)=0.00123 CO2_weight=1.00 guide_w=17.9 Walls=0.00027(x10) g_ns/g_walls=2.14 Windows=0.00073 Doors=0.00050 IC=0.00000 CO2_BC=0.00008 LR=8.85e-05 nu=0.01 NSraw=0.1023 alpha(W1/W8/all)=0.59/0.39/0.48 | 0.62 it/s
[Iter 46030/50000] Total=0.85255 | NS=0.84692 CO2(scaled)=0.00108 CO2_weight=1.00 guide_w=17.9 Walls=0.00029(x10) g_ns/g_walls=2.14 Windows=0.00112 Doors=0.00047 IC=0.00000 CO2_BC=0.00008 LR=8.85e-05 nu=0.01 NSraw=46.54 alpha(W1/W8/all)=0.59/0.39/0.48 | 0.62 it/s
[Iter 46040/50000] Total=0.08305 | NS=0.07844 CO2(scaled)=0.00129 CO2_weight=1.00 guide_w=17.9 Walls=0.00020(x10) g_ns/g_walls=2.14 Windows=0.00078 Doors=0.00045 IC=0.00000 CO2_BC=0.00008 LR=8.84e-05 nu=0.01 NSraw=0.1372 alpha(W1/W8/all)=0.59/0.39/0.48 | 0.62 it/s
[Iter 46050/50000] Total=1.49432 | NS=1.48804 CO2(scaled)=0.00132 CO2_weight=1.00 guide_w=17.9 Walls=0.00033(x10) g_ns/g_walls=2.14 Windows=0.00095 Doors=0.00059 IC=0.00000 CO2_BC=0.00010 LR=8.84e-05 nu=0.01 NSraw=154.1 alpha(W1/W8/all)=0.59/0.39/0.48 | 0.62 it/s
[Iter 46060/50000] Total=0.16881 | NS=0.16426 CO2(scaled)=0.00087 CO2_weight=1.00 guide_w=17.9 Walls=0.00024(x10) g_ns/g_walls=2.14 Windows=0.00072 Doors=0.00041 IC=0.00000 CO2_BC=0.00010 LR=8.83e-05 nu=0.01 NSraw=0.8668 alpha(W1/W8/all)=0.59/0.39/0.48 | 0.62 it/s
[Iter 46070/50000] Total=0.39886 | NS=0.39290 CO2(scaled)=0.00127 CO2_weight=1.00 guide_w=17.9 Walls=0.00031(x10) g_ns/g_walls=2.14 Windows=0.00098 Doors=0.00049 IC=0.00000 CO2_BC=0.00008 LR=8.83e-05 nu=0.01 NSraw=8.827 alpha(W1/W8/all)=0.59/0.39/0.48 | 0.62 it/s
[Iter 46080/50000] Total=0.10721 | NS=0.10260 CO2(scaled)=0.00125 CO2_weight=1.00 guide_w=17.9 Walls=0.00019(x10) g_ns/g_walls=2.14 Windows=0.00094 Doors=0.00046 IC=0.00000 CO2_BC=0.00007 LR=8.83e-05 nu=0.01 NSraw=0.2329 alpha(W1/W8/all)=0.59/0.39/0.48 | 0.62 it/s
[Iter 46090/50000] Total=0.14981 | NS=0.14514 CO2(scaled)=0.00114 CO2_weight=1.00 guide_w=17.9 Walls=0.00020(x10) g_ns/g_walls=2.14 Windows=0.00094 Doors=0.00056 IC=0.00000 CO2_BC=0.00008 LR=8.82e-05 nu=0.01 NSraw=0.5997 alpha(W1/W8/all)=0.59/0.39/0.48 | 0.62 it/s
[Iter 46100/50000] Total=0.04065 | NS=0.03410 CO2(scaled)=0.00089 CO2_weight=1.00 guide_w=4.31 Walls=0.00041(x10) g_ns/g_walls=0.689 Windows=0.00095 Doors=0.00052 IC=0.00000 CO2_BC=0.00007 LR=8.82e-05 nu=0.01 NSraw=0.04175 alpha(W1/W8/all)=0.59/0.39/0.48 | 0.62 it/s
[Iter 46110/50000] Total=0.04327 | NS=0.03794 CO2(scaled)=0.00080 CO2_weight=1.00 guide_w=4.31 Walls=0.00030(x10) g_ns/g_walls=0.689 Windows=0.00097 Doors=0.00046 IC=0.00000 CO2_BC=0.00007 LR=8.81e-05 nu=0.01 NSraw=0.0705 alpha(W1/W8/all)=0.59/0.39/0.48 | 0.62 it/s
[Iter 46120/50000] Total=0.05427 | NS=0.04927 CO2(scaled)=0.00089 CO2_weight=1.00 guide_w=4.31 Walls=0.00027(x10) g_ns/g_walls=0.689 Windows=0.00084 Doors=0.00045 IC=0.00000 CO2_BC=0.00008 LR=8.81e-05 nu=0.01 NSraw=0.079 alpha(W1/W8/all)=0.59/0.39/0.48 | 0.62 it/s
[Iter 46130/50000] Total=0.42861 | NS=0.41872 CO2(scaled)=0.00153 CO2_weight=1.00 guide_w=4.31 Walls=0.00068(x10) g_ns/g_walls=0.689 Windows=0.00106 Doors=0.00046 IC=0.00000 CO2_BC=0.00009 LR=8.80e-05 nu=0.01 NSraw=13.93 alpha(W1/W8/all)=0.59/0.39/0.48 | 0.62 it/s
[Iter 46140/50000] Total=0.18207 | NS=0.17529 CO2(scaled)=0.00110 CO2_weight=1.00 guide_w=4.31 Walls=0.00041(x10) g_ns/g_walls=0.689 Windows=0.00098 Doors=0.00047 IC=0.00000 CO2_BC=0.00008 LR=8.80e-05 nu=0.01 NSraw=1.151 alpha(W1/W8/all)=0.59/0.39/0.48 | 0.62 it/s
[Iter 46150/50000] Total=0.07294 | NS=0.06041 CO2(scaled)=0.00111 CO2_weight=1.00 guide_w=4.31 Walls=0.00093(x10) g_ns/g_walls=0.689 Windows=0.00172 Doors=0.00035 IC=0.00000 CO2_BC=0.00008 LR=8.79e-05 nu=0.01 NSraw=0.1264 alpha(W1/W8/all)=0.59/0.39/0.48 | 0.62 it/s
[Iter 46160/50000] Total=0.24149 | NS=0.22763 CO2(scaled)=0.00130 CO2_weight=1.00 guide_w=4.31 Walls=0.00105(x10) g_ns/g_walls=0.689 Windows=0.00165 Doors=0.00035 IC=0.00000 CO2_BC=0.00009 LR=8.79e-05 nu=0.01 NSraw=2.783 alpha(W1/W8/all)=0.59/0.39/0.48 | 0.62 it/s
[Iter 46170/50000] Total=0.07996 | NS=0.07228 CO2(scaled)=0.00117 CO2_weight=1.00 guide_w=4.31 Walls=0.00051(x10) g_ns/g_walls=0.689 Windows=0.00098 Doors=0.00029 IC=0.00000 CO2_BC=0.00008 LR=8.78e-05 nu=0.01 NSraw=0.1973 alpha(W1/W8/all)=0.59/0.39/0.48 | 0.62 it/s
[Iter 46180/50000] Total=0.24650 | NS=0.22721 CO2(scaled)=0.00104 CO2_weight=1.00 guide_w=4.31 Walls=0.00168(x10) g_ns/g_walls=0.689 Windows=0.00097 Doors=0.00044 IC=0.00000 CO2_BC=0.00007 LR=8.78e-05 nu=0.01 NSraw=1.911 alpha(W1/W8/all)=0.59/0.39/0.48 | 0.62 it/s
[Iter 46190/50000] Total=0.03664 | NS=0.02828 CO2(scaled)=0.00086 CO2_weight=1.00 guide_w=4.31 Walls=0.00060(x10) g_ns/g_walls=0.689 Windows=0.00108 Doors=0.00031 IC=0.00000 CO2_BC=0.00008 LR=8.77e-05 nu=0.01 NSraw=0.0367 alpha(W1/W8/all)=0.59/0.39/0.48 | 0.62 it/s
[Iter 46200/50000] Total=0.87440 | NS=0.86638 CO2(scaled)=0.00094 CO2_weight=1.00 guide_w=28.5 Walls=0.00055(x10) g_ns/g_walls=3.97 Windows=0.00113 Doors=0.00039 IC=0.00000 CO2_BC=0.00007 LR=8.77e-05 nu=0.01 NSraw=58.75 alpha(W1/W8/all)=0.59/0.39/0.48 | 0.62 it/s
[Iter 46210/50000] Total=0.04311 | NS=0.03543 CO2(scaled)=0.00140 CO2_weight=1.00 guide_w=28.5 Walls=0.00049(x10) g_ns/g_walls=3.97 Windows=0.00091 Doors=0.00040 IC=0.00000 CO2_BC=0.00008 LR=8.77e-05 nu=0.01 NSraw=0.04887 alpha(W1/W8/all)=0.59/0.39/0.48 | 0.62 it/s
[Iter 46220/50000] Total=0.22565 | NS=0.21863 CO2(scaled)=0.00104 CO2_weight=1.00 guide_w=28.5 Walls=0.00043(x10) g_ns/g_walls=3.97 Windows=0.00117 Doors=0.00039 IC=0.00000 CO2_BC=0.00007 LR=8.76e-05 nu=0.01 NSraw=2.893 alpha(W1/W8/all)=0.59/0.39/0.48 | 0.62 it/s
[Iter 46230/50000] Total=0.24254 | NS=0.23710 CO2(scaled)=0.00138 CO2_weight=1.00 guide_w=28.5 Walls=0.00026(x10) g_ns/g_walls=3.97 Windows=0.00103 Doors=0.00036 IC=0.00000 CO2_BC=0.00007 LR=8.76e-05 nu=0.01 NSraw=1.598 alpha(W1/W8/all)=0.59/0.39/0.48 | 0.62 it/s
[Iter 46240/50000] Total=0.07535 | NS=0.06873 CO2(scaled)=0.00080 CO2_weight=1.00 guide_w=28.5 Walls=0.00046(x10) g_ns/g_walls=3.97 Windows=0.00083 Doors=0.00033 IC=0.00000 CO2_BC=0.00007 LR=8.75e-05 nu=0.01 NSraw=0.1588 alpha(W1/W8/all)=0.59/0.39/0.48 | 0.62 it/s
[Iter 46250/50000] Total=0.22584 | NS=0.22083 CO2(scaled)=0.00089 CO2_weight=1.00 guide_w=28.5 Walls=0.00027(x10) g_ns/g_walls=3.97 Windows=0.00096 Doors=0.00038 IC=0.00000 CO2_BC=0.00008 LR=8.75e-05 nu=0.01 NSraw=1.661 alpha(W1/W8/all)=0.59/0.39/0.48 | 0.62 it/s
[Iter 46260/50000] Total=0.15005 | NS=0.14354 CO2(scaled)=0.00099 CO2_weight=1.00 guide_w=28.5 Walls=0.00039(x10) g_ns/g_walls=3.97 Windows=0.00114 Doors=0.00038 IC=0.00000 CO2_BC=0.00008 LR=8.74e-05 nu=0.01 NSraw=1.057 alpha(W1/W8/all)=0.59/0.39/0.48 | 0.62 it/s
[Iter 46270/50000] Total=0.06407 | NS=0.05207 CO2(scaled)=0.00100 CO2_weight=1.00 guide_w=28.5 Walls=0.00093(x10) g_ns/g_walls=3.97 Windows=0.00134 Doors=0.00028 IC=0.00000 CO2_BC=0.00009 LR=8.74e-05 nu=0.01 NSraw=0.08455 alpha(W1/W8/all)=0.59/0.39/0.48 | 0.62 it/s
[Iter 46280/50000] Total=0.08542 | NS=0.07857 CO2(scaled)=0.00085 CO2_weight=1.00 guide_w=28.5 Walls=0.00044(x10) g_ns/g_walls=3.97 Windows=0.00118 Doors=0.00038 IC=0.00000 CO2_BC=0.00008 LR=8.73e-05 nu=0.01 NSraw=0.1762 alpha(W1/W8/all)=0.59/0.39/0.48 | 0.62 it/s
[Iter 46290/50000] Total=0.50010 | NS=0.49091 CO2(scaled)=0.00090 CO2_weight=1.00 guide_w=28.5 Walls=0.00064(x10) g_ns/g_walls=3.97 Windows=0.00126 Doors=0.00055 IC=0.00000 CO2_BC=0.00007 LR=8.73e-05 nu=0.01 NSraw=13.16 alpha(W1/W8/all)=0.59/0.39/0.48 | 0.62 it/s
[Iter 46300/50000] Total=0.12408 | NS=0.11694 CO2(scaled)=0.00109 CO2_weight=1.00 guide_w=14.7 Walls=0.00046(x10) g_ns/g_walls=3.01 Windows=0.00117 Doors=0.00023 IC=0.00000 CO2_BC=0.00007 LR=8.72e-05 nu=0.01 NSraw=0.3383 alpha(W1/W8/all)=0.59/0.39/0.48 | 0.62 it/s
[Iter 46310/50000] Total=0.14851 | NS=0.14369 CO2(scaled)=0.00090 CO2_weight=1.00 guide_w=14.7 Walls=0.00024(x10) g_ns/g_walls=3.01 Windows=0.00100 Doors=0.00039 IC=0.00000 CO2_BC=0.00009 LR=8.72e-05 nu=0.01 NSraw=0.6864 alpha(W1/W8/all)=0.59/0.39/0.48 | 0.62 it/s
[Iter 46320/50000] Total=0.10903 | NS=0.10117 CO2(scaled)=0.00099 CO2_weight=1.00 guide_w=14.7 Walls=0.00052(x10) g_ns/g_walls=3.01 Windows=0.00124 Doors=0.00035 IC=0.00000 CO2_BC=0.00007 LR=8.71e-05 nu=0.01 NSraw=0.351 alpha(W1/W8/all)=0.59/0.39/0.48 | 0.62 it/s
[Iter 46330/50000] Total=0.12872 | NS=0.12376 CO2(scaled)=0.00109 CO2_weight=1.00 guide_w=14.7 Walls=0.00026(x10) g_ns/g_walls=3.01 Windows=0.00082 Doors=0.00037 IC=0.00000 CO2_BC=0.00008 LR=8.71e-05 nu=0.01 NSraw=0.3635 alpha(W1/W8/all)=0.59/0.39/0.48 | 0.62 it/s
[Iter 46340/50000] Total=0.38027 | NS=0.37457 CO2(scaled)=0.00093 CO2_weight=1.00 guide_w=14.7 Walls=0.00034(x10) g_ns/g_walls=3.01 Windows=0.00093 Doors=0.00035 IC=0.00000 CO2_BC=0.00007 LR=8.71e-05 nu=0.01 NSraw=6.075 alpha(W1/W8/all)=0.59/0.39/0.48 | 0.62 it/s
[Iter 46350/50000] Total=0.31392 | NS=0.30419 CO2(scaled)=0.00094 CO2_weight=1.00 guide_w=14.7 Walls=0.00074(x10) g_ns/g_walls=3.01 Windows=0.00096 Doors=0.00040 IC=0.00000 CO2_BC=0.00008 LR=8.70e-05 nu=0.01 NSraw=2.604 alpha(W1/W8/all)=0.59/0.39/0.48 | 0.62 it/s
[Iter 46360/50000] Total=0.42049 | NS=0.41553 CO2(scaled)=0.00085 CO2_weight=1.00 guide_w=14.7 Walls=0.00024(x10) g_ns/g_walls=3.01 Windows=0.00118 Doors=0.00045 IC=0.00000 CO2_BC=0.00008 LR=8.70e-05 nu=0.01 NSraw=5.925 alpha(W1/W8/all)=0.59/0.39/0.48 | 0.62 it/s
[Iter 46370/50000] Total=0.11226 | NS=0.10330 CO2(scaled)=0.00154 CO2_weight=1.00 guide_w=14.7 Walls=0.00057(x10) g_ns/g_walls=3.01 Windows=0.00122 Doors=0.00040 IC=0.00000 CO2_BC=0.00007 LR=8.69e-05 nu=0.01 NSraw=0.3799 alpha(W1/W8/all)=0.59/0.39/0.48 | 0.62 it/s
[Iter 46380/50000] Total=0.13818 | NS=0.13438 CO2(scaled)=0.00091 CO2_weight=1.00 guide_w=14.7 Walls=0.00019(x10) g_ns/g_walls=3.01 Windows=0.00063 Doors=0.00031 IC=0.00000 CO2_BC=0.00008 LR=8.69e-05 nu=0.01 NSraw=0.5513 alpha(W1/W8/all)=0.59/0.39/0.48 | 0.62 it/s
[Iter 46390/50000] Total=0.05725 | NS=0.05104 CO2(scaled)=0.00096 CO2_weight=1.00 guide_w=14.7 Walls=0.00038(x10) g_ns/g_walls=3.01 Windows=0.00094 Doors=0.00041 IC=0.00000 CO2_BC=0.00008 LR=8.68e-05 nu=0.01 NSraw=0.07459 alpha(W1/W8/all)=0.59/0.39/0.48 | 0.62 it/s
[Iter 46400/50000] Total=1.53643 | NS=1.53114 CO2(scaled)=0.00110 CO2_weight=1.00 guide_w=618 Walls=0.00028(x10) g_ns/g_walls=191 Windows=0.00092 Doors=0.00041 IC=0.00000 CO2_BC=0.00009 LR=8.68e-05 nu=0.01 NSraw=221.9 alpha(W1/W8/all)=0.59/0.39/0.48 | 0.62 it/s
[Iter 46410/50000] Total=0.11177 | NS=0.10557 CO2(scaled)=0.00132 CO2_weight=1.00 guide_w=618 Walls=0.00035(x10) g_ns/g_walls=191 Windows=0.00097 Doors=0.00036 IC=0.00000 CO2_BC=0.00008 LR=8.67e-05 nu=0.01 NSraw=0.2218 alpha(W1/W8/all)=0.59/0.39/0.48 | 0.62 it/s
[Iter 46420/50000] Total=0.41351 | NS=0.40006 CO2(scaled)=0.00196 CO2_weight=1.00 guide_w=618 Walls=0.00096(x10) g_ns/g_walls=191 Windows=0.00133 Doors=0.00046 IC=0.00000 CO2_BC=0.00008 LR=8.67e-05 nu=0.01 NSraw=7.32 alpha(W1/W8/all)=0.59/0.39/0.48 | 0.62 it/s
[Iter 46430/50000] Total=1.18038 | NS=1.17310 CO2(scaled)=0.00158 CO2_weight=1.00 guide_w=618 Walls=0.00043(x10) g_ns/g_walls=191 Windows=0.00093 Doors=0.00041 IC=0.00000 CO2_BC=0.00008 LR=8.66e-05 nu=0.01 NSraw=114.9 alpha(W1/W8/all)=0.59/0.39/0.48 | 0.62 it/s
[Iter 46440/50000] Total=0.35113 | NS=0.34231 CO2(scaled)=0.00144 CO2_weight=1.00 guide_w=618 Walls=0.00059(x10) g_ns/g_walls=191 Windows=0.00101 Doors=0.00035 IC=0.00000 CO2_BC=0.00009 LR=8.66e-05 nu=0.01 NSraw=8.223 alpha(W1/W8/all)=0.59/0.39/0.48 | 0.62 it/s
[Iter 46450/50000] Total=0.39265 | NS=0.38386 CO2(scaled)=0.00109 CO2_weight=1.00 guide_w=618 Walls=0.00059(x10) g_ns/g_walls=191 Windows=0.00124 Doors=0.00046 IC=0.00000 CO2_BC=0.00008 LR=8.66e-05 nu=0.01 NSraw=10.65 alpha(W1/W8/all)=0.59/0.39/0.48 | 0.62 it/s
[Iter 46460/50000] Total=0.04838 | NS=0.04266 CO2(scaled)=0.00097 CO2_weight=1.00 guide_w=618 Walls=0.00033(x10) g_ns/g_walls=191 Windows=0.00091 Doors=0.00041 IC=0.00000 CO2_BC=0.00010 LR=8.65e-05 nu=0.01 NSraw=0.06537 alpha(W1/W8/all)=0.59/0.39/0.48 | 0.62 it/s
[Iter 46470/50000] Total=0.12482 | NS=0.11825 CO2(scaled)=0.00102 CO2_weight=1.00 guide_w=618 Walls=0.00040(x10) g_ns/g_walls=191 Windows=0.00091 Doors=0.00055 IC=0.00000 CO2_BC=0.00007 LR=8.65e-05 nu=0.01 NSraw=0.2838 alpha(W1/W8/all)=0.59/0.39/0.48 | 0.62 it/s
[Iter 46480/50000] Total=0.07253 | NS=0.06345 CO2(scaled)=0.00090 CO2_weight=1.00 guide_w=618 Walls=0.00065(x10) g_ns/g_walls=191 Windows=0.00113 Doors=0.00043 IC=0.00000 CO2_BC=0.00008 LR=8.64e-05 nu=0.01 NSraw=0.1138 alpha(W1/W8/all)=0.59/0.39/0.48 | 0.62 it/s
[Iter 46490/50000] Total=0.08256 | NS=0.07337 CO2(scaled)=0.00092 CO2_weight=1.00 guide_w=618 Walls=0.00068(x10) g_ns/g_walls=191 Windows=0.00091 Doors=0.00048 IC=0.00000 CO2_BC=0.00007 LR=8.64e-05 nu=0.01 NSraw=0.1337 alpha(W1/W8/all)=0.59/0.39/0.48 | 0.62 it/s
[Iter 46500/50000] Total=0.06680 | NS=0.06173 CO2(scaled)=0.00083 CO2_weight=1.00 guide_w=10.6 Walls=0.00030(x10) g_ns/g_walls=2.4 Windows=0.00076 Doors=0.00038 IC=0.00000 CO2_BC=0.00008 LR=8.63e-05 nu=0.01 NSraw=0.1261 alpha(W1/W8/all)=0.59/0.39/0.48 | 0.62 it/s
[Iter 46510/50000] Total=0.08728 | NS=0.08029 CO2(scaled)=0.00080 CO2_weight=1.00 guide_w=10.6 Walls=0.00047(x10) g_ns/g_walls=2.4 Windows=0.00097 Doors=0.00041 IC=0.00000 CO2_BC=0.00008 LR=8.63e-05 nu=0.01 NSraw=0.1862 alpha(W1/W8/all)=0.59/0.39/0.48 | 0.62 it/s
[Iter 46520/50000] Total=0.03227 | NS=0.02694 CO2(scaled)=0.00079 CO2_weight=1.00 guide_w=10.6 Walls=0.00030(x10) g_ns/g_walls=2.4 Windows=0.00110 Doors=0.00038 IC=0.00000 CO2_BC=0.00008 LR=8.62e-05 nu=0.01 NSraw=0.03146 alpha(W1/W8/all)=0.59/0.39/0.48 | 0.62 it/s
[Iter 46530/50000] Total=0.74557 | NS=0.74096 CO2(scaled)=0.00098 CO2_weight=1.00 guide_w=10.6 Walls=0.00025(x10) g_ns/g_walls=2.4 Windows=0.00070 Doors=0.00033 IC=0.00000 CO2_BC=0.00006 LR=8.62e-05 nu=0.01 NSraw=45.85 alpha(W1/W8/all)=0.59/0.39/0.48 | 0.62 it/s
[Iter 46540/50000] Total=0.20040 | NS=0.18024 CO2(scaled)=0.00102 CO2_weight=1.00 guide_w=10.6 Walls=0.00165(x10) g_ns/g_walls=2.4 Windows=0.00216 Doors=0.00043 IC=0.00000 CO2_BC=0.00007 LR=8.61e-05 nu=0.01 NSraw=1.14 alpha(W1/W8/all)=0.59/0.39/0.48 | 0.62 it/s
[Iter 46550/50000] Total=0.09751 | NS=0.08768 CO2(scaled)=0.00111 CO2_weight=1.00 guide_w=10.6 Walls=0.00071(x10) g_ns/g_walls=2.4 Windows=0.00121 Doors=0.00031 IC=0.00000 CO2_BC=0.00006 LR=8.61e-05 nu=0.01 NSraw=0.2398 alpha(W1/W8/all)=0.59/0.39/0.48 | 0.62 it/s
[Iter 46560/50000] Total=0.33367 | NS=0.32031 CO2(scaled)=0.00101 CO2_weight=1.00 guide_w=10.6 Walls=0.00104(x10) g_ns/g_walls=2.4 Windows=0.00156 Doors=0.00031 IC=0.00000 CO2_BC=0.00008 LR=8.61e-05 nu=0.01 NSraw=7.625 alpha(W1/W8/all)=0.59/0.39/0.48 | 0.62 it/s
[Iter 46570/50000] Total=0.06995 | NS=0.06037 CO2(scaled)=0.00094 CO2_weight=1.00 guide_w=10.6 Walls=0.00071(x10) g_ns/g_walls=2.4 Windows=0.00111 Doors=0.00031 IC=0.00000 CO2_BC=0.00010 LR=8.60e-05 nu=0.01 NSraw=0.1151 alpha(W1/W8/all)=0.59/0.39/0.48 | 0.62 it/s
[Iter 46580/50000] Total=0.07373 | NS=0.06644 CO2(scaled)=0.00102 CO2_weight=1.00 guide_w=10.6 Walls=0.00044(x10) g_ns/g_walls=2.4 Windows=0.00136 Doors=0.00037 IC=0.00000 CO2_BC=0.00009 LR=8.60e-05 nu=0.01 NSraw=0.1417 alpha(W1/W8/all)=0.59/0.39/0.48 | 0.62 it/s
[Iter 46590/50000] Total=0.36392 | NS=0.35810 CO2(scaled)=0.00110 CO2_weight=1.00 guide_w=10.6 Walls=0.00032(x10) g_ns/g_walls=2.4 Windows=0.00121 Doors=0.00024 IC=0.00000 CO2_BC=0.00008 LR=8.59e-05 nu=0.01 NSraw=9.413 alpha(W1/W8/all)=0.59/0.39/0.48 | 0.62 it/s
[Iter 46600/50000] Total=0.21912 | NS=0.21151 CO2(scaled)=0.00112 CO2_weight=1.00 guide_w=33.4 Walls=0.00050(x10) g_ns/g_walls=3.42 Windows=0.00109 Doors=0.00037 IC=0.00000 CO2_BC=0.00007 LR=8.59e-05 nu=0.01 NSraw=1.014 alpha(W1/W8/all)=0.59/0.39/0.48 | 0.62 it/s
[Iter 46610/50000] Total=0.82664 | NS=0.82030 CO2(scaled)=0.00096 CO2_weight=1.00 guide_w=33.4 Walls=0.00039(x10) g_ns/g_walls=3.42 Windows=0.00111 Doors=0.00032 IC=0.00000 CO2_BC=0.00008 LR=8.58e-05 nu=0.01 NSraw=42.3 alpha(W1/W8/all)=0.59/0.39/0.48 | 0.62 it/s
[Iter 46620/50000] Total=0.09423 | NS=0.08610 CO2(scaled)=0.00113 CO2_weight=1.00 guide_w=33.4 Walls=0.00055(x10) g_ns/g_walls=3.42 Windows=0.00103 Doors=0.00041 IC=0.00000 CO2_BC=0.00008 LR=8.58e-05 nu=0.01 NSraw=0.2067 alpha(W1/W8/all)=0.59/0.39/0.48 | 0.62 it/s
[Iter 46630/50000] Total=0.17584 | NS=0.17062 CO2(scaled)=0.00080 CO2_weight=1.00 guide_w=33.4 Walls=0.00031(x10) g_ns/g_walls=3.42 Windows=0.00080 Doors=0.00043 IC=0.00000 CO2_BC=0.00008 LR=8.57e-05 nu=0.01 NSraw=0.8356 alpha(W1/W8/all)=0.59/0.39/0.48 | 0.62 it/s
[Iter 46640/50000] Total=0.11525 | NS=0.10886 CO2(scaled)=0.00103 CO2_weight=1.00 guide_w=33.4 Walls=0.00040(x10) g_ns/g_walls=3.42 Windows=0.00090 Doors=0.00036 IC=0.00000 CO2_BC=0.00008 LR=8.57e-05 nu=0.01 NSraw=0.4565 alpha(W1/W8/all)=0.59/0.39/0.48 | 0.62 it/s
[Iter 46650/50000] Total=0.13028 | NS=0.12377 CO2(scaled)=0.00146 CO2_weight=1.00 guide_w=33.4 Walls=0.00034(x10) g_ns/g_walls=3.42 Windows=0.00121 Doors=0.00033 IC=0.00000 CO2_BC=0.00008 LR=8.56e-05 nu=0.01 NSraw=0.4358 alpha(W1/W8/all)=0.59/0.39/0.48 | 0.62 it/s
[Iter 46660/50000] Total=0.13073 | NS=0.12105 CO2(scaled)=0.00103 CO2_weight=1.00 guide_w=33.4 Walls=0.00068(x10) g_ns/g_walls=3.42 Windows=0.00144 Doors=0.00036 IC=0.00000 CO2_BC=0.00007 LR=8.56e-05 nu=0.01 NSraw=0.4838 alpha(W1/W8/all)=0.59/0.39/0.48 | 0.62 it/s
[Iter 46670/50000] Total=0.06955 | NS=0.06128 CO2(scaled)=0.00108 CO2_weight=1.00 guide_w=33.4 Walls=0.00055(x10) g_ns/g_walls=3.42 Windows=0.00128 Doors=0.00033 IC=0.00000 CO2_BC=0.00010 LR=8.56e-05 nu=0.01 NSraw=0.1134 alpha(W1/W8/all)=0.59/0.39/0.48 | 0.62 it/s
[Iter 46680/50000] Total=0.40957 | NS=0.40527 CO2(scaled)=0.00094 CO2_weight=1.00 guide_w=33.4 Walls=0.00022(x10) g_ns/g_walls=3.42 Windows=0.00069 Doors=0.00039 IC=0.00000 CO2_BC=0.00007 LR=8.55e-05 nu=0.01 NSraw=7.035 alpha(W1/W8/all)=0.59/0.39/0.48 | 0.62 it/s
[Iter 46690/50000] Total=0.15193 | NS=0.13522 CO2(scaled)=0.00075 CO2_weight=1.00 guide_w=33.4 Walls=0.00146(x10) g_ns/g_walls=3.42 Windows=0.00082 Doors=0.00041 IC=0.00000 CO2_BC=0.00009 LR=8.55e-05 nu=0.01 NSraw=0.6424 alpha(W1/W8/all)=0.59/0.39/0.48 | 0.62 it/s
[Iter 46700/50000] Total=0.13350 | NS=0.12797 CO2(scaled)=0.00091 CO2_weight=1.00 guide_w=57.9 Walls=0.00032(x10) g_ns/g_walls=14.9 Windows=0.00085 Doors=0.00046 IC=0.00000 CO2_BC=0.00009 LR=8.54e-05 nu=0.01 NSraw=0.5652 alpha(W1/W8/all)=0.59/0.39/0.48 | 0.62 it/s
[Iter 46710/50000] Total=0.48925 | NS=0.47853 CO2(scaled)=0.00099 CO2_weight=1.00 guide_w=57.9 Walls=0.00076(x10) g_ns/g_walls=14.9 Windows=0.00157 Doors=0.00045 IC=0.00000 CO2_BC=0.00008 LR=8.54e-05 nu=0.01 NSraw=16.82 alpha(W1/W8/all)=0.59/0.39/0.48 | 0.62 it/s
[Iter 46720/50000] Total=3.59483 | NS=3.58326 CO2(scaled)=0.00104 CO2_weight=1.00 guide_w=57.9 Walls=0.00085(x10) g_ns/g_walls=14.9 Windows=0.00145 Doors=0.00045 IC=0.00000 CO2_BC=0.00008 LR=8.53e-05 nu=0.01 NSraw=1238 alpha(W1/W8/all)=0.59/0.39/0.48 | 0.62 it/s
[Iter 46730/50000] Total=0.05699 | NS=0.04937 CO2(scaled)=0.00102 CO2_weight=1.00 guide_w=57.9 Walls=0.00049(x10) g_ns/g_walls=14.9 Windows=0.00107 Doors=0.00048 IC=0.00000 CO2_BC=0.00009 LR=8.53e-05 nu=0.01 NSraw=0.06344 alpha(W1/W8/all)=0.59/0.39/0.48 | 0.62 it/s
[Iter 46740/50000] Total=0.09761 | NS=0.08765 CO2(scaled)=0.00078 CO2_weight=1.00 guide_w=57.9 Walls=0.00071(x10) g_ns/g_walls=14.9 Windows=0.00157 Doors=0.00045 IC=0.00000 CO2_BC=0.00009 LR=8.52e-05 nu=0.01 NSraw=0.3321 alpha(W1/W8/all)=0.59/0.39/0.48 | 0.62 it/s
[Iter 46750/50000] Total=0.06092 | NS=0.05155 CO2(scaled)=0.00092 CO2_weight=1.00 guide_w=57.9 Walls=0.00067(x10) g_ns/g_walls=14.9 Windows=0.00132 Doors=0.00036 IC=0.00000 CO2_BC=0.00009 LR=8.52e-05 nu=0.01 NSraw=0.07277 alpha(W1/W8/all)=0.59/0.39/0.48 | 0.62 it/s
[Iter 46760/50000] Total=0.48159 | NS=0.46522 CO2(scaled)=0.00140 CO2_weight=1.00 guide_w=57.9 Walls=0.00126(x10) g_ns/g_walls=14.9 Windows=0.00187 Doors=0.00043 IC=0.00000 CO2_BC=0.00008 LR=8.52e-05 nu=0.01 NSraw=9.383 alpha(W1/W8/all)=0.59/0.39/0.48 | 0.62 it/s
[Iter 46770/50000] Total=0.05513 | NS=0.04842 CO2(scaled)=0.00109 CO2_weight=1.00 guide_w=57.9 Walls=0.00043(x10) g_ns/g_walls=14.9 Windows=0.00087 Doors=0.00042 IC=0.00000 CO2_BC=0.00009 LR=8.51e-05 nu=0.01 NSraw=0.06874 alpha(W1/W8/all)=0.59/0.39/0.48 | 0.62 it/s
[Iter 46780/50000] Total=0.26340 | NS=0.25748 CO2(scaled)=0.00116 CO2_weight=1.00 guide_w=57.9 Walls=0.00034(x10) g_ns/g_walls=14.9 Windows=0.00086 Doors=0.00048 IC=0.00000 CO2_BC=0.00008 LR=8.51e-05 nu=0.01 NSraw=1.098 alpha(W1/W8/all)=0.59/0.39/0.48 | 0.62 it/s
[Iter 46790/50000] Total=0.18113 | NS=0.17371 CO2(scaled)=0.00101 CO2_weight=1.00 guide_w=57.9 Walls=0.00045(x10) g_ns/g_walls=14.9 Windows=0.00126 Doors=0.00052 IC=0.00000 CO2_BC=0.00008 LR=8.50e-05 nu=0.01 NSraw=0.7985 alpha(W1/W8/all)=0.59/0.39/0.48 | 0.62 it/s
[Iter 46800/50000] Total=0.09264 | NS=0.08595 CO2(scaled)=0.00090 CO2_weight=1.00 guide_w=6.91 Walls=0.00040(x10) g_ns/g_walls=1.02 Windows=0.00117 Doors=0.00054 IC=0.00000 CO2_BC=0.00007 LR=8.50e-05 nu=0.01 NSraw=0.2582 alpha(W1/W8/all)=0.59/0.39/0.48 | 0.62 it/s
[Iter 46810/50000] Total=0.05915 | NS=0.05333 CO2(scaled)=0.00105 CO2_weight=1.00 guide_w=6.91 Walls=0.00034(x10) g_ns/g_walls=1.02 Windows=0.00085 Doors=0.00042 IC=0.00000 CO2_BC=0.00007 LR=8.49e-05 nu=0.01 NSraw=0.08381 alpha(W1/W8/all)=0.59/0.39/0.48 | 0.62 it/s
[Iter 46820/50000] Total=0.14386 | NS=0.13681 CO2(scaled)=0.00119 CO2_weight=1.00 guide_w=6.91 Walls=0.00041(x10) g_ns/g_walls=1.02 Windows=0.00123 Doors=0.00047 IC=0.00000 CO2_BC=0.00008 LR=8.49e-05 nu=0.01 NSraw=0.5374 alpha(W1/W8/all)=0.59/0.39/0.48 | 0.62 it/s
[Iter 46830/50000] Total=0.07220 | NS=0.06340 CO2(scaled)=0.00135 CO2_weight=1.00 guide_w=6.91 Walls=0.00059(x10) g_ns/g_walls=1.02 Windows=0.00106 Doors=0.00044 IC=0.00000 CO2_BC=0.00007 LR=8.48e-05 nu=0.01 NSraw=0.2211 alpha(W1/W8/all)=0.59/0.39/0.48 | 0.62 it/s
[Iter 46840/50000] Total=1.50236 | NS=1.49346 CO2(scaled)=0.00152 CO2_weight=1.00 guide_w=6.91 Walls=0.00052(x10) g_ns/g_walls=1.02 Windows=0.00158 Doors=0.00057 IC=0.00000 CO2_BC=0.00008 LR=8.48e-05 nu=0.01 NSraw=197.5 alpha(W1/W8/all)=0.59/0.39/0.48 | 0.62 it/s
[Iter 46850/50000] Total=0.22801 | NS=0.21705 CO2(scaled)=0.00137 CO2_weight=1.00 guide_w=6.91 Walls=0.00077(x10) g_ns/g_walls=1.02 Windows=0.00137 Doors=0.00044 IC=0.00000 CO2_BC=0.00008 LR=8.47e-05 nu=0.01 NSraw=1.356 alpha(W1/W8/all)=0.59/0.39/0.48 | 0.62 it/s
[Iter 46860/50000] Total=0.07538 | NS=0.06892 CO2(scaled)=0.00122 CO2_weight=1.00 guide_w=6.91 Walls=0.00038(x10) g_ns/g_walls=1.02 Windows=0.00087 Doors=0.00051 IC=0.00000 CO2_BC=0.00007 LR=8.47e-05 nu=0.01 NSraw=0.1423 alpha(W1/W8/all)=0.59/0.39/0.48 | 0.62 it/s
[Iter 46870/50000] Total=0.05630 | NS=0.05059 CO2(scaled)=0.00106 CO2_weight=1.00 guide_w=6.91 Walls=0.00032(x10) g_ns/g_walls=1.02 Windows=0.00094 Doors=0.00040 IC=0.00000 CO2_BC=0.00008 LR=8.47e-05 nu=0.01 NSraw=0.07587 alpha(W1/W8/all)=0.59/0.39/0.48 | 0.62 it/s
[Iter 46880/50000] Total=0.09200 | NS=0.08320 CO2(scaled)=0.00097 CO2_weight=1.00 guide_w=6.91 Walls=0.00061(x10) g_ns/g_walls=1.02 Windows=0.00123 Doors=0.00042 IC=0.00000 CO2_BC=0.00008 LR=8.46e-05 nu=0.01 NSraw=0.3769 alpha(W1/W8/all)=0.59/0.39/0.48 | 0.62 it/s
[Iter 46890/50000] Total=0.04606 | NS=0.04127 CO2(scaled)=0.00118 CO2_weight=1.00 guide_w=6.91 Walls=0.00021(x10) g_ns/g_walls=1.02 Windows=0.00084 Doors=0.00056 IC=0.00000 CO2_BC=0.00007 LR=8.46e-05 nu=0.01 NSraw=0.04924 alpha(W1/W8/all)=0.59/0.39/0.48 | 0.62 it/s
[Iter 46900/50000] Total=0.39318 | NS=0.38555 CO2(scaled)=0.00133 CO2_weight=1.00 guide_w=181 Walls=0.00045(x10) g_ns/g_walls=30.5 Windows=0.00118 Doors=0.00053 IC=0.00000 CO2_BC=0.00007 LR=8.45e-05 nu=0.01 NSraw=12.67 alpha(W1/W8/all)=0.59/0.39/0.48 | 0.62 it/s
[Iter 46910/50000] Total=0.04327 | NS=0.03649 CO2(scaled)=0.00087 CO2_weight=1.00 guide_w=181 Walls=0.00043(x10) g_ns/g_walls=30.5 Windows=0.00112 Doors=0.00046 IC=0.00000 CO2_BC=0.00008 LR=8.45e-05 nu=0.01 NSraw=0.0454 alpha(W1/W8/all)=0.59/0.39/0.48 | 0.62 it/s
[Iter 46920/50000] Total=0.03808 | NS=0.03301 CO2(scaled)=0.00087 CO2_weight=1.00 guide_w=181 Walls=0.00027(x10) g_ns/g_walls=30.5 Windows=0.00090 Doors=0.00053 IC=0.00000 CO2_BC=0.00006 LR=8.44e-05 nu=0.01 NSraw=0.04224 alpha(W1/W8/all)=0.59/0.39/0.48 | 0.62 it/s
[Iter 46930/50000] Total=0.15111 | NS=0.14639 CO2(scaled)=0.00100 CO2_weight=1.00 guide_w=181 Walls=0.00024(x10) g_ns/g_walls=30.5 Windows=0.00084 Doors=0.00042 IC=0.00000 CO2_BC=0.00008 LR=8.44e-05 nu=0.01 NSraw=0.7374 alpha(W1/W8/all)=0.59/0.39/0.48 | 0.62 it/s
[Iter 46940/50000] Total=0.07889 | NS=0.07344 CO2(scaled)=0.00097 CO2_weight=1.00 guide_w=181 Walls=0.00029(x10) g_ns/g_walls=30.5 Windows=0.00109 Doors=0.00042 IC=0.00000 CO2_BC=0.00007 LR=8.43e-05 nu=0.01 NSraw=0.1854 alpha(W1/W8/all)=0.59/0.39/0.48 | 0.62 it/s
[Iter 46950/50000] Total=0.22161 | NS=0.21133 CO2(scaled)=0.00074 CO2_weight=1.00 guide_w=181 Walls=0.00081(x10) g_ns/g_walls=30.5 Windows=0.00094 Doors=0.00040 IC=0.00000 CO2_BC=0.00008 LR=8.43e-05 nu=0.01 NSraw=0.8256 alpha(W1/W8/all)=0.59/0.39/0.48 | 0.62 it/s
[Iter 46960/50000] Total=0.03561 | NS=0.02806 CO2(scaled)=0.00085 CO2_weight=1.00 guide_w=181 Walls=0.00050(x10) g_ns/g_walls=30.5 Windows=0.00119 Doors=0.00042 IC=0.00000 CO2_BC=0.00009 LR=8.43e-05 nu=0.01 NSraw=0.0396 alpha(W1/W8/all)=0.59/0.39/0.48 | 0.62 it/s
[Iter 46970/50000] Total=0.02536 | NS=0.01974 CO2(scaled)=0.00096 CO2_weight=1.00 guide_w=181 Walls=0.00030(x10) g_ns/g_walls=30.5 Windows=0.00102 Doors=0.00055 IC=0.00000 CO2_BC=0.00008 LR=8.42e-05 nu=0.01 NSraw=0.02333 alpha(W1/W8/all)=0.59/0.39/0.48 | 0.62 it/s
[Iter 46980/50000] Total=0.09173 | NS=0.08590 CO2(scaled)=0.00088 CO2_weight=1.00 guide_w=181 Walls=0.00034(x10) g_ns/g_walls=30.5 Windows=0.00090 Doors=0.00053 IC=0.00000 CO2_BC=0.00008 LR=8.42e-05 nu=0.01 NSraw=0.2368 alpha(W1/W8/all)=0.59/0.39/0.48 | 0.62 it/s
[Iter 46990/50000] Total=0.07182 | NS=0.06574 CO2(scaled)=0.00089 CO2_weight=1.00 guide_w=181 Walls=0.00035(x10) g_ns/g_walls=30.5 Windows=0.00116 Doors=0.00042 IC=0.00000 CO2_BC=0.00008 LR=8.41e-05 nu=0.01 NSraw=0.1602 alpha(W1/W8/all)=0.59/0.39/0.48 | 0.62 it/s
[Iter 47000/50000] Total=0.05959 | NS=0.05407 CO2(scaled)=0.00077 CO2_weight=1.00 guide_w=10.2 Walls=0.00034(x10) g_ns/g_walls=2.95 Windows=0.00079 Doors=0.00047 IC=0.00000 CO2_BC=0.00008 LR=8.41e-05 nu=0.01 NSraw=0.1164 alpha(W1/W8/all)=0.59/0.39/0.48 | 0.62 it/s
  -> saved checkpoint: /home/iai-labor/BuildingControlCFD/experiments/gnot/checkpoints/v25_nsuniform_r50k/gnot_v25_nsuniform_r50k_iter47000.pth
[Iter 47010/50000] Total=0.04886 | NS=0.04397 CO2(scaled)=0.00077 CO2_weight=1.00 guide_w=10.2 Walls=0.00027(x10) g_ns/g_walls=2.95 Windows=0.00106 Doors=0.00033 IC=0.00000 CO2_BC=0.00008 LR=8.40e-05 nu=0.01 NSraw=0.0844 alpha(W1/W8/all)=0.59/0.39/0.48 | 0.62 it/s
[Iter 47020/50000] Total=0.07851 | NS=0.07168 CO2(scaled)=0.00091 CO2_weight=1.00 guide_w=10.2 Walls=0.00043(x10) g_ns/g_walls=2.95 Windows=0.00101 Doors=0.00048 IC=0.00000 CO2_BC=0.00010 LR=8.40e-05 nu=0.01 NSraw=0.1808 alpha(W1/W8/all)=0.59/0.39/0.48 | 0.62 it/s
[Iter 47030/50000] Total=1.27725 | NS=1.27192 CO2(scaled)=0.00099 CO2_weight=1.00 guide_w=10.2 Walls=0.00030(x10) g_ns/g_walls=2.95 Windows=0.00091 Doors=0.00034 IC=0.00000 CO2_BC=0.00008 LR=8.39e-05 nu=0.01 NSraw=75.23 alpha(W1/W8/all)=0.59/0.39/0.48 | 0.62 it/s
[Iter 47040/50000] Total=0.91019 | NS=0.90560 CO2(scaled)=0.00097 CO2_weight=1.00 guide_w=10.2 Walls=0.00025(x10) g_ns/g_walls=2.95 Windows=0.00077 Doors=0.00027 IC=0.00000 CO2_BC=0.00007 LR=8.39e-05 nu=0.01 NSraw=58.31 alpha(W1/W8/all)=0.59/0.39/0.48 | 0.62 it/s
[Iter 47050/50000] Total=0.15403 | NS=0.14620 CO2(scaled)=0.00088 CO2_weight=1.00 guide_w=10.2 Walls=0.00053(x10) g_ns/g_walls=2.95 Windows=0.00119 Doors=0.00037 IC=0.00000 CO2_BC=0.00008 LR=8.39e-05 nu=0.01 NSraw=1.138 alpha(W1/W8/all)=0.59/0.39/0.48 | 0.62 it/s
[Iter 47060/50000] Total=0.08747 | NS=0.08236 CO2(scaled)=0.00118 CO2_weight=1.00 guide_w=10.2 Walls=0.00025(x10) g_ns/g_walls=2.95 Windows=0.00089 Doors=0.00043 IC=0.00000 CO2_BC=0.00008 LR=8.38e-05 nu=0.01 NSraw=0.1451 alpha(W1/W8/all)=0.59/0.39/0.48 | 0.62 it/s
[Iter 47070/50000] Total=0.11492 | NS=0.10947 CO2(scaled)=0.00084 CO2_weight=1.00 guide_w=10.2 Walls=0.00032(x10) g_ns/g_walls=2.95 Windows=0.00093 Doors=0.00035 IC=0.00000 CO2_BC=0.00007 LR=8.38e-05 nu=0.01 NSraw=0.4322 alpha(W1/W8/all)=0.59/0.39/0.48 | 0.62 it/s
[Iter 47080/50000] Total=0.07133 | NS=0.06450 CO2(scaled)=0.00091 CO2_weight=1.00 guide_w=10.2 Walls=0.00047(x10) g_ns/g_walls=2.95 Windows=0.00090 Doors=0.00030 IC=0.00000 CO2_BC=0.00007 LR=8.37e-05 nu=0.01 NSraw=0.1276 alpha(W1/W8/all)=0.59/0.39/0.48 | 0.62 it/s
[Iter 47090/50000] Total=0.11227 | NS=0.10573 CO2(scaled)=0.00124 CO2_weight=1.00 guide_w=10.2 Walls=0.00039(x10) g_ns/g_walls=2.95 Windows=0.00095 Doors=0.00038 IC=0.00000 CO2_BC=0.00008 LR=8.37e-05 nu=0.01 NSraw=0.2831 alpha(W1/W8/all)=0.59/0.39/0.48 | 0.62 it/s
[Iter 47100/50000] Total=0.19939 | NS=0.19022 CO2(scaled)=0.00089 CO2_weight=1.00 guide_w=799 Walls=0.00072(x10) g_ns/g_walls=62.5 Windows=0.00052 Doors=0.00043 IC=0.00000 CO2_BC=0.00008 LR=8.36e-05 nu=0.01 NSraw=2.16 alpha(W1/W8/all)=0.59/0.39/0.48 | 0.62 it/s
[Iter 47110/50000] Total=0.15959 | NS=0.14788 CO2(scaled)=0.00116 CO2_weight=1.00 guide_w=799 Walls=0.00091(x10) g_ns/g_walls=62.5 Windows=0.00107 Doors=0.00029 IC=0.00000 CO2_BC=0.00010 LR=8.36e-05 nu=0.01 NSraw=0.4422 alpha(W1/W8/all)=0.59/0.39/0.48 | 0.62 it/s
[Iter 47120/50000] Total=0.22214 | NS=0.21631 CO2(scaled)=0.00096 CO2_weight=1.00 guide_w=799 Walls=0.00034(x10) g_ns/g_walls=62.5 Windows=0.00092 Doors=0.00048 IC=0.00000 CO2_BC=0.00007 LR=8.36e-05 nu=0.01 NSraw=1.283 alpha(W1/W8/all)=0.59/0.39/0.48 | 0.62 it/s
[Iter 47130/50000] Total=0.45089 | NS=0.44374 CO2(scaled)=0.00102 CO2_weight=1.00 guide_w=799 Walls=0.00048(x10) g_ns/g_walls=62.5 Windows=0.00078 Doors=0.00051 IC=0.00000 CO2_BC=0.00007 LR=8.35e-05 nu=0.01 NSraw=17.44 alpha(W1/W8/all)=0.59/0.39/0.48 | 0.62 it/s
[Iter 47140/50000] Total=0.67510 | NS=0.66722 CO2(scaled)=0.00121 CO2_weight=1.00 guide_w=799 Walls=0.00054(x10) g_ns/g_walls=62.5 Windows=0.00079 Doors=0.00042 IC=0.00000 CO2_BC=0.00007 LR=8.35e-05 nu=0.01 NSraw=27.79 alpha(W1/W8/all)=0.59/0.39/0.48 | 0.62 it/s
[Iter 47150/50000] Total=0.06650 | NS=0.05852 CO2(scaled)=0.00110 CO2_weight=1.00 guide_w=799 Walls=0.00052(x10) g_ns/g_walls=62.5 Windows=0.00094 Doors=0.00062 IC=0.00000 CO2_BC=0.00008 LR=8.34e-05 nu=0.01 NSraw=0.08241 alpha(W1/W8/all)=0.59/0.39/0.48 | 0.62 it/s
[Iter 47160/50000] Total=0.04792 | NS=0.04180 CO2(scaled)=0.00097 CO2_weight=1.00 guide_w=799 Walls=0.00037(x10) g_ns/g_walls=62.5 Windows=0.00101 Doors=0.00036 IC=0.00000 CO2_BC=0.00007 LR=8.34e-05 nu=0.01 NSraw=0.05637 alpha(W1/W8/all)=0.59/0.39/0.48 | 0.62 it/s
[Iter 47170/50000] Total=0.07038 | NS=0.06038 CO2(scaled)=0.00171 CO2_weight=1.00 guide_w=799 Walls=0.00068(x10) g_ns/g_walls=62.5 Windows=0.00110 Doors=0.00036 IC=0.00000 CO2_BC=0.00007 LR=8.33e-05 nu=0.01 NSraw=0.1098 alpha(W1/W8/all)=0.59/0.39/0.48 | 0.62 it/s
[Iter 47180/50000] Total=0.14180 | NS=0.13455 CO2(scaled)=0.00120 CO2_weight=1.00 guide_w=799 Walls=0.00046(x10) g_ns/g_walls=62.5 Windows=0.00088 Doors=0.00050 IC=0.00000 CO2_BC=0.00008 LR=8.33e-05 nu=0.01 NSraw=0.6663 alpha(W1/W8/all)=0.59/0.39/0.48 | 0.62 it/s
[Iter 47190/50000] Total=0.13860 | NS=0.13085 CO2(scaled)=0.00154 CO2_weight=1.00 guide_w=799 Walls=0.00045(x10) g_ns/g_walls=62.5 Windows=0.00117 Doors=0.00045 IC=0.00000 CO2_BC=0.00007 LR=8.32e-05 nu=0.01 NSraw=0.4952 alpha(W1/W8/all)=0.59/0.39/0.48 | 0.62 it/s
[Iter 47200/50000] Total=0.03945 | NS=0.03104 CO2(scaled)=0.00138 CO2_weight=1.00 guide_w=3.13 Walls=0.00056(x10) g_ns/g_walls=0.941 Windows=0.00099 Doors=0.00034 IC=0.00000 CO2_BC=0.00007 LR=8.32e-05 nu=0.01 NSraw=0.03573 alpha(W1/W8/all)=0.59/0.39/0.48 | 0.62 it/s
[Iter 47210/50000] Total=0.08697 | NS=0.06832 CO2(scaled)=0.00120 CO2_weight=1.00 guide_w=3.13 Walls=0.00148(x10) g_ns/g_walls=0.941 Windows=0.00215 Doors=0.00039 IC=0.00000 CO2_BC=0.00008 LR=8.32e-05 nu=0.01 NSraw=0.1258 alpha(W1/W8/all)=0.59/0.39/0.48 | 0.62 it/s
[Iter 47220/50000] Total=0.22354 | NS=0.21652 CO2(scaled)=0.00085 CO2_weight=1.00 guide_w=3.13 Walls=0.00046(x10) g_ns/g_walls=0.941 Windows=0.00103 Doors=0.00043 IC=0.00000 CO2_BC=0.00007 LR=8.31e-05 nu=0.01 NSraw=2.552 alpha(W1/W8/all)=0.59/0.39/0.48 | 0.62 it/s
[Iter 47230/50000] Total=0.04686 | NS=0.03415 CO2(scaled)=0.00094 CO2_weight=1.00 guide_w=3.13 Walls=0.00102(x10) g_ns/g_walls=0.941 Windows=0.00110 Doors=0.00035 IC=0.00000 CO2_BC=0.00007 LR=8.31e-05 nu=0.01 NSraw=0.06233 alpha(W1/W8/all)=0.59/0.39/0.48 | 0.62 it/s
[Iter 47240/50000] Total=0.56175 | NS=0.55164 CO2(scaled)=0.00138 CO2_weight=1.00 guide_w=3.13 Walls=0.00071(x10) g_ns/g_walls=0.941 Windows=0.00114 Doors=0.00042 IC=0.00000 CO2_BC=0.00008 LR=8.30e-05 nu=0.01 NSraw=13.87 alpha(W1/W8/all)=0.59/0.39/0.48 | 0.62 it/s
[Iter 47250/50000] Total=0.14677 | NS=0.13996 CO2(scaled)=0.00134 CO2_weight=1.00 guide_w=3.13 Walls=0.00043(x10) g_ns/g_walls=0.941 Windows=0.00076 Doors=0.00034 IC=0.00000 CO2_BC=0.00007 LR=8.30e-05 nu=0.01 NSraw=0.7894 alpha(W1/W8/all)=0.59/0.39/0.48 | 0.62 it/s
[Iter 47260/50000] Total=0.07927 | NS=0.07302 CO2(scaled)=0.00106 CO2_weight=1.00 guide_w=3.13 Walls=0.00038(x10) g_ns/g_walls=0.941 Windows=0.00092 Doors=0.00044 IC=0.00000 CO2_BC=0.00007 LR=8.29e-05 nu=0.01 NSraw=0.1487 alpha(W1/W8/all)=0.59/0.39/0.48 | 0.62 it/s
[Iter 47270/50000] Total=0.04126 | NS=0.03515 CO2(scaled)=0.00093 CO2_weight=1.00 guide_w=3.13 Walls=0.00040(x10) g_ns/g_walls=0.941 Windows=0.00068 Doors=0.00041 IC=0.00000 CO2_BC=0.00008 LR=8.29e-05 nu=0.01 NSraw=0.05015 alpha(W1/W8/all)=0.59/0.39/0.48 | 0.62 it/s
[Iter 47280/50000] Total=0.06458 | NS=0.06003 CO2(scaled)=0.00107 CO2_weight=1.00 guide_w=3.13 Walls=0.00022(x10) g_ns/g_walls=0.941 Windows=0.00080 Doors=0.00044 IC=0.00000 CO2_BC=0.00007 LR=8.29e-05 nu=0.01 NSraw=0.08855 alpha(W1/W8/all)=0.59/0.39/0.48 | 0.62 it/s
[Iter 47290/50000] Total=0.13792 | NS=0.13287 CO2(scaled)=0.00085 CO2_weight=1.00 guide_w=3.13 Walls=0.00028(x10) g_ns/g_walls=0.941 Windows=0.00093 Doors=0.00044 IC=0.00000 CO2_BC=0.00007 LR=8.28e-05 nu=0.01 NSraw=0.4539 alpha(W1/W8/all)=0.59/0.39/0.48 | 0.62 it/s
[Iter 47300/50000] Total=0.13663 | NS=0.13100 CO2(scaled)=0.00098 CO2_weight=1.00 guide_w=108 Walls=0.00034(x10) g_ns/g_walls=32.5 Windows=0.00084 Doors=0.00034 IC=0.00000 CO2_BC=0.00008 LR=8.28e-05 nu=0.01 NSraw=0.973 alpha(W1/W8/all)=0.59/0.39/0.48 | 0.62 it/s
[Iter 47310/50000] Total=0.08780 | NS=0.07538 CO2(scaled)=0.00096 CO2_weight=1.00 guide_w=108 Walls=0.00097(x10) g_ns/g_walls=32.5 Windows=0.00133 Doors=0.00040 IC=0.00000 CO2_BC=0.00008 LR=8.27e-05 nu=0.01 NSraw=0.1565 alpha(W1/W8/all)=0.59/0.39/0.48 | 0.62 it/s
[Iter 47320/50000] Total=0.15348 | NS=0.14495 CO2(scaled)=0.00109 CO2_weight=1.00 guide_w=108 Walls=0.00061(x10) g_ns/g_walls=32.5 Windows=0.00095 Doors=0.00033 IC=0.00000 CO2_BC=0.00008 LR=8.27e-05 nu=0.01 NSraw=0.8844 alpha(W1/W8/all)=0.59/0.39/0.48 | 0.62 it/s
[Iter 47330/50000] Total=0.13488 | NS=0.12882 CO2(scaled)=0.00095 CO2_weight=1.00 guide_w=108 Walls=0.00037(x10) g_ns/g_walls=32.5 Windows=0.00093 Doors=0.00038 IC=0.00000 CO2_BC=0.00007 LR=8.26e-05 nu=0.01 NSraw=0.5784 alpha(W1/W8/all)=0.59/0.39/0.48 | 0.62 it/s
[Iter 47340/50000] Total=0.06231 | NS=0.05695 CO2(scaled)=0.00102 CO2_weight=1.00 guide_w=108 Walls=0.00032(x10) g_ns/g_walls=32.5 Windows=0.00079 Doors=0.00030 IC=0.00000 CO2_BC=0.00009 LR=8.26e-05 nu=0.01 NSraw=0.101 alpha(W1/W8/all)=0.59/0.39/0.48 | 0.62 it/s
[Iter 47350/50000] Total=0.07311 | NS=0.06505 CO2(scaled)=0.00073 CO2_weight=1.00 guide_w=108 Walls=0.00062(x10) g_ns/g_walls=32.5 Windows=0.00056 Doors=0.00045 IC=0.00000 CO2_BC=0.00007 LR=8.25e-05 nu=0.01 NSraw=0.1826 alpha(W1/W8/all)=0.59/0.39/0.48 | 0.62 it/s
[Iter 47360/50000] Total=0.07135 | NS=0.06540 CO2(scaled)=0.00083 CO2_weight=1.00 guide_w=108 Walls=0.00038(x10) g_ns/g_walls=32.5 Windows=0.00086 Doors=0.00041 IC=0.00000 CO2_BC=0.00007 LR=8.25e-05 nu=0.01 NSraw=0.1396 alpha(W1/W8/all)=0.59/0.39/0.48 | 0.62 it/s
[Iter 47370/50000] Total=0.09285 | NS=0.08580 CO2(scaled)=0.00127 CO2_weight=1.00 guide_w=108 Walls=0.00042(x10) g_ns/g_walls=32.5 Windows=0.00111 Doors=0.00036 IC=0.00000 CO2_BC=0.00008 LR=8.25e-05 nu=0.01 NSraw=0.2843 alpha(W1/W8/all)=0.59/0.39/0.48 | 0.62 it/s
[Iter 47380/50000] Total=0.37867 | NS=0.36833 CO2(scaled)=0.00087 CO2_weight=1.00 guide_w=108 Walls=0.00078(x10) g_ns/g_walls=32.5 Windows=0.00133 Doors=0.00030 IC=0.00000 CO2_BC=0.00007 LR=8.24e-05 nu=0.01 NSraw=8.624 alpha(W1/W8/all)=0.59/0.39/0.48 | 0.62 it/s
[Iter 47390/50000] Total=0.28089 | NS=0.27418 CO2(scaled)=0.00094 CO2_weight=1.00 guide_w=108 Walls=0.00045(x10) g_ns/g_walls=32.5 Windows=0.00076 Doors=0.00043 IC=0.00000 CO2_BC=0.00008 LR=8.24e-05 nu=0.01 NSraw=3.108 alpha(W1/W8/all)=0.59/0.39/0.48 | 0.62 it/s
[Iter 47400/50000] Total=0.08813 | NS=0.08066 CO2(scaled)=0.00104 CO2_weight=1.00 guide_w=3.37 Walls=0.00049(x10) g_ns/g_walls=0.602 Windows=0.00108 Doors=0.00042 IC=0.00000 CO2_BC=0.00008 LR=8.23e-05 nu=0.01 NSraw=0.2069 alpha(W1/W8/all)=0.59/0.39/0.48 | 0.62 it/s
[Iter 47410/50000] Total=0.04939 | NS=0.04454 CO2(scaled)=0.00082 CO2_weight=1.00 guide_w=3.37 Walls=0.00026(x10) g_ns/g_walls=0.602 Windows=0.00106 Doors=0.00027 IC=0.00000 CO2_BC=0.00009 LR=8.23e-05 nu=0.01 NSraw=0.07672 alpha(W1/W8/all)=0.59/0.39/0.48 | 0.62 it/s
[Iter 47420/50000] Total=0.08266 | NS=0.07490 CO2(scaled)=0.00083 CO2_weight=1.00 guide_w=3.37 Walls=0.00055(x10) g_ns/g_walls=0.602 Windows=0.00089 Doors=0.00044 IC=0.00000 CO2_BC=0.00008 LR=8.22e-05 nu=0.01 NSraw=0.2134 alpha(W1/W8/all)=0.59/0.39/0.48 | 0.62 it/s
[Iter 47430/50000] Total=0.07494 | NS=0.06809 CO2(scaled)=0.00086 CO2_weight=1.00 guide_w=3.37 Walls=0.00047(x10) g_ns/g_walls=0.602 Windows=0.00089 Doors=0.00031 IC=0.00000 CO2_BC=0.00008 LR=8.22e-05 nu=0.01 NSraw=0.131 alpha(W1/W8/all)=0.59/0.39/0.48 | 0.62 it/s
[Iter 47440/50000] Total=0.26743 | NS=0.26216 CO2(scaled)=0.00114 CO2_weight=1.00 guide_w=3.37 Walls=0.00027(x10) g_ns/g_walls=0.602 Windows=0.00095 Doors=0.00038 IC=0.00000 CO2_BC=0.00008 LR=8.22e-05 nu=0.01 NSraw=2.149 alpha(W1/W8/all)=0.59/0.39/0.48 | 0.62 it/s
[Iter 47450/50000] Total=0.02832 | NS=0.01350 CO2(scaled)=0.00092 CO2_weight=1.00 guide_w=3.37 Walls=0.00118(x10) g_ns/g_walls=0.602 Windows=0.00157 Doors=0.00041 IC=0.00000 CO2_BC=0.00009 LR=8.21e-05 nu=0.01 NSraw=0.01428 alpha(W1/W8/all)=0.59/0.39/0.48 | 0.62 it/s
[Iter 47460/50000] Total=0.04690 | NS=0.04172 CO2(scaled)=0.00081 CO2_weight=1.00 guide_w=3.37 Walls=0.00029(x10) g_ns/g_walls=0.602 Windows=0.00099 Doors=0.00043 IC=0.00000 CO2_BC=0.00008 LR=8.21e-05 nu=0.01 NSraw=0.05987 alpha(W1/W8/all)=0.59/0.39/0.48 | 0.62 it/s
[Iter 47470/50000] Total=0.12775 | NS=0.12220 CO2(scaled)=0.00135 CO2_weight=1.00 guide_w=3.37 Walls=0.00027(x10) g_ns/g_walls=0.602 Windows=0.00097 Doors=0.00046 IC=0.00000 CO2_BC=0.00008 LR=8.20e-05 nu=0.01 NSraw=0.6078 alpha(W1/W8/all)=0.59/0.39/0.48 | 0.62 it/s
[Iter 47480/50000] Total=0.65826 | NS=0.65191 CO2(scaled)=0.00097 CO2_weight=1.00 guide_w=3.37 Walls=0.00038(x10) g_ns/g_walls=0.602 Windows=0.00104 Doors=0.00050 IC=0.00000 CO2_BC=0.00007 LR=8.20e-05 nu=0.01 NSraw=33.21 alpha(W1/W8/all)=0.59/0.39/0.48 | 0.62 it/s
[Iter 47490/50000] Total=0.09790 | NS=0.09033 CO2(scaled)=0.00101 CO2_weight=1.00 guide_w=3.37 Walls=0.00047(x10) g_ns/g_walls=0.602 Windows=0.00122 Doors=0.00054 IC=0.00000 CO2_BC=0.00007 LR=8.19e-05 nu=0.01 NSraw=0.3754 alpha(W1/W8/all)=0.59/0.39/0.48 | 0.62 it/s
[Iter 47500/50000] Total=0.12332 | NS=0.11156 CO2(scaled)=0.00086 CO2_weight=1.00 guide_w=12.7 Walls=0.00088(x10) g_ns/g_walls=0.697 Windows=0.00161 Doors=0.00043 IC=0.00000 CO2_BC=0.00008 LR=8.19e-05 nu=0.01 NSraw=0.4292 alpha(W1/W8/all)=0.59/0.39/0.48 | 0.62 it/s
[Iter 47510/50000] Total=0.04794 | NS=0.04208 CO2(scaled)=0.00086 CO2_weight=1.00 guide_w=12.7 Walls=0.00035(x10) g_ns/g_walls=0.697 Windows=0.00099 Doors=0.00041 IC=0.00000 CO2_BC=0.00010 LR=8.19e-05 nu=0.01 NSraw=0.05035 alpha(W1/W8/all)=0.59/0.39/0.48 | 0.62 it/s
[Iter 47520/50000] Total=0.14956 | NS=0.14401 CO2(scaled)=0.00091 CO2_weight=1.00 guide_w=12.7 Walls=0.00031(x10) g_ns/g_walls=0.697 Windows=0.00100 Doors=0.00052 IC=0.00000 CO2_BC=0.00007 LR=8.18e-05 nu=0.01 NSraw=0.6214 alpha(W1/W8/all)=0.59/0.39/0.48 | 0.62 it/s
[Iter 47530/50000] Total=0.71610 | NS=0.70805 CO2(scaled)=0.00109 CO2_weight=1.00 guide_w=12.7 Walls=0.00056(x10) g_ns/g_walls=0.697 Windows=0.00093 Doors=0.00035 IC=0.00000 CO2_BC=0.00008 LR=8.18e-05 nu=0.01 NSraw=41.63 alpha(W1/W8/all)=0.59/0.39/0.48 | 0.62 it/s
[Iter 47540/50000] Total=0.59657 | NS=0.58482 CO2(scaled)=0.00091 CO2_weight=1.00 guide_w=12.7 Walls=0.00089(x10) g_ns/g_walls=0.697 Windows=0.00143 Doors=0.00039 IC=0.00000 CO2_BC=0.00008 LR=8.17e-05 nu=0.01 NSraw=29.08 alpha(W1/W8/all)=0.59/0.39/0.48 | 0.62 it/s
[Iter 47550/50000] Total=0.05312 | NS=0.03766 CO2(scaled)=0.00099 CO2_weight=1.00 guide_w=12.7 Walls=0.00123(x10) g_ns/g_walls=0.697 Windows=0.00173 Doors=0.00039 IC=0.00000 CO2_BC=0.00008 LR=8.17e-05 nu=0.01 NSraw=0.04641 alpha(W1/W8/all)=0.59/0.39/0.48 | 0.62 it/s
[Iter 47560/50000] Total=0.05762 | NS=0.05208 CO2(scaled)=0.00083 CO2_weight=1.00 guide_w=12.7 Walls=0.00030(x10) g_ns/g_walls=0.697 Windows=0.00113 Doors=0.00052 IC=0.00000 CO2_BC=0.00008 LR=8.16e-05 nu=0.01 NSraw=0.07459 alpha(W1/W8/all)=0.59/0.39/0.48 | 0.62 it/s
[Iter 47570/50000] Total=0.03069 | NS=0.02553 CO2(scaled)=0.00085 CO2_weight=1.00 guide_w=12.7 Walls=0.00029(x10) g_ns/g_walls=0.697 Windows=0.00094 Doors=0.00035 IC=0.00000 CO2_BC=0.00007 LR=8.16e-05 nu=0.01 NSraw=0.03295 alpha(W1/W8/all)=0.59/0.39/0.48 | 0.62 it/s
[Iter 47580/50000] Total=0.09869 | NS=0.09289 CO2(scaled)=0.00082 CO2_weight=1.00 guide_w=12.7 Walls=0.00035(x10) g_ns/g_walls=0.697 Windows=0.00090 Doors=0.00054 IC=0.00000 CO2_BC=0.00008 LR=8.16e-05 nu=0.01 NSraw=0.1901 alpha(W1/W8/all)=0.59/0.39/0.48 | 0.62 it/s
[Iter 47590/50000] Total=0.55193 | NS=0.54355 CO2(scaled)=0.00093 CO2_weight=1.00 guide_w=12.7 Walls=0.00058(x10) g_ns/g_walls=0.697 Windows=0.00117 Doors=0.00046 IC=0.00000 CO2_BC=0.00008 LR=8.15e-05 nu=0.01 NSraw=10.1 alpha(W1/W8/all)=0.59/0.39/0.48 | 0.62 it/s
[Iter 47600/50000] Total=0.08559 | NS=0.08060 CO2(scaled)=0.00093 CO2_weight=1.00 guide_w=266 Walls=0.00025(x10) g_ns/g_walls=31.7 Windows=0.00093 Doors=0.00054 IC=0.00000 CO2_BC=0.00008 LR=8.15e-05 nu=0.01 NSraw=0.1792 alpha(W1/W8/all)=0.59/0.39/0.48 | 0.62 it/s
[Iter 47610/50000] Total=0.12480 | NS=0.11852 CO2(scaled)=0.00102 CO2_weight=1.00 guide_w=266 Walls=0.00036(x10) g_ns/g_walls=31.7 Windows=0.00113 Doors=0.00040 IC=0.00000 CO2_BC=0.00009 LR=8.14e-05 nu=0.01 NSraw=0.3705 alpha(W1/W8/all)=0.59/0.39/0.48 | 0.62 it/s
[Iter 47620/50000] Total=0.11825 | NS=0.11344 CO2(scaled)=0.00091 CO2_weight=1.00 guide_w=266 Walls=0.00025(x10) g_ns/g_walls=31.7 Windows=0.00073 Doors=0.00053 IC=0.00000 CO2_BC=0.00009 LR=8.14e-05 nu=0.01 NSraw=0.3745 alpha(W1/W8/all)=0.59/0.39/0.48 | 0.62 it/s
[Iter 47630/50000] Total=0.15531 | NS=0.14192 CO2(scaled)=0.00087 CO2_weight=1.00 guide_w=266 Walls=0.00103(x10) g_ns/g_walls=31.7 Windows=0.00171 Doors=0.00044 IC=0.00000 CO2_BC=0.00008 LR=8.13e-05 nu=0.01 NSraw=0.4923 alpha(W1/W8/all)=0.59/0.39/0.48 | 0.62 it/s
[Iter 47640/50000] Total=0.07198 | NS=0.06333 CO2(scaled)=0.00107 CO2_weight=1.00 guide_w=266 Walls=0.00058(x10) g_ns/g_walls=31.7 Windows=0.00126 Doors=0.00050 IC=0.00000 CO2_BC=0.00007 LR=8.13e-05 nu=0.01 NSraw=0.1769 alpha(W1/W8/all)=0.59/0.39/0.48 | 0.61 it/s
[Iter 47650/50000] Total=0.12036 | NS=0.10855 CO2(scaled)=0.00139 CO2_weight=1.00 guide_w=266 Walls=0.00083(x10) g_ns/g_walls=31.7 Windows=0.00160 Doors=0.00044 IC=0.00000 CO2_BC=0.00009 LR=8.13e-05 nu=0.01 NSraw=0.2477 alpha(W1/W8/all)=0.59/0.39/0.48 | 0.61 it/s
[Iter 47660/50000] Total=0.28759 | NS=0.28225 CO2(scaled)=0.00077 CO2_weight=1.00 guide_w=266 Walls=0.00029(x10) g_ns/g_walls=31.7 Windows=0.00114 Doors=0.00051 IC=0.00000 CO2_BC=0.00006 LR=8.12e-05 nu=0.01 NSraw=5.615 alpha(W1/W8/all)=0.59/0.39/0.48 | 0.61 it/s
[Iter 47670/50000] Total=0.11647 | NS=0.10856 CO2(scaled)=0.00085 CO2_weight=1.00 guide_w=266 Walls=0.00054(x10) g_ns/g_walls=31.7 Windows=0.00113 Doors=0.00047 IC=0.00000 CO2_BC=0.00007 LR=8.12e-05 nu=0.01 NSraw=0.2809 alpha(W1/W8/all)=0.59/0.39/0.48 | 0.61 it/s
[Iter 47680/50000] Total=0.06953 | NS=0.05649 CO2(scaled)=0.00096 CO2_weight=1.00 guide_w=266 Walls=0.00099(x10) g_ns/g_walls=31.7 Windows=0.00171 Doors=0.00041 IC=0.00000 CO2_BC=0.00007 LR=8.11e-05 nu=0.01 NSraw=0.1169 alpha(W1/W8/all)=0.59/0.39/0.48 | 0.61 it/s
[Iter 47690/50000] Total=0.07018 | NS=0.06264 CO2(scaled)=0.00078 CO2_weight=1.00 guide_w=266 Walls=0.00052(x10) g_ns/g_walls=31.7 Windows=0.00111 Doors=0.00042 IC=0.00000 CO2_BC=0.00007 LR=8.11e-05 nu=0.01 NSraw=0.1659 alpha(W1/W8/all)=0.59/0.39/0.48 | 0.61 it/s
[Iter 47700/50000] Total=0.28437 | NS=0.27674 CO2(scaled)=0.00127 CO2_weight=1.00 guide_w=137 Walls=0.00047(x10) g_ns/g_walls=35.9 Windows=0.00107 Doors=0.00047 IC=0.00000 CO2_BC=0.00008 LR=8.10e-05 nu=0.01 NSraw=2.371 alpha(W1/W8/all)=0.59/0.39/0.48 | 0.61 it/s
[Iter 47710/50000] Total=0.03161 | NS=0.02585 CO2(scaled)=0.00079 CO2_weight=1.00 guide_w=137 Walls=0.00033(x10) g_ns/g_walls=35.9 Windows=0.00113 Doors=0.00042 IC=0.00000 CO2_BC=0.00008 LR=8.10e-05 nu=0.01 NSraw=0.03014 alpha(W1/W8/all)=0.59/0.39/0.48 | 0.61 it/s
[Iter 47720/50000] Total=0.23885 | NS=0.23293 CO2(scaled)=0.00109 CO2_weight=1.00 guide_w=137 Walls=0.00033(x10) g_ns/g_walls=35.9 Windows=0.00101 Doors=0.00043 IC=0.00000 CO2_BC=0.00007 LR=8.10e-05 nu=0.01 NSraw=1.23 alpha(W1/W8/all)=0.59/0.39/0.48 | 0.61 it/s
[Iter 47730/50000] Total=0.03845 | NS=0.03140 CO2(scaled)=0.00099 CO2_weight=1.00 guide_w=137 Walls=0.00046(x10) g_ns/g_walls=35.9 Windows=0.00099 Doors=0.00040 IC=0.00000 CO2_BC=0.00008 LR=8.09e-05 nu=0.01 NSraw=0.0466 alpha(W1/W8/all)=0.59/0.39/0.48 | 0.61 it/s
[Iter 47740/50000] Total=0.12927 | NS=0.11930 CO2(scaled)=0.00095 CO2_weight=1.00 guide_w=137 Walls=0.00071(x10) g_ns/g_walls=35.9 Windows=0.00136 Doors=0.00049 IC=0.00000 CO2_BC=0.00008 LR=8.09e-05 nu=0.01 NSraw=0.5243 alpha(W1/W8/all)=0.59/0.39/0.48 | 0.61 it/s
[Iter 47750/50000] Total=0.03969 | NS=0.03271 CO2(scaled)=0.00099 CO2_weight=1.00 guide_w=137 Walls=0.00046(x10) g_ns/g_walls=35.9 Windows=0.00090 Doors=0.00044 IC=0.00000 CO2_BC=0.00007 LR=8.08e-05 nu=0.01 NSraw=0.0476 alpha(W1/W8/all)=0.59/0.39/0.48 | 0.61 it/s
[Iter 47760/50000] Total=0.12856 | NS=0.12170 CO2(scaled)=0.00100 CO2_weight=1.00 guide_w=137 Walls=0.00042(x10) g_ns/g_walls=35.9 Windows=0.00103 Doors=0.00055 IC=0.00000 CO2_BC=0.00008 LR=8.08e-05 nu=0.01 NSraw=0.3207 alpha(W1/W8/all)=0.59/0.39/0.48 | 0.61 it/s
[Iter 47770/50000] Total=0.07734 | NS=0.07173 CO2(scaled)=0.00089 CO2_weight=1.00 guide_w=137 Walls=0.00032(x10) g_ns/g_walls=35.9 Windows=0.00105 Doors=0.00045 IC=0.00000 CO2_BC=0.00007 LR=8.07e-05 nu=0.01 NSraw=0.1802 alpha(W1/W8/all)=0.59/0.39/0.48 | 0.61 it/s
[Iter 47780/50000] Total=0.30501 | NS=0.29497 CO2(scaled)=0.00096 CO2_weight=1.00 guide_w=137 Walls=0.00074(x10) g_ns/g_walls=35.9 Windows=0.00102 Doors=0.00062 IC=0.00000 CO2_BC=0.00007 LR=8.07e-05 nu=0.01 NSraw=5.169 alpha(W1/W8/all)=0.59/0.39/0.48 | 0.61 it/s
[Iter 47790/50000] Total=0.28390 | NS=0.27626 CO2(scaled)=0.00110 CO2_weight=1.00 guide_w=137 Walls=0.00045(x10) g_ns/g_walls=35.9 Windows=0.00114 Doors=0.00084 IC=0.00000 CO2_BC=0.00007 LR=8.07e-05 nu=0.01 NSraw=4.489 alpha(W1/W8/all)=0.59/0.39/0.48 | 0.61 it/s
[Iter 47800/50000] Total=0.04968 | NS=0.04462 CO2(scaled)=0.00089 CO2_weight=1.00 guide_w=6.95 Walls=0.00027(x10) g_ns/g_walls=3.35 Windows=0.00089 Doors=0.00049 IC=0.00000 CO2_BC=0.00007 LR=8.06e-05 nu=0.01 NSraw=0.06828 alpha(W1/W8/all)=0.59/0.39/0.48 | 0.61 it/s
[Iter 47810/50000] Total=0.05974 | NS=0.04814 CO2(scaled)=0.00096 CO2_weight=1.00 guide_w=6.95 Walls=0.00091(x10) g_ns/g_walls=3.35 Windows=0.00094 Doors=0.00050 IC=0.00000 CO2_BC=0.00008 LR=8.06e-05 nu=0.01 NSraw=0.1014 alpha(W1/W8/all)=0.59/0.39/0.48 | 0.61 it/s
[Iter 47820/50000] Total=0.05309 | NS=0.04583 CO2(scaled)=0.00097 CO2_weight=1.00 guide_w=6.95 Walls=0.00046(x10) g_ns/g_walls=3.35 Windows=0.00107 Doors=0.00055 IC=0.00000 CO2_BC=0.00008 LR=8.05e-05 nu=0.01 NSraw=0.07827 alpha(W1/W8/all)=0.59/0.39/0.48 | 0.61 it/s
[Iter 47830/50000] Total=0.05877 | NS=0.05133 CO2(scaled)=0.00089 CO2_weight=1.00 guide_w=6.95 Walls=0.00050(x10) g_ns/g_walls=3.35 Windows=0.00118 Doors=0.00031 IC=0.00000 CO2_BC=0.00007 LR=8.05e-05 nu=0.01 NSraw=0.1198 alpha(W1/W8/all)=0.59/0.39/0.48 | 0.61 it/s
[Iter 47840/50000] Total=0.13621 | NS=0.12839 CO2(scaled)=0.00141 CO2_weight=1.00 guide_w=6.95 Walls=0.00049(x10) g_ns/g_walls=3.35 Windows=0.00105 Doors=0.00041 IC=0.00000 CO2_BC=0.00006 LR=8.04e-05 nu=0.01 NSraw=0.5574 alpha(W1/W8/all)=0.59/0.39/0.48 | 0.61 it/s
[Iter 47850/50000] Total=0.39820 | NS=0.38934 CO2(scaled)=0.00164 CO2_weight=1.00 guide_w=6.95 Walls=0.00059(x10) g_ns/g_walls=3.35 Windows=0.00078 Doors=0.00048 IC=0.00000 CO2_BC=0.00008 LR=8.04e-05 nu=0.01 NSraw=8.31 alpha(W1/W8/all)=0.59/0.39/0.48 | 0.61 it/s
[Iter 47860/50000] Total=0.34762 | NS=0.34205 CO2(scaled)=0.00094 CO2_weight=1.00 guide_w=6.95 Walls=0.00032(x10) g_ns/g_walls=3.35 Windows=0.00092 Doors=0.00044 IC=0.00000 CO2_BC=0.00008 LR=8.04e-05 nu=0.01 NSraw=7.756 alpha(W1/W8/all)=0.59/0.39/0.48 | 0.61 it/s
[Iter 47870/50000] Total=0.22786 | NS=0.22027 CO2(scaled)=0.00096 CO2_weight=1.00 guide_w=6.95 Walls=0.00046(x10) g_ns/g_walls=3.35 Windows=0.00143 Doors=0.00049 IC=0.00000 CO2_BC=0.00008 LR=8.03e-05 nu=0.01 NSraw=1.481 alpha(W1/W8/all)=0.59/0.39/0.48 | 0.61 it/s
[Iter 47880/50000] Total=0.35051 | NS=0.34376 CO2(scaled)=0.00088 CO2_weight=1.00 guide_w=6.95 Walls=0.00045(x10) g_ns/g_walls=3.35 Windows=0.00084 Doors=0.00043 IC=0.00000 CO2_BC=0.00007 LR=8.03e-05 nu=0.01 NSraw=5.738 alpha(W1/W8/all)=0.59/0.39/0.48 | 0.61 it/s
[Iter 47890/50000] Total=0.16377 | NS=0.15853 CO2(scaled)=0.00119 CO2_weight=1.00 guide_w=6.95 Walls=0.00026(x10) g_ns/g_walls=3.35 Windows=0.00087 Doors=0.00051 IC=0.00000 CO2_BC=0.00007 LR=8.02e-05 nu=0.01 NSraw=0.5041 alpha(W1/W8/all)=0.59/0.39/0.48 | 0.61 it/s
[Iter 47900/50000] Total=0.11486 | NS=0.10946 CO2(scaled)=0.00090 CO2_weight=1.00 guide_w=28.3 Walls=0.00030(x10) g_ns/g_walls=3.49 Windows=0.00091 Doors=0.00046 IC=0.00000 CO2_BC=0.00008 LR=8.02e-05 nu=0.01 NSraw=0.2211 alpha(W1/W8/all)=0.59/0.39/0.48 | 0.61 it/s
[Iter 47910/50000] Total=0.08018 | NS=0.07044 CO2(scaled)=0.00091 CO2_weight=1.00 guide_w=28.3 Walls=0.00069(x10) g_ns/g_walls=3.49 Windows=0.00126 Doors=0.00061 IC=0.00000 CO2_BC=0.00008 LR=8.01e-05 nu=0.01 NSraw=0.1945 alpha(W1/W8/all)=0.59/0.39/0.48 | 0.61 it/s
[Iter 47920/50000] Total=0.40731 | NS=0.40063 CO2(scaled)=0.00086 CO2_weight=1.00 guide_w=28.3 Walls=0.00042(x10) g_ns/g_walls=3.49 Windows=0.00111 Doors=0.00044 IC=0.00000 CO2_BC=0.00007 LR=8.01e-05 nu=0.01 NSraw=9.528 alpha(W1/W8/all)=0.59/0.39/0.48 | 0.61 it/s
[Iter 47930/50000] Total=0.70326 | NS=0.69731 CO2(scaled)=0.00108 CO2_weight=1.00 guide_w=28.3 Walls=0.00032(x10) g_ns/g_walls=3.49 Windows=0.00119 Doors=0.00039 IC=0.00000 CO2_BC=0.00008 LR=8.01e-05 nu=0.01 NSraw=20.79 alpha(W1/W8/all)=0.59/0.39/0.48 | 0.61 it/s
[Iter 47940/50000] Total=0.26613 | NS=0.25891 CO2(scaled)=0.00139 CO2_weight=1.00 guide_w=28.3 Walls=0.00043(x10) g_ns/g_walls=3.49 Windows=0.00094 Doors=0.00051 IC=0.00000 CO2_BC=0.00008 LR=8.00e-05 nu=0.01 NSraw=1.668 alpha(W1/W8/all)=0.59/0.39/0.48 | 0.61 it/s
[Iter 47950/50000] Total=1.96582 | NS=1.96047 CO2(scaled)=0.00095 CO2_weight=1.00 guide_w=28.3 Walls=0.00029(x10) g_ns/g_walls=3.49 Windows=0.00088 Doors=0.00055 IC=0.00000 CO2_BC=0.00008 LR=8.00e-05 nu=0.01 NSraw=192.3 alpha(W1/W8/all)=0.59/0.39/0.48 | 0.61 it/s
[Iter 47960/50000] Total=0.07564 | NS=0.06821 CO2(scaled)=0.00117 CO2_weight=1.00 guide_w=28.3 Walls=0.00047(x10) g_ns/g_walls=3.49 Windows=0.00111 Doors=0.00040 IC=0.00000 CO2_BC=0.00008 LR=7.99e-05 nu=0.01 NSraw=0.1819 alpha(W1/W8/all)=0.59/0.39/0.48 | 0.61 it/s
[Iter 47970/50000] Total=0.29142 | NS=0.28581 CO2(scaled)=0.00074 CO2_weight=1.00 guide_w=28.3 Walls=0.00032(x10) g_ns/g_walls=3.49 Windows=0.00108 Doors=0.00053 IC=0.00000 CO2_BC=0.00008 LR=7.99e-05 nu=0.01 NSraw=4.272 alpha(W1/W8/all)=0.59/0.39/0.48 | 0.61 it/s
[Iter 47980/50000] Total=0.22027 | NS=0.21175 CO2(scaled)=0.00091 CO2_weight=1.00 guide_w=28.3 Walls=0.00059(x10) g_ns/g_walls=3.49 Windows=0.00115 Doors=0.00048 IC=0.00000 CO2_BC=0.00008 LR=7.99e-05 nu=0.01 NSraw=1.951 alpha(W1/W8/all)=0.59/0.39/0.48 | 0.61 it/s
[Iter 47990/50000] Total=0.44594 | NS=0.43247 CO2(scaled)=0.00182 CO2_weight=1.00 guide_w=28.3 Walls=0.00098(x10) g_ns/g_walls=3.49 Windows=0.00146 Doors=0.00033 IC=0.00000 CO2_BC=0.00010 LR=7.98e-05 nu=0.01 NSraw=6.978 alpha(W1/W8/all)=0.59/0.39/0.48 | 0.61 it/s
[Iter 48000/50000] Total=0.14231 | NS=0.13573 CO2(scaled)=0.00110 CO2_weight=1.00 guide_w=38.2 Walls=0.00042(x10) g_ns/g_walls=14.3 Windows=0.00094 Doors=0.00029 IC=0.00000 CO2_BC=0.00006 LR=7.98e-05 nu=0.01 NSraw=0.6817 alpha(W1/W8/all)=0.59/0.39/0.48 | 0.61 it/s
  -> saved checkpoint: /home/iai-labor/BuildingControlCFD/experiments/gnot/checkpoints/v25_nsuniform_r50k/gnot_v25_nsuniform_r50k_iter48000.pth
[Iter 48010/50000] Total=0.07815 | NS=0.07202 CO2(scaled)=0.00133 CO2_weight=1.00 guide_w=38.2 Walls=0.00033(x10) g_ns/g_walls=14.3 Windows=0.00108 Doors=0.00034 IC=0.00000 CO2_BC=0.00008 LR=7.97e-05 nu=0.01 NSraw=0.2494 alpha(W1/W8/all)=0.59/0.39/0.48 | 0.61 it/s
[Iter 48020/50000] Total=0.33087 | NS=0.32574 CO2(scaled)=0.00086 CO2_weight=1.00 guide_w=38.2 Walls=0.00029(x10) g_ns/g_walls=14.3 Windows=0.00095 Doors=0.00036 IC=0.00000 CO2_BC=0.00007 LR=7.97e-05 nu=0.01 NSraw=5.053 alpha(W1/W8/all)=0.59/0.39/0.48 | 0.61 it/s
[Iter 48030/50000] Total=0.03206 | NS=0.02594 CO2(scaled)=0.00107 CO2_weight=1.00 guide_w=38.2 Walls=0.00034(x10) g_ns/g_walls=14.3 Windows=0.00121 Doors=0.00037 IC=0.00000 CO2_BC=0.00009 LR=7.96e-05 nu=0.01 NSraw=0.03344 alpha(W1/W8/all)=0.59/0.39/0.48 | 0.61 it/s
[Iter 48040/50000] Total=0.08520 | NS=0.07555 CO2(scaled)=0.00104 CO2_weight=1.00 guide_w=38.2 Walls=0.00066(x10) g_ns/g_walls=14.3 Windows=0.00145 Doors=0.00044 IC=0.00000 CO2_BC=0.00008 LR=7.96e-05 nu=0.01 NSraw=0.1302 alpha(W1/W8/all)=0.59/0.39/0.48 | 0.61 it/s
[Iter 48050/50000] Total=0.17888 | NS=0.16532 CO2(scaled)=0.00094 CO2_weight=1.00 guide_w=38.2 Walls=0.00108(x10) g_ns/g_walls=14.3 Windows=0.00134 Doors=0.00038 IC=0.00000 CO2_BC=0.00008 LR=7.96e-05 nu=0.01 NSraw=0.9432 alpha(W1/W8/all)=0.59/0.39/0.48 | 0.61 it/s
[Iter 48060/50000] Total=0.08879 | NS=0.08254 CO2(scaled)=0.00092 CO2_weight=1.00 guide_w=38.2 Walls=0.00040(x10) g_ns/g_walls=14.3 Windows=0.00086 Doors=0.00036 IC=0.00000 CO2_BC=0.00009 LR=7.95e-05 nu=0.01 NSraw=0.16 alpha(W1/W8/all)=0.59/0.39/0.48 | 0.61 it/s
[Iter 48070/50000] Total=0.11686 | NS=0.10630 CO2(scaled)=0.00096 CO2_weight=1.00 guide_w=38.2 Walls=0.00079(x10) g_ns/g_walls=14.3 Windows=0.00122 Doors=0.00041 IC=0.00000 CO2_BC=0.00009 LR=7.95e-05 nu=0.01 NSraw=0.3211 alpha(W1/W8/all)=0.59/0.39/0.48 | 0.61 it/s
[Iter 48080/50000] Total=0.07700 | NS=0.06848 CO2(scaled)=0.00140 CO2_weight=1.00 guide_w=38.2 Walls=0.00058(x10) g_ns/g_walls=14.3 Windows=0.00088 Doors=0.00037 IC=0.00000 CO2_BC=0.00007 LR=7.94e-05 nu=0.01 NSraw=0.09959 alpha(W1/W8/all)=0.59/0.39/0.48 | 0.61 it/s
[Iter 48090/50000] Total=0.05871 | NS=0.05383 CO2(scaled)=0.00096 CO2_weight=1.00 guide_w=38.2 Walls=0.00028(x10) g_ns/g_walls=14.3 Windows=0.00062 Doors=0.00042 IC=0.00000 CO2_BC=0.00009 LR=7.94e-05 nu=0.01 NSraw=0.08398 alpha(W1/W8/all)=0.59/0.39/0.48 | 0.61 it/s
[Iter 48100/50000] Total=0.09214 | NS=0.08659 CO2(scaled)=0.00113 CO2_weight=1.00 guide_w=16.5 Walls=0.00030(x10) g_ns/g_walls=4.34 Windows=0.00095 Doors=0.00040 IC=0.00000 CO2_BC=0.00007 LR=7.93e-05 nu=0.01 NSraw=0.185 alpha(W1/W8/all)=0.59/0.39/0.48 | 0.61 it/s
[Iter 48110/50000] Total=0.25974 | NS=0.25591 CO2(scaled)=0.00066 CO2_weight=1.00 guide_w=16.5 Walls=0.00015(x10) g_ns/g_walls=4.34 Windows=0.00112 Doors=0.00043 IC=0.00000 CO2_BC=0.00008 LR=7.93e-05 nu=0.01 NSraw=2.863 alpha(W1/W8/all)=0.59/0.39/0.48 | 0.61 it/s
[Iter 48120/50000] Total=0.83613 | NS=0.82714 CO2(scaled)=0.00110 CO2_weight=1.00 guide_w=16.5 Walls=0.00061(x10) g_ns/g_walls=4.34 Windows=0.00135 Doors=0.00036 IC=0.00000 CO2_BC=0.00008 LR=7.93e-05 nu=0.01 NSraw=29.43 alpha(W1/W8/all)=0.59/0.39/0.48 | 0.61 it/s
[Iter 48130/50000] Total=1.71115 | NS=1.70437 CO2(scaled)=0.00111 CO2_weight=1.00 guide_w=16.5 Walls=0.00039(x10) g_ns/g_walls=4.34 Windows=0.00127 Doors=0.00044 IC=0.00000 CO2_BC=0.00007 LR=7.92e-05 nu=0.01 NSraw=225.5 alpha(W1/W8/all)=0.59/0.39/0.48 | 0.61 it/s
[Iter 48140/50000] Total=0.14782 | NS=0.14250 CO2(scaled)=0.00105 CO2_weight=1.00 guide_w=16.5 Walls=0.00029(x10) g_ns/g_walls=4.34 Windows=0.00089 Doors=0.00038 IC=0.00000 CO2_BC=0.00009 LR=7.92e-05 nu=0.01 NSraw=0.517 alpha(W1/W8/all)=0.59/0.39/0.48 | 0.61 it/s
[Iter 48150/50000] Total=0.05961 | NS=0.04864 CO2(scaled)=0.00083 CO2_weight=1.00 guide_w=16.5 Walls=0.00082(x10) g_ns/g_walls=4.34 Windows=0.00156 Doors=0.00032 IC=0.00000 CO2_BC=0.00009 LR=7.91e-05 nu=0.01 NSraw=0.1001 alpha(W1/W8/all)=0.59/0.39/0.48 | 0.61 it/s
[Iter 48160/50000] Total=0.10613 | NS=0.10042 CO2(scaled)=0.00090 CO2_weight=1.00 guide_w=16.5 Walls=0.00033(x10) g_ns/g_walls=4.34 Windows=0.00114 Doors=0.00032 IC=0.00000 CO2_BC=0.00009 LR=7.91e-05 nu=0.01 NSraw=0.4356 alpha(W1/W8/all)=0.59/0.39/0.48 | 0.61 it/s
[Iter 48170/50000] Total=0.37532 | NS=0.36945 CO2(scaled)=0.00094 CO2_weight=1.00 guide_w=16.5 Walls=0.00034(x10) g_ns/g_walls=4.34 Windows=0.00102 Doors=0.00043 IC=0.00000 CO2_BC=0.00007 LR=7.91e-05 nu=0.01 NSraw=10.85 alpha(W1/W8/all)=0.59/0.39/0.48 | 0.61 it/s
[Iter 48180/50000] Total=0.07188 | NS=0.06369 CO2(scaled)=0.00123 CO2_weight=1.00 guide_w=16.5 Walls=0.00055(x10) g_ns/g_walls=4.34 Windows=0.00101 Doors=0.00041 IC=0.00000 CO2_BC=0.00008 LR=7.90e-05 nu=0.01 NSraw=0.1569 alpha(W1/W8/all)=0.59/0.39/0.48 | 0.61 it/s
[Iter 48190/50000] Total=0.18483 | NS=0.17353 CO2(scaled)=0.00175 CO2_weight=1.00 guide_w=16.5 Walls=0.00080(x10) g_ns/g_walls=4.34 Windows=0.00101 Doors=0.00047 IC=0.00000 CO2_BC=0.00008 LR=7.90e-05 nu=0.01 NSraw=1.359 alpha(W1/W8/all)=0.59/0.39/0.48 | 0.61 it/s
[Iter 48200/50000] Total=0.08364 | NS=0.07070 CO2(scaled)=0.00101 CO2_weight=1.00 guide_w=9.9 Walls=0.00101(x10) g_ns/g_walls=0.85 Windows=0.00128 Doors=0.00044 IC=0.00000 CO2_BC=0.00007 LR=7.89e-05 nu=0.01 NSraw=0.116 alpha(W1/W8/all)=0.59/0.39/0.48 | 0.61 it/s
[Iter 48210/50000] Total=0.06641 | NS=0.06057 CO2(scaled)=0.00101 CO2_weight=1.00 guide_w=9.9 Walls=0.00036(x10) g_ns/g_walls=0.85 Windows=0.00073 Doors=0.00041 IC=0.00000 CO2_BC=0.00007 LR=7.89e-05 nu=0.01 NSraw=0.1127 alpha(W1/W8/all)=0.59/0.39/0.48 | 0.61 it/s
[Iter 48220/50000] Total=0.11147 | NS=0.10380 CO2(scaled)=0.00099 CO2_weight=1.00 guide_w=9.9 Walls=0.00050(x10) g_ns/g_walls=0.85 Windows=0.00119 Doors=0.00044 IC=0.00000 CO2_BC=0.00008 LR=7.88e-05 nu=0.01 NSraw=0.2228 alpha(W1/W8/all)=0.59/0.39/0.48 | 0.61 it/s
[Iter 48230/50000] Total=0.09303 | NS=0.08685 CO2(scaled)=0.00089 CO2_weight=1.00 guide_w=9.9 Walls=0.00040(x10) g_ns/g_walls=0.85 Windows=0.00072 Doors=0.00053 IC=0.00000 CO2_BC=0.00007 LR=7.88e-05 nu=0.01 NSraw=0.4276 alpha(W1/W8/all)=0.59/0.39/0.48 | 0.61 it/s
[Iter 48240/50000] Total=0.08306 | NS=0.07815 CO2(scaled)=0.00105 CO2_weight=1.00 guide_w=9.9 Walls=0.00024(x10) g_ns/g_walls=0.85 Windows=0.00088 Doors=0.00050 IC=0.00000 CO2_BC=0.00009 LR=7.88e-05 nu=0.01 NSraw=0.2075 alpha(W1/W8/all)=0.59/0.39/0.48 | 0.61 it/s
[Iter 48250/50000] Total=0.13905 | NS=0.13384 CO2(scaled)=0.00096 CO2_weight=1.00 guide_w=9.9 Walls=0.00026(x10) g_ns/g_walls=0.85 Windows=0.00102 Doors=0.00055 IC=0.00000 CO2_BC=0.00006 LR=7.87e-05 nu=0.01 NSraw=0.5409 alpha(W1/W8/all)=0.59/0.39/0.48 | 0.61 it/s
[Iter 48260/50000] Total=0.11181 | NS=0.10643 CO2(scaled)=0.00107 CO2_weight=1.00 guide_w=9.9 Walls=0.00029(x10) g_ns/g_walls=0.85 Windows=0.00092 Doors=0.00039 IC=0.00000 CO2_BC=0.00007 LR=7.87e-05 nu=0.01 NSraw=0.2358 alpha(W1/W8/all)=0.59/0.39/0.48 | 0.61 it/s
[Iter 48270/50000] Total=0.09570 | NS=0.08876 CO2(scaled)=0.00096 CO2_weight=1.00 guide_w=9.9 Walls=0.00044(x10) g_ns/g_walls=0.85 Windows=0.00120 Doors=0.00036 IC=0.00000 CO2_BC=0.00007 LR=7.86e-05 nu=0.01 NSraw=0.3759 alpha(W1/W8/all)=0.59/0.39/0.48 | 0.61 it/s
[Iter 48280/50000] Total=0.13421 | NS=0.12488 CO2(scaled)=0.00092 CO2_weight=1.00 guide_w=9.9 Walls=0.00065(x10) g_ns/g_walls=0.85 Windows=0.00148 Doors=0.00035 IC=0.00000 CO2_BC=0.00008 LR=7.86e-05 nu=0.01 NSraw=0.6031 alpha(W1/W8/all)=0.59/0.39/0.48 | 0.61 it/s
[Iter 48290/50000] Total=0.08223 | NS=0.07434 CO2(scaled)=0.00107 CO2_weight=1.00 guide_w=9.9 Walls=0.00053(x10) g_ns/g_walls=0.85 Windows=0.00112 Doors=0.00032 IC=0.00000 CO2_BC=0.00008 LR=7.86e-05 nu=0.01 NSraw=0.1294 alpha(W1/W8/all)=0.59/0.39/0.48 | 0.61 it/s
[Iter 48300/50000] Total=0.13203 | NS=0.12686 CO2(scaled)=0.00081 CO2_weight=1.00 guide_w=13.1 Walls=0.00025(x10) g_ns/g_walls=1.72 Windows=0.00130 Doors=0.00044 IC=0.00000 CO2_BC=0.00008 LR=7.85e-05 nu=0.01 NSraw=0.4529 alpha(W1/W8/all)=0.59/0.39/0.48 | 0.61 it/s
[Iter 48310/50000] Total=0.15607 | NS=0.15083 CO2(scaled)=0.00122 CO2_weight=1.00 guide_w=13.1 Walls=0.00023(x10) g_ns/g_walls=1.72 Windows=0.00109 Doors=0.00053 IC=0.00000 CO2_BC=0.00007 LR=7.85e-05 nu=0.01 NSraw=0.7636 alpha(W1/W8/all)=0.59/0.39/0.48 | 0.61 it/s
[Iter 48320/50000] Total=0.06491 | NS=0.05815 CO2(scaled)=0.00110 CO2_weight=1.00 guide_w=13.1 Walls=0.00042(x10) g_ns/g_walls=1.72 Windows=0.00087 Doors=0.00049 IC=0.00000 CO2_BC=0.00008 LR=7.84e-05 nu=0.01 NSraw=0.08596 alpha(W1/W8/all)=0.59/0.39/0.48 | 0.61 it/s
[Iter 48330/50000] Total=0.71515 | NS=0.70939 CO2(scaled)=0.00088 CO2_weight=1.00 guide_w=13.1 Walls=0.00033(x10) g_ns/g_walls=1.72 Windows=0.00101 Doors=0.00054 IC=0.00000 CO2_BC=0.00008 LR=7.84e-05 nu=0.01 NSraw=42.13 alpha(W1/W8/all)=0.59/0.39/0.48 | 0.61 it/s
[Iter 48340/50000] Total=0.06432 | NS=0.05721 CO2(scaled)=0.00087 CO2_weight=1.00 guide_w=13.1 Walls=0.00047(x10) g_ns/g_walls=1.72 Windows=0.00085 Doors=0.00059 IC=0.00000 CO2_BC=0.00008 LR=7.84e-05 nu=0.01 NSraw=0.09326 alpha(W1/W8/all)=0.59/0.39/0.48 | 0.61 it/s
[Iter 48350/50000] Total=0.15873 | NS=0.15201 CO2(scaled)=0.00126 CO2_weight=1.00 guide_w=13.1 Walls=0.00037(x10) g_ns/g_walls=1.72 Windows=0.00117 Doors=0.00049 IC=0.00000 CO2_BC=0.00008 LR=7.83e-05 nu=0.01 NSraw=1.655 alpha(W1/W8/all)=0.59/0.39/0.48 | 0.61 it/s
[Iter 48360/50000] Total=0.06408 | NS=0.05878 CO2(scaled)=0.00064 CO2_weight=1.00 guide_w=13.1 Walls=0.00031(x10) g_ns/g_walls=1.72 Windows=0.00097 Doors=0.00048 IC=0.00000 CO2_BC=0.00007 LR=7.83e-05 nu=0.01 NSraw=0.1388 alpha(W1/W8/all)=0.59/0.39/0.48 | 0.61 it/s
[Iter 48370/50000] Total=0.48868 | NS=0.48329 CO2(scaled)=0.00115 CO2_weight=1.00 guide_w=13.1 Walls=0.00029(x10) g_ns/g_walls=1.72 Windows=0.00081 Doors=0.00052 IC=0.00000 CO2_BC=0.00007 LR=7.82e-05 nu=0.01 NSraw=19.74 alpha(W1/W8/all)=0.59/0.39/0.48 | 0.61 it/s
[Iter 48380/50000] Total=0.21977 | NS=0.21297 CO2(scaled)=0.00091 CO2_weight=1.00 guide_w=13.1 Walls=0.00044(x10) g_ns/g_walls=1.72 Windows=0.00098 Doors=0.00043 IC=0.00000 CO2_BC=0.00008 LR=7.82e-05 nu=0.01 NSraw=2.47 alpha(W1/W8/all)=0.59/0.39/0.48 | 0.61 it/s
[Iter 48390/50000] Total=0.10664 | NS=0.10127 CO2(scaled)=0.00117 CO2_weight=1.00 guide_w=13.1 Walls=0.00028(x10) g_ns/g_walls=1.72 Windows=0.00080 Doors=0.00048 IC=0.00000 CO2_BC=0.00008 LR=7.81e-05 nu=0.01 NSraw=0.3643 alpha(W1/W8/all)=0.59/0.39/0.48 | 0.61 it/s
[Iter 48400/50000] Total=0.09043 | NS=0.08135 CO2(scaled)=0.00100 CO2_weight=1.00 guide_w=5.7 Walls=0.00062(x10) g_ns/g_walls=0.694 Windows=0.00129 Doors=0.00056 IC=0.00000 CO2_BC=0.00006 LR=7.81e-05 nu=0.01 NSraw=0.1759 alpha(W1/W8/all)=0.59/0.39/0.48 | 0.61 it/s
[Iter 48410/50000] Total=0.05855 | NS=0.05345 CO2(scaled)=0.00108 CO2_weight=1.00 guide_w=5.7 Walls=0.00025(x10) g_ns/g_walls=0.694 Windows=0.00082 Doors=0.00066 IC=0.00000 CO2_BC=0.00008 LR=7.81e-05 nu=0.01 NSraw=0.08279 alpha(W1/W8/all)=0.59/0.39/0.48 | 0.61 it/s
[Iter 48420/50000] Total=0.10786 | NS=0.10262 CO2(scaled)=0.00085 CO2_weight=1.00 guide_w=5.7 Walls=0.00030(x10) g_ns/g_walls=0.694 Windows=0.00091 Doors=0.00040 IC=0.00000 CO2_BC=0.00007 LR=7.80e-05 nu=0.01 NSraw=0.2624 alpha(W1/W8/all)=0.59/0.39/0.48 | 0.61 it/s
[Iter 48430/50000] Total=0.37872 | NS=0.37329 CO2(scaled)=0.00089 CO2_weight=1.00 guide_w=5.7 Walls=0.00032(x10) g_ns/g_walls=0.694 Windows=0.00074 Doors=0.00049 IC=0.00000 CO2_BC=0.00007 LR=7.80e-05 nu=0.01 NSraw=8.72 alpha(W1/W8/all)=0.59/0.39/0.48 | 0.61 it/s
[Iter 48440/50000] Total=0.10148 | NS=0.09361 CO2(scaled)=0.00103 CO2_weight=1.00 guide_w=5.7 Walls=0.00049(x10) g_ns/g_walls=0.694 Windows=0.00129 Doors=0.00051 IC=0.00000 CO2_BC=0.00009 LR=7.79e-05 nu=0.01 NSraw=0.348 alpha(W1/W8/all)=0.59/0.39/0.48 | 0.61 it/s
[Iter 48450/50000] Total=0.07471 | NS=0.06933 CO2(scaled)=0.00080 CO2_weight=1.00 guide_w=5.7 Walls=0.00031(x10) g_ns/g_walls=0.694 Windows=0.00093 Doors=0.00047 IC=0.00000 CO2_BC=0.00008 LR=7.79e-05 nu=0.01 NSraw=0.1532 alpha(W1/W8/all)=0.59/0.39/0.48 | 0.61 it/s
[Iter 48460/50000] Total=0.06605 | NS=0.05893 CO2(scaled)=0.00105 CO2_weight=1.00 guide_w=5.7 Walls=0.00044(x10) g_ns/g_walls=0.694 Windows=0.00111 Doors=0.00045 IC=0.00000 CO2_BC=0.00008 LR=7.79e-05 nu=0.01 NSraw=0.1253 alpha(W1/W8/all)=0.59/0.39/0.48 | 0.61 it/s
[Iter 48470/50000] Total=0.17502 | NS=0.16812 CO2(scaled)=0.00074 CO2_weight=1.00 guide_w=5.7 Walls=0.00047(x10) g_ns/g_walls=0.694 Windows=0.00088 Doors=0.00046 IC=0.00000 CO2_BC=0.00008 LR=7.78e-05 nu=0.01 NSraw=1.116 alpha(W1/W8/all)=0.59/0.39/0.48 | 0.61 it/s
[Iter 48480/50000] Total=0.05202 | NS=0.04531 CO2(scaled)=0.00085 CO2_weight=1.00 guide_w=5.7 Walls=0.00044(x10) g_ns/g_walls=0.694 Windows=0.00093 Doors=0.00046 IC=0.00000 CO2_BC=0.00009 LR=7.78e-05 nu=0.01 NSraw=0.06876 alpha(W1/W8/all)=0.59/0.39/0.48 | 0.61 it/s
[Iter 48490/50000] Total=0.44775 | NS=0.44270 CO2(scaled)=0.00095 CO2_weight=1.00 guide_w=5.7 Walls=0.00029(x10) g_ns/g_walls=0.694 Windows=0.00076 Doors=0.00039 IC=0.00000 CO2_BC=0.00007 LR=7.77e-05 nu=0.01 NSraw=13.2 alpha(W1/W8/all)=0.59/0.39/0.48 | 0.61 it/s
[Iter 48500/50000] Total=0.03619 | NS=0.03050 CO2(scaled)=0.00084 CO2_weight=1.00 guide_w=4.44 Walls=0.00032(x10) g_ns/g_walls=1.04 Windows=0.00116 Doors=0.00038 IC=0.00000 CO2_BC=0.00009 LR=7.77e-05 nu=0.01 NSraw=0.04803 alpha(W1/W8/all)=0.59/0.39/0.48 | 0.61 it/s
[Iter 48510/50000] Total=1.42470 | NS=1.41905 CO2(scaled)=0.00091 CO2_weight=1.00 guide_w=4.44 Walls=0.00031(x10) g_ns/g_walls=1.04 Windows=0.00104 Doors=0.00048 IC=0.00000 CO2_BC=0.00007 LR=7.77e-05 nu=0.01 NSraw=191.8 alpha(W1/W8/all)=0.59/0.39/0.48 | 0.61 it/s
[Iter 48520/50000] Total=0.06681 | NS=0.05830 CO2(scaled)=0.00085 CO2_weight=1.00 guide_w=4.44 Walls=0.00062(x10) g_ns/g_walls=1.04 Windows=0.00085 Doors=0.00050 IC=0.00000 CO2_BC=0.00008 LR=7.76e-05 nu=0.01 NSraw=0.1255 alpha(W1/W8/all)=0.59/0.39/0.48 | 0.61 it/s
[Iter 48530/50000] Total=0.12441 | NS=0.11944 CO2(scaled)=0.00076 CO2_weight=1.00 guide_w=4.44 Walls=0.00024(x10) g_ns/g_walls=1.04 Windows=0.00114 Doors=0.00055 IC=0.00000 CO2_BC=0.00008 LR=7.76e-05 nu=0.01 NSraw=0.3412 alpha(W1/W8/all)=0.59/0.39/0.48 | 0.61 it/s
[Iter 48540/50000] Total=0.12207 | NS=0.10435 CO2(scaled)=0.00102 CO2_weight=1.00 guide_w=4.44 Walls=0.00141(x10) g_ns/g_walls=1.04 Windows=0.00202 Doors=0.00057 IC=0.00000 CO2_BC=0.00007 LR=7.75e-05 nu=0.01 NSraw=0.1987 alpha(W1/W8/all)=0.59/0.39/0.48 | 0.61 it/s
[Iter 48550/50000] Total=0.08165 | NS=0.07745 CO2(scaled)=0.00102 CO2_weight=1.00 guide_w=4.44 Walls=0.00020(x10) g_ns/g_walls=1.04 Windows=0.00072 Doors=0.00041 IC=0.00000 CO2_BC=0.00008 LR=7.75e-05 nu=0.01 NSraw=0.1716 alpha(W1/W8/all)=0.59/0.39/0.48 | 0.61 it/s
[Iter 48560/50000] Total=0.62005 | NS=0.61526 CO2(scaled)=0.00084 CO2_weight=1.00 guide_w=4.44 Walls=0.00024(x10) g_ns/g_walls=1.04 Windows=0.00107 Doors=0.00043 IC=0.00000 CO2_BC=0.00008 LR=7.74e-05 nu=0.01 NSraw=35.04 alpha(W1/W8/all)=0.59/0.39/0.48 | 0.61 it/s
[Iter 48570/50000] Total=0.10549 | NS=0.09894 CO2(scaled)=0.00099 CO2_weight=1.00 guide_w=4.44 Walls=0.00040(x10) g_ns/g_walls=1.04 Windows=0.00093 Doors=0.00056 IC=0.00000 CO2_BC=0.00006 LR=7.74e-05 nu=0.01 NSraw=0.2633 alpha(W1/W8/all)=0.59/0.39/0.48 | 0.61 it/s
[Iter 48580/50000] Total=0.16665 | NS=0.15815 CO2(scaled)=0.00121 CO2_weight=1.00 guide_w=4.44 Walls=0.00055(x10) g_ns/g_walls=1.04 Windows=0.00127 Doors=0.00044 IC=0.00000 CO2_BC=0.00009 LR=7.74e-05 nu=0.01 NSraw=0.6855 alpha(W1/W8/all)=0.59/0.39/0.48 | 0.61 it/s
[Iter 48590/50000] Total=0.96846 | NS=0.96305 CO2(scaled)=0.00086 CO2_weight=1.00 guide_w=4.44 Walls=0.00030(x10) g_ns/g_walls=1.04 Windows=0.00103 Doors=0.00042 IC=0.00000 CO2_BC=0.00007 LR=7.73e-05 nu=0.01 NSraw=84.63 alpha(W1/W8/all)=0.59/0.39/0.48 | 0.61 it/s
[Iter 48600/50000] Total=0.12933 | NS=0.12126 CO2(scaled)=0.00100 CO2_weight=1.00 guide_w=4.73 Walls=0.00050(x10) g_ns/g_walls=0.615 Windows=0.00140 Doors=0.00057 IC=0.00000 CO2_BC=0.00008 LR=7.73e-05 nu=0.01 NSraw=0.2827 alpha(W1/W8/all)=0.59/0.39/0.48 | 0.61 it/s
[Iter 48610/50000] Total=0.26653 | NS=0.25489 CO2(scaled)=0.00102 CO2_weight=1.00 guide_w=4.73 Walls=0.00090(x10) g_ns/g_walls=0.615 Windows=0.00110 Doors=0.00046 IC=0.00000 CO2_BC=0.00009 LR=7.72e-05 nu=0.01 NSraw=1.459 alpha(W1/W8/all)=0.59/0.39/0.48 | 0.61 it/s
[Iter 48620/50000] Total=0.06666 | NS=0.05935 CO2(scaled)=0.00100 CO2_weight=1.00 guide_w=4.73 Walls=0.00048(x10) g_ns/g_walls=0.615 Windows=0.00095 Doors=0.00044 IC=0.00000 CO2_BC=0.00007 LR=7.72e-05 nu=0.01 NSraw=0.09579 alpha(W1/W8/all)=0.59/0.39/0.48 | 0.61 it/s
[Iter 48630/50000] Total=0.03963 | NS=0.03173 CO2(scaled)=0.00081 CO2_weight=1.00 guide_w=4.73 Walls=0.00054(x10) g_ns/g_walls=0.615 Windows=0.00108 Doors=0.00058 IC=0.00000 CO2_BC=0.00007 LR=7.72e-05 nu=0.01 NSraw=0.05338 alpha(W1/W8/all)=0.59/0.39/0.48 | 0.61 it/s
[Iter 48640/50000] Total=0.17825 | NS=0.17328 CO2(scaled)=0.00092 CO2_weight=1.00 guide_w=4.73 Walls=0.00027(x10) g_ns/g_walls=0.615 Windows=0.00079 Doors=0.00048 IC=0.00000 CO2_BC=0.00008 LR=7.71e-05 nu=0.01 NSraw=0.9409 alpha(W1/W8/all)=0.59/0.39/0.48 | 0.61 it/s
[Iter 48650/50000] Total=0.11181 | NS=0.10703 CO2(scaled)=0.00094 CO2_weight=1.00 guide_w=4.73 Walls=0.00027(x10) g_ns/g_walls=0.615 Windows=0.00068 Doors=0.00034 IC=0.00000 CO2_BC=0.00007 LR=7.71e-05 nu=0.01 NSraw=0.3806 alpha(W1/W8/all)=0.59/0.39/0.48 | 0.61 it/s
[Iter 48660/50000] Total=0.16808 | NS=0.16243 CO2(scaled)=0.00108 CO2_weight=1.00 guide_w=4.73 Walls=0.00032(x10) g_ns/g_walls=0.615 Windows=0.00079 Doors=0.00047 IC=0.00000 CO2_BC=0.00008 LR=7.70e-05 nu=0.01 NSraw=0.7425 alpha(W1/W8/all)=0.59/0.39/0.48 | 0.61 it/s
[Iter 48670/50000] Total=0.14290 | NS=0.13729 CO2(scaled)=0.00079 CO2_weight=1.00 guide_w=4.73 Walls=0.00033(x10) g_ns/g_walls=0.615 Windows=0.00096 Doors=0.00048 IC=0.00000 CO2_BC=0.00006 LR=7.70e-05 nu=0.01 NSraw=0.5578 alpha(W1/W8/all)=0.59/0.39/0.48 | 0.61 it/s
[Iter 48680/50000] Total=0.06053 | NS=0.05634 CO2(scaled)=0.00087 CO2_weight=1.00 guide_w=4.73 Walls=0.00019(x10) g_ns/g_walls=0.615 Windows=0.00085 Doors=0.00050 IC=0.00000 CO2_BC=0.00007 LR=7.70e-05 nu=0.01 NSraw=0.1414 alpha(W1/W8/all)=0.59/0.39/0.48 | 0.61 it/s
[Iter 48690/50000] Total=0.13448 | NS=0.12844 CO2(scaled)=0.00092 CO2_weight=1.00 guide_w=4.73 Walls=0.00036(x10) g_ns/g_walls=0.615 Windows=0.00099 Doors=0.00042 IC=0.00000 CO2_BC=0.00008 LR=7.69e-05 nu=0.01 NSraw=0.3971 alpha(W1/W8/all)=0.59/0.39/0.48 | 0.61 it/s
[Iter 48700/50000] Total=0.06310 | NS=0.05850 CO2(scaled)=0.00073 CO2_weight=1.00 guide_w=4.87 Walls=0.00026(x10) g_ns/g_walls=1.45 Windows=0.00073 Doors=0.00042 IC=0.00000 CO2_BC=0.00007 LR=7.69e-05 nu=0.01 NSraw=0.1095 alpha(W1/W8/all)=0.59/0.39/0.48 | 0.61 it/s
[Iter 48710/50000] Total=0.28517 | NS=0.28062 CO2(scaled)=0.00080 CO2_weight=1.00 guide_w=4.87 Walls=0.00027(x10) g_ns/g_walls=1.45 Windows=0.00063 Doors=0.00037 IC=0.00000 CO2_BC=0.00008 LR=7.68e-05 nu=0.01 NSraw=6.421 alpha(W1/W8/all)=0.59/0.39/0.48 | 0.61 it/s
[Iter 48720/50000] Total=0.17041 | NS=0.16638 CO2(scaled)=0.00080 CO2_weight=1.00 guide_w=4.87 Walls=0.00021(x10) g_ns/g_walls=1.45 Windows=0.00067 Doors=0.00043 IC=0.00000 CO2_BC=0.00007 LR=7.68e-05 nu=0.01 NSraw=0.5618 alpha(W1/W8/all)=0.59/0.39/0.48 | 0.61 it/s
[Iter 48730/50000] Total=0.11421 | NS=0.10811 CO2(scaled)=0.00099 CO2_weight=1.00 guide_w=4.87 Walls=0.00037(x10) g_ns/g_walls=1.45 Windows=0.00092 Doors=0.00043 IC=0.00000 CO2_BC=0.00008 LR=7.68e-05 nu=0.01 NSraw=0.7367 alpha(W1/W8/all)=0.59/0.39/0.48 | 0.61 it/s
[Iter 48740/50000] Total=2.47376 | NS=2.46693 CO2(scaled)=0.00070 CO2_weight=1.00 guide_w=4.87 Walls=0.00046(x10) g_ns/g_walls=1.45 Windows=0.00112 Doors=0.00038 IC=0.00000 CO2_BC=0.00007 LR=7.67e-05 nu=0.01 NSraw=594.3 alpha(W1/W8/all)=0.59/0.39/0.48 | 0.61 it/s
[Iter 48750/50000] Total=0.09009 | NS=0.08554 CO2(scaled)=0.00081 CO2_weight=1.00 guide_w=4.87 Walls=0.00023(x10) g_ns/g_walls=1.45 Windows=0.00091 Doors=0.00040 IC=0.00000 CO2_BC=0.00008 LR=7.67e-05 nu=0.01 NSraw=0.1462 alpha(W1/W8/all)=0.59/0.39/0.48 | 0.61 it/s
[Iter 48760/50000] Total=0.06510 | NS=0.05916 CO2(scaled)=0.00094 CO2_weight=1.00 guide_w=4.87 Walls=0.00036(x10) g_ns/g_walls=1.45 Windows=0.00083 Doors=0.00049 IC=0.00000 CO2_BC=0.00008 LR=7.66e-05 nu=0.01 NSraw=0.1166 alpha(W1/W8/all)=0.59/0.39/0.48 | 0.61 it/s
[Iter 48770/50000] Total=0.04427 | NS=0.03856 CO2(scaled)=0.00077 CO2_weight=1.00 guide_w=4.87 Walls=0.00033(x10) g_ns/g_walls=1.45 Windows=0.00106 Doors=0.00048 IC=0.00000 CO2_BC=0.00008 LR=7.66e-05 nu=0.01 NSraw=0.04984 alpha(W1/W8/all)=0.59/0.39/0.48 | 0.61 it/s
[Iter 48780/50000] Total=0.11855 | NS=0.11228 CO2(scaled)=0.00108 CO2_weight=1.00 guide_w=4.87 Walls=0.00038(x10) g_ns/g_walls=1.45 Windows=0.00089 Doors=0.00044 IC=0.00000 CO2_BC=0.00007 LR=7.66e-05 nu=0.01 NSraw=0.395 alpha(W1/W8/all)=0.59/0.39/0.48 | 0.61 it/s
[Iter 48790/50000] Total=0.03072 | NS=0.02609 CO2(scaled)=0.00098 CO2_weight=1.00 guide_w=4.87 Walls=0.00022(x10) g_ns/g_walls=1.45 Windows=0.00090 Doors=0.00051 IC=0.00000 CO2_BC=0.00008 LR=7.65e-05 nu=0.01 NSraw=0.03038 alpha(W1/W8/all)=0.59/0.39/0.48 | 0.61 it/s
[Iter 48800/50000] Total=0.13036 | NS=0.12527 CO2(scaled)=0.00093 CO2_weight=1.00 guide_w=22.3 Walls=0.00030(x10) g_ns/g_walls=4.92 Windows=0.00073 Doors=0.00033 IC=0.00000 CO2_BC=0.00009 LR=7.65e-05 nu=0.01 NSraw=0.5169 alpha(W1/W8/all)=0.59/0.39/0.48 | 0.61 it/s
[Iter 48810/50000] Total=0.10248 | NS=0.09750 CO2(scaled)=0.00108 CO2_weight=1.00 guide_w=22.3 Walls=0.00025(x10) g_ns/g_walls=4.92 Windows=0.00089 Doors=0.00042 IC=0.00000 CO2_BC=0.00008 LR=7.64e-05 nu=0.01 NSraw=0.2867 alpha(W1/W8/all)=0.59/0.39/0.48 | 0.61 it/s
[Iter 48820/50000] Total=0.03651 | NS=0.03142 CO2(scaled)=0.00091 CO2_weight=1.00 guide_w=22.3 Walls=0.00026(x10) g_ns/g_walls=4.92 Windows=0.00096 Doors=0.00054 IC=0.00000 CO2_BC=0.00007 LR=7.64e-05 nu=0.01 NSraw=0.04278 alpha(W1/W8/all)=0.59/0.39/0.48 | 0.61 it/s
[Iter 48830/50000] Total=0.07227 | NS=0.06701 CO2(scaled)=0.00111 CO2_weight=1.00 guide_w=22.3 Walls=0.00028(x10) g_ns/g_walls=4.92 Windows=0.00084 Doors=0.00042 IC=0.00000 CO2_BC=0.00008 LR=7.64e-05 nu=0.01 NSraw=0.1097 alpha(W1/W8/all)=0.59/0.39/0.48 | 0.61 it/s
[Iter 48840/50000] Total=0.16793 | NS=0.14944 CO2(scaled)=0.00274 CO2_weight=1.00 guide_w=22.3 Walls=0.00136(x10) g_ns/g_walls=4.92 Windows=0.00165 Doors=0.00040 IC=0.00000 CO2_BC=0.00009 LR=7.63e-05 nu=0.01 NSraw=0.5976 alpha(W1/W8/all)=0.59/0.39/0.48 | 0.61 it/s
[Iter 48850/50000] Total=0.03368 | NS=0.02513 CO2(scaled)=0.00150 CO2_weight=1.00 guide_w=22.3 Walls=0.00057(x10) g_ns/g_walls=4.92 Windows=0.00097 Doors=0.00034 IC=0.00000 CO2_BC=0.00008 LR=7.63e-05 nu=0.01 NSraw=0.03022 alpha(W1/W8/all)=0.59/0.39/0.48 | 0.61 it/s
[Iter 48860/50000] Total=0.26325 | NS=0.25737 CO2(scaled)=0.00083 CO2_weight=1.00 guide_w=22.3 Walls=0.00037(x10) g_ns/g_walls=4.92 Windows=0.00085 Doors=0.00042 IC=0.00000 CO2_BC=0.00009 LR=7.62e-05 nu=0.01 NSraw=1.798 alpha(W1/W8/all)=0.59/0.39/0.48 | 0.61 it/s
[Iter 48870/50000] Total=0.28366 | NS=0.27853 CO2(scaled)=0.00095 CO2_weight=1.00 guide_w=22.3 Walls=0.00028(x10) g_ns/g_walls=4.92 Windows=0.00083 Doors=0.00046 IC=0.00000 CO2_BC=0.00008 LR=7.62e-05 nu=0.01 NSraw=4.649 alpha(W1/W8/all)=0.59/0.39/0.48 | 0.61 it/s
[Iter 48880/50000] Total=0.04107 | NS=0.03586 CO2(scaled)=0.00090 CO2_weight=1.00 guide_w=22.3 Walls=0.00027(x10) g_ns/g_walls=4.92 Windows=0.00112 Doors=0.00039 IC=0.00000 CO2_BC=0.00010 LR=7.62e-05 nu=0.01 NSraw=0.0445 alpha(W1/W8/all)=0.59/0.39/0.48 | 0.61 it/s
[Iter 48890/50000] Total=0.36911 | NS=0.36286 CO2(scaled)=0.00102 CO2_weight=1.00 guide_w=22.3 Walls=0.00037(x10) g_ns/g_walls=4.92 Windows=0.00113 Doors=0.00031 IC=0.00000 CO2_BC=0.00008 LR=7.61e-05 nu=0.01 NSraw=6.963 alpha(W1/W8/all)=0.59/0.39/0.48 | 0.61 it/s
[Iter 48900/50000] Total=0.03105 | NS=0.02438 CO2(scaled)=0.00113 CO2_weight=1.00 guide_w=1.91 Walls=0.00040(x10) g_ns/g_walls=0.382 Windows=0.00100 Doors=0.00050 IC=0.00000 CO2_BC=0.00008 LR=7.61e-05 nu=0.01 NSraw=0.03001 alpha(W1/W8/all)=0.59/0.39/0.48 | 0.61 it/s
[Iter 48910/50000] Total=0.12374 | NS=0.11874 CO2(scaled)=0.00080 CO2_weight=1.00 guide_w=1.91 Walls=0.00027(x10) g_ns/g_walls=0.382 Windows=0.00098 Doors=0.00045 IC=0.00000 CO2_BC=0.00007 LR=7.60e-05 nu=0.01 NSraw=0.484 alpha(W1/W8/all)=0.59/0.39/0.48 | 0.61 it/s
[Iter 48920/50000] Total=0.10607 | NS=0.10064 CO2(scaled)=0.00099 CO2_weight=1.00 guide_w=1.91 Walls=0.00026(x10) g_ns/g_walls=0.382 Windows=0.00126 Doors=0.00051 IC=0.00000 CO2_BC=0.00009 LR=7.60e-05 nu=0.01 NSraw=0.2652 alpha(W1/W8/all)=0.59/0.39/0.48 | 0.61 it/s
[Iter 48930/50000] Total=0.07285 | NS=0.06642 CO2(scaled)=0.00089 CO2_weight=1.00 guide_w=1.91 Walls=0.00040(x10) g_ns/g_walls=0.382 Windows=0.00091 Doors=0.00052 IC=0.00000 CO2_BC=0.00007 LR=7.60e-05 nu=0.01 NSraw=0.1507 alpha(W1/W8/all)=0.59/0.39/0.48 | 0.61 it/s
[Iter 48940/50000] Total=0.25778 | NS=0.25252 CO2(scaled)=0.00098 CO2_weight=1.00 guide_w=1.91 Walls=0.00029(x10) g_ns/g_walls=0.382 Windows=0.00077 Doors=0.00054 IC=0.00000 CO2_BC=0.00008 LR=7.59e-05 nu=0.01 NSraw=2.539 alpha(W1/W8/all)=0.59/0.39/0.48 | 0.61 it/s
[Iter 48950/50000] Total=0.11914 | NS=0.11475 CO2(scaled)=0.00101 CO2_weight=1.00 guide_w=1.91 Walls=0.00022(x10) g_ns/g_walls=0.382 Windows=0.00062 Doors=0.00050 IC=0.00000 CO2_BC=0.00009 LR=7.59e-05 nu=0.01 NSraw=0.3574 alpha(W1/W8/all)=0.59/0.39/0.48 | 0.61 it/s
[Iter 48960/50000] Total=0.05809 | NS=0.05179 CO2(scaled)=0.00091 CO2_weight=1.00 guide_w=1.91 Walls=0.00040(x10) g_ns/g_walls=0.382 Windows=0.00090 Doors=0.00039 IC=0.00000 CO2_BC=0.00008 LR=7.58e-05 nu=0.01 NSraw=0.06881 alpha(W1/W8/all)=0.59/0.39/0.48 | 0.61 it/s
[Iter 48970/50000] Total=0.09518 | NS=0.08757 CO2(scaled)=0.00107 CO2_weight=1.00 guide_w=1.91 Walls=0.00050(x10) g_ns/g_walls=0.382 Windows=0.00118 Doors=0.00035 IC=0.00000 CO2_BC=0.00006 LR=7.58e-05 nu=0.01 NSraw=0.1682 alpha(W1/W8/all)=0.59/0.39/0.48 | 0.61 it/s
[Iter 48980/50000] Total=0.07625 | NS=0.07190 CO2(scaled)=0.00087 CO2_weight=1.00 guide_w=1.91 Walls=0.00023(x10) g_ns/g_walls=0.382 Windows=0.00073 Doors=0.00038 IC=0.00000 CO2_BC=0.00008 LR=7.58e-05 nu=0.01 NSraw=0.1409 alpha(W1/W8/all)=0.59/0.39/0.48 | 0.61 it/s
[Iter 48990/50000] Total=0.06996 | NS=0.06507 CO2(scaled)=0.00094 CO2_weight=1.00 guide_w=1.91 Walls=0.00028(x10) g_ns/g_walls=0.382 Windows=0.00072 Doors=0.00035 IC=0.00000 CO2_BC=0.00008 LR=7.57e-05 nu=0.01 NSraw=0.1317 alpha(W1/W8/all)=0.59/0.39/0.48 | 0.61 it/s
[Iter 49000/50000] Total=0.09334 | NS=0.08810 CO2(scaled)=0.00097 CO2_weight=1.00 guide_w=7.5 Walls=0.00028(x10) g_ns/g_walls=1.4 Windows=0.00094 Doors=0.00038 IC=0.00000 CO2_BC=0.00010 LR=7.57e-05 nu=0.01 NSraw=0.1812 alpha(W1/W8/all)=0.59/0.39/0.48 | 0.61 it/s
  -> saved checkpoint: /home/iai-labor/BuildingControlCFD/experiments/gnot/checkpoints/v25_nsuniform_r50k/gnot_v25_nsuniform_r50k_iter49000.pth
[Iter 49010/50000] Total=0.02122 | NS=0.01588 CO2(scaled)=0.00090 CO2_weight=1.00 guide_w=7.5 Walls=0.00027(x10) g_ns/g_walls=1.4 Windows=0.00122 Doors=0.00045 IC=0.00000 CO2_BC=0.00007 LR=7.56e-05 nu=0.01 NSraw=0.01814 alpha(W1/W8/all)=0.59/0.39/0.48 | 0.61 it/s
[Iter 49020/50000] Total=0.05592 | NS=0.04946 CO2(scaled)=0.00081 CO2_weight=1.00 guide_w=7.5 Walls=0.00044(x10) g_ns/g_walls=1.4 Windows=0.00097 Doors=0.00025 IC=0.00000 CO2_BC=0.00007 LR=7.56e-05 nu=0.01 NSraw=0.06187 alpha(W1/W8/all)=0.59/0.39/0.48 | 0.61 it/s
[Iter 49030/50000] Total=0.08555 | NS=0.08035 CO2(scaled)=0.00124 CO2_weight=1.00 guide_w=7.5 Walls=0.00026(x10) g_ns/g_walls=1.4 Windows=0.00095 Doors=0.00034 IC=0.00000 CO2_BC=0.00008 LR=7.56e-05 nu=0.01 NSraw=0.1826 alpha(W1/W8/all)=0.59/0.39/0.48 | 0.61 it/s
[Iter 49040/50000] Total=0.05048 | NS=0.04275 CO2(scaled)=0.00093 CO2_weight=1.00 guide_w=7.5 Walls=0.00052(x10) g_ns/g_walls=1.4 Windows=0.00107 Doors=0.00041 IC=0.00000 CO2_BC=0.00009 LR=7.55e-05 nu=0.01 NSraw=0.06443 alpha(W1/W8/all)=0.59/0.39/0.48 | 0.61 it/s
[Iter 49050/50000] Total=0.19319 | NS=0.18675 CO2(scaled)=0.00114 CO2_weight=1.00 guide_w=7.5 Walls=0.00037(x10) g_ns/g_walls=1.4 Windows=0.00099 Doors=0.00051 IC=0.00000 CO2_BC=0.00009 LR=7.55e-05 nu=0.01 NSraw=0.9052 alpha(W1/W8/all)=0.59/0.39/0.48 | 0.61 it/s
[Iter 49060/50000] Total=0.12629 | NS=0.11905 CO2(scaled)=0.00095 CO2_weight=1.00 guide_w=7.5 Walls=0.00045(x10) g_ns/g_walls=1.4 Windows=0.00133 Doors=0.00043 IC=0.00000 CO2_BC=0.00008 LR=7.54e-05 nu=0.01 NSraw=0.2856 alpha(W1/W8/all)=0.59/0.39/0.48 | 0.61 it/s
[Iter 49070/50000] Total=0.09359 | NS=0.08614 CO2(scaled)=0.00106 CO2_weight=1.00 guide_w=7.5 Walls=0.00047(x10) g_ns/g_walls=1.4 Windows=0.00120 Doors=0.00043 IC=0.00000 CO2_BC=0.00008 LR=7.54e-05 nu=0.01 NSraw=0.2818 alpha(W1/W8/all)=0.59/0.39/0.48 | 0.61 it/s
[Iter 49080/50000] Total=0.06714 | NS=0.06048 CO2(scaled)=0.00102 CO2_weight=1.00 guide_w=7.5 Walls=0.00042(x10) g_ns/g_walls=1.4 Windows=0.00088 Doors=0.00053 IC=0.00000 CO2_BC=0.00008 LR=7.54e-05 nu=0.01 NSraw=0.1113 alpha(W1/W8/all)=0.59/0.39/0.48 | 0.61 it/s
[Iter 49090/50000] Total=0.05205 | NS=0.04734 CO2(scaled)=0.00093 CO2_weight=1.00 guide_w=7.5 Walls=0.00021(x10) g_ns/g_walls=1.4 Windows=0.00101 Doors=0.00060 IC=0.00000 CO2_BC=0.00008 LR=7.53e-05 nu=0.01 NSraw=0.07648 alpha(W1/W8/all)=0.59/0.39/0.48 | 0.61 it/s
[Iter 49100/50000] Total=0.06974 | NS=0.06229 CO2(scaled)=0.00103 CO2_weight=1.00 guide_w=30.7 Walls=0.00049(x10) g_ns/g_walls=7.36 Windows=0.00093 Doors=0.00046 IC=0.00000 CO2_BC=0.00008 LR=7.53e-05 nu=0.01 NSraw=0.2253 alpha(W1/W8/all)=0.59/0.39/0.48 | 0.61 it/s
[Iter 49110/50000] Total=0.95221 | NS=0.94674 CO2(scaled)=0.00103 CO2_weight=1.00 guide_w=30.7 Walls=0.00029(x10) g_ns/g_walls=7.36 Windows=0.00096 Doors=0.00048 IC=0.00000 CO2_BC=0.00008 LR=7.52e-05 nu=0.01 NSraw=78.41 alpha(W1/W8/all)=0.59/0.39/0.48 | 0.61 it/s
[Iter 49120/50000] Total=0.10097 | NS=0.08643 CO2(scaled)=0.00080 CO2_weight=1.00 guide_w=30.7 Walls=0.00115(x10) g_ns/g_walls=7.36 Windows=0.00164 Doors=0.00053 IC=0.00000 CO2_BC=0.00009 LR=7.52e-05 nu=0.01 NSraw=0.2834 alpha(W1/W8/all)=0.59/0.39/0.48 | 0.61 it/s
[Iter 49130/50000] Total=0.06650 | NS=0.05740 CO2(scaled)=0.00087 CO2_weight=1.00 guide_w=30.7 Walls=0.00068(x10) g_ns/g_walls=7.36 Windows=0.00094 Doors=0.00040 IC=0.00000 CO2_BC=0.00007 LR=7.52e-05 nu=0.01 NSraw=0.1082 alpha(W1/W8/all)=0.59/0.39/0.48 | 0.61 it/s
[Iter 49140/50000] Total=0.33208 | NS=0.32674 CO2(scaled)=0.00096 CO2_weight=1.00 guide_w=30.7 Walls=0.00029(x10) g_ns/g_walls=7.36 Windows=0.00084 Doors=0.00061 IC=0.00000 CO2_BC=0.00008 LR=7.51e-05 nu=0.01 NSraw=6.064 alpha(W1/W8/all)=0.59/0.39/0.48 | 0.61 it/s
[Iter 49150/50000] Total=0.04489 | NS=0.03928 CO2(scaled)=0.00088 CO2_weight=1.00 guide_w=30.7 Walls=0.00030(x10) g_ns/g_walls=7.36 Windows=0.00122 Doors=0.00040 IC=0.00000 CO2_BC=0.00008 LR=7.51e-05 nu=0.01 NSraw=0.05942 alpha(W1/W8/all)=0.59/0.39/0.48 | 0.61 it/s
[Iter 49160/50000] Total=0.05782 | NS=0.05104 CO2(scaled)=0.00098 CO2_weight=1.00 guide_w=30.7 Walls=0.00044(x10) g_ns/g_walls=7.36 Windows=0.00091 Doors=0.00045 IC=0.00000 CO2_BC=0.00007 LR=7.50e-05 nu=0.01 NSraw=0.1225 alpha(W1/W8/all)=0.59/0.39/0.48 | 0.61 it/s
[Iter 49170/50000] Total=0.04498 | NS=0.03954 CO2(scaled)=0.00085 CO2_weight=1.00 guide_w=30.7 Walls=0.00033(x10) g_ns/g_walls=7.36 Windows=0.00093 Doors=0.00033 IC=0.00000 CO2_BC=0.00007 LR=7.50e-05 nu=0.01 NSraw=0.05409 alpha(W1/W8/all)=0.59/0.39/0.48 | 0.61 it/s
[Iter 49180/50000] Total=0.10161 | NS=0.09595 CO2(scaled)=0.00099 CO2_weight=1.00 guide_w=30.7 Walls=0.00031(x10) g_ns/g_walls=7.36 Windows=0.00107 Doors=0.00045 IC=0.00000 CO2_BC=0.00007 LR=7.50e-05 nu=0.01 NSraw=0.1884 alpha(W1/W8/all)=0.59/0.39/0.48 | 0.61 it/s
[Iter 49190/50000] Total=0.08361 | NS=0.07867 CO2(scaled)=0.00087 CO2_weight=1.00 guide_w=30.7 Walls=0.00027(x10) g_ns/g_walls=7.36 Windows=0.00076 Doors=0.00052 IC=0.00000 CO2_BC=0.00008 LR=7.49e-05 nu=0.01 NSraw=0.2172 alpha(W1/W8/all)=0.59/0.39/0.48 | 0.61 it/s
[Iter 49200/50000] Total=0.14702 | NS=0.14036 CO2(scaled)=0.00111 CO2_weight=1.00 guide_w=174 Walls=0.00041(x10) g_ns/g_walls=28.2 Windows=0.00086 Doors=0.00053 IC=0.00000 CO2_BC=0.00008 LR=7.49e-05 nu=0.01 NSraw=0.8742 alpha(W1/W8/all)=0.59/0.39/0.48 | 0.61 it/s
[Iter 49210/50000] Total=0.32696 | NS=0.31837 CO2(scaled)=0.00147 CO2_weight=1.00 guide_w=174 Walls=0.00056(x10) g_ns/g_walls=28.2 Windows=0.00106 Doors=0.00040 IC=0.00000 CO2_BC=0.00008 LR=7.48e-05 nu=0.01 NSraw=6.371 alpha(W1/W8/all)=0.59/0.39/0.48 | 0.61 it/s
[Iter 49220/50000] Total=0.09499 | NS=0.08938 CO2(scaled)=0.00095 CO2_weight=1.00 guide_w=174 Walls=0.00031(x10) g_ns/g_walls=28.2 Windows=0.00107 Doors=0.00041 IC=0.00000 CO2_BC=0.00008 LR=7.48e-05 nu=0.01 NSraw=0.2286 alpha(W1/W8/all)=0.59/0.39/0.48 | 0.61 it/s
[Iter 49230/50000] Total=0.05835 | NS=0.05254 CO2(scaled)=0.00125 CO2_weight=1.00 guide_w=174 Walls=0.00032(x10) g_ns/g_walls=28.2 Windows=0.00093 Doors=0.00035 IC=0.00000 CO2_BC=0.00009 LR=7.48e-05 nu=0.01 NSraw=0.08369 alpha(W1/W8/all)=0.59/0.39/0.48 | 0.61 it/s
[Iter 49240/50000] Total=0.07151 | NS=0.06440 CO2(scaled)=0.00092 CO2_weight=1.00 guide_w=174 Walls=0.00047(x10) g_ns/g_walls=28.2 Windows=0.00098 Doors=0.00040 IC=0.00000 CO2_BC=0.00008 LR=7.47e-05 nu=0.01 NSraw=0.1281 alpha(W1/W8/all)=0.59/0.39/0.48 | 0.61 it/s
[Iter 49250/50000] Total=0.04596 | NS=0.04208 CO2(scaled)=0.00078 CO2_weight=1.00 guide_w=174 Walls=0.00016(x10) g_ns/g_walls=28.2 Windows=0.00106 Doors=0.00037 IC=0.00000 CO2_BC=0.00008 LR=7.47e-05 nu=0.01 NSraw=0.05397 alpha(W1/W8/all)=0.59/0.39/0.48 | 0.61 it/s
[Iter 49260/50000] Total=2.50022 | NS=2.49204 CO2(scaled)=0.00097 CO2_weight=1.00 guide_w=174 Walls=0.00055(x10) g_ns/g_walls=28.2 Windows=0.00134 Doors=0.00031 IC=0.00000 CO2_BC=0.00008 LR=7.46e-05 nu=0.01 NSraw=487.5 alpha(W1/W8/all)=0.59/0.39/0.48 | 0.61 it/s
[Iter 49270/50000] Total=2.38998 | NS=2.38428 CO2(scaled)=0.00093 CO2_weight=1.00 guide_w=174 Walls=0.00036(x10) g_ns/g_walls=28.2 Windows=0.00077 Doors=0.00033 IC=0.00000 CO2_BC=0.00008 LR=7.46e-05 nu=0.01 NSraw=550.7 alpha(W1/W8/all)=0.59/0.39/0.48 | 0.61 it/s
[Iter 49280/50000] Total=0.08529 | NS=0.07593 CO2(scaled)=0.00094 CO2_weight=1.00 guide_w=174 Walls=0.00071(x10) g_ns/g_walls=28.2 Windows=0.00080 Doors=0.00044 IC=0.00000 CO2_BC=0.00007 LR=7.46e-05 nu=0.01 NSraw=0.1924 alpha(W1/W8/all)=0.59/0.39/0.48 | 0.61 it/s
[Iter 49290/50000] Total=0.11927 | NS=0.11177 CO2(scaled)=0.00082 CO2_weight=1.00 guide_w=174 Walls=0.00054(x10) g_ns/g_walls=28.2 Windows=0.00071 Doors=0.00045 IC=0.00000 CO2_BC=0.00007 LR=7.45e-05 nu=0.01 NSraw=0.4141 alpha(W1/W8/all)=0.59/0.39/0.48 | 0.61 it/s
[Iter 49300/50000] Total=0.11592 | NS=0.10396 CO2(scaled)=0.00127 CO2_weight=1.00 guide_w=8.75 Walls=0.00090(x10) g_ns/g_walls=1.54 Windows=0.00121 Doors=0.00040 IC=0.00000 CO2_BC=0.00007 LR=7.45e-05 nu=0.01 NSraw=0.3706 alpha(W1/W8/all)=0.59/0.39/0.48 | 0.61 it/s
[Iter 49310/50000] Total=0.81662 | NS=0.80930 CO2(scaled)=0.00097 CO2_weight=1.00 guide_w=8.75 Walls=0.00045(x10) g_ns/g_walls=1.54 Windows=0.00131 Doors=0.00047 IC=0.00000 CO2_BC=0.00008 LR=7.44e-05 nu=0.01 NSraw=53.52 alpha(W1/W8/all)=0.59/0.39/0.48 | 0.61 it/s
[Iter 49320/50000] Total=0.51499 | NS=0.50808 CO2(scaled)=0.00121 CO2_weight=1.00 guide_w=8.75 Walls=0.00042(x10) g_ns/g_walls=1.54 Windows=0.00102 Doors=0.00037 IC=0.00000 CO2_BC=0.00008 LR=7.44e-05 nu=0.01 NSraw=20.55 alpha(W1/W8/all)=0.59/0.39/0.48 | 0.61 it/s
[Iter 49330/50000] Total=0.10248 | NS=0.09720 CO2(scaled)=0.00093 CO2_weight=1.00 guide_w=8.75 Walls=0.00028(x10) g_ns/g_walls=1.54 Windows=0.00094 Doors=0.00050 IC=0.00000 CO2_BC=0.00007 LR=7.44e-05 nu=0.01 NSraw=0.3105 alpha(W1/W8/all)=0.59/0.39/0.48 | 0.61 it/s
[Iter 49340/50000] Total=0.15834 | NS=0.15194 CO2(scaled)=0.00094 CO2_weight=1.00 guide_w=8.75 Walls=0.00036(x10) g_ns/g_walls=1.54 Windows=0.00120 Doors=0.00054 IC=0.00000 CO2_BC=0.00008 LR=7.43e-05 nu=0.01 NSraw=0.51 alpha(W1/W8/all)=0.59/0.39/0.48 | 0.61 it/s
[Iter 49350/50000] Total=0.03325 | NS=0.02632 CO2(scaled)=0.00095 CO2_weight=1.00 guide_w=8.75 Walls=0.00041(x10) g_ns/g_walls=1.54 Windows=0.00114 Doors=0.00066 IC=0.00000 CO2_BC=0.00008 LR=7.43e-05 nu=0.01 NSraw=0.03218 alpha(W1/W8/all)=0.59/0.39/0.48 | 0.61 it/s
[Iter 49360/50000] Total=0.08741 | NS=0.08065 CO2(scaled)=0.00120 CO2_weight=1.00 guide_w=8.75 Walls=0.00040(x10) g_ns/g_walls=1.54 Windows=0.00094 Doors=0.00054 IC=0.00000 CO2_BC=0.00008 LR=7.43e-05 nu=0.01 NSraw=0.1459 alpha(W1/W8/all)=0.59/0.39/0.48 | 0.61 it/s
[Iter 49370/50000] Total=0.28328 | NS=0.27723 CO2(scaled)=0.00082 CO2_weight=1.00 guide_w=8.75 Walls=0.00036(x10) g_ns/g_walls=1.54 Windows=0.00107 Doors=0.00053 IC=0.00000 CO2_BC=0.00008 LR=7.42e-05 nu=0.01 NSraw=5.496 alpha(W1/W8/all)=0.59/0.39/0.48 | 0.61 it/s
[Iter 49380/50000] Total=0.08665 | NS=0.08247 CO2(scaled)=0.00069 CO2_weight=1.00 guide_w=8.75 Walls=0.00020(x10) g_ns/g_walls=1.54 Windows=0.00084 Doors=0.00053 IC=0.00000 CO2_BC=0.00007 LR=7.42e-05 nu=0.01 NSraw=0.2024 alpha(W1/W8/all)=0.59/0.39/0.48 | 0.61 it/s
[Iter 49390/50000] Total=2.11775 | NS=2.11178 CO2(scaled)=0.00093 CO2_weight=1.00 guide_w=8.75 Walls=0.00036(x10) g_ns/g_walls=1.54 Windows=0.00096 Doors=0.00038 IC=0.00000 CO2_BC=0.00008 LR=7.41e-05 nu=0.01 NSraw=188.3 alpha(W1/W8/all)=0.59/0.39/0.48 | 0.61 it/s
[Iter 49400/50000] Total=0.08416 | NS=0.07669 CO2(scaled)=0.00096 CO2_weight=1.00 guide_w=5.93 Walls=0.00049(x10) g_ns/g_walls=0.672 Windows=0.00106 Doors=0.00043 IC=0.00000 CO2_BC=0.00009 LR=7.41e-05 nu=0.01 NSraw=0.2867 alpha(W1/W8/all)=0.59/0.39/0.48 | 0.61 it/s
[Iter 49410/50000] Total=0.74446 | NS=0.73859 CO2(scaled)=0.00086 CO2_weight=1.00 guide_w=5.93 Walls=0.00033(x10) g_ns/g_walls=0.672 Windows=0.00111 Doors=0.00054 IC=0.00000 CO2_BC=0.00008 LR=7.41e-05 nu=0.01 NSraw=33.85 alpha(W1/W8/all)=0.59/0.39/0.48 | 0.61 it/s
[Iter 49420/50000] Total=0.13676 | NS=0.13138 CO2(scaled)=0.00098 CO2_weight=1.00 guide_w=5.93 Walls=0.00030(x10) g_ns/g_walls=0.672 Windows=0.00096 Doors=0.00038 IC=0.00000 CO2_BC=0.00007 LR=7.40e-05 nu=0.01 NSraw=0.3349 alpha(W1/W8/all)=0.59/0.39/0.48 | 0.61 it/s
[Iter 49430/50000] Total=0.07031 | NS=0.06208 CO2(scaled)=0.00087 CO2_weight=1.00 guide_w=5.93 Walls=0.00054(x10) g_ns/g_walls=0.672 Windows=0.00136 Doors=0.00049 IC=0.00000 CO2_BC=0.00009 LR=7.40e-05 nu=0.01 NSraw=0.1265 alpha(W1/W8/all)=0.59/0.39/0.48 | 0.61 it/s
[Iter 49440/50000] Total=0.03335 | NS=0.02492 CO2(scaled)=0.00101 CO2_weight=1.00 guide_w=5.93 Walls=0.00055(x10) g_ns/g_walls=0.672 Windows=0.00142 Doors=0.00043 IC=0.00000 CO2_BC=0.00008 LR=7.39e-05 nu=0.01 NSraw=0.02683 alpha(W1/W8/all)=0.59/0.39/0.48 | 0.61 it/s
[Iter 49450/50000] Total=0.08542 | NS=0.07883 CO2(scaled)=0.00112 CO2_weight=1.00 guide_w=5.93 Walls=0.00038(x10) g_ns/g_walls=0.672 Windows=0.00118 Doors=0.00038 IC=0.00000 CO2_BC=0.00007 LR=7.39e-05 nu=0.01 NSraw=0.1552 alpha(W1/W8/all)=0.59/0.39/0.48 | 0.61 it/s
[Iter 49460/50000] Total=0.46530 | NS=0.45987 CO2(scaled)=0.00084 CO2_weight=1.00 guide_w=5.93 Walls=0.00034(x10) g_ns/g_walls=0.672 Windows=0.00074 Doors=0.00033 IC=0.00000 CO2_BC=0.00008 LR=7.39e-05 nu=0.01 NSraw=18.5 alpha(W1/W8/all)=0.59/0.39/0.48 | 0.61 it/s
[Iter 49470/50000] Total=0.06983 | NS=0.06390 CO2(scaled)=0.00098 CO2_weight=1.00 guide_w=5.93 Walls=0.00033(x10) g_ns/g_walls=0.672 Windows=0.00114 Doors=0.00040 IC=0.00000 CO2_BC=0.00009 LR=7.38e-05 nu=0.01 NSraw=0.1297 alpha(W1/W8/all)=0.59/0.39/0.48 | 0.61 it/s
[Iter 49480/50000] Total=0.51520 | NS=0.50859 CO2(scaled)=0.00099 CO2_weight=1.00 guide_w=5.93 Walls=0.00043(x10) g_ns/g_walls=0.672 Windows=0.00085 Doors=0.00038 IC=0.00000 CO2_BC=0.00008 LR=7.38e-05 nu=0.01 NSraw=11.79 alpha(W1/W8/all)=0.59/0.39/0.48 | 0.61 it/s
[Iter 49490/50000] Total=0.03472 | NS=0.02754 CO2(scaled)=0.00087 CO2_weight=1.00 guide_w=5.93 Walls=0.00047(x10) g_ns/g_walls=0.672 Windows=0.00113 Doors=0.00041 IC=0.00000 CO2_BC=0.00006 LR=7.37e-05 nu=0.01 NSraw=0.03121 alpha(W1/W8/all)=0.59/0.39/0.48 | 0.61 it/s
[Iter 49500/50000] Total=0.13894 | NS=0.13388 CO2(scaled)=0.00086 CO2_weight=1.00 guide_w=72.3 Walls=0.00026(x10) g_ns/g_walls=6.72 Windows=0.00097 Doors=0.00053 IC=0.00000 CO2_BC=0.00008 LR=7.37e-05 nu=0.01 NSraw=1.053 alpha(W1/W8/all)=0.59/0.39/0.48 | 0.61 it/s
[Iter 49510/50000] Total=0.03333 | NS=0.02717 CO2(scaled)=0.00125 CO2_weight=1.00 guide_w=72.3 Walls=0.00033(x10) g_ns/g_walls=6.72 Windows=0.00104 Doors=0.00046 IC=0.00000 CO2_BC=0.00007 LR=7.37e-05 nu=0.01 NSraw=0.02929 alpha(W1/W8/all)=0.59/0.39/0.48 | 0.61 it/s
[Iter 49520/50000] Total=0.05696 | NS=0.04615 CO2(scaled)=0.00142 CO2_weight=1.00 guide_w=72.3 Walls=0.00076(x10) g_ns/g_walls=6.72 Windows=0.00130 Doors=0.00045 IC=0.00000 CO2_BC=0.00008 LR=7.36e-05 nu=0.01 NSraw=0.06901 alpha(W1/W8/all)=0.59/0.39/0.48 | 0.61 it/s
[Iter 49530/50000] Total=0.04740 | NS=0.04110 CO2(scaled)=0.00108 CO2_weight=1.00 guide_w=72.3 Walls=0.00038(x10) g_ns/g_walls=6.72 Windows=0.00099 Doors=0.00033 IC=0.00000 CO2_BC=0.00007 LR=7.36e-05 nu=0.01 NSraw=0.05478 alpha(W1/W8/all)=0.59/0.39/0.48 | 0.61 it/s
[Iter 49540/50000] Total=0.38856 | NS=0.38331 CO2(scaled)=0.00113 CO2_weight=1.00 guide_w=72.3 Walls=0.00027(x10) g_ns/g_walls=6.72 Windows=0.00082 Doors=0.00051 IC=0.00000 CO2_BC=0.00008 LR=7.36e-05 nu=0.01 NSraw=6.913 alpha(W1/W8/all)=0.59/0.39/0.48 | 0.61 it/s
[Iter 49550/50000] Total=0.21473 | NS=0.20727 CO2(scaled)=0.00083 CO2_weight=1.00 guide_w=72.3 Walls=0.00046(x10) g_ns/g_walls=6.72 Windows=0.00146 Doors=0.00052 IC=0.00000 CO2_BC=0.00008 LR=7.35e-05 nu=0.01 NSraw=1.022 alpha(W1/W8/all)=0.59/0.39/0.48 | 0.61 it/s
[Iter 49560/50000] Total=0.06659 | NS=0.06115 CO2(scaled)=0.00083 CO2_weight=1.00 guide_w=72.3 Walls=0.00031(x10) g_ns/g_walls=6.72 Windows=0.00100 Doors=0.00046 IC=0.00000 CO2_BC=0.00008 LR=7.35e-05 nu=0.01 NSraw=0.1557 alpha(W1/W8/all)=0.59/0.39/0.48 | 0.61 it/s
[Iter 49570/50000] Total=1.66161 | NS=1.65417 CO2(scaled)=0.00102 CO2_weight=1.00 guide_w=72.3 Walls=0.00048(x10) g_ns/g_walls=6.72 Windows=0.00110 Doors=0.00046 IC=0.00000 CO2_BC=0.00008 LR=7.34e-05 nu=0.01 NSraw=203.7 alpha(W1/W8/all)=0.59/0.39/0.48 | 0.61 it/s
[Iter 49580/50000] Total=1.18727 | NS=1.18247 CO2(scaled)=0.00084 CO2_weight=1.00 guide_w=72.3 Walls=0.00025(x10) g_ns/g_walls=6.72 Windows=0.00083 Doors=0.00052 IC=0.00000 CO2_BC=0.00007 LR=7.34e-05 nu=0.01 NSraw=121.4 alpha(W1/W8/all)=0.59/0.39/0.48 | 0.61 it/s
[Iter 49590/50000] Total=0.77988 | NS=0.76228 CO2(scaled)=0.00124 CO2_weight=1.00 guide_w=72.3 Walls=0.00139(x10) g_ns/g_walls=6.72 Windows=0.00194 Doors=0.00042 IC=0.00000 CO2_BC=0.00008 LR=7.34e-05 nu=0.01 NSraw=45.2 alpha(W1/W8/all)=0.59/0.39/0.48 | 0.61 it/s
[Iter 49600/50000] Total=0.10992 | NS=0.10404 CO2(scaled)=0.00101 CO2_weight=1.00 guide_w=3.7 Walls=0.00034(x10) g_ns/g_walls=1.49 Windows=0.00091 Doors=0.00045 IC=0.00000 CO2_BC=0.00008 LR=7.33e-05 nu=0.01 NSraw=0.3283 alpha(W1/W8/all)=0.59/0.39/0.48 | 0.61 it/s
[Iter 49610/50000] Total=0.20341 | NS=0.19841 CO2(scaled)=0.00072 CO2_weight=1.00 guide_w=3.7 Walls=0.00029(x10) g_ns/g_walls=1.49 Windows=0.00089 Doors=0.00039 IC=0.00000 CO2_BC=0.00009 LR=7.33e-05 nu=0.01 NSraw=3.175 alpha(W1/W8/all)=0.59/0.39/0.48 | 0.61 it/s
[Iter 49620/50000] Total=0.15159 | NS=0.14634 CO2(scaled)=0.00121 CO2_weight=1.00 guide_w=3.7 Walls=0.00029(x10) g_ns/g_walls=1.49 Windows=0.00068 Doors=0.00037 IC=0.00000 CO2_BC=0.00008 LR=7.32e-05 nu=0.01 NSraw=0.7217 alpha(W1/W8/all)=0.59/0.39/0.48 | 0.61 it/s
[Iter 49630/50000] Total=0.06631 | NS=0.05964 CO2(scaled)=0.00085 CO2_weight=1.00 guide_w=3.7 Walls=0.00044(x10) g_ns/g_walls=1.49 Windows=0.00110 Doors=0.00029 IC=0.00000 CO2_BC=0.00008 LR=7.32e-05 nu=0.01 NSraw=0.1192 alpha(W1/W8/all)=0.59/0.39/0.48 | 0.61 it/s
[Iter 49640/50000] Total=0.05328 | NS=0.04662 CO2(scaled)=0.00081 CO2_weight=1.00 guide_w=3.7 Walls=0.00043(x10) g_ns/g_walls=1.49 Windows=0.00107 Doors=0.00036 IC=0.00000 CO2_BC=0.00007 LR=7.32e-05 nu=0.01 NSraw=0.06728 alpha(W1/W8/all)=0.59/0.39/0.48 | 0.61 it/s
[Iter 49650/50000] Total=0.06851 | NS=0.06082 CO2(scaled)=0.00086 CO2_weight=1.00 guide_w=3.7 Walls=0.00049(x10) g_ns/g_walls=1.49 Windows=0.00143 Doors=0.00041 IC=0.00000 CO2_BC=0.00007 LR=7.31e-05 nu=0.01 NSraw=0.1159 alpha(W1/W8/all)=0.59/0.39/0.48 | 0.61 it/s
[Iter 49660/50000] Total=0.25978 | NS=0.24170 CO2(scaled)=0.00078 CO2_weight=1.00 guide_w=3.7 Walls=0.00149(x10) g_ns/g_walls=1.49 Windows=0.00203 Doors=0.00034 IC=0.00000 CO2_BC=0.00007 LR=7.31e-05 nu=0.01 NSraw=1.918 alpha(W1/W8/all)=0.59/0.39/0.48 | 0.61 it/s
[Iter 49670/50000] Total=0.05389 | NS=0.04764 CO2(scaled)=0.00090 CO2_weight=1.00 guide_w=3.7 Walls=0.00040(x10) g_ns/g_walls=1.49 Windows=0.00080 Doors=0.00045 IC=0.00000 CO2_BC=0.00008 LR=7.30e-05 nu=0.01 NSraw=0.07887 alpha(W1/W8/all)=0.59/0.39/0.48 | 0.61 it/s
[Iter 49680/50000] Total=0.10077 | NS=0.09168 CO2(scaled)=0.00098 CO2_weight=1.00 guide_w=3.7 Walls=0.00062(x10) g_ns/g_walls=1.49 Windows=0.00141 Doors=0.00040 IC=0.00000 CO2_BC=0.00008 LR=7.30e-05 nu=0.01 NSraw=0.2948 alpha(W1/W8/all)=0.59/0.39/0.48 | 0.61 it/s
[Iter 49690/50000] Total=0.33282 | NS=0.32792 CO2(scaled)=0.00100 CO2_weight=1.00 guide_w=3.7 Walls=0.00023(x10) g_ns/g_walls=1.49 Windows=0.00089 Doors=0.00064 IC=0.00000 CO2_BC=0.00008 LR=7.30e-05 nu=0.01 NSraw=6.049 alpha(W1/W8/all)=0.59/0.39/0.48 | 0.61 it/s
[Iter 49700/50000] Total=0.36987 | NS=0.36378 CO2(scaled)=0.00156 CO2_weight=1.00 guide_w=164 Walls=0.00030(x10) g_ns/g_walls=20.2 Windows=0.00099 Doors=0.00052 IC=0.00000 CO2_BC=0.00007 LR=7.29e-05 nu=0.01 NSraw=7.969 alpha(W1/W8/all)=0.59/0.39/0.48 | 0.61 it/s
[Iter 49710/50000] Total=0.08052 | NS=0.07327 CO2(scaled)=0.00101 CO2_weight=1.00 guide_w=164 Walls=0.00048(x10) g_ns/g_walls=20.2 Windows=0.00090 Doors=0.00047 IC=0.00000 CO2_BC=0.00007 LR=7.29e-05 nu=0.01 NSraw=0.2155 alpha(W1/W8/all)=0.59/0.39/0.48 | 0.61 it/s
[Iter 49720/50000] Total=0.13032 | NS=0.12380 CO2(scaled)=0.00087 CO2_weight=1.00 guide_w=164 Walls=0.00039(x10) g_ns/g_walls=20.2 Windows=0.00124 Doors=0.00044 IC=0.00000 CO2_BC=0.00008 LR=7.29e-05 nu=0.01 NSraw=0.4796 alpha(W1/W8/all)=0.59/0.39/0.48 | 0.61 it/s
[Iter 49730/50000] Total=0.12149 | NS=0.11543 CO2(scaled)=0.00132 CO2_weight=1.00 guide_w=164 Walls=0.00035(x10) g_ns/g_walls=20.2 Windows=0.00087 Doors=0.00035 IC=0.00000 CO2_BC=0.00006 LR=7.28e-05 nu=0.01 NSraw=0.3698 alpha(W1/W8/all)=0.59/0.39/0.48 | 0.61 it/s
[Iter 49740/50000] Total=0.06161 | NS=0.05334 CO2(scaled)=0.00165 CO2_weight=1.00 guide_w=164 Walls=0.00049(x10) g_ns/g_walls=20.2 Windows=0.00109 Doors=0.00051 IC=0.00000 CO2_BC=0.00008 LR=7.28e-05 nu=0.01 NSraw=0.0772 alpha(W1/W8/all)=0.59/0.39/0.48 | 0.61 it/s
[Iter 49750/50000] Total=0.06722 | NS=0.06194 CO2(scaled)=0.00073 CO2_weight=1.00 guide_w=164 Walls=0.00030(x10) g_ns/g_walls=20.2 Windows=0.00099 Doors=0.00046 IC=0.00000 CO2_BC=0.00008 LR=7.27e-05 nu=0.01 NSraw=0.1272 alpha(W1/W8/all)=0.59/0.39/0.48 | 0.60 it/s
[Iter 49760/50000] Total=0.09258 | NS=0.08494 CO2(scaled)=0.00110 CO2_weight=1.00 guide_w=164 Walls=0.00050(x10) g_ns/g_walls=20.2 Windows=0.00090 Doors=0.00054 IC=0.00000 CO2_BC=0.00007 LR=7.27e-05 nu=0.01 NSraw=0.246 alpha(W1/W8/all)=0.59/0.39/0.48 | 0.60 it/s
[Iter 49770/50000] Total=0.54013 | NS=0.53477 CO2(scaled)=0.00108 CO2_weight=1.00 guide_w=164 Walls=0.00025(x10) g_ns/g_walls=20.2 Windows=0.00099 Doors=0.00074 IC=0.00000 CO2_BC=0.00008 LR=7.27e-05 nu=0.01 NSraw=14.15 alpha(W1/W8/all)=0.59/0.39/0.48 | 0.60 it/s
[Iter 49780/50000] Total=0.05477 | NS=0.04585 CO2(scaled)=0.00133 CO2_weight=1.00 guide_w=164 Walls=0.00058(x10) g_ns/g_walls=20.2 Windows=0.00126 Doors=0.00040 IC=0.00000 CO2_BC=0.00009 LR=7.26e-05 nu=0.01 NSraw=0.06612 alpha(W1/W8/all)=0.59/0.39/0.48 | 0.60 it/s
[Iter 49790/50000] Total=0.10842 | NS=0.10161 CO2(scaled)=0.00097 CO2_weight=1.00 guide_w=164 Walls=0.00042(x10) g_ns/g_walls=20.2 Windows=0.00090 Doors=0.00062 IC=0.00000 CO2_BC=0.00009 LR=7.26e-05 nu=0.01 NSraw=0.2177 alpha(W1/W8/all)=0.59/0.39/0.48 | 0.60 it/s
[Iter 49800/50000] Total=0.03444 | NS=0.02552 CO2(scaled)=0.00114 CO2_weight=1.00 guide_w=0.986 Walls=0.00061(x10) g_ns/g_walls=0.153 Windows=0.00114 Doors=0.00042 IC=0.00000 CO2_BC=0.00009 LR=7.26e-05 nu=0.01 NSraw=0.0289 alpha(W1/W8/all)=0.59/0.39/0.48 | 0.60 it/s
[Iter 49810/50000] Total=0.14258 | NS=0.13679 CO2(scaled)=0.00116 CO2_weight=1.00 guide_w=0.986 Walls=0.00030(x10) g_ns/g_walls=0.153 Windows=0.00109 Doors=0.00048 IC=0.00000 CO2_BC=0.00009 LR=7.25e-05 nu=0.01 NSraw=0.4794 alpha(W1/W8/all)=0.59/0.39/0.48 | 0.60 it/s
[Iter 49820/50000] Total=0.17618 | NS=0.16944 CO2(scaled)=0.00160 CO2_weight=1.00 guide_w=0.986 Walls=0.00039(x10) g_ns/g_walls=0.153 Windows=0.00085 Doors=0.00037 IC=0.00000 CO2_BC=0.00006 LR=7.25e-05 nu=0.01 NSraw=0.5673 alpha(W1/W8/all)=0.59/0.39/0.48 | 0.60 it/s
[Iter 49830/50000] Total=0.26208 | NS=0.24812 CO2(scaled)=0.00114 CO2_weight=1.00 guide_w=0.986 Walls=0.00106(x10) g_ns/g_walls=0.153 Windows=0.00179 Doors=0.00033 IC=0.00000 CO2_BC=0.00008 LR=7.24e-05 nu=0.01 NSraw=3.488 alpha(W1/W8/all)=0.59/0.39/0.48 | 0.60 it/s
[Iter 49840/50000] Total=0.16332 | NS=0.15773 CO2(scaled)=0.00098 CO2_weight=1.00 guide_w=0.986 Walls=0.00033(x10) g_ns/g_walls=0.153 Windows=0.00083 Doors=0.00040 IC=0.00000 CO2_BC=0.00008 LR=7.24e-05 nu=0.01 NSraw=1.114 alpha(W1/W8/all)=0.59/0.39/0.48 | 0.60 it/s
[Iter 49850/50000] Total=0.23211 | NS=0.22100 CO2(scaled)=0.00099 CO2_weight=1.00 guide_w=0.986 Walls=0.00082(x10) g_ns/g_walls=0.153 Windows=0.00136 Doors=0.00042 IC=0.00000 CO2_BC=0.00009 LR=7.24e-05 nu=0.01 NSraw=1.535 alpha(W1/W8/all)=0.59/0.39/0.48 | 0.60 it/s
[Iter 49860/50000] Total=0.39888 | NS=0.39167 CO2(scaled)=0.00101 CO2_weight=1.00 guide_w=0.986 Walls=0.00050(x10) g_ns/g_walls=0.153 Windows=0.00073 Doors=0.00041 IC=0.00000 CO2_BC=0.00009 LR=7.23e-05 nu=0.01 NSraw=7.605 alpha(W1/W8/all)=0.59/0.39/0.48 | 0.60 it/s
[Iter 49870/50000] Total=0.03342 | NS=0.02800 CO2(scaled)=0.00114 CO2_weight=1.00 guide_w=0.986 Walls=0.00026(x10) g_ns/g_walls=0.153 Windows=0.00109 Doors=0.00050 IC=0.00000 CO2_BC=0.00008 LR=7.23e-05 nu=0.01 NSraw=0.03246 alpha(W1/W8/all)=0.59/0.39/0.48 | 0.60 it/s
[Iter 49880/50000] Total=0.08360 | NS=0.07432 CO2(scaled)=0.00173 CO2_weight=1.00 guide_w=0.986 Walls=0.00058(x10) g_ns/g_walls=0.153 Windows=0.00124 Doors=0.00039 IC=0.00000 CO2_BC=0.00008 LR=7.22e-05 nu=0.01 NSraw=0.2251 alpha(W1/W8/all)=0.59/0.39/0.48 | 0.60 it/s
[Iter 49890/50000] Total=0.13739 | NS=0.12933 CO2(scaled)=0.00083 CO2_weight=1.00 guide_w=0.986 Walls=0.00058(x10) g_ns/g_walls=0.153 Windows=0.00088 Doors=0.00050 IC=0.00000 CO2_BC=0.00008 LR=7.22e-05 nu=0.01 NSraw=0.3946 alpha(W1/W8/all)=0.59/0.39/0.48 | 0.60 it/s
[Iter 49900/50000] Total=0.04844 | NS=0.04396 CO2(scaled)=0.00094 CO2_weight=1.00 guide_w=33.1 Walls=0.00021(x10) g_ns/g_walls=6 Windows=0.00094 Doors=0.00040 IC=0.00000 CO2_BC=0.00007 LR=7.22e-05 nu=0.01 NSraw=0.059 alpha(W1/W8/all)=0.59/0.39/0.48 | 0.60 it/s
[Iter 49910/50000] Total=0.04069 | NS=0.03612 CO2(scaled)=0.00125 CO2_weight=1.00 guide_w=33.1 Walls=0.00021(x10) g_ns/g_walls=6 Windows=0.00079 Doors=0.00039 IC=0.00000 CO2_BC=0.00009 LR=7.21e-05 nu=0.01 NSraw=0.04639 alpha(W1/W8/all)=0.59/0.39/0.48 | 0.60 it/s
[Iter 49920/50000] Total=0.05535 | NS=0.04553 CO2(scaled)=0.00129 CO2_weight=1.00 guide_w=33.1 Walls=0.00067(x10) g_ns/g_walls=6 Windows=0.00142 Doors=0.00036 IC=0.00000 CO2_BC=0.00007 LR=7.21e-05 nu=0.01 NSraw=0.06498 alpha(W1/W8/all)=0.59/0.39/0.48 | 0.60 it/s
[Iter 49930/50000] Total=0.12503 | NS=0.11963 CO2(scaled)=0.00130 CO2_weight=1.00 guide_w=33.1 Walls=0.00028(x10) g_ns/g_walls=6 Windows=0.00083 Doors=0.00036 IC=0.00000 CO2_BC=0.00008 LR=7.21e-05 nu=0.01 NSraw=0.6604 alpha(W1/W8/all)=0.59/0.39/0.48 | 0.60 it/s
[Iter 49940/50000] Total=0.57370 | NS=0.56821 CO2(scaled)=0.00102 CO2_weight=1.00 guide_w=33.1 Walls=0.00030(x10) g_ns/g_walls=6 Windows=0.00096 Doors=0.00044 IC=0.00000 CO2_BC=0.00007 LR=7.20e-05 nu=0.01 NSraw=20.51 alpha(W1/W8/all)=0.59/0.39/0.48 | 0.60 it/s
[Iter 49950/50000] Total=0.03367 | NS=0.02518 CO2(scaled)=0.00092 CO2_weight=1.00 guide_w=33.1 Walls=0.00060(x10) g_ns/g_walls=6 Windows=0.00104 Doors=0.00046 IC=0.00000 CO2_BC=0.00009 LR=7.20e-05 nu=0.01 NSraw=0.03609 alpha(W1/W8/all)=0.59/0.39/0.48 | 0.60 it/s
[Iter 49960/50000] Total=0.92698 | NS=0.92222 CO2(scaled)=0.00082 CO2_weight=1.00 guide_w=33.1 Walls=0.00027(x10) g_ns/g_walls=6 Windows=0.00075 Doors=0.00042 IC=0.00000 CO2_BC=0.00009 LR=7.19e-05 nu=0.01 NSraw=74.33 alpha(W1/W8/all)=0.59/0.39/0.48 | 0.60 it/s
[Iter 49970/50000] Total=0.07557 | NS=0.06899 CO2(scaled)=0.00092 CO2_weight=1.00 guide_w=33.1 Walls=0.00042(x10) g_ns/g_walls=6 Windows=0.00096 Doors=0.00044 IC=0.00000 CO2_BC=0.00009 LR=7.19e-05 nu=0.01 NSraw=0.2749 alpha(W1/W8/all)=0.59/0.39/0.48 | 0.60 it/s
[Iter 49980/50000] Total=0.07590 | NS=0.06991 CO2(scaled)=0.00114 CO2_weight=1.00 guide_w=33.1 Walls=0.00035(x10) g_ns/g_walls=6 Windows=0.00085 Doors=0.00045 IC=0.00000 CO2_BC=0.00007 LR=7.19e-05 nu=0.01 NSraw=0.1204 alpha(W1/W8/all)=0.59/0.39/0.48 | 0.60 it/s
[Iter 49990/50000] Total=0.37809 | NS=0.37155 CO2(scaled)=0.00137 CO2_weight=1.00 guide_w=33.1 Walls=0.00041(x10) g_ns/g_walls=6 Windows=0.00064 Doors=0.00034 IC=0.00000 CO2_BC=0.00007 LR=7.18e-05 nu=0.01 NSraw=8.096 alpha(W1/W8/all)=0.59/0.39/0.48 | 0.60 it/s
[Iter 50000/50000] Total=0.33012 | NS=0.32218 CO2(scaled)=0.00115 CO2_weight=1.00 guide_w=50.5 Walls=0.00051(x10) g_ns/g_walls=9.61 Windows=0.00130 Doors=0.00035 IC=0.00000 CO2_BC=0.00007 LR=7.18e-05 nu=0.01 NSraw=8.52 alpha(W1/W8/all)=0.59/0.39/0.48 | 0.60 it/s
  -> saved checkpoint: /home/iai-labor/BuildingControlCFD/experiments/gnot/checkpoints/v25_nsuniform_r50k/gnot_v25_nsuniform_r50k_iter50000.pth
Training complete. Final checkpoint: /home/iai-labor/BuildingControlCFD/experiments/gnot/checkpoints/v25_nsuniform_r50k/gnot_v25_nsuniform_r50k_final.pth
Best checkpoint (lowest unweighted_total=0.01665): /home/iai-labor/BuildingControlCFD/experiments/gnot/checkpoints/v25_nsuniform_r50k/gnot_v25_nsuniform_r50k_best.pth
