VERSION=v25_nsuniform_ab, MAX_ITERS=30000, checkpoints -> /home/iai-labor/BuildingControlCFD/experiments/gnot/checkpoints/v25_nsuniform_ab
Using device: cuda
[v21] scenarios: FIXED V = [1.0, 0.0, 0.0, 0.0, 0.0, 0.0, 0.0, 0.0]; nu curriculum: 0.01 (to the end); CO2 window factor: OFF
GNOT parameters: 322,438
[v8_nondim] Trivial-solution CO2(scaled) reference = 0.2848  (CO2(scaled) near this = still stuck on C=const; clearly below = learning CO2)
[v8_nondim] adaptive CO2 weighting: OFF (co2_weight fixed at 1.0); guide_w column = norm-balancing weight the Expert's Guide rule would pick (diagnostic)
Optimizer: Adam
[v11] resumed from /home/iai-labor/BuildingControlCFD/experiments/gnot/checkpoints/v24_fixedalpha/gnot_v24_fixedalpha_iter20000.pth (iter=20000, version=v24_fixedalpha); continuing at iter 20001
LR schedule: exponential 0.001 * 0.9**(it/2000) -> 2.06e-04 at iter 30000
[Iter 20010/30000] Total=0.12967 | NS=0.10178 CO2(scaled)=0.00393 CO2_weight=1.00 guide_w=nan Walls=0.00221(x10) g_ns/g_walls=nan Windows=0.00152 Doors=0.00021 IC=0.00000 CO2_BC=0.00014 LR=3.48e-04 nu=0.01 NSraw=0.2523 alpha(W1/W8/all)=0.59/0.39/0.48 | 0.83 it/s
[Iter 20020/30000] Total=0.13931 | NS=0.09807 CO2(scaled)=0.00220 CO2_weight=1.00 guide_w=nan Walls=0.00353(x10) g_ns/g_walls=nan Windows=0.00349 Doors=0.00016 IC=0.00000 CO2_BC=0.00011 LR=3.48e-04 nu=0.01 NSraw=0.1894 alpha(W1/W8/all)=0.59/0.39/0.48 | 0.84 it/s
[Iter 20030/30000] Total=0.16616 | NS=0.13530 CO2(scaled)=0.00312 CO2_weight=1.00 guide_w=nan Walls=0.00255(x10) g_ns/g_walls=nan Windows=0.00209 Doors=0.00011 IC=0.00000 CO2_BC=0.00008 LR=3.48e-04 nu=0.01 NSraw=0.3222 alpha(W1/W8/all)=0.59/0.39/0.48 | 0.84 it/s
[Iter 20040/30000] Total=0.29366 | NS=0.27436 CO2(scaled)=0.00125 CO2_weight=1.00 guide_w=nan Walls=0.00165(x10) g_ns/g_walls=nan Windows=0.00124 Doors=0.00013 IC=0.00000 CO2_BC=0.00016 LR=3.48e-04 nu=0.01 NSraw=1.416 alpha(W1/W8/all)=0.59/0.39/0.48 | 0.84 it/s
[Iter 20050/30000] Total=0.22913 | NS=0.21129 CO2(scaled)=0.00173 CO2_weight=1.00 guide_w=nan Walls=0.00151(x10) g_ns/g_walls=nan Windows=0.00071 Doors=0.00016 IC=0.00000 CO2_BC=0.00015 LR=3.48e-04 nu=0.01 NSraw=1.017 alpha(W1/W8/all)=0.59/0.39/0.48 | 0.84 it/s
[Iter 20060/30000] Total=0.25191 | NS=0.21957 CO2(scaled)=0.00237 CO2_weight=1.00 guide_w=nan Walls=0.00265(x10) g_ns/g_walls=nan Windows=0.00315 Doors=0.00016 IC=0.00000 CO2_BC=0.00012 LR=3.48e-04 nu=0.01 NSraw=0.8467 alpha(W1/W8/all)=0.59/0.39/0.48 | 0.84 it/s
[Iter 20070/30000] Total=0.22134 | NS=0.14477 CO2(scaled)=0.00321 CO2_weight=1.00 guide_w=nan Walls=0.00689(x10) g_ns/g_walls=nan Windows=0.00422 Doors=0.00019 IC=0.00000 CO2_BC=0.00008 LR=3.47e-04 nu=0.01 NSraw=0.415 alpha(W1/W8/all)=0.59/0.39/0.48 | 0.84 it/s
[Iter 20080/30000] Total=0.29478 | NS=0.28327 CO2(scaled)=0.00150 CO2_weight=1.00 guide_w=nan Walls=0.00090(x10) g_ns/g_walls=nan Windows=0.00081 Doors=0.00012 IC=0.00000 CO2_BC=0.00011 LR=3.47e-04 nu=0.01 NSraw=1.085 alpha(W1/W8/all)=0.59/0.39/0.48 | 0.84 it/s
[Iter 20090/30000] Total=0.15448 | NS=0.13040 CO2(scaled)=0.00171 CO2_weight=1.00 guide_w=nan Walls=0.00210(x10) g_ns/g_walls=nan Windows=0.00114 Doors=0.00012 IC=0.00000 CO2_BC=0.00011 LR=3.47e-04 nu=0.01 NSraw=0.4463 alpha(W1/W8/all)=0.59/0.39/0.48 | 0.84 it/s
[Iter 20100/30000] Total=0.13516 | NS=0.12226 CO2(scaled)=0.00177 CO2_weight=1.00 guide_w=1.42 Walls=0.00093(x10) g_ns/g_walls=0.254 Windows=0.00157 Doors=0.00015 IC=0.00000 CO2_BC=0.00013 LR=3.47e-04 nu=0.01 NSraw=0.3352 alpha(W1/W8/all)=0.59/0.39/0.48 | 0.84 it/s
[Iter 20110/30000] Total=0.17245 | NS=0.15830 CO2(scaled)=0.00179 CO2_weight=1.00 guide_w=1.42 Walls=0.00110(x10) g_ns/g_walls=0.254 Windows=0.00117 Doors=0.00009 IC=0.00000 CO2_BC=0.00012 LR=3.47e-04 nu=0.01 NSraw=0.5717 alpha(W1/W8/all)=0.59/0.39/0.48 | 0.84 it/s
[Iter 20120/30000] Total=0.79555 | NS=0.77155 CO2(scaled)=0.00220 CO2_weight=1.00 guide_w=1.42 Walls=0.00209(x10) g_ns/g_walls=0.254 Windows=0.00068 Doors=0.00015 IC=0.00000 CO2_BC=0.00011 LR=3.46e-04 nu=0.01 NSraw=21.71 alpha(W1/W8/all)=0.59/0.39/0.48 | 0.84 it/s
[Iter 20130/30000] Total=0.22712 | NS=0.20812 CO2(scaled)=0.00200 CO2_weight=1.00 guide_w=1.42 Walls=0.00156(x10) g_ns/g_walls=0.254 Windows=0.00113 Doors=0.00014 IC=0.00000 CO2_BC=0.00013 LR=3.46e-04 nu=0.01 NSraw=0.9212 alpha(W1/W8/all)=0.59/0.39/0.48 | 0.84 it/s
[Iter 20140/30000] Total=0.12639 | NS=0.09820 CO2(scaled)=0.01362 CO2_weight=1.00 guide_w=1.42 Walls=0.00131(x10) g_ns/g_walls=0.254 Windows=0.00116 Doors=0.00015 IC=0.00000 CO2_BC=0.00019 LR=3.46e-04 nu=0.01 NSraw=0.3209 alpha(W1/W8/all)=0.59/0.39/0.48 | 0.84 it/s
[Iter 20150/30000] Total=0.20374 | NS=0.18349 CO2(scaled)=0.00567 CO2_weight=1.00 guide_w=1.42 Walls=0.00130(x10) g_ns/g_walls=0.254 Windows=0.00129 Doors=0.00016 IC=0.00000 CO2_BC=0.00018 LR=3.46e-04 nu=0.01 NSraw=0.6489 alpha(W1/W8/all)=0.59/0.39/0.48 | 0.85 it/s
[Iter 20160/30000] Total=0.14768 | NS=0.12319 CO2(scaled)=0.00380 CO2_weight=1.00 guide_w=1.42 Walls=0.00184(x10) g_ns/g_walls=0.254 Windows=0.00199 Doors=0.00012 IC=0.00000 CO2_BC=0.00022 LR=3.46e-04 nu=0.01 NSraw=0.343 alpha(W1/W8/all)=0.59/0.39/0.48 | 0.85 it/s
[Iter 20170/30000] Total=0.11274 | NS=0.08036 CO2(scaled)=0.00717 CO2_weight=1.00 guide_w=1.42 Walls=0.00224(x10) g_ns/g_walls=0.254 Windows=0.00248 Doors=0.00019 IC=0.00000 CO2_BC=0.00017 LR=3.46e-04 nu=0.01 NSraw=0.2098 alpha(W1/W8/all)=0.59/0.39/0.48 | 0.85 it/s
[Iter 20180/30000] Total=0.63753 | NS=0.61916 CO2(scaled)=0.00293 CO2_weight=1.00 guide_w=1.42 Walls=0.00138(x10) g_ns/g_walls=0.254 Windows=0.00137 Doors=0.00018 IC=0.00000 CO2_BC=0.00009 LR=3.45e-04 nu=0.01 NSraw=16.67 alpha(W1/W8/all)=0.59/0.39/0.48 | 0.85 it/s
[Iter 20190/30000] Total=0.30470 | NS=0.29157 CO2(scaled)=0.00165 CO2_weight=1.00 guide_w=1.42 Walls=0.00102(x10) g_ns/g_walls=0.254 Windows=0.00089 Doors=0.00022 IC=0.00000 CO2_BC=0.00020 LR=3.45e-04 nu=0.01 NSraw=1.488 alpha(W1/W8/all)=0.59/0.39/0.48 | 0.85 it/s
[Iter 20200/30000] Total=0.62288 | NS=0.56741 CO2(scaled)=0.00233 CO2_weight=1.00 guide_w=106 Walls=0.00481(x10) g_ns/g_walls=6.05 Windows=0.00456 Doors=0.00024 IC=0.00000 CO2_BC=0.00020 LR=3.45e-04 nu=0.01 NSraw=9.041 alpha(W1/W8/all)=0.59/0.39/0.48 | 0.85 it/s
[Iter 20210/30000] Total=0.24212 | NS=0.20198 CO2(scaled)=0.00402 CO2_weight=1.00 guide_w=106 Walls=0.00329(x10) g_ns/g_walls=6.05 Windows=0.00286 Doors=0.00018 IC=0.00000 CO2_BC=0.00021 LR=3.45e-04 nu=0.01 NSraw=0.9464 alpha(W1/W8/all)=0.59/0.39/0.48 | 0.85 it/s
[Iter 20220/30000] Total=0.39662 | NS=0.37250 CO2(scaled)=0.00213 CO2_weight=1.00 guide_w=106 Walls=0.00203(x10) g_ns/g_walls=6.05 Windows=0.00138 Doors=0.00014 IC=0.00000 CO2_BC=0.00014 LR=3.45e-04 nu=0.01 NSraw=2.712 alpha(W1/W8/all)=0.59/0.39/0.48 | 0.84 it/s
[Iter 20230/30000] Total=0.10995 | NS=0.08702 CO2(scaled)=0.00372 CO2_weight=1.00 guide_w=106 Walls=0.00176(x10) g_ns/g_walls=6.05 Windows=0.00123 Doors=0.00018 IC=0.00000 CO2_BC=0.00020 LR=3.44e-04 nu=0.01 NSraw=0.2633 alpha(W1/W8/all)=0.59/0.39/0.48 | 0.84 it/s
[Iter 20240/30000] Total=0.22464 | NS=0.21318 CO2(scaled)=0.00182 CO2_weight=1.00 guide_w=106 Walls=0.00081(x10) g_ns/g_walls=6.05 Windows=0.00112 Doors=0.00025 IC=0.00000 CO2_BC=0.00016 LR=3.44e-04 nu=0.01 NSraw=0.7991 alpha(W1/W8/all)=0.59/0.39/0.48 | 0.84 it/s
[Iter 20250/30000] Total=0.32474 | NS=0.26227 CO2(scaled)=0.01005 CO2_weight=1.00 guide_w=106 Walls=0.00488(x10) g_ns/g_walls=6.05 Windows=0.00327 Doors=0.00025 IC=0.00000 CO2_BC=0.00015 LR=3.44e-04 nu=0.01 NSraw=1.493 alpha(W1/W8/all)=0.59/0.39/0.48 | 0.84 it/s
[Iter 20260/30000] Total=0.38742 | NS=0.36506 CO2(scaled)=0.00277 CO2_weight=1.00 guide_w=106 Walls=0.00182(x10) g_ns/g_walls=6.05 Windows=0.00112 Doors=0.00012 IC=0.00000 CO2_BC=0.00015 LR=3.44e-04 nu=0.01 NSraw=2.165 alpha(W1/W8/all)=0.59/0.39/0.48 | 0.84 it/s
[Iter 20270/30000] Total=0.46599 | NS=0.43521 CO2(scaled)=0.00632 CO2_weight=1.00 guide_w=106 Walls=0.00217(x10) g_ns/g_walls=6.05 Windows=0.00250 Doors=0.00010 IC=0.00000 CO2_BC=0.00012 LR=3.44e-04 nu=0.01 NSraw=2.426 alpha(W1/W8/all)=0.59/0.39/0.48 | 0.84 it/s
[Iter 20280/30000] Total=0.23360 | NS=0.22186 CO2(scaled)=0.00143 CO2_weight=1.00 guide_w=106 Walls=0.00094(x10) g_ns/g_walls=6.05 Windows=0.00064 Doors=0.00009 IC=0.00000 CO2_BC=0.00016 LR=3.44e-04 nu=0.01 NSraw=0.794 alpha(W1/W8/all)=0.59/0.39/0.48 | 0.84 it/s
[Iter 20290/30000] Total=0.30745 | NS=0.28630 CO2(scaled)=0.00302 CO2_weight=1.00 guide_w=106 Walls=0.00166(x10) g_ns/g_walls=6.05 Windows=0.00124 Doors=0.00013 IC=0.00000 CO2_BC=0.00014 LR=3.43e-04 nu=0.01 NSraw=3.483 alpha(W1/W8/all)=0.59/0.39/0.48 | 0.84 it/s
[Iter 20300/30000] Total=0.22558 | NS=0.21272 CO2(scaled)=0.00152 CO2_weight=1.00 guide_w=66.8 Walls=0.00101(x10) g_ns/g_walls=6.76 Windows=0.00099 Doors=0.00015 IC=0.00000 CO2_BC=0.00013 LR=3.43e-04 nu=0.01 NSraw=0.9953 alpha(W1/W8/all)=0.59/0.39/0.48 | 0.84 it/s
[Iter 20310/30000] Total=0.15238 | NS=0.13668 CO2(scaled)=0.00155 CO2_weight=1.00 guide_w=66.8 Walls=0.00127(x10) g_ns/g_walls=6.76 Windows=0.00122 Doors=0.00015 IC=0.00000 CO2_BC=0.00012 LR=3.43e-04 nu=0.01 NSraw=0.6797 alpha(W1/W8/all)=0.59/0.39/0.48 | 0.84 it/s
[Iter 20320/30000] Total=0.76335 | NS=0.74400 CO2(scaled)=0.00303 CO2_weight=1.00 guide_w=66.8 Walls=0.00140(x10) g_ns/g_walls=6.76 Windows=0.00206 Doors=0.00016 IC=0.00000 CO2_BC=0.00011 LR=3.43e-04 nu=0.01 NSraw=31.68 alpha(W1/W8/all)=0.59/0.39/0.48 | 0.84 it/s
[Iter 20330/30000] Total=0.17847 | NS=0.15620 CO2(scaled)=0.00253 CO2_weight=1.00 guide_w=66.8 Walls=0.00179(x10) g_ns/g_walls=6.76 Windows=0.00142 Doors=0.00022 IC=0.00000 CO2_BC=0.00016 LR=3.43e-04 nu=0.01 NSraw=0.4564 alpha(W1/W8/all)=0.59/0.39/0.48 | 0.84 it/s
[Iter 20340/30000] Total=0.38177 | NS=0.36195 CO2(scaled)=0.00195 CO2_weight=1.00 guide_w=66.8 Walls=0.00162(x10) g_ns/g_walls=6.76 Windows=0.00136 Doors=0.00020 IC=0.00000 CO2_BC=0.00014 LR=3.42e-04 nu=0.01 NSraw=4.867 alpha(W1/W8/all)=0.59/0.39/0.48 | 0.84 it/s
[Iter 20350/30000] Total=0.39416 | NS=0.38384 CO2(scaled)=0.00189 CO2_weight=1.00 guide_w=66.8 Walls=0.00072(x10) g_ns/g_walls=6.76 Windows=0.00082 Doors=0.00027 IC=0.00000 CO2_BC=0.00013 LR=3.42e-04 nu=0.01 NSraw=5.065 alpha(W1/W8/all)=0.59/0.39/0.48 | 0.84 it/s
[Iter 20360/30000] Total=0.23661 | NS=0.21419 CO2(scaled)=0.00314 CO2_weight=1.00 guide_w=66.8 Walls=0.00167(x10) g_ns/g_walls=6.76 Windows=0.00148 Doors=0.00097 IC=0.00000 CO2_BC=0.00015 LR=3.42e-04 nu=0.01 NSraw=0.9299 alpha(W1/W8/all)=0.59/0.39/0.48 | 0.84 it/s
[Iter 20370/30000] Total=0.44751 | NS=0.42704 CO2(scaled)=0.00300 CO2_weight=1.00 guide_w=66.8 Walls=0.00155(x10) g_ns/g_walls=6.76 Windows=0.00169 Doors=0.00016 IC=0.00000 CO2_BC=0.00016 LR=3.42e-04 nu=0.01 NSraw=7.101 alpha(W1/W8/all)=0.59/0.39/0.48 | 0.84 it/s
[Iter 20380/30000] Total=0.27818 | NS=0.25846 CO2(scaled)=0.00384 CO2_weight=1.00 guide_w=66.8 Walls=0.00135(x10) g_ns/g_walls=6.76 Windows=0.00215 Doors=0.00010 IC=0.00000 CO2_BC=0.00015 LR=3.42e-04 nu=0.01 NSraw=1.096 alpha(W1/W8/all)=0.59/0.39/0.48 | 0.84 it/s
[Iter 20390/30000] Total=1.49768 | NS=1.48411 CO2(scaled)=0.00255 CO2_weight=1.00 guide_w=66.8 Walls=0.00096(x10) g_ns/g_walls=6.76 Windows=0.00109 Doors=0.00011 IC=0.00000 CO2_BC=0.00022 LR=3.42e-04 nu=0.01 NSraw=138.8 alpha(W1/W8/all)=0.59/0.39/0.48 | 0.84 it/s
[Iter 20400/30000] Total=0.25640 | NS=0.22814 CO2(scaled)=0.00533 CO2_weight=1.00 guide_w=3.62 Walls=0.00207(x10) g_ns/g_walls=0.965 Windows=0.00192 Doors=0.00013 IC=0.00000 CO2_BC=0.00015 LR=3.41e-04 nu=0.01 NSraw=0.7633 alpha(W1/W8/all)=0.59/0.39/0.48 | 0.84 it/s
[Iter 20410/30000] Total=0.13582 | NS=0.11199 CO2(scaled)=0.00186 CO2_weight=1.00 guide_w=3.62 Walls=0.00194(x10) g_ns/g_walls=0.965 Windows=0.00224 Doors=0.00013 IC=0.00000 CO2_BC=0.00016 LR=3.41e-04 nu=0.01 NSraw=0.3553 alpha(W1/W8/all)=0.59/0.39/0.48 | 0.84 it/s
[Iter 20420/30000] Total=0.24819 | NS=0.23268 CO2(scaled)=0.00209 CO2_weight=1.00 guide_w=3.62 Walls=0.00118(x10) g_ns/g_walls=0.965 Windows=0.00138 Doors=0.00008 IC=0.00000 CO2_BC=0.00020 LR=3.41e-04 nu=0.01 NSraw=1.226 alpha(W1/W8/all)=0.59/0.39/0.48 | 0.84 it/s
[Iter 20430/30000] Total=0.25349 | NS=0.24270 CO2(scaled)=0.00214 CO2_weight=1.00 guide_w=3.62 Walls=0.00075(x10) g_ns/g_walls=0.965 Windows=0.00096 Doors=0.00009 IC=0.00000 CO2_BC=0.00013 LR=3.41e-04 nu=0.01 NSraw=0.6954 alpha(W1/W8/all)=0.59/0.39/0.48 | 0.84 it/s
[Iter 20440/30000] Total=0.33121 | NS=0.31758 CO2(scaled)=0.00233 CO2_weight=1.00 guide_w=3.62 Walls=0.00085(x10) g_ns/g_walls=0.965 Windows=0.00247 Doors=0.00018 IC=0.00000 CO2_BC=0.00016 LR=3.41e-04 nu=0.01 NSraw=1.666 alpha(W1/W8/all)=0.59/0.39/0.48 | 0.84 it/s
[Iter 20450/30000] Total=0.23563 | NS=0.21316 CO2(scaled)=0.00173 CO2_weight=1.00 guide_w=3.62 Walls=0.00195(x10) g_ns/g_walls=0.965 Windows=0.00092 Doors=0.00018 IC=0.00000 CO2_BC=0.00013 LR=3.41e-04 nu=0.01 NSraw=1.189 alpha(W1/W8/all)=0.59/0.39/0.48 | 0.84 it/s
[Iter 20460/30000] Total=0.17743 | NS=0.14253 CO2(scaled)=0.00186 CO2_weight=1.00 guide_w=3.62 Walls=0.00312(x10) g_ns/g_walls=0.965 Windows=0.00156 Doors=0.00014 IC=0.00000 CO2_BC=0.00014 LR=3.40e-04 nu=0.01 NSraw=0.4965 alpha(W1/W8/all)=0.59/0.39/0.48 | 0.84 it/s
[Iter 20470/30000] Total=0.44129 | NS=0.40505 CO2(scaled)=0.00197 CO2_weight=1.00 guide_w=3.62 Walls=0.00310(x10) g_ns/g_walls=0.965 Windows=0.00297 Doors=0.00011 IC=0.00000 CO2_BC=0.00016 LR=3.40e-04 nu=0.01 NSraw=4.332 alpha(W1/W8/all)=0.59/0.39/0.48 | 0.84 it/s
[Iter 20480/30000] Total=0.18146 | NS=0.14815 CO2(scaled)=0.00143 CO2_weight=1.00 guide_w=3.62 Walls=0.00286(x10) g_ns/g_walls=0.965 Windows=0.00300 Doors=0.00013 IC=0.00000 CO2_BC=0.00016 LR=3.40e-04 nu=0.01 NSraw=0.5486 alpha(W1/W8/all)=0.59/0.39/0.48 | 0.84 it/s
[Iter 20490/30000] Total=0.32897 | NS=0.31738 CO2(scaled)=0.00256 CO2_weight=1.00 guide_w=3.62 Walls=0.00078(x10) g_ns/g_walls=0.965 Windows=0.00100 Doors=0.00008 IC=0.00000 CO2_BC=0.00016 LR=3.40e-04 nu=0.01 NSraw=3.683 alpha(W1/W8/all)=0.59/0.39/0.48 | 0.84 it/s
[Iter 20500/30000] Total=0.20005 | NS=0.17260 CO2(scaled)=0.00167 CO2_weight=1.00 guide_w=11.7 Walls=0.00237(x10) g_ns/g_walls=1.09 Windows=0.00186 Doors=0.00009 IC=0.00000 CO2_BC=0.00013 LR=3.40e-04 nu=0.01 NSraw=0.5514 alpha(W1/W8/all)=0.59/0.39/0.48 | 0.84 it/s
[Iter 20510/30000] Total=0.34078 | NS=0.32312 CO2(scaled)=0.00317 CO2_weight=1.00 guide_w=11.7 Walls=0.00128(x10) g_ns/g_walls=1.09 Windows=0.00145 Doors=0.00010 IC=0.00000 CO2_BC=0.00013 LR=3.39e-04 nu=0.01 NSraw=1.558 alpha(W1/W8/all)=0.59/0.39/0.48 | 0.84 it/s
[Iter 20520/30000] Total=0.42801 | NS=0.38387 CO2(scaled)=0.00216 CO2_weight=1.00 guide_w=11.7 Walls=0.00396(x10) g_ns/g_walls=1.09 Windows=0.00211 Doors=0.00012 IC=0.00000 CO2_BC=0.00012 LR=3.39e-04 nu=0.01 NSraw=4.986 alpha(W1/W8/all)=0.59/0.39/0.48 | 0.84 it/s
[Iter 20530/30000] Total=0.26581 | NS=0.25268 CO2(scaled)=0.00159 CO2_weight=1.00 guide_w=11.7 Walls=0.00101(x10) g_ns/g_walls=1.09 Windows=0.00114 Doors=0.00018 IC=0.00000 CO2_BC=0.00017 LR=3.39e-04 nu=0.01 NSraw=1.418 alpha(W1/W8/all)=0.59/0.39/0.48 | 0.84 it/s
[Iter 20540/30000] Total=0.16049 | NS=0.15162 CO2(scaled)=0.00193 CO2_weight=1.00 guide_w=11.7 Walls=0.00055(x10) g_ns/g_walls=1.09 Windows=0.00113 Doors=0.00012 IC=0.00000 CO2_BC=0.00017 LR=3.39e-04 nu=0.01 NSraw=0.4534 alpha(W1/W8/all)=0.59/0.39/0.48 | 0.84 it/s
[Iter 20550/30000] Total=0.10568 | NS=0.07996 CO2(scaled)=0.00318 CO2_weight=1.00 guide_w=11.7 Walls=0.00199(x10) g_ns/g_walls=1.09 Windows=0.00237 Doors=0.00014 IC=0.00000 CO2_BC=0.00019 LR=3.39e-04 nu=0.01 NSraw=0.2169 alpha(W1/W8/all)=0.59/0.39/0.48 | 0.84 it/s
[Iter 20560/30000] Total=0.16771 | NS=0.15309 CO2(scaled)=0.00185 CO2_weight=1.00 guide_w=11.7 Walls=0.00111(x10) g_ns/g_walls=1.09 Windows=0.00137 Doors=0.00014 IC=0.00000 CO2_BC=0.00015 LR=3.39e-04 nu=0.01 NSraw=0.5521 alpha(W1/W8/all)=0.59/0.39/0.48 | 0.84 it/s
[Iter 20570/30000] Total=0.21008 | NS=0.19777 CO2(scaled)=0.00106 CO2_weight=1.00 guide_w=11.7 Walls=0.00100(x10) g_ns/g_walls=1.09 Windows=0.00102 Doors=0.00009 IC=0.00000 CO2_BC=0.00014 LR=3.38e-04 nu=0.01 NSraw=1.077 alpha(W1/W8/all)=0.59/0.39/0.48 | 0.84 it/s
[Iter 20580/30000] Total=0.49147 | NS=0.47718 CO2(scaled)=0.00217 CO2_weight=1.00 guide_w=11.7 Walls=0.00103(x10) g_ns/g_walls=1.09 Windows=0.00144 Doors=0.00015 IC=0.00000 CO2_BC=0.00019 LR=3.38e-04 nu=0.01 NSraw=5.733 alpha(W1/W8/all)=0.59/0.39/0.48 | 0.84 it/s
[Iter 20590/30000] Total=0.11948 | NS=0.11035 CO2(scaled)=0.00152 CO2_weight=1.00 guide_w=11.7 Walls=0.00060(x10) g_ns/g_walls=1.09 Windows=0.00129 Doors=0.00020 IC=0.00000 CO2_BC=0.00010 LR=3.38e-04 nu=0.01 NSraw=0.266 alpha(W1/W8/all)=0.59/0.39/0.48 | 0.84 it/s
[Iter 20600/30000] Total=0.38556 | NS=0.37349 CO2(scaled)=0.00109 CO2_weight=1.00 guide_w=87 Walls=0.00096(x10) g_ns/g_walls=17.3 Windows=0.00100 Doors=0.00025 IC=0.00000 CO2_BC=0.00016 LR=3.38e-04 nu=0.01 NSraw=5.896 alpha(W1/W8/all)=0.59/0.39/0.48 | 0.84 it/s
[Iter 20610/30000] Total=0.46286 | NS=0.44688 CO2(scaled)=0.00128 CO2_weight=1.00 guide_w=87 Walls=0.00128(x10) g_ns/g_walls=17.3 Windows=0.00163 Doors=0.00016 IC=0.00000 CO2_BC=0.00012 LR=3.38e-04 nu=0.01 NSraw=11.74 alpha(W1/W8/all)=0.59/0.39/0.48 | 0.84 it/s
[Iter 20620/30000] Total=0.41565 | NS=0.39584 CO2(scaled)=0.00242 CO2_weight=1.00 guide_w=87 Walls=0.00155(x10) g_ns/g_walls=17.3 Windows=0.00156 Doors=0.00014 IC=0.00000 CO2_BC=0.00018 LR=3.37e-04 nu=0.01 NSraw=2.599 alpha(W1/W8/all)=0.59/0.39/0.48 | 0.84 it/s
[Iter 20630/30000] Total=0.09084 | NS=0.07514 CO2(scaled)=0.00198 CO2_weight=1.00 guide_w=87 Walls=0.00117(x10) g_ns/g_walls=17.3 Windows=0.00174 Doors=0.00009 IC=0.00000 CO2_BC=0.00020 LR=3.37e-04 nu=0.01 NSraw=0.1371 alpha(W1/W8/all)=0.59/0.39/0.48 | 0.84 it/s
[Iter 20640/30000] Total=0.38026 | NS=0.34684 CO2(scaled)=0.00450 CO2_weight=1.00 guide_w=87 Walls=0.00267(x10) g_ns/g_walls=17.3 Windows=0.00194 Doors=0.00014 IC=0.00000 CO2_BC=0.00016 LR=3.37e-04 nu=0.01 NSraw=2.237 alpha(W1/W8/all)=0.59/0.39/0.48 | 0.84 it/s
[Iter 20650/30000] Total=0.25886 | NS=0.23759 CO2(scaled)=0.00292 CO2_weight=1.00 guide_w=87 Walls=0.00170(x10) g_ns/g_walls=17.3 Windows=0.00111 Doors=0.00007 IC=0.00000 CO2_BC=0.00015 LR=3.37e-04 nu=0.01 NSraw=1.003 alpha(W1/W8/all)=0.59/0.39/0.48 | 0.84 it/s
[Iter 20660/30000] Total=0.72537 | NS=0.71702 CO2(scaled)=0.00185 CO2_weight=1.00 guide_w=87 Walls=0.00055(x10) g_ns/g_walls=17.3 Windows=0.00073 Doors=0.00012 IC=0.00000 CO2_BC=0.00014 LR=3.37e-04 nu=0.01 NSraw=34.64 alpha(W1/W8/all)=0.59/0.39/0.48 | 0.84 it/s
[Iter 20670/30000] Total=0.61641 | NS=0.60406 CO2(scaled)=0.00197 CO2_weight=1.00 guide_w=87 Walls=0.00092(x10) g_ns/g_walls=17.3 Windows=0.00094 Doors=0.00011 IC=0.00000 CO2_BC=0.00017 LR=3.37e-04 nu=0.01 NSraw=18.84 alpha(W1/W8/all)=0.59/0.39/0.48 | 0.84 it/s
[Iter 20680/30000] Total=0.35326 | NS=0.33579 CO2(scaled)=0.00156 CO2_weight=1.00 guide_w=87 Walls=0.00142(x10) g_ns/g_walls=17.3 Windows=0.00146 Doors=0.00009 IC=0.00000 CO2_BC=0.00017 LR=3.36e-04 nu=0.01 NSraw=1.527 alpha(W1/W8/all)=0.59/0.39/0.48 | 0.84 it/s
[Iter 20690/30000] Total=0.15599 | NS=0.14797 CO2(scaled)=0.00130 CO2_weight=1.00 guide_w=87 Walls=0.00060(x10) g_ns/g_walls=17.3 Windows=0.00056 Doors=0.00009 IC=0.00000 CO2_BC=0.00010 LR=3.36e-04 nu=0.01 NSraw=0.6221 alpha(W1/W8/all)=0.59/0.39/0.48 | 0.84 it/s
[Iter 20700/30000] Total=0.27318 | NS=0.25381 CO2(scaled)=0.00149 CO2_weight=1.00 guide_w=20.8 Walls=0.00155(x10) g_ns/g_walls=0.508 Windows=0.00206 Doors=0.00017 IC=0.00000 CO2_BC=0.00011 LR=3.36e-04 nu=0.01 NSraw=1.777 alpha(W1/W8/all)=0.59/0.39/0.48 | 0.84 it/s
[Iter 20710/30000] Total=0.23073 | NS=0.21319 CO2(scaled)=0.00135 CO2_weight=1.00 guide_w=20.8 Walls=0.00144(x10) g_ns/g_walls=0.508 Windows=0.00151 Doors=0.00011 IC=0.00000 CO2_BC=0.00019 LR=3.36e-04 nu=0.01 NSraw=1.159 alpha(W1/W8/all)=0.59/0.39/0.48 | 0.84 it/s
[Iter 20720/30000] Total=0.29874 | NS=0.27299 CO2(scaled)=0.00146 CO2_weight=1.00 guide_w=20.8 Walls=0.00215(x10) g_ns/g_walls=0.508 Windows=0.00248 Doors=0.00017 IC=0.00000 CO2_BC=0.00016 LR=3.36e-04 nu=0.01 NSraw=1.689 alpha(W1/W8/all)=0.59/0.39/0.48 | 0.84 it/s
[Iter 20730/30000] Total=0.30110 | NS=0.28580 CO2(scaled)=0.00130 CO2_weight=1.00 guide_w=20.8 Walls=0.00127(x10) g_ns/g_walls=0.508 Windows=0.00107 Doors=0.00014 IC=0.00000 CO2_BC=0.00013 LR=3.36e-04 nu=0.01 NSraw=1.603 alpha(W1/W8/all)=0.59/0.39/0.48 | 0.84 it/s
[Iter 20740/30000] Total=0.26974 | NS=0.25393 CO2(scaled)=0.00206 CO2_weight=1.00 guide_w=20.8 Walls=0.00122(x10) g_ns/g_walls=0.508 Windows=0.00134 Doors=0.00013 IC=0.00000 CO2_BC=0.00012 LR=3.35e-04 nu=0.01 NSraw=1.106 alpha(W1/W8/all)=0.59/0.39/0.48 | 0.84 it/s
[Iter 20750/30000] Total=0.26308 | NS=0.24757 CO2(scaled)=0.00463 CO2_weight=1.00 guide_w=20.8 Walls=0.00095(x10) g_ns/g_walls=0.508 Windows=0.00102 Doors=0.00023 IC=0.00000 CO2_BC=0.00009 LR=3.35e-04 nu=0.01 NSraw=1.023 alpha(W1/W8/all)=0.59/0.39/0.48 | 0.84 it/s
[Iter 20760/30000] Total=0.27363 | NS=0.26067 CO2(scaled)=0.00187 CO2_weight=1.00 guide_w=20.8 Walls=0.00099(x10) g_ns/g_walls=0.508 Windows=0.00084 Doors=0.00020 IC=0.00000 CO2_BC=0.00016 LR=3.35e-04 nu=0.01 NSraw=1.611 alpha(W1/W8/all)=0.59/0.39/0.48 | 0.84 it/s
[Iter 20770/30000] Total=0.20051 | NS=0.15590 CO2(scaled)=0.00580 CO2_weight=1.00 guide_w=20.8 Walls=0.00352(x10) g_ns/g_walls=0.508 Windows=0.00324 Doors=0.00024 IC=0.00000 CO2_BC=0.00014 LR=3.35e-04 nu=0.01 NSraw=0.5691 alpha(W1/W8/all)=0.59/0.39/0.48 | 0.84 it/s
[Iter 20780/30000] Total=0.10416 | NS=0.07933 CO2(scaled)=0.00356 CO2_weight=1.00 guide_w=20.8 Walls=0.00190(x10) g_ns/g_walls=0.508 Windows=0.00185 Doors=0.00023 IC=0.00000 CO2_BC=0.00019 LR=3.35e-04 nu=0.01 NSraw=0.1455 alpha(W1/W8/all)=0.59/0.39/0.48 | 0.84 it/s
[Iter 20790/30000] Total=0.98537 | NS=0.95953 CO2(scaled)=0.00286 CO2_weight=1.00 guide_w=20.8 Walls=0.00209(x10) g_ns/g_walls=0.508 Windows=0.00160 Doors=0.00029 IC=0.00000 CO2_BC=0.00017 LR=3.34e-04 nu=0.01 NSraw=18.27 alpha(W1/W8/all)=0.59/0.39/0.48 | 0.84 it/s
[Iter 20800/30000] Total=0.48002 | NS=0.46045 CO2(scaled)=0.00158 CO2_weight=1.00 guide_w=280 Walls=0.00163(x10) g_ns/g_walls=17.8 Windows=0.00139 Doors=0.00017 IC=0.00000 CO2_BC=0.00017 LR=3.34e-04 nu=0.01 NSraw=11.3 alpha(W1/W8/all)=0.59/0.39/0.48 | 0.84 it/s
[Iter 20810/30000] Total=0.14588 | NS=0.13892 CO2(scaled)=0.00114 CO2_weight=1.00 guide_w=280 Walls=0.00046(x10) g_ns/g_walls=17.8 Windows=0.00089 Doors=0.00019 IC=0.00000 CO2_BC=0.00011 LR=3.34e-04 nu=0.01 NSraw=0.589 alpha(W1/W8/all)=0.59/0.39/0.48 | 0.84 it/s
[Iter 20820/30000] Total=0.22669 | NS=0.21431 CO2(scaled)=0.00242 CO2_weight=1.00 guide_w=280 Walls=0.00085(x10) g_ns/g_walls=17.8 Windows=0.00118 Doors=0.00020 IC=0.00000 CO2_BC=0.00010 LR=3.34e-04 nu=0.01 NSraw=0.75 alpha(W1/W8/all)=0.59/0.39/0.48 | 0.84 it/s
[Iter 20830/30000] Total=0.23107 | NS=0.21124 CO2(scaled)=0.00320 CO2_weight=1.00 guide_w=280 Walls=0.00150(x10) g_ns/g_walls=17.8 Windows=0.00127 Doors=0.00019 IC=0.00000 CO2_BC=0.00013 LR=3.34e-04 nu=0.01 NSraw=0.7719 alpha(W1/W8/all)=0.59/0.39/0.48 | 0.84 it/s
[Iter 20840/30000] Total=0.20777 | NS=0.19156 CO2(scaled)=0.00213 CO2_weight=1.00 guide_w=280 Walls=0.00130(x10) g_ns/g_walls=17.8 Windows=0.00087 Doors=0.00010 IC=0.00000 CO2_BC=0.00013 LR=3.34e-04 nu=0.01 NSraw=0.8068 alpha(W1/W8/all)=0.59/0.39/0.48 | 0.84 it/s
[Iter 20850/30000] Total=0.10676 | NS=0.08997 CO2(scaled)=0.00184 CO2_weight=1.00 guide_w=280 Walls=0.00136(x10) g_ns/g_walls=17.8 Windows=0.00098 Doors=0.00018 IC=0.00000 CO2_BC=0.00019 LR=3.33e-04 nu=0.01 NSraw=0.1882 alpha(W1/W8/all)=0.59/0.39/0.48 | 0.84 it/s
[Iter 20860/30000] Total=0.24941 | NS=0.23396 CO2(scaled)=0.00315 CO2_weight=1.00 guide_w=280 Walls=0.00110(x10) g_ns/g_walls=17.8 Windows=0.00104 Doors=0.00016 IC=0.00000 CO2_BC=0.00011 LR=3.33e-04 nu=0.01 NSraw=1.149 alpha(W1/W8/all)=0.59/0.39/0.48 | 0.84 it/s
[Iter 20870/30000] Total=0.07208 | NS=0.05888 CO2(scaled)=0.00200 CO2_weight=1.00 guide_w=280 Walls=0.00101(x10) g_ns/g_walls=17.8 Windows=0.00082 Doors=0.00015 IC=0.00000 CO2_BC=0.00010 LR=3.33e-04 nu=0.01 NSraw=0.1026 alpha(W1/W8/all)=0.59/0.39/0.48 | 0.84 it/s
[Iter 20880/30000] Total=0.17926 | NS=0.16147 CO2(scaled)=0.00136 CO2_weight=1.00 guide_w=280 Walls=0.00142(x10) g_ns/g_walls=17.8 Windows=0.00188 Doors=0.00015 IC=0.00000 CO2_BC=0.00017 LR=3.33e-04 nu=0.01 NSraw=0.9624 alpha(W1/W8/all)=0.59/0.39/0.48 | 0.85 it/s
[Iter 20890/30000] Total=0.23859 | NS=0.22341 CO2(scaled)=0.00161 CO2_weight=1.00 guide_w=280 Walls=0.00124(x10) g_ns/g_walls=17.8 Windows=0.00090 Doors=0.00013 IC=0.00000 CO2_BC=0.00011 LR=3.33e-04 nu=0.01 NSraw=2.126 alpha(W1/W8/all)=0.59/0.39/0.48 | 0.85 it/s
[Iter 20900/30000] Total=0.30432 | NS=0.28046 CO2(scaled)=0.00233 CO2_weight=1.00 guide_w=14.6 Walls=0.00202(x10) g_ns/g_walls=3.17 Windows=0.00106 Doors=0.00012 IC=0.00000 CO2_BC=0.00013 LR=3.33e-04 nu=0.01 NSraw=1.263 alpha(W1/W8/all)=0.59/0.39/0.48 | 0.85 it/s
[Iter 20910/30000] Total=0.16681 | NS=0.15000 CO2(scaled)=0.00137 CO2_weight=1.00 guide_w=14.6 Walls=0.00141(x10) g_ns/g_walls=3.17 Windows=0.00110 Doors=0.00012 IC=0.00000 CO2_BC=0.00013 LR=3.32e-04 nu=0.01 NSraw=0.5524 alpha(W1/W8/all)=0.59/0.39/0.48 | 0.85 it/s
[Iter 20920/30000] Total=0.50671 | NS=0.48695 CO2(scaled)=0.00161 CO2_weight=1.00 guide_w=14.6 Walls=0.00163(x10) g_ns/g_walls=3.17 Windows=0.00154 Doors=0.00014 IC=0.00000 CO2_BC=0.00015 LR=3.32e-04 nu=0.01 NSraw=10.02 alpha(W1/W8/all)=0.59/0.39/0.48 | 0.85 it/s
[Iter 20930/30000] Total=0.25585 | NS=0.22311 CO2(scaled)=0.00163 CO2_weight=1.00 guide_w=14.6 Walls=0.00286(x10) g_ns/g_walls=3.17 Windows=0.00219 Doors=0.00012 IC=0.00000 CO2_BC=0.00016 LR=3.32e-04 nu=0.01 NSraw=1.101 alpha(W1/W8/all)=0.59/0.39/0.48 | 0.85 it/s
[Iter 20940/30000] Total=0.24473 | NS=0.21422 CO2(scaled)=0.00131 CO2_weight=1.00 guide_w=14.6 Walls=0.00265(x10) g_ns/g_walls=3.17 Windows=0.00249 Doors=0.00013 IC=0.00000 CO2_BC=0.00012 LR=3.32e-04 nu=0.01 NSraw=1.46 alpha(W1/W8/all)=0.59/0.39/0.48 | 0.85 it/s
[Iter 20950/30000] Total=0.14057 | NS=0.12475 CO2(scaled)=0.00159 CO2_weight=1.00 guide_w=14.6 Walls=0.00126(x10) g_ns/g_walls=3.17 Windows=0.00137 Doors=0.00013 IC=0.00000 CO2_BC=0.00015 LR=3.32e-04 nu=0.01 NSraw=0.36 alpha(W1/W8/all)=0.59/0.39/0.48 | 0.85 it/s
[Iter 20960/30000] Total=0.27763 | NS=0.26597 CO2(scaled)=0.00170 CO2_weight=1.00 guide_w=14.6 Walls=0.00087(x10) g_ns/g_walls=3.17 Windows=0.00101 Doors=0.00012 IC=0.00000 CO2_BC=0.00013 LR=3.31e-04 nu=0.01 NSraw=1.903 alpha(W1/W8/all)=0.59/0.39/0.48 | 0.85 it/s
[Iter 20970/30000] Total=0.17521 | NS=0.15678 CO2(scaled)=0.00169 CO2_weight=1.00 guide_w=14.6 Walls=0.00149(x10) g_ns/g_walls=3.17 Windows=0.00159 Doors=0.00012 IC=0.00000 CO2_BC=0.00015 LR=3.31e-04 nu=0.01 NSraw=0.5297 alpha(W1/W8/all)=0.59/0.39/0.48 | 0.85 it/s
[Iter 20980/30000] Total=0.18772 | NS=0.17867 CO2(scaled)=0.00192 CO2_weight=1.00 guide_w=14.6 Walls=0.00060(x10) g_ns/g_walls=3.17 Windows=0.00077 Doors=0.00015 IC=0.00000 CO2_BC=0.00023 LR=3.31e-04 nu=0.01 NSraw=0.9929 alpha(W1/W8/all)=0.59/0.39/0.48 | 0.85 it/s
[Iter 20990/30000] Total=0.17507 | NS=0.12611 CO2(scaled)=0.00624 CO2_weight=1.00 guide_w=14.6 Walls=0.00390(x10) g_ns/g_walls=3.17 Windows=0.00341 Doors=0.00015 IC=0.00000 CO2_BC=0.00018 LR=3.31e-04 nu=0.01 NSraw=1.056 alpha(W1/W8/all)=0.59/0.39/0.48 | 0.85 it/s
[Iter 21000/30000] Total=0.28331 | NS=0.24810 CO2(scaled)=0.00359 CO2_weight=1.00 guide_w=3.47 Walls=0.00294(x10) g_ns/g_walls=0.414 Windows=0.00193 Doors=0.00014 IC=0.00000 CO2_BC=0.00012 LR=3.31e-04 nu=0.01 NSraw=1.095 alpha(W1/W8/all)=0.59/0.39/0.48 | 0.85 it/s
  -> saved checkpoint: /home/iai-labor/BuildingControlCFD/experiments/gnot/checkpoints/v25_nsuniform_ab/gnot_v25_nsuniform_ab_iter21000.pth
[Iter 21010/30000] Total=0.28845 | NS=0.27354 CO2(scaled)=0.00155 CO2_weight=1.00 guide_w=3.47 Walls=0.00117(x10) g_ns/g_walls=0.414 Windows=0.00122 Doors=0.00025 IC=0.00000 CO2_BC=0.00014 LR=3.31e-04 nu=0.01 NSraw=2.359 alpha(W1/W8/all)=0.59/0.39/0.48 | 0.85 it/s
[Iter 21020/30000] Total=0.24298 | NS=0.23197 CO2(scaled)=0.00176 CO2_weight=1.00 guide_w=3.47 Walls=0.00081(x10) g_ns/g_walls=0.414 Windows=0.00088 Doors=0.00013 IC=0.00000 CO2_BC=0.00013 LR=3.30e-04 nu=0.01 NSraw=1.138 alpha(W1/W8/all)=0.59/0.39/0.48 | 0.85 it/s
[Iter 21030/30000] Total=0.38008 | NS=0.36353 CO2(scaled)=0.00154 CO2_weight=1.00 guide_w=3.47 Walls=0.00138(x10) g_ns/g_walls=0.414 Windows=0.00084 Doors=0.00016 IC=0.00000 CO2_BC=0.00018 LR=3.30e-04 nu=0.01 NSraw=5.789 alpha(W1/W8/all)=0.59/0.39/0.48 | 0.85 it/s
[Iter 21040/30000] Total=0.20102 | NS=0.18045 CO2(scaled)=0.00248 CO2_weight=1.00 guide_w=3.47 Walls=0.00168(x10) g_ns/g_walls=0.414 Windows=0.00094 Doors=0.00015 IC=0.00000 CO2_BC=0.00018 LR=3.30e-04 nu=0.01 NSraw=0.8613 alpha(W1/W8/all)=0.59/0.39/0.48 | 0.85 it/s
[Iter 21050/30000] Total=0.30490 | NS=0.24868 CO2(scaled)=0.00448 CO2_weight=1.00 guide_w=3.47 Walls=0.00487(x10) g_ns/g_walls=0.414 Windows=0.00274 Doors=0.00008 IC=0.00000 CO2_BC=0.00021 LR=3.30e-04 nu=0.01 NSraw=1.369 alpha(W1/W8/all)=0.59/0.39/0.48 | 0.85 it/s
[Iter 21060/30000] Total=0.57806 | NS=0.55181 CO2(scaled)=0.00184 CO2_weight=1.00 guide_w=3.47 Walls=0.00218(x10) g_ns/g_walls=0.414 Windows=0.00231 Doors=0.00008 IC=0.00000 CO2_BC=0.00021 LR=3.30e-04 nu=0.01 NSraw=5.776 alpha(W1/W8/all)=0.59/0.39/0.48 | 0.85 it/s
[Iter 21070/30000] Total=0.20313 | NS=0.19210 CO2(scaled)=0.00148 CO2_weight=1.00 guide_w=3.47 Walls=0.00084(x10) g_ns/g_walls=0.414 Windows=0.00084 Doors=0.00011 IC=0.00000 CO2_BC=0.00015 LR=3.30e-04 nu=0.01 NSraw=0.7779 alpha(W1/W8/all)=0.59/0.39/0.48 | 0.85 it/s
[Iter 21080/30000] Total=0.25868 | NS=0.24721 CO2(scaled)=0.00324 CO2_weight=1.00 guide_w=3.47 Walls=0.00066(x10) g_ns/g_walls=0.414 Windows=0.00136 Doors=0.00011 IC=0.00000 CO2_BC=0.00013 LR=3.29e-04 nu=0.01 NSraw=0.8767 alpha(W1/W8/all)=0.59/0.39/0.48 | 0.85 it/s
[Iter 21090/30000] Total=0.16708 | NS=0.15197 CO2(scaled)=0.00233 CO2_weight=1.00 guide_w=3.47 Walls=0.00116(x10) g_ns/g_walls=0.414 Windows=0.00093 Doors=0.00012 IC=0.00000 CO2_BC=0.00015 LR=3.29e-04 nu=0.01 NSraw=0.5057 alpha(W1/W8/all)=0.59/0.39/0.48 | 0.85 it/s
[Iter 21100/30000] Total=0.16314 | NS=0.14984 CO2(scaled)=0.00143 CO2_weight=1.00 guide_w=220 Walls=0.00100(x10) g_ns/g_walls=5.61 Windows=0.00166 Doors=0.00011 IC=0.00000 CO2_BC=0.00015 LR=3.29e-04 nu=0.01 NSraw=0.468 alpha(W1/W8/all)=0.59/0.39/0.48 | 0.85 it/s
[Iter 21110/30000] Total=0.12564 | NS=0.10103 CO2(scaled)=0.00146 CO2_weight=1.00 guide_w=220 Walls=0.00205(x10) g_ns/g_walls=5.61 Windows=0.00236 Doors=0.00013 IC=0.00000 CO2_BC=0.00014 LR=3.29e-04 nu=0.01 NSraw=0.3356 alpha(W1/W8/all)=0.59/0.39/0.48 | 0.85 it/s
[Iter 21120/30000] Total=0.58396 | NS=0.56575 CO2(scaled)=0.00115 CO2_weight=1.00 guide_w=220 Walls=0.00154(x10) g_ns/g_walls=5.61 Windows=0.00141 Doors=0.00010 IC=0.00000 CO2_BC=0.00011 LR=3.29e-04 nu=0.01 NSraw=20.22 alpha(W1/W8/all)=0.59/0.39/0.48 | 0.85 it/s
[Iter 21130/30000] Total=0.13554 | NS=0.12295 CO2(scaled)=0.00182 CO2_weight=1.00 guide_w=220 Walls=0.00095(x10) g_ns/g_walls=5.61 Windows=0.00099 Doors=0.00011 IC=0.00000 CO2_BC=0.00015 LR=3.29e-04 nu=0.01 NSraw=0.3498 alpha(W1/W8/all)=0.59/0.39/0.48 | 0.85 it/s
[Iter 21140/30000] Total=0.11741 | NS=0.10187 CO2(scaled)=0.00146 CO2_weight=1.00 guide_w=220 Walls=0.00122(x10) g_ns/g_walls=5.61 Windows=0.00166 Doors=0.00011 IC=0.00000 CO2_BC=0.00011 LR=3.28e-04 nu=0.01 NSraw=0.2841 alpha(W1/W8/all)=0.59/0.39/0.48 | 0.85 it/s
[Iter 21150/30000] Total=0.21752 | NS=0.17267 CO2(scaled)=0.00145 CO2_weight=1.00 guide_w=220 Walls=0.00399(x10) g_ns/g_walls=5.61 Windows=0.00325 Doors=0.00013 IC=0.00000 CO2_BC=0.00009 LR=3.28e-04 nu=0.01 NSraw=0.75 alpha(W1/W8/all)=0.59/0.39/0.48 | 0.85 it/s
[Iter 21160/30000] Total=0.09249 | NS=0.07786 CO2(scaled)=0.00148 CO2_weight=1.00 guide_w=220 Walls=0.00115(x10) g_ns/g_walls=5.61 Windows=0.00137 Doors=0.00014 IC=0.00000 CO2_BC=0.00010 LR=3.28e-04 nu=0.01 NSraw=0.153 alpha(W1/W8/all)=0.59/0.39/0.48 | 0.85 it/s
[Iter 21170/30000] Total=0.19008 | NS=0.17139 CO2(scaled)=0.00126 CO2_weight=1.00 guide_w=220 Walls=0.00159(x10) g_ns/g_walls=5.61 Windows=0.00127 Doors=0.00012 IC=0.00000 CO2_BC=0.00011 LR=3.28e-04 nu=0.01 NSraw=0.4864 alpha(W1/W8/all)=0.59/0.39/0.48 | 0.85 it/s
[Iter 21180/30000] Total=0.39537 | NS=0.37905 CO2(scaled)=0.00119 CO2_weight=1.00 guide_w=220 Walls=0.00139(x10) g_ns/g_walls=5.61 Windows=0.00096 Doors=0.00013 IC=0.00000 CO2_BC=0.00013 LR=3.28e-04 nu=0.01 NSraw=2.287 alpha(W1/W8/all)=0.59/0.39/0.48 | 0.85 it/s
[Iter 21190/30000] Total=0.18130 | NS=0.15092 CO2(scaled)=0.00141 CO2_weight=1.00 guide_w=220 Walls=0.00276(x10) g_ns/g_walls=5.61 Windows=0.00104 Doors=0.00019 IC=0.00000 CO2_BC=0.00015 LR=3.27e-04 nu=0.01 NSraw=0.7071 alpha(W1/W8/all)=0.59/0.39/0.48 | 0.85 it/s
[Iter 21200/30000] Total=0.12939 | NS=0.11685 CO2(scaled)=0.00176 CO2_weight=1.00 guide_w=3.45 Walls=0.00095(x10) g_ns/g_walls=0.579 Windows=0.00100 Doors=0.00017 IC=0.00000 CO2_BC=0.00013 LR=3.27e-04 nu=0.01 NSraw=0.2917 alpha(W1/W8/all)=0.59/0.39/0.48 | 0.85 it/s
[Iter 21210/30000] Total=0.31573 | NS=0.29221 CO2(scaled)=0.00133 CO2_weight=1.00 guide_w=3.45 Walls=0.00199(x10) g_ns/g_walls=0.579 Windows=0.00204 Doors=0.00013 IC=0.00000 CO2_BC=0.00009 LR=3.27e-04 nu=0.01 NSraw=2.085 alpha(W1/W8/all)=0.59/0.39/0.48 | 0.85 it/s
[Iter 21220/30000] Total=0.47567 | NS=0.46417 CO2(scaled)=0.00158 CO2_weight=1.00 guide_w=3.45 Walls=0.00082(x10) g_ns/g_walls=0.579 Windows=0.00141 Doors=0.00015 IC=0.00000 CO2_BC=0.00012 LR=3.27e-04 nu=0.01 NSraw=15.25 alpha(W1/W8/all)=0.59/0.39/0.48 | 0.85 it/s
[Iter 21230/30000] Total=0.32750 | NS=0.31874 CO2(scaled)=0.00140 CO2_weight=1.00 guide_w=3.45 Walls=0.00061(x10) g_ns/g_walls=0.579 Windows=0.00099 Doors=0.00013 IC=0.00000 CO2_BC=0.00011 LR=3.27e-04 nu=0.01 NSraw=1.511 alpha(W1/W8/all)=0.59/0.39/0.48 | 0.85 it/s
[Iter 21240/30000] Total=0.48674 | NS=0.46939 CO2(scaled)=0.00178 CO2_weight=1.00 guide_w=3.45 Walls=0.00132(x10) g_ns/g_walls=0.579 Windows=0.00209 Doors=0.00011 IC=0.00000 CO2_BC=0.00013 LR=3.27e-04 nu=0.01 NSraw=12.38 alpha(W1/W8/all)=0.59/0.39/0.48 | 0.85 it/s
[Iter 21250/30000] Total=0.76435 | NS=0.74928 CO2(scaled)=0.00216 CO2_weight=1.00 guide_w=3.45 Walls=0.00112(x10) g_ns/g_walls=0.579 Windows=0.00149 Doors=0.00010 IC=0.00000 CO2_BC=0.00014 LR=3.26e-04 nu=0.01 NSraw=41.72 alpha(W1/W8/all)=0.59/0.39/0.48 | 0.85 it/s
[Iter 21260/30000] Total=0.28965 | NS=0.28007 CO2(scaled)=0.00134 CO2_weight=1.00 guide_w=3.45 Walls=0.00070(x10) g_ns/g_walls=0.579 Windows=0.00106 Doors=0.00013 IC=0.00000 CO2_BC=0.00010 LR=3.26e-04 nu=0.01 NSraw=4.522 alpha(W1/W8/all)=0.59/0.39/0.48 | 0.85 it/s
[Iter 21270/30000] Total=0.23215 | NS=0.22084 CO2(scaled)=0.00126 CO2_weight=1.00 guide_w=3.45 Walls=0.00081(x10) g_ns/g_walls=0.579 Windows=0.00178 Doors=0.00010 IC=0.00000 CO2_BC=0.00012 LR=3.26e-04 nu=0.01 NSraw=1.097 alpha(W1/W8/all)=0.59/0.39/0.48 | 0.85 it/s
[Iter 21280/30000] Total=0.06763 | NS=0.05463 CO2(scaled)=0.00135 CO2_weight=1.00 guide_w=3.45 Walls=0.00100(x10) g_ns/g_walls=0.579 Windows=0.00140 Doors=0.00015 IC=0.00000 CO2_BC=0.00012 LR=3.26e-04 nu=0.01 NSraw=0.1022 alpha(W1/W8/all)=0.59/0.39/0.48 | 0.85 it/s
[Iter 21290/30000] Total=0.44722 | NS=0.43776 CO2(scaled)=0.00143 CO2_weight=1.00 guide_w=3.45 Walls=0.00061(x10) g_ns/g_walls=0.579 Windows=0.00158 Doors=0.00020 IC=0.00000 CO2_BC=0.00012 LR=3.26e-04 nu=0.01 NSraw=14.27 alpha(W1/W8/all)=0.59/0.39/0.48 | 0.85 it/s
[Iter 21300/30000] Total=0.16978 | NS=0.15941 CO2(scaled)=0.00179 CO2_weight=1.00 guide_w=1.37 Walls=0.00070(x10) g_ns/g_walls=0.328 Windows=0.00132 Doors=0.00017 IC=0.00000 CO2_BC=0.00012 LR=3.26e-04 nu=0.01 NSraw=0.6301 alpha(W1/W8/all)=0.59/0.39/0.48 | 0.85 it/s
[Iter 21310/30000] Total=0.17367 | NS=0.15494 CO2(scaled)=0.00298 CO2_weight=1.00 guide_w=1.37 Walls=0.00144(x10) g_ns/g_walls=0.328 Windows=0.00098 Doors=0.00024 IC=0.00000 CO2_BC=0.00012 LR=3.25e-04 nu=0.01 NSraw=0.535 alpha(W1/W8/all)=0.59/0.39/0.48 | 0.85 it/s
[Iter 21320/30000] Total=0.26308 | NS=0.24801 CO2(scaled)=0.00283 CO2_weight=1.00 guide_w=1.37 Walls=0.00110(x10) g_ns/g_walls=0.328 Windows=0.00098 Doors=0.00013 IC=0.00000 CO2_BC=0.00012 LR=3.25e-04 nu=0.01 NSraw=1.972 alpha(W1/W8/all)=0.59/0.39/0.48 | 0.85 it/s
[Iter 21330/30000] Total=0.12494 | NS=0.10971 CO2(scaled)=0.00128 CO2_weight=1.00 guide_w=1.37 Walls=0.00123(x10) g_ns/g_walls=0.328 Windows=0.00138 Doors=0.00017 IC=0.00000 CO2_BC=0.00011 LR=3.25e-04 nu=0.01 NSraw=0.3389 alpha(W1/W8/all)=0.59/0.39/0.48 | 0.85 it/s
[Iter 21340/30000] Total=0.14286 | NS=0.11578 CO2(scaled)=0.00152 CO2_weight=1.00 guide_w=1.37 Walls=0.00231(x10) g_ns/g_walls=0.328 Windows=0.00209 Doors=0.00021 IC=0.00000 CO2_BC=0.00014 LR=3.25e-04 nu=0.01 NSraw=0.2871 alpha(W1/W8/all)=0.59/0.39/0.48 | 0.85 it/s
[Iter 21350/30000] Total=0.23927 | NS=0.22731 CO2(scaled)=0.00187 CO2_weight=1.00 guide_w=1.37 Walls=0.00085(x10) g_ns/g_walls=0.328 Windows=0.00125 Doors=0.00014 IC=0.00000 CO2_BC=0.00014 LR=3.25e-04 nu=0.01 NSraw=1.096 alpha(W1/W8/all)=0.59/0.39/0.48 | 0.85 it/s
[Iter 21360/30000] Total=0.47509 | NS=0.46245 CO2(scaled)=0.00168 CO2_weight=1.00 guide_w=1.37 Walls=0.00094(x10) g_ns/g_walls=0.328 Windows=0.00125 Doors=0.00017 IC=0.00000 CO2_BC=0.00012 LR=3.25e-04 nu=0.01 NSraw=9.275 alpha(W1/W8/all)=0.59/0.39/0.48 | 0.85 it/s
[Iter 21370/30000] Total=0.31636 | NS=0.29928 CO2(scaled)=0.00132 CO2_weight=1.00 guide_w=1.37 Walls=0.00142(x10) g_ns/g_walls=0.328 Windows=0.00129 Doors=0.00017 IC=0.00000 CO2_BC=0.00012 LR=3.24e-04 nu=0.01 NSraw=2.835 alpha(W1/W8/all)=0.59/0.39/0.48 | 0.85 it/s
[Iter 21380/30000] Total=0.40561 | NS=0.39536 CO2(scaled)=0.00125 CO2_weight=1.00 guide_w=1.37 Walls=0.00080(x10) g_ns/g_walls=0.328 Windows=0.00069 Doors=0.00021 IC=0.00000 CO2_BC=0.00011 LR=3.24e-04 nu=0.01 NSraw=5.5 alpha(W1/W8/all)=0.59/0.39/0.48 | 0.85 it/s
[Iter 21390/30000] Total=0.12651 | NS=0.10220 CO2(scaled)=0.00117 CO2_weight=1.00 guide_w=1.37 Walls=0.00221(x10) g_ns/g_walls=0.328 Windows=0.00077 Doors=0.00016 IC=0.00000 CO2_BC=0.00015 LR=3.24e-04 nu=0.01 NSraw=0.3041 alpha(W1/W8/all)=0.59/0.39/0.48 | 0.85 it/s
[Iter 21400/30000] Total=0.51371 | NS=0.49374 CO2(scaled)=0.00195 CO2_weight=1.00 guide_w=66.4 Walls=0.00161(x10) g_ns/g_walls=13.2 Windows=0.00156 Doors=0.00019 IC=0.00000 CO2_BC=0.00013 LR=3.24e-04 nu=0.01 NSraw=8.666 alpha(W1/W8/all)=0.59/0.39/0.48 | 0.85 it/s
[Iter 21410/30000] Total=0.32706 | NS=0.29721 CO2(scaled)=0.00219 CO2_weight=1.00 guide_w=66.4 Walls=0.00249(x10) g_ns/g_walls=13.2 Windows=0.00239 Doors=0.00016 IC=0.00000 CO2_BC=0.00018 LR=3.24e-04 nu=0.01 NSraw=1.593 alpha(W1/W8/all)=0.59/0.39/0.48 | 0.85 it/s
[Iter 21420/30000] Total=0.13695 | NS=0.10020 CO2(scaled)=0.00201 CO2_weight=1.00 guide_w=66.4 Walls=0.00338(x10) g_ns/g_walls=13.2 Windows=0.00071 Doors=0.00014 IC=0.00000 CO2_BC=0.00014 LR=3.24e-04 nu=0.01 NSraw=0.1825 alpha(W1/W8/all)=0.59/0.39/0.48 | 0.85 it/s
[Iter 21430/30000] Total=0.10966 | NS=0.09626 CO2(scaled)=0.00259 CO2_weight=1.00 guide_w=66.4 Walls=0.00093(x10) g_ns/g_walls=13.2 Windows=0.00118 Doors=0.00016 IC=0.00000 CO2_BC=0.00013 LR=3.23e-04 nu=0.01 NSraw=0.1816 alpha(W1/W8/all)=0.59/0.39/0.48 | 0.85 it/s
[Iter 21440/30000] Total=0.08088 | NS=0.06506 CO2(scaled)=0.00190 CO2_weight=1.00 guide_w=66.4 Walls=0.00124(x10) g_ns/g_walls=13.2 Windows=0.00116 Doors=0.00015 IC=0.00000 CO2_BC=0.00017 LR=3.23e-04 nu=0.01 NSraw=0.1023 alpha(W1/W8/all)=0.59/0.39/0.48 | 0.85 it/s
[Iter 21450/30000] Total=0.26656 | NS=0.25095 CO2(scaled)=0.00143 CO2_weight=1.00 guide_w=66.4 Walls=0.00130(x10) g_ns/g_walls=13.2 Windows=0.00079 Doors=0.00021 IC=0.00000 CO2_BC=0.00015 LR=3.23e-04 nu=0.01 NSraw=1.22 alpha(W1/W8/all)=0.59/0.39/0.48 | 0.85 it/s
[Iter 21460/30000] Total=0.43732 | NS=0.40061 CO2(scaled)=0.00250 CO2_weight=1.00 guide_w=66.4 Walls=0.00328(x10) g_ns/g_walls=13.2 Windows=0.00107 Doors=0.00015 IC=0.00000 CO2_BC=0.00017 LR=3.23e-04 nu=0.01 NSraw=7.761 alpha(W1/W8/all)=0.59/0.39/0.48 | 0.85 it/s
[Iter 21470/30000] Total=0.15017 | NS=0.12914 CO2(scaled)=0.00260 CO2_weight=1.00 guide_w=66.4 Walls=0.00170(x10) g_ns/g_walls=13.2 Windows=0.00113 Doors=0.00015 IC=0.00000 CO2_BC=0.00013 LR=3.23e-04 nu=0.01 NSraw=0.5682 alpha(W1/W8/all)=0.59/0.39/0.48 | 0.85 it/s
[Iter 21480/30000] Total=0.14413 | NS=0.12969 CO2(scaled)=0.00157 CO2_weight=1.00 guide_w=66.4 Walls=0.00108(x10) g_ns/g_walls=13.2 Windows=0.00181 Doors=0.00019 IC=0.00000 CO2_BC=0.00011 LR=3.23e-04 nu=0.01 NSraw=0.2796 alpha(W1/W8/all)=0.59/0.39/0.48 | 0.85 it/s
[Iter 21490/30000] Total=0.30694 | NS=0.28197 CO2(scaled)=0.00594 CO2_weight=1.00 guide_w=66.4 Walls=0.00165(x10) g_ns/g_walls=13.2 Windows=0.00224 Doors=0.00017 IC=0.00000 CO2_BC=0.00010 LR=3.22e-04 nu=0.01 NSraw=1.513 alpha(W1/W8/all)=0.59/0.39/0.48 | 0.85 it/s
[Iter 21500/30000] Total=0.24636 | NS=0.23001 CO2(scaled)=0.00216 CO2_weight=1.00 guide_w=2.62 Walls=0.00123(x10) g_ns/g_walls=0.452 Windows=0.00154 Doors=0.00018 IC=0.00000 CO2_BC=0.00015 LR=3.22e-04 nu=0.01 NSraw=1.663 alpha(W1/W8/all)=0.59/0.39/0.48 | 0.85 it/s
[Iter 21510/30000] Total=0.18474 | NS=0.16379 CO2(scaled)=0.00213 CO2_weight=1.00 guide_w=2.62 Walls=0.00169(x10) g_ns/g_walls=0.452 Windows=0.00159 Doors=0.00016 IC=0.00000 CO2_BC=0.00012 LR=3.22e-04 nu=0.01 NSraw=0.6278 alpha(W1/W8/all)=0.59/0.39/0.48 | 0.85 it/s
[Iter 21520/30000] Total=0.15147 | NS=0.12640 CO2(scaled)=0.00275 CO2_weight=1.00 guide_w=2.62 Walls=0.00200(x10) g_ns/g_walls=0.452 Windows=0.00202 Doors=0.00014 IC=0.00000 CO2_BC=0.00013 LR=3.22e-04 nu=0.01 NSraw=0.3431 alpha(W1/W8/all)=0.59/0.39/0.48 | 0.85 it/s
[Iter 21530/30000] Total=0.17684 | NS=0.15776 CO2(scaled)=0.00205 CO2_weight=1.00 guide_w=2.62 Walls=0.00155(x10) g_ns/g_walls=0.452 Windows=0.00122 Doors=0.00013 IC=0.00000 CO2_BC=0.00015 LR=3.22e-04 nu=0.01 NSraw=0.5504 alpha(W1/W8/all)=0.59/0.39/0.48 | 0.85 it/s
[Iter 21540/30000] Total=0.15053 | NS=0.13391 CO2(scaled)=0.00302 CO2_weight=1.00 guide_w=2.62 Walls=0.00113(x10) g_ns/g_walls=0.452 Windows=0.00195 Doors=0.00019 IC=0.00000 CO2_BC=0.00012 LR=3.22e-04 nu=0.01 NSraw=0.4267 alpha(W1/W8/all)=0.59/0.39/0.48 | 0.85 it/s
[Iter 21550/30000] Total=0.65439 | NS=0.55096 CO2(scaled)=0.00450 CO2_weight=1.00 guide_w=2.62 Walls=0.00890(x10) g_ns/g_walls=0.452 Windows=0.00968 Doors=0.00016 IC=0.00000 CO2_BC=0.00012 LR=3.21e-04 nu=0.01 NSraw=15.18 alpha(W1/W8/all)=0.59/0.39/0.48 | 0.85 it/s
[Iter 21560/30000] Total=0.23101 | NS=0.18797 CO2(scaled)=0.00155 CO2_weight=1.00 guide_w=2.62 Walls=0.00376(x10) g_ns/g_walls=0.452 Windows=0.00348 Doors=0.00027 IC=0.00000 CO2_BC=0.00012 LR=3.21e-04 nu=0.01 NSraw=0.6829 alpha(W1/W8/all)=0.59/0.39/0.48 | 0.85 it/s
[Iter 21570/30000] Total=0.24046 | NS=0.22220 CO2(scaled)=0.00139 CO2_weight=1.00 guide_w=2.62 Walls=0.00149(x10) g_ns/g_walls=0.452 Windows=0.00163 Doors=0.00026 IC=0.00000 CO2_BC=0.00012 LR=3.21e-04 nu=0.01 NSraw=1.075 alpha(W1/W8/all)=0.59/0.39/0.48 | 0.85 it/s
[Iter 21580/30000] Total=0.07758 | NS=0.05577 CO2(scaled)=0.00187 CO2_weight=1.00 guide_w=2.62 Walls=0.00188(x10) g_ns/g_walls=0.452 Windows=0.00085 Doors=0.00017 IC=0.00000 CO2_BC=0.00010 LR=3.21e-04 nu=0.01 NSraw=0.1318 alpha(W1/W8/all)=0.59/0.39/0.48 | 0.85 it/s
[Iter 21590/30000] Total=0.55285 | NS=0.53306 CO2(scaled)=0.00406 CO2_weight=1.00 guide_w=2.62 Walls=0.00129(x10) g_ns/g_walls=0.452 Windows=0.00234 Doors=0.00035 IC=0.00000 CO2_BC=0.00010 LR=3.21e-04 nu=0.01 NSraw=13.58 alpha(W1/W8/all)=0.59/0.39/0.48 | 0.85 it/s
[Iter 21600/30000] Total=0.17606 | NS=0.16540 CO2(scaled)=0.00249 CO2_weight=1.00 guide_w=2.26 Walls=0.00065(x10) g_ns/g_walls=0.757 Windows=0.00130 Doors=0.00018 IC=0.00000 CO2_BC=0.00015 LR=3.20e-04 nu=0.01 NSraw=0.4522 alpha(W1/W8/all)=0.59/0.39/0.48 | 0.85 it/s
[Iter 21610/30000] Total=0.24610 | NS=0.23406 CO2(scaled)=0.00208 CO2_weight=1.00 guide_w=2.26 Walls=0.00090(x10) g_ns/g_walls=0.757 Windows=0.00064 Doors=0.00016 IC=0.00000 CO2_BC=0.00014 LR=3.20e-04 nu=0.01 NSraw=1.018 alpha(W1/W8/all)=0.59/0.39/0.48 | 0.85 it/s
[Iter 21620/30000] Total=0.63441 | NS=0.60479 CO2(scaled)=0.00208 CO2_weight=1.00 guide_w=2.26 Walls=0.00242(x10) g_ns/g_walls=0.757 Windows=0.00301 Doors=0.00013 IC=0.00000 CO2_BC=0.00015 LR=3.20e-04 nu=0.01 NSraw=14.29 alpha(W1/W8/all)=0.59/0.39/0.48 | 0.85 it/s
[Iter 21630/30000] Total=0.08750 | NS=0.07431 CO2(scaled)=0.00186 CO2_weight=1.00 guide_w=2.26 Walls=0.00096(x10) g_ns/g_walls=0.757 Windows=0.00151 Doors=0.00016 IC=0.00000 CO2_BC=0.00011 LR=3.20e-04 nu=0.01 NSraw=0.1519 alpha(W1/W8/all)=0.59/0.39/0.48 | 0.85 it/s
[Iter 21640/30000] Total=0.17148 | NS=0.15291 CO2(scaled)=0.00231 CO2_weight=1.00 guide_w=2.26 Walls=0.00142(x10) g_ns/g_walls=0.757 Windows=0.00179 Doors=0.00018 IC=0.00000 CO2_BC=0.00014 LR=3.20e-04 nu=0.01 NSraw=0.4408 alpha(W1/W8/all)=0.59/0.39/0.48 | 0.85 it/s
[Iter 21650/30000] Total=0.25488 | NS=0.22876 CO2(scaled)=0.00143 CO2_weight=1.00 guide_w=2.26 Walls=0.00232(x10) g_ns/g_walls=0.757 Windows=0.00126 Doors=0.00015 IC=0.00000 CO2_BC=0.00011 LR=3.20e-04 nu=0.01 NSraw=0.7683 alpha(W1/W8/all)=0.59/0.39/0.48 | 0.85 it/s
[Iter 21660/30000] Total=0.39045 | NS=0.37307 CO2(scaled)=0.00173 CO2_weight=1.00 guide_w=2.26 Walls=0.00139(x10) g_ns/g_walls=0.757 Windows=0.00155 Doors=0.00013 IC=0.00000 CO2_BC=0.00008 LR=3.19e-04 nu=0.01 NSraw=2.607 alpha(W1/W8/all)=0.59/0.39/0.48 | 0.85 it/s
[Iter 21670/30000] Total=0.38077 | NS=0.37025 CO2(scaled)=0.00186 CO2_weight=1.00 guide_w=2.26 Walls=0.00077(x10) g_ns/g_walls=0.757 Windows=0.00076 Doors=0.00013 IC=0.00000 CO2_BC=0.00012 LR=3.19e-04 nu=0.01 NSraw=5.024 alpha(W1/W8/all)=0.59/0.39/0.48 | 0.85 it/s
[Iter 21680/30000] Total=0.32356 | NS=0.31474 CO2(scaled)=0.00123 CO2_weight=1.00 guide_w=2.26 Walls=0.00064(x10) g_ns/g_walls=0.757 Windows=0.00093 Doors=0.00014 IC=0.00000 CO2_BC=0.00012 LR=3.19e-04 nu=0.01 NSraw=2.721 alpha(W1/W8/all)=0.59/0.39/0.48 | 0.85 it/s
[Iter 21690/30000] Total=0.22485 | NS=0.21479 CO2(scaled)=0.00163 CO2_weight=1.00 guide_w=2.26 Walls=0.00072(x10) g_ns/g_walls=0.757 Windows=0.00099 Doors=0.00015 IC=0.00000 CO2_BC=0.00013 LR=3.19e-04 nu=0.01 NSraw=0.7652 alpha(W1/W8/all)=0.59/0.39/0.48 | 0.85 it/s
[Iter 21700/30000] Total=0.26091 | NS=0.25055 CO2(scaled)=0.00138 CO2_weight=1.00 guide_w=24.4 Walls=0.00079(x10) g_ns/g_walls=3.51 Windows=0.00080 Doors=0.00014 IC=0.00000 CO2_BC=0.00010 LR=3.19e-04 nu=0.01 NSraw=0.8823 alpha(W1/W8/all)=0.59/0.39/0.48 | 0.85 it/s
[Iter 21710/30000] Total=0.32970 | NS=0.31759 CO2(scaled)=0.00185 CO2_weight=1.00 guide_w=24.4 Walls=0.00087(x10) g_ns/g_walls=3.51 Windows=0.00117 Doors=0.00016 IC=0.00000 CO2_BC=0.00020 LR=3.19e-04 nu=0.01 NSraw=3.598 alpha(W1/W8/all)=0.59/0.39/0.48 | 0.85 it/s
[Iter 21720/30000] Total=0.11136 | NS=0.09797 CO2(scaled)=0.00147 CO2_weight=1.00 guide_w=24.4 Walls=0.00107(x10) g_ns/g_walls=3.51 Windows=0.00095 Doors=0.00015 IC=0.00000 CO2_BC=0.00011 LR=3.18e-04 nu=0.01 NSraw=0.2205 alpha(W1/W8/all)=0.59/0.39/0.48 | 0.85 it/s
[Iter 21730/30000] Total=0.07452 | NS=0.06518 CO2(scaled)=0.00161 CO2_weight=1.00 guide_w=24.4 Walls=0.00067(x10) g_ns/g_walls=3.51 Windows=0.00075 Doors=0.00014 IC=0.00000 CO2_BC=0.00014 LR=3.18e-04 nu=0.01 NSraw=0.1915 alpha(W1/W8/all)=0.59/0.39/0.48 | 0.85 it/s
[Iter 21740/30000] Total=0.64341 | NS=0.63364 CO2(scaled)=0.00131 CO2_weight=1.00 guide_w=24.4 Walls=0.00072(x10) g_ns/g_walls=3.51 Windows=0.00094 Doors=0.00017 IC=0.00000 CO2_BC=0.00014 LR=3.18e-04 nu=0.01 NSraw=22.61 alpha(W1/W8/all)=0.59/0.39/0.48 | 0.85 it/s
[Iter 21750/30000] Total=0.14144 | NS=0.13060 CO2(scaled)=0.00125 CO2_weight=1.00 guide_w=24.4 Walls=0.00080(x10) g_ns/g_walls=3.51 Windows=0.00125 Doors=0.00022 IC=0.00000 CO2_BC=0.00017 LR=3.18e-04 nu=0.01 NSraw=0.4503 alpha(W1/W8/all)=0.59/0.39/0.48 | 0.85 it/s
[Iter 21760/30000] Total=0.15285 | NS=0.13803 CO2(scaled)=0.00154 CO2_weight=1.00 guide_w=24.4 Walls=0.00115(x10) g_ns/g_walls=3.51 Windows=0.00138 Doors=0.00026 IC=0.00000 CO2_BC=0.00013 LR=3.18e-04 nu=0.01 NSraw=0.5028 alpha(W1/W8/all)=0.59/0.39/0.48 | 0.85 it/s
[Iter 21770/30000] Total=0.16990 | NS=0.16211 CO2(scaled)=0.00126 CO2_weight=1.00 guide_w=24.4 Walls=0.00054(x10) g_ns/g_walls=3.51 Windows=0.00078 Doors=0.00022 IC=0.00000 CO2_BC=0.00013 LR=3.18e-04 nu=0.01 NSraw=0.7408 alpha(W1/W8/all)=0.59/0.39/0.48 | 0.85 it/s
[Iter 21780/30000] Total=0.15134 | NS=0.14284 CO2(scaled)=0.00132 CO2_weight=1.00 guide_w=24.4 Walls=0.00057(x10) g_ns/g_walls=3.51 Windows=0.00122 Doors=0.00015 IC=0.00000 CO2_BC=0.00013 LR=3.17e-04 nu=0.01 NSraw=0.7673 alpha(W1/W8/all)=0.59/0.39/0.48 | 0.85 it/s
[Iter 21790/30000] Total=0.16737 | NS=0.15012 CO2(scaled)=0.00226 CO2_weight=1.00 guide_w=24.4 Walls=0.00131(x10) g_ns/g_walls=3.51 Windows=0.00159 Doors=0.00018 IC=0.00000 CO2_BC=0.00013 LR=3.17e-04 nu=0.01 NSraw=0.4979 alpha(W1/W8/all)=0.59/0.39/0.48 | 0.85 it/s
[Iter 21800/30000] Total=0.73592 | NS=0.72716 CO2(scaled)=0.00176 CO2_weight=1.00 guide_w=85.2 Walls=0.00059(x10) g_ns/g_walls=21.9 Windows=0.00081 Doors=0.00019 IC=0.00000 CO2_BC=0.00012 LR=3.17e-04 nu=0.01 NSraw=44.1 alpha(W1/W8/all)=0.59/0.39/0.48 | 0.85 it/s
[Iter 21810/30000] Total=0.15881 | NS=0.14569 CO2(scaled)=0.00090 CO2_weight=1.00 guide_w=85.2 Walls=0.00109(x10) g_ns/g_walls=21.9 Windows=0.00107 Doors=0.00016 IC=0.00000 CO2_BC=0.00014 LR=3.17e-04 nu=0.01 NSraw=0.6479 alpha(W1/W8/all)=0.59/0.39/0.48 | 0.85 it/s
[Iter 21820/30000] Total=0.06527 | NS=0.04585 CO2(scaled)=0.00137 CO2_weight=1.00 guide_w=85.2 Walls=0.00163(x10) g_ns/g_walls=21.9 Windows=0.00147 Doors=0.00015 IC=0.00000 CO2_BC=0.00008 LR=3.17e-04 nu=0.01 NSraw=0.06792 alpha(W1/W8/all)=0.59/0.39/0.48 | 0.85 it/s
[Iter 21830/30000] Total=0.34227 | NS=0.33250 CO2(scaled)=0.00261 CO2_weight=1.00 guide_w=85.2 Walls=0.00059(x10) g_ns/g_walls=21.9 Windows=0.00099 Doors=0.00017 IC=0.00000 CO2_BC=0.00010 LR=3.17e-04 nu=0.01 NSraw=3.208 alpha(W1/W8/all)=0.59/0.39/0.48 | 0.85 it/s
[Iter 21840/30000] Total=0.12631 | NS=0.11068 CO2(scaled)=0.00136 CO2_weight=1.00 guide_w=85.2 Walls=0.00124(x10) g_ns/g_walls=21.9 Windows=0.00159 Doors=0.00015 IC=0.00000 CO2_BC=0.00011 LR=3.16e-04 nu=0.01 NSraw=0.3068 alpha(W1/W8/all)=0.59/0.39/0.48 | 0.85 it/s
[Iter 21850/30000] Total=0.10505 | NS=0.08684 CO2(scaled)=0.00187 CO2_weight=1.00 guide_w=85.2 Walls=0.00144(x10) g_ns/g_walls=21.9 Windows=0.00164 Doors=0.00016 IC=0.00000 CO2_BC=0.00015 LR=3.16e-04 nu=0.01 NSraw=0.1906 alpha(W1/W8/all)=0.59/0.39/0.48 | 0.85 it/s
[Iter 21860/30000] Total=0.21962 | NS=0.20442 CO2(scaled)=0.00168 CO2_weight=1.00 guide_w=85.2 Walls=0.00117(x10) g_ns/g_walls=21.9 Windows=0.00155 Doors=0.00020 IC=0.00000 CO2_BC=0.00011 LR=3.16e-04 nu=0.01 NSraw=1.392 alpha(W1/W8/all)=0.59/0.39/0.48 | 0.85 it/s
[Iter 21870/30000] Total=0.16136 | NS=0.13037 CO2(scaled)=0.00175 CO2_weight=1.00 guide_w=85.2 Walls=0.00263(x10) g_ns/g_walls=21.9 Windows=0.00265 Doors=0.00016 IC=0.00000 CO2_BC=0.00012 LR=3.16e-04 nu=0.01 NSraw=0.4618 alpha(W1/W8/all)=0.59/0.39/0.48 | 0.85 it/s
[Iter 21880/30000] Total=0.12606 | NS=0.10285 CO2(scaled)=0.00162 CO2_weight=1.00 guide_w=85.2 Walls=0.00184(x10) g_ns/g_walls=21.9 Windows=0.00287 Doors=0.00021 IC=0.00000 CO2_BC=0.00013 LR=3.16e-04 nu=0.01 NSraw=0.2695 alpha(W1/W8/all)=0.59/0.39/0.48 | 0.85 it/s
[Iter 21890/30000] Total=0.20162 | NS=0.18881 CO2(scaled)=0.00121 CO2_weight=1.00 guide_w=85.2 Walls=0.00101(x10) g_ns/g_walls=21.9 Windows=0.00108 Doors=0.00025 IC=0.00000 CO2_BC=0.00014 LR=3.16e-04 nu=0.01 NSraw=1.712 alpha(W1/W8/all)=0.59/0.39/0.48 | 0.85 it/s
[Iter 21900/30000] Total=1.20037 | NS=1.18843 CO2(scaled)=0.00242 CO2_weight=1.00 guide_w=66.6 Walls=0.00080(x10) g_ns/g_walls=21.1 Windows=0.00110 Doors=0.00022 IC=0.00000 CO2_BC=0.00015 LR=3.15e-04 nu=0.01 NSraw=110.4 alpha(W1/W8/all)=0.59/0.39/0.48 | 0.85 it/s
[Iter 21910/30000] Total=0.13786 | NS=0.11572 CO2(scaled)=0.00156 CO2_weight=1.00 guide_w=66.6 Walls=0.00188(x10) g_ns/g_walls=21.1 Windows=0.00147 Doors=0.00016 IC=0.00000 CO2_BC=0.00010 LR=3.15e-04 nu=0.01 NSraw=0.3728 alpha(W1/W8/all)=0.59/0.39/0.48 | 0.85 it/s
[Iter 21920/30000] Total=0.14852 | NS=0.13615 CO2(scaled)=0.00142 CO2_weight=1.00 guide_w=66.6 Walls=0.00094(x10) g_ns/g_walls=21.1 Windows=0.00130 Doors=0.00013 IC=0.00000 CO2_BC=0.00012 LR=3.15e-04 nu=0.01 NSraw=0.4071 alpha(W1/W8/all)=0.59/0.39/0.48 | 0.85 it/s
[Iter 21930/30000] Total=0.22893 | NS=0.21739 CO2(scaled)=0.00172 CO2_weight=1.00 guide_w=66.6 Walls=0.00084(x10) g_ns/g_walls=21.1 Windows=0.00116 Doors=0.00015 IC=0.00000 CO2_BC=0.00010 LR=3.15e-04 nu=0.01 NSraw=0.9387 alpha(W1/W8/all)=0.59/0.39/0.48 | 0.85 it/s
[Iter 21940/30000] Total=0.25470 | NS=0.24002 CO2(scaled)=0.00170 CO2_weight=1.00 guide_w=66.6 Walls=0.00114(x10) g_ns/g_walls=21.1 Windows=0.00135 Doors=0.00015 IC=0.00000 CO2_BC=0.00012 LR=3.15e-04 nu=0.01 NSraw=1.227 alpha(W1/W8/all)=0.59/0.39/0.48 | 0.85 it/s
[Iter 21950/30000] Total=1.78907 | NS=1.77683 CO2(scaled)=0.00172 CO2_weight=1.00 guide_w=66.6 Walls=0.00086(x10) g_ns/g_walls=21.1 Windows=0.00156 Doors=0.00024 IC=0.00000 CO2_BC=0.00010 LR=3.15e-04 nu=0.01 NSraw=256.1 alpha(W1/W8/all)=0.59/0.39/0.48 | 0.85 it/s
[Iter 21960/30000] Total=0.13301 | NS=0.12184 CO2(scaled)=0.00168 CO2_weight=1.00 guide_w=66.6 Walls=0.00081(x10) g_ns/g_walls=21.1 Windows=0.00097 Doors=0.00025 IC=0.00000 CO2_BC=0.00013 LR=3.14e-04 nu=0.01 NSraw=0.3883 alpha(W1/W8/all)=0.59/0.39/0.48 | 0.85 it/s
[Iter 21970/30000] Total=0.26150 | NS=0.23809 CO2(scaled)=0.00159 CO2_weight=1.00 guide_w=66.6 Walls=0.00195(x10) g_ns/g_walls=21.1 Windows=0.00207 Doors=0.00019 IC=0.00000 CO2_BC=0.00009 LR=3.14e-04 nu=0.01 NSraw=0.9012 alpha(W1/W8/all)=0.59/0.39/0.48 | 0.85 it/s
[Iter 21980/30000] Total=0.07872 | NS=0.05790 CO2(scaled)=0.00206 CO2_weight=1.00 guide_w=66.6 Walls=0.00165(x10) g_ns/g_walls=21.1 Windows=0.00188 Doors=0.00026 IC=0.00000 CO2_BC=0.00015 LR=3.14e-04 nu=0.01 NSraw=0.1225 alpha(W1/W8/all)=0.59/0.39/0.48 | 0.85 it/s
[Iter 21990/30000] Total=0.83272 | NS=0.81424 CO2(scaled)=0.00144 CO2_weight=1.00 guide_w=66.6 Walls=0.00153(x10) g_ns/g_walls=21.1 Windows=0.00134 Doors=0.00028 IC=0.00000 CO2_BC=0.00012 LR=3.14e-04 nu=0.01 NSraw=39.5 alpha(W1/W8/all)=0.59/0.39/0.48 | 0.85 it/s
[Iter 22000/30000] Total=0.17763 | NS=0.15171 CO2(scaled)=0.00143 CO2_weight=1.00 guide_w=3.07 Walls=0.00211(x10) g_ns/g_walls=0.223 Windows=0.00306 Doors=0.00024 IC=0.00000 CO2_BC=0.00013 LR=3.14e-04 nu=0.01 NSraw=0.49 alpha(W1/W8/all)=0.59/0.39/0.48 | 0.85 it/s
  -> saved checkpoint: /home/iai-labor/BuildingControlCFD/experiments/gnot/checkpoints/v25_nsuniform_ab/gnot_v25_nsuniform_ab_iter22000.pth
[Iter 22010/30000] Total=0.19241 | NS=0.18222 CO2(scaled)=0.00131 CO2_weight=1.00 guide_w=3.07 Walls=0.00071(x10) g_ns/g_walls=0.223 Windows=0.00145 Doors=0.00020 IC=0.00000 CO2_BC=0.00012 LR=3.14e-04 nu=0.01 NSraw=0.7679 alpha(W1/W8/all)=0.59/0.39/0.48 | 0.85 it/s
[Iter 22020/30000] Total=0.09123 | NS=0.08298 CO2(scaled)=0.00106 CO2_weight=1.00 guide_w=3.07 Walls=0.00054(x10) g_ns/g_walls=0.223 Windows=0.00143 Doors=0.00024 IC=0.00000 CO2_BC=0.00012 LR=3.13e-04 nu=0.01 NSraw=0.2101 alpha(W1/W8/all)=0.59/0.39/0.48 | 0.85 it/s
[Iter 22030/30000] Total=0.13411 | NS=0.12359 CO2(scaled)=0.00164 CO2_weight=1.00 guide_w=3.07 Walls=0.00074(x10) g_ns/g_walls=0.223 Windows=0.00118 Doors=0.00020 IC=0.00000 CO2_BC=0.00013 LR=3.13e-04 nu=0.01 NSraw=0.4215 alpha(W1/W8/all)=0.59/0.39/0.48 | 0.85 it/s
[Iter 22040/30000] Total=0.11587 | NS=0.08471 CO2(scaled)=0.00256 CO2_weight=1.00 guide_w=3.07 Walls=0.00259(x10) g_ns/g_walls=0.223 Windows=0.00234 Doors=0.00021 IC=0.00000 CO2_BC=0.00011 LR=3.13e-04 nu=0.01 NSraw=0.1843 alpha(W1/W8/all)=0.59/0.39/0.48 | 0.85 it/s
[Iter 22050/30000] Total=0.25269 | NS=0.22714 CO2(scaled)=0.00155 CO2_weight=1.00 guide_w=3.07 Walls=0.00216(x10) g_ns/g_walls=0.223 Windows=0.00210 Doors=0.00018 IC=0.00000 CO2_BC=0.00014 LR=3.13e-04 nu=0.01 NSraw=0.9166 alpha(W1/W8/all)=0.59/0.39/0.48 | 0.85 it/s
[Iter 22060/30000] Total=0.32487 | NS=0.31265 CO2(scaled)=0.00210 CO2_weight=1.00 guide_w=3.07 Walls=0.00092(x10) g_ns/g_walls=0.223 Windows=0.00059 Doors=0.00014 IC=0.00000 CO2_BC=0.00016 LR=3.13e-04 nu=0.01 NSraw=4.468 alpha(W1/W8/all)=0.59/0.39/0.48 | 0.85 it/s
[Iter 22070/30000] Total=0.31852 | NS=0.30716 CO2(scaled)=0.00195 CO2_weight=1.00 guide_w=3.07 Walls=0.00080(x10) g_ns/g_walls=0.223 Windows=0.00106 Doors=0.00023 IC=0.00000 CO2_BC=0.00010 LR=3.13e-04 nu=0.01 NSraw=1.571 alpha(W1/W8/all)=0.59/0.39/0.48 | 0.85 it/s
[Iter 22080/30000] Total=0.08189 | NS=0.06395 CO2(scaled)=0.00185 CO2_weight=1.00 guide_w=3.07 Walls=0.00143(x10) g_ns/g_walls=0.223 Windows=0.00153 Doors=0.00019 IC=0.00000 CO2_BC=0.00010 LR=3.12e-04 nu=0.01 NSraw=0.09234 alpha(W1/W8/all)=0.59/0.39/0.48 | 0.85 it/s
[Iter 22090/30000] Total=0.34589 | NS=0.32576 CO2(scaled)=0.00393 CO2_weight=1.00 guide_w=3.07 Walls=0.00146(x10) g_ns/g_walls=0.223 Windows=0.00124 Doors=0.00024 IC=0.00000 CO2_BC=0.00011 LR=3.12e-04 nu=0.01 NSraw=1.998 alpha(W1/W8/all)=0.59/0.39/0.48 | 0.85 it/s
[Iter 22100/30000] Total=0.06746 | NS=0.04498 CO2(scaled)=0.00140 CO2_weight=1.00 guide_w=1.17 Walls=0.00190(x10) g_ns/g_walls=0.114 Windows=0.00172 Doors=0.00022 IC=0.00000 CO2_BC=0.00012 LR=3.12e-04 nu=0.01 NSraw=0.07755 alpha(W1/W8/all)=0.59/0.39/0.48 | 0.85 it/s
[Iter 22110/30000] Total=0.28975 | NS=0.28231 CO2(scaled)=0.00121 CO2_weight=1.00 guide_w=1.17 Walls=0.00051(x10) g_ns/g_walls=0.114 Windows=0.00077 Doors=0.00022 IC=0.00000 CO2_BC=0.00011 LR=3.12e-04 nu=0.01 NSraw=1.338 alpha(W1/W8/all)=0.59/0.39/0.48 | 0.85 it/s
[Iter 22120/30000] Total=0.14980 | NS=0.14129 CO2(scaled)=0.00112 CO2_weight=1.00 guide_w=1.17 Walls=0.00060(x10) g_ns/g_walls=0.114 Windows=0.00096 Doors=0.00025 IC=0.00000 CO2_BC=0.00017 LR=3.12e-04 nu=0.01 NSraw=0.3714 alpha(W1/W8/all)=0.59/0.39/0.48 | 0.85 it/s
[Iter 22130/30000] Total=0.36309 | NS=0.34923 CO2(scaled)=0.00172 CO2_weight=1.00 guide_w=1.17 Walls=0.00108(x10) g_ns/g_walls=0.114 Windows=0.00102 Doors=0.00019 IC=0.00000 CO2_BC=0.00010 LR=3.12e-04 nu=0.01 NSraw=4.626 alpha(W1/W8/all)=0.59/0.39/0.48 | 0.85 it/s
[Iter 22140/30000] Total=0.47851 | NS=0.46786 CO2(scaled)=0.00176 CO2_weight=1.00 guide_w=1.17 Walls=0.00077(x10) g_ns/g_walls=0.114 Windows=0.00092 Doors=0.00020 IC=0.00000 CO2_BC=0.00011 LR=3.12e-04 nu=0.01 NSraw=5.009 alpha(W1/W8/all)=0.59/0.39/0.48 | 0.85 it/s
[Iter 22150/30000] Total=0.40988 | NS=0.40047 CO2(scaled)=0.00135 CO2_weight=1.00 guide_w=1.17 Walls=0.00071(x10) g_ns/g_walls=0.114 Windows=0.00066 Doors=0.00021 IC=0.00000 CO2_BC=0.00012 LR=3.11e-04 nu=0.01 NSraw=4.24 alpha(W1/W8/all)=0.59/0.39/0.48 | 0.85 it/s
[Iter 22160/30000] Total=0.20895 | NS=0.19830 CO2(scaled)=0.00144 CO2_weight=1.00 guide_w=1.17 Walls=0.00081(x10) g_ns/g_walls=0.114 Windows=0.00075 Doors=0.00023 IC=0.00000 CO2_BC=0.00012 LR=3.11e-04 nu=0.01 NSraw=0.813 alpha(W1/W8/all)=0.59/0.39/0.48 | 0.85 it/s
[Iter 22170/30000] Total=0.61978 | NS=0.60892 CO2(scaled)=0.00132 CO2_weight=1.00 guide_w=1.17 Walls=0.00085(x10) g_ns/g_walls=0.114 Windows=0.00071 Doors=0.00018 IC=0.00000 CO2_BC=0.00010 LR=3.11e-04 nu=0.01 NSraw=23.43 alpha(W1/W8/all)=0.59/0.39/0.48 | 0.85 it/s
[Iter 22180/30000] Total=0.17849 | NS=0.14745 CO2(scaled)=0.00200 CO2_weight=1.00 guide_w=1.17 Walls=0.00253(x10) g_ns/g_walls=0.114 Windows=0.00341 Doors=0.00017 IC=0.00000 CO2_BC=0.00011 LR=3.11e-04 nu=0.01 NSraw=0.4021 alpha(W1/W8/all)=0.59/0.39/0.48 | 0.85 it/s
[Iter 22190/30000] Total=0.10574 | NS=0.08739 CO2(scaled)=0.00136 CO2_weight=1.00 guide_w=1.17 Walls=0.00153(x10) g_ns/g_walls=0.114 Windows=0.00136 Doors=0.00018 IC=0.00000 CO2_BC=0.00013 LR=3.11e-04 nu=0.01 NSraw=0.1844 alpha(W1/W8/all)=0.59/0.39/0.48 | 0.85 it/s
[Iter 22200/30000] Total=0.13736 | NS=0.12331 CO2(scaled)=0.00216 CO2_weight=1.00 guide_w=8.51 Walls=0.00105(x10) g_ns/g_walls=1.76 Windows=0.00104 Doors=0.00020 IC=0.00000 CO2_BC=0.00013 LR=3.11e-04 nu=0.01 NSraw=0.4177 alpha(W1/W8/all)=0.59/0.39/0.48 | 0.85 it/s
[Iter 22210/30000] Total=0.73791 | NS=0.72124 CO2(scaled)=0.00173 CO2_weight=1.00 guide_w=8.51 Walls=0.00134(x10) g_ns/g_walls=1.76 Windows=0.00124 Doors=0.00015 IC=0.00000 CO2_BC=0.00014 LR=3.10e-04 nu=0.01 NSraw=18.41 alpha(W1/W8/all)=0.59/0.39/0.48 | 0.85 it/s
[Iter 22220/30000] Total=0.29691 | NS=0.27706 CO2(scaled)=0.00406 CO2_weight=1.00 guide_w=8.51 Walls=0.00142(x10) g_ns/g_walls=1.76 Windows=0.00126 Doors=0.00021 IC=0.00000 CO2_BC=0.00010 LR=3.10e-04 nu=0.01 NSraw=3.5 alpha(W1/W8/all)=0.59/0.39/0.48 | 0.85 it/s
[Iter 22230/30000] Total=0.52500 | NS=0.51260 CO2(scaled)=0.00193 CO2_weight=1.00 guide_w=8.51 Walls=0.00085(x10) g_ns/g_walls=1.76 Windows=0.00169 Doors=0.00012 IC=0.00000 CO2_BC=0.00012 LR=3.10e-04 nu=0.01 NSraw=9.955 alpha(W1/W8/all)=0.59/0.39/0.48 | 0.85 it/s
[Iter 22240/30000] Total=0.20907 | NS=0.19577 CO2(scaled)=0.00218 CO2_weight=1.00 guide_w=8.51 Walls=0.00098(x10) g_ns/g_walls=1.76 Windows=0.00105 Doors=0.00015 IC=0.00000 CO2_BC=0.00012 LR=3.10e-04 nu=0.01 NSraw=0.7784 alpha(W1/W8/all)=0.59/0.39/0.48 | 0.85 it/s
[Iter 22250/30000] Total=0.19983 | NS=0.18400 CO2(scaled)=0.00221 CO2_weight=1.00 guide_w=8.51 Walls=0.00124(x10) g_ns/g_walls=1.76 Windows=0.00090 Doors=0.00018 IC=0.00000 CO2_BC=0.00012 LR=3.10e-04 nu=0.01 NSraw=0.8268 alpha(W1/W8/all)=0.59/0.39/0.48 | 0.85 it/s
[Iter 22260/30000] Total=0.13081 | NS=0.11500 CO2(scaled)=0.00224 CO2_weight=1.00 guide_w=8.51 Walls=0.00121(x10) g_ns/g_walls=1.76 Windows=0.00111 Doors=0.00031 IC=0.00000 CO2_BC=0.00010 LR=3.10e-04 nu=0.01 NSraw=0.2577 alpha(W1/W8/all)=0.59/0.39/0.48 | 0.85 it/s
[Iter 22270/30000] Total=0.14594 | NS=0.13098 CO2(scaled)=0.00176 CO2_weight=1.00 guide_w=8.51 Walls=0.00119(x10) g_ns/g_walls=1.76 Windows=0.00104 Doors=0.00018 IC=0.00000 CO2_BC=0.00010 LR=3.09e-04 nu=0.01 NSraw=0.4033 alpha(W1/W8/all)=0.59/0.39/0.48 | 0.85 it/s
[Iter 22280/30000] Total=0.22843 | NS=0.20706 CO2(scaled)=0.00268 CO2_weight=1.00 guide_w=8.51 Walls=0.00165(x10) g_ns/g_walls=1.76 Windows=0.00183 Doors=0.00023 IC=0.00000 CO2_BC=0.00013 LR=3.09e-04 nu=0.01 NSraw=1.203 alpha(W1/W8/all)=0.59/0.39/0.48 | 0.85 it/s
[Iter 22290/30000] Total=0.12017 | NS=0.09859 CO2(scaled)=0.00194 CO2_weight=1.00 guide_w=8.51 Walls=0.00185(x10) g_ns/g_walls=1.76 Windows=0.00087 Doors=0.00018 IC=0.00000 CO2_BC=0.00009 LR=3.09e-04 nu=0.01 NSraw=0.4516 alpha(W1/W8/all)=0.59/0.39/0.48 | 0.85 it/s
[Iter 22300/30000] Total=0.21607 | NS=0.20545 CO2(scaled)=0.00112 CO2_weight=1.00 guide_w=3.8 Walls=0.00085(x10) g_ns/g_walls=0.484 Windows=0.00070 Doors=0.00022 IC=0.00000 CO2_BC=0.00012 LR=3.09e-04 nu=0.01 NSraw=0.7266 alpha(W1/W8/all)=0.59/0.39/0.48 | 0.85 it/s
[Iter 22310/30000] Total=0.16488 | NS=0.14467 CO2(scaled)=0.00370 CO2_weight=1.00 guide_w=3.8 Walls=0.00150(x10) g_ns/g_walls=0.484 Windows=0.00125 Doors=0.00018 IC=0.00000 CO2_BC=0.00011 LR=3.09e-04 nu=0.01 NSraw=0.498 alpha(W1/W8/all)=0.59/0.39/0.48 | 0.85 it/s
[Iter 22320/30000] Total=0.18168 | NS=0.16552 CO2(scaled)=0.00259 CO2_weight=1.00 guide_w=3.8 Walls=0.00120(x10) g_ns/g_walls=0.484 Windows=0.00128 Doors=0.00025 IC=0.00000 CO2_BC=0.00009 LR=3.09e-04 nu=0.01 NSraw=0.9392 alpha(W1/W8/all)=0.59/0.39/0.48 | 0.85 it/s
[Iter 22330/30000] Total=0.14850 | NS=0.13790 CO2(scaled)=0.00149 CO2_weight=1.00 guide_w=3.8 Walls=0.00078(x10) g_ns/g_walls=0.484 Windows=0.00103 Doors=0.00015 IC=0.00000 CO2_BC=0.00012 LR=3.08e-04 nu=0.01 NSraw=0.3123 alpha(W1/W8/all)=0.59/0.39/0.48 | 0.85 it/s
[Iter 22340/30000] Total=0.18535 | NS=0.16554 CO2(scaled)=0.00208 CO2_weight=1.00 guide_w=3.8 Walls=0.00158(x10) g_ns/g_walls=0.484 Windows=0.00165 Doors=0.00017 IC=0.00000 CO2_BC=0.00007 LR=3.08e-04 nu=0.01 NSraw=0.4946 alpha(W1/W8/all)=0.59/0.39/0.48 | 0.85 it/s
[Iter 22350/30000] Total=0.65177 | NS=0.64089 CO2(scaled)=0.00166 CO2_weight=1.00 guide_w=3.8 Walls=0.00072(x10) g_ns/g_walls=0.484 Windows=0.00173 Doors=0.00013 IC=0.00000 CO2_BC=0.00014 LR=3.08e-04 nu=0.01 NSraw=15.32 alpha(W1/W8/all)=0.59/0.39/0.48 | 0.85 it/s
[Iter 22360/30000] Total=0.26427 | NS=0.25232 CO2(scaled)=0.00258 CO2_weight=1.00 guide_w=3.8 Walls=0.00077(x10) g_ns/g_walls=0.484 Windows=0.00133 Doors=0.00019 IC=0.00000 CO2_BC=0.00014 LR=3.08e-04 nu=0.01 NSraw=1.413 alpha(W1/W8/all)=0.59/0.39/0.48 | 0.85 it/s
[Iter 22370/30000] Total=0.09290 | NS=0.07155 CO2(scaled)=0.00146 CO2_weight=1.00 guide_w=3.8 Walls=0.00183(x10) g_ns/g_walls=0.484 Windows=0.00131 Doors=0.00013 IC=0.00000 CO2_BC=0.00014 LR=3.08e-04 nu=0.01 NSraw=0.1411 alpha(W1/W8/all)=0.59/0.39/0.48 | 0.85 it/s
[Iter 22380/30000] Total=0.11616 | NS=0.10508 CO2(scaled)=0.00179 CO2_weight=1.00 guide_w=3.8 Walls=0.00080(x10) g_ns/g_walls=0.484 Windows=0.00104 Doors=0.00012 IC=0.00000 CO2_BC=0.00011 LR=3.08e-04 nu=0.01 NSraw=0.3022 alpha(W1/W8/all)=0.59/0.39/0.48 | 0.85 it/s
[Iter 22390/30000] Total=0.12285 | NS=0.10930 CO2(scaled)=0.00133 CO2_weight=1.00 guide_w=3.8 Walls=0.00097(x10) g_ns/g_walls=0.484 Windows=0.00224 Doors=0.00019 IC=0.00000 CO2_BC=0.00012 LR=3.07e-04 nu=0.01 NSraw=0.2829 alpha(W1/W8/all)=0.59/0.39/0.48 | 0.85 it/s
[Iter 22400/30000] Total=0.12917 | NS=0.11083 CO2(scaled)=0.00165 CO2_weight=1.00 guide_w=11 Walls=0.00139(x10) g_ns/g_walls=1.56 Windows=0.00246 Doors=0.00023 IC=0.00000 CO2_BC=0.00012 LR=3.07e-04 nu=0.01 NSraw=0.2207 alpha(W1/W8/all)=0.59/0.39/0.48 | 0.85 it/s
[Iter 22410/30000] Total=0.47560 | NS=0.46623 CO2(scaled)=0.00161 CO2_weight=1.00 guide_w=11 Walls=0.00063(x10) g_ns/g_walls=1.56 Windows=0.00114 Doors=0.00023 IC=0.00000 CO2_BC=0.00013 LR=3.07e-04 nu=0.01 NSraw=3.015 alpha(W1/W8/all)=0.59/0.39/0.48 | 0.85 it/s
[Iter 22420/30000] Total=0.26072 | NS=0.24088 CO2(scaled)=0.00157 CO2_weight=1.00 guide_w=11 Walls=0.00160(x10) g_ns/g_walls=1.56 Windows=0.00188 Doors=0.00026 IC=0.00000 CO2_BC=0.00010 LR=3.07e-04 nu=0.01 NSraw=2.803 alpha(W1/W8/all)=0.59/0.39/0.48 | 0.85 it/s
[Iter 22430/30000] Total=0.09090 | NS=0.06181 CO2(scaled)=0.00151 CO2_weight=1.00 guide_w=11 Walls=0.00246(x10) g_ns/g_walls=1.56 Windows=0.00193 Doors=0.00090 IC=0.00000 CO2_BC=0.00014 LR=3.07e-04 nu=0.01 NSraw=0.1119 alpha(W1/W8/all)=0.59/0.39/0.48 | 0.85 it/s
[Iter 22440/30000] Total=0.29320 | NS=0.27659 CO2(scaled)=0.00158 CO2_weight=1.00 guide_w=11 Walls=0.00134(x10) g_ns/g_walls=1.56 Windows=0.00130 Doors=0.00028 IC=0.00000 CO2_BC=0.00010 LR=3.07e-04 nu=0.01 NSraw=1.962 alpha(W1/W8/all)=0.59/0.39/0.48 | 0.85 it/s
[Iter 22450/30000] Total=0.51023 | NS=0.49435 CO2(scaled)=0.00226 CO2_weight=1.00 guide_w=11 Walls=0.00116(x10) g_ns/g_walls=1.56 Windows=0.00148 Doors=0.00040 IC=0.00000 CO2_BC=0.00011 LR=3.06e-04 nu=0.01 NSraw=11.78 alpha(W1/W8/all)=0.59/0.39/0.48 | 0.85 it/s
[Iter 22460/30000] Total=0.08464 | NS=0.05922 CO2(scaled)=0.00141 CO2_weight=1.00 guide_w=11 Walls=0.00218(x10) g_ns/g_walls=1.56 Windows=0.00198 Doors=0.00016 IC=0.00000 CO2_BC=0.00011 LR=3.06e-04 nu=0.01 NSraw=0.1131 alpha(W1/W8/all)=0.59/0.39/0.48 | 0.85 it/s
[Iter 22470/30000] Total=0.75644 | NS=0.73993 CO2(scaled)=0.00149 CO2_weight=1.00 guide_w=11 Walls=0.00136(x10) g_ns/g_walls=1.56 Windows=0.00108 Doors=0.00018 IC=0.00000 CO2_BC=0.00012 LR=3.06e-04 nu=0.01 NSraw=31.87 alpha(W1/W8/all)=0.59/0.39/0.48 | 0.85 it/s
[Iter 22480/30000] Total=0.35104 | NS=0.33874 CO2(scaled)=0.00160 CO2_weight=1.00 guide_w=11 Walls=0.00089(x10) g_ns/g_walls=1.56 Windows=0.00152 Doors=0.00015 IC=0.00000 CO2_BC=0.00012 LR=3.06e-04 nu=0.01 NSraw=2.303 alpha(W1/W8/all)=0.59/0.39/0.48 | 0.85 it/s
[Iter 22490/30000] Total=0.11127 | NS=0.10400 CO2(scaled)=0.00113 CO2_weight=1.00 guide_w=11 Walls=0.00051(x10) g_ns/g_walls=1.56 Windows=0.00071 Doors=0.00020 IC=0.00000 CO2_BC=0.00012 LR=3.06e-04 nu=0.01 NSraw=0.2764 alpha(W1/W8/all)=0.59/0.39/0.48 | 0.85 it/s
[Iter 22500/30000] Total=0.09237 | NS=0.08340 CO2(scaled)=0.00138 CO2_weight=1.00 guide_w=3.4 Walls=0.00060(x10) g_ns/g_walls=1.03 Windows=0.00130 Doors=0.00015 IC=0.00000 CO2_BC=0.00012 LR=3.06e-04 nu=0.01 NSraw=0.1865 alpha(W1/W8/all)=0.59/0.39/0.48 | 0.85 it/s
[Iter 22510/30000] Total=0.21144 | NS=0.19962 CO2(scaled)=0.00114 CO2_weight=1.00 guide_w=3.4 Walls=0.00094(x10) g_ns/g_walls=1.03 Windows=0.00101 Doors=0.00014 IC=0.00000 CO2_BC=0.00011 LR=3.05e-04 nu=0.01 NSraw=0.7751 alpha(W1/W8/all)=0.59/0.39/0.48 | 0.85 it/s
[Iter 22520/30000] Total=0.21079 | NS=0.20161 CO2(scaled)=0.00110 CO2_weight=1.00 guide_w=3.4 Walls=0.00072(x10) g_ns/g_walls=1.03 Windows=0.00054 Doors=0.00020 IC=0.00000 CO2_BC=0.00013 LR=3.05e-04 nu=0.01 NSraw=0.6372 alpha(W1/W8/all)=0.59/0.39/0.48 | 0.85 it/s
[Iter 22530/30000] Total=0.26331 | NS=0.25443 CO2(scaled)=0.00117 CO2_weight=1.00 guide_w=3.4 Walls=0.00064(x10) g_ns/g_walls=1.03 Windows=0.00094 Doors=0.00021 IC=0.00000 CO2_BC=0.00013 LR=3.05e-04 nu=0.01 NSraw=1.212 alpha(W1/W8/all)=0.59/0.39/0.48 | 0.85 it/s
[Iter 22540/30000] Total=1.80199 | NS=1.79002 CO2(scaled)=0.00132 CO2_weight=1.00 guide_w=3.4 Walls=0.00095(x10) g_ns/g_walls=1.03 Windows=0.00079 Doors=0.00015 IC=0.00000 CO2_BC=0.00016 LR=3.05e-04 nu=0.01 NSraw=247.5 alpha(W1/W8/all)=0.59/0.39/0.48 | 0.85 it/s
[Iter 22550/30000] Total=0.81097 | NS=0.79901 CO2(scaled)=0.00141 CO2_weight=1.00 guide_w=3.4 Walls=0.00094(x10) g_ns/g_walls=1.03 Windows=0.00083 Doors=0.00016 IC=0.00000 CO2_BC=0.00015 LR=3.05e-04 nu=0.01 NSraw=44.23 alpha(W1/W8/all)=0.59/0.39/0.48 | 0.85 it/s
[Iter 22560/30000] Total=0.18493 | NS=0.17670 CO2(scaled)=0.00128 CO2_weight=1.00 guide_w=3.4 Walls=0.00061(x10) g_ns/g_walls=1.03 Windows=0.00061 Doors=0.00015 IC=0.00000 CO2_BC=0.00013 LR=3.05e-04 nu=0.01 NSraw=0.8875 alpha(W1/W8/all)=0.59/0.39/0.48 | 0.85 it/s
[Iter 22570/30000] Total=0.60266 | NS=0.59177 CO2(scaled)=0.00138 CO2_weight=1.00 guide_w=3.4 Walls=0.00087(x10) g_ns/g_walls=1.03 Windows=0.00056 Doors=0.00012 IC=0.00000 CO2_BC=0.00010 LR=3.05e-04 nu=0.01 NSraw=16.48 alpha(W1/W8/all)=0.59/0.39/0.48 | 0.85 it/s
[Iter 22580/30000] Total=0.39416 | NS=0.38350 CO2(scaled)=0.00157 CO2_weight=1.00 guide_w=3.4 Walls=0.00080(x10) g_ns/g_walls=1.03 Windows=0.00087 Doors=0.00013 IC=0.00000 CO2_BC=0.00010 LR=3.04e-04 nu=0.01 NSraw=6.841 alpha(W1/W8/all)=0.59/0.39/0.48 | 0.85 it/s
[Iter 22590/30000] Total=0.34740 | NS=0.32916 CO2(scaled)=0.00262 CO2_weight=1.00 guide_w=3.4 Walls=0.00143(x10) g_ns/g_walls=1.03 Windows=0.00107 Doors=0.00017 IC=0.00000 CO2_BC=0.00011 LR=3.04e-04 nu=0.01 NSraw=1.647 alpha(W1/W8/all)=0.59/0.39/0.48 | 0.85 it/s
[Iter 22600/30000] Total=0.08412 | NS=0.07615 CO2(scaled)=0.00123 CO2_weight=1.00 guide_w=5 Walls=0.00055(x10) g_ns/g_walls=1.02 Windows=0.00103 Doors=0.00014 IC=0.00000 CO2_BC=0.00013 LR=3.04e-04 nu=0.01 NSraw=0.1433 alpha(W1/W8/all)=0.59/0.39/0.48 | 0.85 it/s
[Iter 22610/30000] Total=0.17092 | NS=0.15100 CO2(scaled)=0.00177 CO2_weight=1.00 guide_w=5 Walls=0.00164(x10) g_ns/g_walls=1.02 Windows=0.00152 Doors=0.00015 IC=0.00000 CO2_BC=0.00013 LR=3.04e-04 nu=0.01 NSraw=0.9189 alpha(W1/W8/all)=0.59/0.39/0.48 | 0.85 it/s
[Iter 22620/30000] Total=0.27488 | NS=0.26500 CO2(scaled)=0.00097 CO2_weight=1.00 guide_w=5 Walls=0.00079(x10) g_ns/g_walls=1.02 Windows=0.00077 Doors=0.00013 IC=0.00000 CO2_BC=0.00011 LR=3.04e-04 nu=0.01 NSraw=1.278 alpha(W1/W8/all)=0.59/0.39/0.48 | 0.85 it/s
[Iter 22630/30000] Total=0.10697 | NS=0.09840 CO2(scaled)=0.00107 CO2_weight=1.00 guide_w=5 Walls=0.00061(x10) g_ns/g_walls=1.02 Windows=0.00110 Doors=0.00017 IC=0.00000 CO2_BC=0.00012 LR=3.04e-04 nu=0.01 NSraw=0.3404 alpha(W1/W8/all)=0.59/0.39/0.48 | 0.85 it/s
[Iter 22640/30000] Total=0.23327 | NS=0.17092 CO2(scaled)=0.00125 CO2_weight=1.00 guide_w=5 Walls=0.00557(x10) g_ns/g_walls=1.02 Windows=0.00512 Doors=0.00018 IC=0.00000 CO2_BC=0.00012 LR=3.03e-04 nu=0.01 NSraw=0.857 alpha(W1/W8/all)=0.59/0.39/0.48 | 0.85 it/s
[Iter 22650/30000] Total=0.14540 | NS=0.10183 CO2(scaled)=0.00108 CO2_weight=1.00 guide_w=5 Walls=0.00379(x10) g_ns/g_walls=1.02 Windows=0.00430 Doors=0.00017 IC=0.00000 CO2_BC=0.00011 LR=3.03e-04 nu=0.01 NSraw=0.2666 alpha(W1/W8/all)=0.59/0.39/0.48 | 0.85 it/s
[Iter 22660/30000] Total=0.91890 | NS=0.89304 CO2(scaled)=0.00109 CO2_weight=1.00 guide_w=5 Walls=0.00227(x10) g_ns/g_walls=1.02 Windows=0.00174 Doors=0.00016 IC=0.00000 CO2_BC=0.00013 LR=3.03e-04 nu=0.01 NSraw=32.59 alpha(W1/W8/all)=0.59/0.39/0.48 | 0.85 it/s
[Iter 22670/30000] Total=0.71416 | NS=0.70665 CO2(scaled)=0.00140 CO2_weight=1.00 guide_w=5 Walls=0.00049(x10) g_ns/g_walls=1.02 Windows=0.00090 Doors=0.00015 IC=0.00000 CO2_BC=0.00013 LR=3.03e-04 nu=0.01 NSraw=17.45 alpha(W1/W8/all)=0.59/0.39/0.48 | 0.85 it/s
[Iter 22680/30000] Total=0.19048 | NS=0.17887 CO2(scaled)=0.00149 CO2_weight=1.00 guide_w=5 Walls=0.00089(x10) g_ns/g_walls=1.02 Windows=0.00094 Doors=0.00012 IC=0.00000 CO2_BC=0.00012 LR=3.03e-04 nu=0.01 NSraw=0.5939 alpha(W1/W8/all)=0.59/0.39/0.48 | 0.85 it/s
[Iter 22690/30000] Total=0.05344 | NS=0.04069 CO2(scaled)=0.00196 CO2_weight=1.00 guide_w=5 Walls=0.00094(x10) g_ns/g_walls=1.02 Windows=0.00092 Doors=0.00023 IC=0.00000 CO2_BC=0.00020 LR=3.03e-04 nu=0.01 NSraw=0.07855 alpha(W1/W8/all)=0.59/0.39/0.48 | 0.85 it/s
[Iter 22700/30000] Total=0.18208 | NS=0.16834 CO2(scaled)=0.00159 CO2_weight=1.00 guide_w=26.4 Walls=0.00104(x10) g_ns/g_walls=3.13 Windows=0.00151 Doors=0.00017 IC=0.00000 CO2_BC=0.00011 LR=3.02e-04 nu=0.01 NSraw=1.264 alpha(W1/W8/all)=0.59/0.39/0.48 | 0.85 it/s
[Iter 22710/30000] Total=0.15123 | NS=0.12558 CO2(scaled)=0.00211 CO2_weight=1.00 guide_w=26.4 Walls=0.00217(x10) g_ns/g_walls=3.13 Windows=0.00155 Doors=0.00015 IC=0.00000 CO2_BC=0.00015 LR=3.02e-04 nu=0.01 NSraw=0.3258 alpha(W1/W8/all)=0.59/0.39/0.48 | 0.85 it/s
[Iter 22720/30000] Total=0.06423 | NS=0.05610 CO2(scaled)=0.00155 CO2_weight=1.00 guide_w=26.4 Walls=0.00057(x10) g_ns/g_walls=3.13 Windows=0.00061 Doors=0.00018 IC=0.00000 CO2_BC=0.00013 LR=3.02e-04 nu=0.01 NSraw=0.0755 alpha(W1/W8/all)=0.59/0.39/0.48 | 0.85 it/s
[Iter 22730/30000] Total=0.52631 | NS=0.51462 CO2(scaled)=0.00239 CO2_weight=1.00 guide_w=26.4 Walls=0.00080(x10) g_ns/g_walls=3.13 Windows=0.00094 Doors=0.00016 IC=0.00000 CO2_BC=0.00022 LR=3.02e-04 nu=0.01 NSraw=5.745 alpha(W1/W8/all)=0.59/0.39/0.48 | 0.85 it/s
[Iter 22740/30000] Total=0.12369 | NS=0.10968 CO2(scaled)=0.00223 CO2_weight=1.00 guide_w=26.4 Walls=0.00097(x10) g_ns/g_walls=3.13 Windows=0.00168 Doors=0.00020 IC=0.00000 CO2_BC=0.00016 LR=3.02e-04 nu=0.01 NSraw=0.5298 alpha(W1/W8/all)=0.59/0.39/0.48 | 0.85 it/s
[Iter 22750/30000] Total=0.11134 | NS=0.09866 CO2(scaled)=0.00270 CO2_weight=1.00 guide_w=26.4 Walls=0.00085(x10) g_ns/g_walls=3.13 Windows=0.00115 Doors=0.00018 IC=0.00000 CO2_BC=0.00013 LR=3.02e-04 nu=0.01 NSraw=0.1923 alpha(W1/W8/all)=0.59/0.39/0.48 | 0.85 it/s
[Iter 22760/30000] Total=0.27224 | NS=0.25641 CO2(scaled)=0.00187 CO2_weight=1.00 guide_w=26.4 Walls=0.00121(x10) g_ns/g_walls=3.13 Windows=0.00168 Doors=0.00013 IC=0.00000 CO2_BC=0.00010 LR=3.01e-04 nu=0.01 NSraw=2.639 alpha(W1/W8/all)=0.59/0.39/0.48 | 0.85 it/s
[Iter 22770/30000] Total=0.23738 | NS=0.20935 CO2(scaled)=0.00145 CO2_weight=1.00 guide_w=26.4 Walls=0.00245(x10) g_ns/g_walls=3.13 Windows=0.00177 Doors=0.00019 IC=0.00000 CO2_BC=0.00010 LR=3.01e-04 nu=0.01 NSraw=1.296 alpha(W1/W8/all)=0.59/0.39/0.48 | 0.85 it/s
[Iter 22780/30000] Total=0.23479 | NS=0.21879 CO2(scaled)=0.00137 CO2_weight=1.00 guide_w=26.4 Walls=0.00124(x10) g_ns/g_walls=3.13 Windows=0.00188 Doors=0.00020 IC=0.00000 CO2_BC=0.00013 LR=3.01e-04 nu=0.01 NSraw=1.204 alpha(W1/W8/all)=0.59/0.39/0.48 | 0.85 it/s
[Iter 22790/30000] Total=0.44512 | NS=0.42666 CO2(scaled)=0.00154 CO2_weight=1.00 guide_w=26.4 Walls=0.00151(x10) g_ns/g_walls=3.13 Windows=0.00157 Doors=0.00015 IC=0.00000 CO2_BC=0.00010 LR=3.01e-04 nu=0.01 NSraw=10.82 alpha(W1/W8/all)=0.59/0.39/0.48 | 0.85 it/s
[Iter 22800/30000] Total=0.44021 | NS=0.42038 CO2(scaled)=0.00188 CO2_weight=1.00 guide_w=46.1 Walls=0.00155(x10) g_ns/g_walls=2.93 Windows=0.00203 Doors=0.00023 IC=0.00000 CO2_BC=0.00016 LR=3.01e-04 nu=0.01 NSraw=5.902 alpha(W1/W8/all)=0.59/0.39/0.48 | 0.85 it/s
[Iter 22810/30000] Total=0.14669 | NS=0.10397 CO2(scaled)=0.00170 CO2_weight=1.00 guide_w=46.1 Walls=0.00366(x10) g_ns/g_walls=2.93 Windows=0.00415 Doors=0.00016 IC=0.00000 CO2_BC=0.00014 LR=3.01e-04 nu=0.01 NSraw=0.3332 alpha(W1/W8/all)=0.59/0.39/0.48 | 0.85 it/s
[Iter 22820/30000] Total=0.24801 | NS=0.23860 CO2(scaled)=0.00147 CO2_weight=1.00 guide_w=46.1 Walls=0.00065(x10) g_ns/g_walls=2.93 Windows=0.00105 Doors=0.00021 IC=0.00000 CO2_BC=0.00013 LR=3.01e-04 nu=0.01 NSraw=1.08 alpha(W1/W8/all)=0.59/0.39/0.48 | 0.85 it/s
[Iter 22830/30000] Total=0.17014 | NS=0.15326 CO2(scaled)=0.00114 CO2_weight=1.00 guide_w=46.1 Walls=0.00135(x10) g_ns/g_walls=2.93 Windows=0.00188 Doors=0.00021 IC=0.00000 CO2_BC=0.00011 LR=3.00e-04 nu=0.01 NSraw=0.6073 alpha(W1/W8/all)=0.59/0.39/0.48 | 0.85 it/s
[Iter 22840/30000] Total=0.11787 | NS=0.09414 CO2(scaled)=0.00112 CO2_weight=1.00 guide_w=46.1 Walls=0.00201(x10) g_ns/g_walls=2.93 Windows=0.00224 Doors=0.00020 IC=0.00000 CO2_BC=0.00008 LR=3.00e-04 nu=0.01 NSraw=0.2813 alpha(W1/W8/all)=0.59/0.39/0.48 | 0.85 it/s
[Iter 22850/30000] Total=0.13550 | NS=0.12197 CO2(scaled)=0.00194 CO2_weight=1.00 guide_w=46.1 Walls=0.00098(x10) g_ns/g_walls=2.93 Windows=0.00144 Doors=0.00021 IC=0.00000 CO2_BC=0.00010 LR=3.00e-04 nu=0.01 NSraw=0.2727 alpha(W1/W8/all)=0.59/0.39/0.48 | 0.85 it/s
[Iter 22860/30000] Total=0.16507 | NS=0.15727 CO2(scaled)=0.00118 CO2_weight=1.00 guide_w=46.1 Walls=0.00053(x10) g_ns/g_walls=2.93 Windows=0.00109 Doors=0.00016 IC=0.00000 CO2_BC=0.00009 LR=3.00e-04 nu=0.01 NSraw=0.4467 alpha(W1/W8/all)=0.59/0.39/0.48 | 0.85 it/s
[Iter 22870/30000] Total=0.09802 | NS=0.08151 CO2(scaled)=0.00288 CO2_weight=1.00 guide_w=46.1 Walls=0.00119(x10) g_ns/g_walls=2.93 Windows=0.00131 Doors=0.00030 IC=0.00000 CO2_BC=0.00010 LR=3.00e-04 nu=0.01 NSraw=0.1837 alpha(W1/W8/all)=0.59/0.39/0.48 | 0.85 it/s
[Iter 22880/30000] Total=0.23787 | NS=0.20473 CO2(scaled)=0.00222 CO2_weight=1.00 guide_w=46.1 Walls=0.00278(x10) g_ns/g_walls=2.93 Windows=0.00274 Doors=0.00023 IC=0.00000 CO2_BC=0.00011 LR=3.00e-04 nu=0.01 NSraw=1.175 alpha(W1/W8/all)=0.59/0.39/0.48 | 0.85 it/s
[Iter 22890/30000] Total=0.16891 | NS=0.15360 CO2(scaled)=0.00273 CO2_weight=1.00 guide_w=46.1 Walls=0.00110(x10) g_ns/g_walls=2.93 Windows=0.00127 Doors=0.00018 IC=0.00000 CO2_BC=0.00010 LR=2.99e-04 nu=0.01 NSraw=0.5983 alpha(W1/W8/all)=0.59/0.39/0.48 | 0.85 it/s
[Iter 22900/30000] Total=0.17233 | NS=0.15505 CO2(scaled)=0.00178 CO2_weight=1.00 guide_w=13.6 Walls=0.00138(x10) g_ns/g_walls=1.62 Windows=0.00141 Doors=0.00018 IC=0.00000 CO2_BC=0.00009 LR=2.99e-04 nu=0.01 NSraw=0.7679 alpha(W1/W8/all)=0.59/0.39/0.48 | 0.85 it/s
[Iter 22910/30000] Total=0.29978 | NS=0.28599 CO2(scaled)=0.00230 CO2_weight=1.00 guide_w=13.6 Walls=0.00100(x10) g_ns/g_walls=1.62 Windows=0.00124 Doors=0.00012 IC=0.00000 CO2_BC=0.00011 LR=2.99e-04 nu=0.01 NSraw=1.205 alpha(W1/W8/all)=0.59/0.39/0.48 | 0.85 it/s
[Iter 22920/30000] Total=0.17852 | NS=0.17342 CO2(scaled)=0.00102 CO2_weight=1.00 guide_w=13.6 Walls=0.00030(x10) g_ns/g_walls=1.62 Windows=0.00077 Doors=0.00016 IC=0.00000 CO2_BC=0.00011 LR=2.99e-04 nu=0.01 NSraw=0.8522 alpha(W1/W8/all)=0.59/0.39/0.48 | 0.85 it/s
[Iter 22930/30000] Total=0.08571 | NS=0.07555 CO2(scaled)=0.00182 CO2_weight=1.00 guide_w=13.6 Walls=0.00072(x10) g_ns/g_walls=1.62 Windows=0.00090 Doors=0.00018 IC=0.00000 CO2_BC=0.00009 LR=2.99e-04 nu=0.01 NSraw=0.1633 alpha(W1/W8/all)=0.59/0.39/0.48 | 0.85 it/s
[Iter 22940/30000] Total=0.19367 | NS=0.18231 CO2(scaled)=0.00184 CO2_weight=1.00 guide_w=13.6 Walls=0.00078(x10) g_ns/g_walls=1.62 Windows=0.00152 Doors=0.00013 IC=0.00000 CO2_BC=0.00012 LR=2.99e-04 nu=0.01 NSraw=0.7684 alpha(W1/W8/all)=0.59/0.39/0.48 | 0.85 it/s
[Iter 22950/30000] Total=0.75354 | NS=0.74033 CO2(scaled)=0.00155 CO2_weight=1.00 guide_w=13.6 Walls=0.00099(x10) g_ns/g_walls=1.62 Windows=0.00148 Doors=0.00017 IC=0.00000 CO2_BC=0.00014 LR=2.98e-04 nu=0.01 NSraw=43.29 alpha(W1/W8/all)=0.59/0.39/0.48 | 0.85 it/s
[Iter 22960/30000] Total=0.15286 | NS=0.14466 CO2(scaled)=0.00147 CO2_weight=1.00 guide_w=13.6 Walls=0.00054(x10) g_ns/g_walls=1.62 Windows=0.00093 Doors=0.00026 IC=0.00000 CO2_BC=0.00010 LR=2.98e-04 nu=0.01 NSraw=0.519 alpha(W1/W8/all)=0.59/0.39/0.48 | 0.85 it/s
[Iter 22970/30000] Total=0.07636 | NS=0.06777 CO2(scaled)=0.00228 CO2_weight=1.00 guide_w=13.6 Walls=0.00048(x10) g_ns/g_walls=1.62 Windows=0.00111 Doors=0.00030 IC=0.00000 CO2_BC=0.00010 LR=2.98e-04 nu=0.01 NSraw=0.1042 alpha(W1/W8/all)=0.59/0.39/0.48 | 0.85 it/s
[Iter 22980/30000] Total=0.11879 | NS=0.10567 CO2(scaled)=0.00149 CO2_weight=1.00 guide_w=13.6 Walls=0.00101(x10) g_ns/g_walls=1.62 Windows=0.00104 Doors=0.00029 IC=0.00000 CO2_BC=0.00015 LR=2.98e-04 nu=0.01 NSraw=0.3489 alpha(W1/W8/all)=0.59/0.39/0.48 | 0.85 it/s
[Iter 22990/30000] Total=0.11119 | NS=0.07807 CO2(scaled)=0.00194 CO2_weight=1.00 guide_w=13.6 Walls=0.00278(x10) g_ns/g_walls=1.62 Windows=0.00290 Doors=0.00028 IC=0.00000 CO2_BC=0.00018 LR=2.98e-04 nu=0.01 NSraw=0.2393 alpha(W1/W8/all)=0.59/0.39/0.48 | 0.85 it/s
[Iter 23000/30000] Total=0.25805 | NS=0.24274 CO2(scaled)=0.00202 CO2_weight=1.00 guide_w=16.9 Walls=0.00111(x10) g_ns/g_walls=2.56 Windows=0.00163 Doors=0.00042 IC=0.00000 CO2_BC=0.00013 LR=2.98e-04 nu=0.01 NSraw=1.242 alpha(W1/W8/all)=0.59/0.39/0.48 | 0.85 it/s
  -> saved checkpoint: /home/iai-labor/BuildingControlCFD/experiments/gnot/checkpoints/v25_nsuniform_ab/gnot_v25_nsuniform_ab_iter23000.pth
[Iter 23010/30000] Total=0.20775 | NS=0.18672 CO2(scaled)=0.00260 CO2_weight=1.00 guide_w=16.9 Walls=0.00159(x10) g_ns/g_walls=2.56 Windows=0.00212 Doors=0.00026 IC=0.00000 CO2_BC=0.00015 LR=2.98e-04 nu=0.01 NSraw=0.911 alpha(W1/W8/all)=0.59/0.39/0.48 | 0.85 it/s
[Iter 23020/30000] Total=0.13102 | NS=0.12185 CO2(scaled)=0.00150 CO2_weight=1.00 guide_w=16.9 Walls=0.00064(x10) g_ns/g_walls=2.56 Windows=0.00104 Doors=0.00021 IC=0.00000 CO2_BC=0.00008 LR=2.97e-04 nu=0.01 NSraw=0.3594 alpha(W1/W8/all)=0.59/0.39/0.48 | 0.85 it/s
[Iter 23030/30000] Total=0.17829 | NS=0.16496 CO2(scaled)=0.00219 CO2_weight=1.00 guide_w=16.9 Walls=0.00097(x10) g_ns/g_walls=2.56 Windows=0.00107 Doors=0.00023 IC=0.00000 CO2_BC=0.00010 LR=2.97e-04 nu=0.01 NSraw=0.6228 alpha(W1/W8/all)=0.59/0.39/0.48 | 0.85 it/s
[Iter 23040/30000] Total=0.15713 | NS=0.10687 CO2(scaled)=0.00532 CO2_weight=1.00 guide_w=16.9 Walls=0.00395(x10) g_ns/g_walls=2.56 Windows=0.00486 Doors=0.00043 IC=0.00000 CO2_BC=0.00011 LR=2.97e-04 nu=0.01 NSraw=0.242 alpha(W1/W8/all)=0.59/0.39/0.48 | 0.85 it/s
[Iter 23050/30000] Total=0.17472 | NS=0.15439 CO2(scaled)=0.00259 CO2_weight=1.00 guide_w=16.9 Walls=0.00161(x10) g_ns/g_walls=2.56 Windows=0.00128 Doors=0.00019 IC=0.00000 CO2_BC=0.00013 LR=2.97e-04 nu=0.01 NSraw=0.5685 alpha(W1/W8/all)=0.59/0.39/0.48 | 0.85 it/s
[Iter 23060/30000] Total=0.53210 | NS=0.51872 CO2(scaled)=0.00139 CO2_weight=1.00 guide_w=16.9 Walls=0.00109(x10) g_ns/g_walls=2.56 Windows=0.00082 Doors=0.00020 IC=0.00000 CO2_BC=0.00009 LR=2.97e-04 nu=0.01 NSraw=11.8 alpha(W1/W8/all)=0.59/0.39/0.48 | 0.85 it/s
[Iter 23070/30000] Total=0.17888 | NS=0.16723 CO2(scaled)=0.00126 CO2_weight=1.00 guide_w=16.9 Walls=0.00092(x10) g_ns/g_walls=2.56 Windows=0.00087 Doors=0.00023 IC=0.00000 CO2_BC=0.00011 LR=2.97e-04 nu=0.01 NSraw=0.605 alpha(W1/W8/all)=0.59/0.39/0.48 | 0.85 it/s
[Iter 23080/30000] Total=0.05935 | NS=0.04621 CO2(scaled)=0.00215 CO2_weight=1.00 guide_w=16.9 Walls=0.00097(x10) g_ns/g_walls=2.56 Windows=0.00106 Doors=0.00014 IC=0.00000 CO2_BC=0.00011 LR=2.96e-04 nu=0.01 NSraw=0.07517 alpha(W1/W8/all)=0.59/0.39/0.48 | 0.85 it/s
[Iter 23090/30000] Total=0.18582 | NS=0.17253 CO2(scaled)=0.00211 CO2_weight=1.00 guide_w=16.9 Walls=0.00097(x10) g_ns/g_walls=2.56 Windows=0.00117 Doors=0.00019 IC=0.00000 CO2_BC=0.00011 LR=2.96e-04 nu=0.01 NSraw=0.4832 alpha(W1/W8/all)=0.59/0.39/0.48 | 0.85 it/s
[Iter 23100/30000] Total=0.47786 | NS=0.42811 CO2(scaled)=0.00345 CO2_weight=1.00 guide_w=16.8 Walls=0.00441(x10) g_ns/g_walls=3.25 Windows=0.00191 Doors=0.00021 IC=0.00000 CO2_BC=0.00010 LR=2.96e-04 nu=0.01 NSraw=9.096 alpha(W1/W8/all)=0.59/0.39/0.48 | 0.85 it/s
[Iter 23110/30000] Total=0.25265 | NS=0.23940 CO2(scaled)=0.00120 CO2_weight=1.00 guide_w=16.8 Walls=0.00102(x10) g_ns/g_walls=3.25 Windows=0.00085 Doors=0.00084 IC=0.00000 CO2_BC=0.00013 LR=2.96e-04 nu=0.01 NSraw=0.9044 alpha(W1/W8/all)=0.59/0.39/0.48 | 0.85 it/s
[Iter 23120/30000] Total=0.22692 | NS=0.20868 CO2(scaled)=0.00144 CO2_weight=1.00 guide_w=16.8 Walls=0.00157(x10) g_ns/g_walls=3.25 Windows=0.00079 Doors=0.00017 IC=0.00000 CO2_BC=0.00010 LR=2.96e-04 nu=0.01 NSraw=0.7186 alpha(W1/W8/all)=0.59/0.39/0.48 | 0.85 it/s
[Iter 23130/30000] Total=0.18505 | NS=0.17224 CO2(scaled)=0.00184 CO2_weight=1.00 guide_w=16.8 Walls=0.00094(x10) g_ns/g_walls=3.25 Windows=0.00133 Doors=0.00014 IC=0.00000 CO2_BC=0.00010 LR=2.96e-04 nu=0.01 NSraw=0.8267 alpha(W1/W8/all)=0.59/0.39/0.48 | 0.85 it/s
[Iter 23140/30000] Total=1.57164 | NS=1.54981 CO2(scaled)=0.00225 CO2_weight=1.00 guide_w=16.8 Walls=0.00180(x10) g_ns/g_walls=3.25 Windows=0.00128 Doors=0.00017 IC=0.00000 CO2_BC=0.00009 LR=2.96e-04 nu=0.01 NSraw=193.6 alpha(W1/W8/all)=0.59/0.39/0.48 | 0.85 it/s
[Iter 23150/30000] Total=0.17356 | NS=0.16441 CO2(scaled)=0.00145 CO2_weight=1.00 guide_w=16.8 Walls=0.00066(x10) g_ns/g_walls=3.25 Windows=0.00081 Doors=0.00023 IC=0.00000 CO2_BC=0.00010 LR=2.95e-04 nu=0.01 NSraw=0.8766 alpha(W1/W8/all)=0.59/0.39/0.48 | 0.85 it/s
[Iter 23160/30000] Total=0.31597 | NS=0.30278 CO2(scaled)=0.00248 CO2_weight=1.00 guide_w=16.8 Walls=0.00093(x10) g_ns/g_walls=3.25 Windows=0.00113 Doors=0.00019 IC=0.00000 CO2_BC=0.00012 LR=2.95e-04 nu=0.01 NSraw=2.215 alpha(W1/W8/all)=0.59/0.39/0.48 | 0.85 it/s
[Iter 23170/30000] Total=0.15356 | NS=0.13788 CO2(scaled)=0.00180 CO2_weight=1.00 guide_w=16.8 Walls=0.00121(x10) g_ns/g_walls=3.25 Windows=0.00138 Doors=0.00025 IC=0.00000 CO2_BC=0.00012 LR=2.95e-04 nu=0.01 NSraw=0.5472 alpha(W1/W8/all)=0.59/0.39/0.48 | 0.85 it/s
[Iter 23180/30000] Total=0.08291 | NS=0.07480 CO2(scaled)=0.00150 CO2_weight=1.00 guide_w=16.8 Walls=0.00056(x10) g_ns/g_walls=3.25 Windows=0.00065 Doors=0.00023 IC=0.00000 CO2_BC=0.00011 LR=2.95e-04 nu=0.01 NSraw=0.1481 alpha(W1/W8/all)=0.59/0.39/0.48 | 0.85 it/s
[Iter 23190/30000] Total=0.12570 | NS=0.11653 CO2(scaled)=0.00120 CO2_weight=1.00 guide_w=16.8 Walls=0.00069(x10) g_ns/g_walls=3.25 Windows=0.00075 Doors=0.00023 IC=0.00000 CO2_BC=0.00010 LR=2.95e-04 nu=0.01 NSraw=0.3373 alpha(W1/W8/all)=0.59/0.39/0.48 | 0.85 it/s
[Iter 23200/30000] Total=0.04626 | NS=0.03789 CO2(scaled)=0.00139 CO2_weight=1.00 guide_w=2.49 Walls=0.00059(x10) g_ns/g_walls=0.578 Windows=0.00081 Doors=0.00019 IC=0.00000 CO2_BC=0.00009 LR=2.95e-04 nu=0.01 NSraw=0.05107 alpha(W1/W8/all)=0.59/0.39/0.48 | 0.85 it/s
[Iter 23210/30000] Total=0.53328 | NS=0.51664 CO2(scaled)=0.00306 CO2_weight=1.00 guide_w=2.49 Walls=0.00121(x10) g_ns/g_walls=0.578 Windows=0.00120 Doors=0.00016 IC=0.00000 CO2_BC=0.00015 LR=2.94e-04 nu=0.01 NSraw=12.61 alpha(W1/W8/all)=0.59/0.39/0.48 | 0.85 it/s
[Iter 23220/30000] Total=0.10334 | NS=0.09074 CO2(scaled)=0.00170 CO2_weight=1.00 guide_w=2.49 Walls=0.00096(x10) g_ns/g_walls=0.578 Windows=0.00101 Doors=0.00020 IC=0.00000 CO2_BC=0.00010 LR=2.94e-04 nu=0.01 NSraw=0.2946 alpha(W1/W8/all)=0.59/0.39/0.48 | 0.85 it/s
[Iter 23230/30000] Total=0.13212 | NS=0.11115 CO2(scaled)=0.00289 CO2_weight=1.00 guide_w=2.49 Walls=0.00160(x10) g_ns/g_walls=0.578 Windows=0.00178 Doors=0.00019 IC=0.00000 CO2_BC=0.00015 LR=2.94e-04 nu=0.01 NSraw=0.3187 alpha(W1/W8/all)=0.59/0.39/0.48 | 0.85 it/s
[Iter 23240/30000] Total=0.13121 | NS=0.11368 CO2(scaled)=0.00248 CO2_weight=1.00 guide_w=2.49 Walls=0.00131(x10) g_ns/g_walls=0.578 Windows=0.00162 Doors=0.00016 IC=0.00000 CO2_BC=0.00016 LR=2.94e-04 nu=0.01 NSraw=0.4033 alpha(W1/W8/all)=0.59/0.39/0.48 | 0.85 it/s
[Iter 23250/30000] Total=0.11240 | NS=0.09937 CO2(scaled)=0.00260 CO2_weight=1.00 guide_w=2.49 Walls=0.00089(x10) g_ns/g_walls=0.578 Windows=0.00118 Doors=0.00021 IC=0.00000 CO2_BC=0.00011 LR=2.94e-04 nu=0.01 NSraw=0.4257 alpha(W1/W8/all)=0.59/0.39/0.48 | 0.85 it/s
[Iter 23260/30000] Total=0.32891 | NS=0.31878 CO2(scaled)=0.00160 CO2_weight=1.00 guide_w=2.49 Walls=0.00071(x10) g_ns/g_walls=0.578 Windows=0.00110 Doors=0.00017 IC=0.00000 CO2_BC=0.00012 LR=2.94e-04 nu=0.01 NSraw=3.419 alpha(W1/W8/all)=0.59/0.39/0.48 | 0.85 it/s
[Iter 23270/30000] Total=0.20112 | NS=0.19125 CO2(scaled)=0.00153 CO2_weight=1.00 guide_w=2.49 Walls=0.00071(x10) g_ns/g_walls=0.578 Windows=0.00098 Doors=0.00017 IC=0.00000 CO2_BC=0.00013 LR=2.94e-04 nu=0.01 NSraw=1.334 alpha(W1/W8/all)=0.59/0.39/0.48 | 0.85 it/s
[Iter 23280/30000] Total=0.29440 | NS=0.28495 CO2(scaled)=0.00187 CO2_weight=1.00 guide_w=2.49 Walls=0.00061(x10) g_ns/g_walls=0.578 Windows=0.00105 Doors=0.00027 IC=0.00000 CO2_BC=0.00012 LR=2.93e-04 nu=0.01 NSraw=3.691 alpha(W1/W8/all)=0.59/0.39/0.48 | 0.85 it/s
[Iter 23290/30000] Total=0.55028 | NS=0.54183 CO2(scaled)=0.00146 CO2_weight=1.00 guide_w=2.49 Walls=0.00056(x10) g_ns/g_walls=0.578 Windows=0.00111 Doors=0.00020 IC=0.00000 CO2_BC=0.00010 LR=2.93e-04 nu=0.01 NSraw=13.63 alpha(W1/W8/all)=0.59/0.39/0.48 | 0.85 it/s
[Iter 23300/30000] Total=0.17017 | NS=0.15099 CO2(scaled)=0.00127 CO2_weight=1.00 guide_w=53.9 Walls=0.00160(x10) g_ns/g_walls=2.6 Windows=0.00156 Doors=0.00019 IC=0.00000 CO2_BC=0.00012 LR=2.93e-04 nu=0.01 NSraw=0.4557 alpha(W1/W8/all)=0.59/0.39/0.48 | 0.85 it/s
[Iter 23310/30000] Total=0.46770 | NS=0.42628 CO2(scaled)=0.00148 CO2_weight=1.00 guide_w=53.9 Walls=0.00365(x10) g_ns/g_walls=2.6 Windows=0.00301 Doors=0.00028 IC=0.00000 CO2_BC=0.00013 LR=2.93e-04 nu=0.01 NSraw=2.456 alpha(W1/W8/all)=0.59/0.39/0.48 | 0.85 it/s
[Iter 23320/30000] Total=0.19278 | NS=0.17681 CO2(scaled)=0.00236 CO2_weight=1.00 guide_w=53.9 Walls=0.00120(x10) g_ns/g_walls=2.6 Windows=0.00119 Doors=0.00025 IC=0.00000 CO2_BC=0.00012 LR=2.93e-04 nu=0.01 NSraw=0.6529 alpha(W1/W8/all)=0.59/0.39/0.48 | 0.85 it/s
[Iter 23330/30000] Total=0.51387 | NS=0.50239 CO2(scaled)=0.00104 CO2_weight=1.00 guide_w=53.9 Walls=0.00085(x10) g_ns/g_walls=2.6 Windows=0.00165 Doors=0.00015 IC=0.00000 CO2_BC=0.00011 LR=2.93e-04 nu=0.01 NSraw=6.191 alpha(W1/W8/all)=0.59/0.39/0.48 | 0.85 it/s
[Iter 23340/30000] Total=0.17612 | NS=0.16485 CO2(scaled)=0.00116 CO2_weight=1.00 guide_w=53.9 Walls=0.00087(x10) g_ns/g_walls=2.6 Windows=0.00115 Doors=0.00015 IC=0.00000 CO2_BC=0.00010 LR=2.92e-04 nu=0.01 NSraw=0.4651 alpha(W1/W8/all)=0.59/0.39/0.48 | 0.85 it/s
[Iter 23350/30000] Total=0.32958 | NS=0.31238 CO2(scaled)=0.00159 CO2_weight=1.00 guide_w=53.9 Walls=0.00144(x10) g_ns/g_walls=2.6 Windows=0.00098 Doors=0.00015 IC=0.00000 CO2_BC=0.00012 LR=2.92e-04 nu=0.01 NSraw=1.643 alpha(W1/W8/all)=0.59/0.39/0.48 | 0.85 it/s
[Iter 23360/30000] Total=0.84974 | NS=0.83495 CO2(scaled)=0.00293 CO2_weight=1.00 guide_w=53.9 Walls=0.00105(x10) g_ns/g_walls=2.6 Windows=0.00111 Doors=0.00018 IC=0.00000 CO2_BC=0.00011 LR=2.92e-04 nu=0.01 NSraw=37.77 alpha(W1/W8/all)=0.59/0.39/0.48 | 0.85 it/s
[Iter 23370/30000] Total=0.14819 | NS=0.12379 CO2(scaled)=0.00228 CO2_weight=1.00 guide_w=53.9 Walls=0.00200(x10) g_ns/g_walls=2.6 Windows=0.00182 Doors=0.00022 IC=0.00000 CO2_BC=0.00012 LR=2.92e-04 nu=0.01 NSraw=0.4 alpha(W1/W8/all)=0.59/0.39/0.48 | 0.85 it/s
[Iter 23380/30000] Total=0.45227 | NS=0.43509 CO2(scaled)=0.00209 CO2_weight=1.00 guide_w=53.9 Walls=0.00134(x10) g_ns/g_walls=2.6 Windows=0.00139 Doors=0.00020 IC=0.00000 CO2_BC=0.00010 LR=2.92e-04 nu=0.01 NSraw=3.335 alpha(W1/W8/all)=0.59/0.39/0.48 | 0.85 it/s
[Iter 23390/30000] Total=0.12438 | NS=0.11315 CO2(scaled)=0.00143 CO2_weight=1.00 guide_w=53.9 Walls=0.00082(x10) g_ns/g_walls=2.6 Windows=0.00134 Doors=0.00012 IC=0.00000 CO2_BC=0.00010 LR=2.92e-04 nu=0.01 NSraw=0.3662 alpha(W1/W8/all)=0.59/0.39/0.48 | 0.85 it/s
[Iter 23400/30000] Total=0.21909 | NS=0.20328 CO2(scaled)=0.00143 CO2_weight=1.00 guide_w=10.8 Walls=0.00126(x10) g_ns/g_walls=1.43 Windows=0.00150 Doors=0.00017 IC=0.00000 CO2_BC=0.00012 LR=2.91e-04 nu=0.01 NSraw=0.9318 alpha(W1/W8/all)=0.59/0.39/0.48 | 0.85 it/s
[Iter 23410/30000] Total=0.16856 | NS=0.14690 CO2(scaled)=0.00165 CO2_weight=1.00 guide_w=10.8 Walls=0.00181(x10) g_ns/g_walls=1.43 Windows=0.00159 Doors=0.00022 IC=0.00000 CO2_BC=0.00012 LR=2.91e-04 nu=0.01 NSraw=0.5366 alpha(W1/W8/all)=0.59/0.39/0.48 | 0.85 it/s
[Iter 23420/30000] Total=0.20843 | NS=0.19513 CO2(scaled)=0.00130 CO2_weight=1.00 guide_w=10.8 Walls=0.00107(x10) g_ns/g_walls=1.43 Windows=0.00091 Doors=0.00023 IC=0.00000 CO2_BC=0.00011 LR=2.91e-04 nu=0.01 NSraw=0.9868 alpha(W1/W8/all)=0.59/0.39/0.48 | 0.85 it/s
[Iter 23430/30000] Total=0.11517 | NS=0.10742 CO2(scaled)=0.00148 CO2_weight=1.00 guide_w=10.8 Walls=0.00046(x10) g_ns/g_walls=1.43 Windows=0.00136 Doors=0.00015 IC=0.00000 CO2_BC=0.00012 LR=2.91e-04 nu=0.01 NSraw=0.2748 alpha(W1/W8/all)=0.59/0.39/0.48 | 0.85 it/s
[Iter 23440/30000] Total=0.28403 | NS=0.26966 CO2(scaled)=0.00238 CO2_weight=1.00 guide_w=10.8 Walls=0.00101(x10) g_ns/g_walls=1.43 Windows=0.00150 Doors=0.00021 IC=0.00000 CO2_BC=0.00013 LR=2.91e-04 nu=0.01 NSraw=1.798 alpha(W1/W8/all)=0.59/0.39/0.48 | 0.85 it/s
[Iter 23450/30000] Total=0.18601 | NS=0.17261 CO2(scaled)=0.00109 CO2_weight=1.00 guide_w=10.8 Walls=0.00110(x10) g_ns/g_walls=1.43 Windows=0.00098 Doors=0.00018 IC=0.00000 CO2_BC=0.00012 LR=2.91e-04 nu=0.01 NSraw=0.7664 alpha(W1/W8/all)=0.59/0.39/0.48 | 0.85 it/s
[Iter 23460/30000] Total=0.24551 | NS=0.23186 CO2(scaled)=0.00141 CO2_weight=1.00 guide_w=10.8 Walls=0.00108(x10) g_ns/g_walls=1.43 Windows=0.00113 Doors=0.00020 IC=0.00000 CO2_BC=0.00014 LR=2.91e-04 nu=0.01 NSraw=1.247 alpha(W1/W8/all)=0.59/0.39/0.48 | 0.85 it/s
[Iter 23470/30000] Total=0.12656 | NS=0.10936 CO2(scaled)=0.00181 CO2_weight=1.00 guide_w=10.8 Walls=0.00139(x10) g_ns/g_walls=1.43 Windows=0.00113 Doors=0.00024 IC=0.00000 CO2_BC=0.00011 LR=2.90e-04 nu=0.01 NSraw=0.2601 alpha(W1/W8/all)=0.59/0.39/0.48 | 0.85 it/s
[Iter 23480/30000] Total=0.17744 | NS=0.15128 CO2(scaled)=0.00491 CO2_weight=1.00 guide_w=10.8 Walls=0.00192(x10) g_ns/g_walls=1.43 Windows=0.00179 Doors=0.00016 IC=0.00000 CO2_BC=0.00013 LR=2.90e-04 nu=0.01 NSraw=0.43 alpha(W1/W8/all)=0.59/0.39/0.48 | 0.85 it/s
[Iter 23490/30000] Total=0.17015 | NS=0.14648 CO2(scaled)=0.00140 CO2_weight=1.00 guide_w=10.8 Walls=0.00193(x10) g_ns/g_walls=1.43 Windows=0.00275 Doors=0.00012 IC=0.00000 CO2_BC=0.00007 LR=2.90e-04 nu=0.01 NSraw=0.5064 alpha(W1/W8/all)=0.59/0.39/0.48 | 0.85 it/s
[Iter 23500/30000] Total=0.06267 | NS=0.04530 CO2(scaled)=0.00101 CO2_weight=1.00 guide_w=7.78 Walls=0.00141(x10) g_ns/g_walls=0.35 Windows=0.00195 Doors=0.00014 IC=0.00000 CO2_BC=0.00012 LR=2.90e-04 nu=0.01 NSraw=0.0603 alpha(W1/W8/all)=0.59/0.39/0.48 | 0.85 it/s
[Iter 23510/30000] Total=0.31395 | NS=0.29266 CO2(scaled)=0.00121 CO2_weight=1.00 guide_w=7.78 Walls=0.00174(x10) g_ns/g_walls=0.35 Windows=0.00232 Doors=0.00020 IC=0.00000 CO2_BC=0.00012 LR=2.90e-04 nu=0.01 NSraw=1.712 alpha(W1/W8/all)=0.59/0.39/0.48 | 0.85 it/s
[Iter 23520/30000] Total=0.11225 | NS=0.10706 CO2(scaled)=0.00125 CO2_weight=1.00 guide_w=7.78 Walls=0.00026(x10) g_ns/g_walls=0.35 Windows=0.00090 Doors=0.00030 IC=0.00000 CO2_BC=0.00011 LR=2.90e-04 nu=0.01 NSraw=0.3184 alpha(W1/W8/all)=0.59/0.39/0.48 | 0.85 it/s
[Iter 23530/30000] Total=0.13654 | NS=0.12599 CO2(scaled)=0.00198 CO2_weight=1.00 guide_w=7.78 Walls=0.00073(x10) g_ns/g_walls=0.35 Windows=0.00098 Doors=0.00017 IC=0.00000 CO2_BC=0.00012 LR=2.90e-04 nu=0.01 NSraw=0.2775 alpha(W1/W8/all)=0.59/0.39/0.48 | 0.85 it/s
[Iter 23540/30000] Total=0.60824 | NS=0.59644 CO2(scaled)=0.00173 CO2_weight=1.00 guide_w=7.78 Walls=0.00089(x10) g_ns/g_walls=0.35 Windows=0.00085 Doors=0.00019 IC=0.00000 CO2_BC=0.00014 LR=2.89e-04 nu=0.01 NSraw=7.489 alpha(W1/W8/all)=0.59/0.39/0.48 | 0.85 it/s
[Iter 23550/30000] Total=0.15321 | NS=0.13796 CO2(scaled)=0.00147 CO2_weight=1.00 guide_w=7.78 Walls=0.00124(x10) g_ns/g_walls=0.35 Windows=0.00103 Doors=0.00022 IC=0.00000 CO2_BC=0.00009 LR=2.89e-04 nu=0.01 NSraw=0.4941 alpha(W1/W8/all)=0.59/0.39/0.48 | 0.85 it/s
[Iter 23560/30000] Total=0.11638 | NS=0.10500 CO2(scaled)=0.00195 CO2_weight=1.00 guide_w=7.78 Walls=0.00079(x10) g_ns/g_walls=0.35 Windows=0.00111 Doors=0.00026 IC=0.00000 CO2_BC=0.00011 LR=2.89e-04 nu=0.01 NSraw=0.3523 alpha(W1/W8/all)=0.59/0.39/0.48 | 0.85 it/s
[Iter 23570/30000] Total=0.06960 | NS=0.05769 CO2(scaled)=0.00186 CO2_weight=1.00 guide_w=7.78 Walls=0.00085(x10) g_ns/g_walls=0.35 Windows=0.00129 Doors=0.00016 IC=0.00000 CO2_BC=0.00013 LR=2.89e-04 nu=0.01 NSraw=0.09836 alpha(W1/W8/all)=0.59/0.39/0.48 | 0.85 it/s
[Iter 23580/30000] Total=0.67116 | NS=0.65524 CO2(scaled)=0.00258 CO2_weight=1.00 guide_w=7.78 Walls=0.00111(x10) g_ns/g_walls=0.35 Windows=0.00194 Doors=0.00016 IC=0.00000 CO2_BC=0.00014 LR=2.89e-04 nu=0.01 NSraw=31.88 alpha(W1/W8/all)=0.59/0.39/0.48 | 0.85 it/s
[Iter 23590/30000] Total=0.72959 | NS=0.70373 CO2(scaled)=0.00143 CO2_weight=1.00 guide_w=7.78 Walls=0.00223(x10) g_ns/g_walls=0.35 Windows=0.00179 Doors=0.00017 IC=0.00000 CO2_BC=0.00018 LR=2.89e-04 nu=0.01 NSraw=35.47 alpha(W1/W8/all)=0.59/0.39/0.48 | 0.85 it/s
[Iter 23600/30000] Total=0.10714 | NS=0.08858 CO2(scaled)=0.00206 CO2_weight=1.00 guide_w=7.83 Walls=0.00146(x10) g_ns/g_walls=1.77 Windows=0.00144 Doors=0.00025 IC=0.00000 CO2_BC=0.00017 LR=2.88e-04 nu=0.01 NSraw=0.1681 alpha(W1/W8/all)=0.59/0.39/0.48 | 0.85 it/s
[Iter 23610/30000] Total=0.14640 | NS=0.13454 CO2(scaled)=0.00158 CO2_weight=1.00 guide_w=7.83 Walls=0.00089(x10) g_ns/g_walls=1.77 Windows=0.00099 Doors=0.00023 IC=0.00000 CO2_BC=0.00018 LR=2.88e-04 nu=0.01 NSraw=0.3874 alpha(W1/W8/all)=0.59/0.39/0.48 | 0.85 it/s
[Iter 23620/30000] Total=0.28145 | NS=0.26290 CO2(scaled)=0.00158 CO2_weight=1.00 guide_w=7.83 Walls=0.00149(x10) g_ns/g_walls=1.77 Windows=0.00181 Doors=0.00016 IC=0.00000 CO2_BC=0.00010 LR=2.88e-04 nu=0.01 NSraw=1.121 alpha(W1/W8/all)=0.59/0.39/0.48 | 0.85 it/s
[Iter 23630/30000] Total=0.63587 | NS=0.60222 CO2(scaled)=0.00174 CO2_weight=1.00 guide_w=7.83 Walls=0.00296(x10) g_ns/g_walls=1.77 Windows=0.00198 Doors=0.00022 IC=0.00000 CO2_BC=0.00011 LR=2.88e-04 nu=0.01 NSraw=10.73 alpha(W1/W8/all)=0.59/0.39/0.48 | 0.85 it/s
[Iter 23640/30000] Total=0.35356 | NS=0.34112 CO2(scaled)=0.00126 CO2_weight=1.00 guide_w=7.83 Walls=0.00096(x10) g_ns/g_walls=1.77 Windows=0.00131 Doors=0.00019 IC=0.00000 CO2_BC=0.00010 LR=2.88e-04 nu=0.01 NSraw=9.158 alpha(W1/W8/all)=0.59/0.39/0.48 | 0.85 it/s
[Iter 23650/30000] Total=0.24936 | NS=0.22314 CO2(scaled)=0.00198 CO2_weight=1.00 guide_w=7.83 Walls=0.00214(x10) g_ns/g_walls=1.77 Windows=0.00243 Doors=0.00029 IC=0.00000 CO2_BC=0.00008 LR=2.88e-04 nu=0.01 NSraw=1.15 alpha(W1/W8/all)=0.59/0.39/0.48 | 0.85 it/s
[Iter 23660/30000] Total=0.21277 | NS=0.18327 CO2(scaled)=0.00207 CO2_weight=1.00 guide_w=7.83 Walls=0.00246(x10) g_ns/g_walls=1.77 Windows=0.00251 Doors=0.00018 IC=0.00000 CO2_BC=0.00010 LR=2.88e-04 nu=0.01 NSraw=0.9215 alpha(W1/W8/all)=0.59/0.39/0.48 | 0.85 it/s
[Iter 23670/30000] Total=0.17906 | NS=0.16552 CO2(scaled)=0.00224 CO2_weight=1.00 guide_w=7.83 Walls=0.00097(x10) g_ns/g_walls=1.77 Windows=0.00129 Doors=0.00017 IC=0.00000 CO2_BC=0.00011 LR=2.87e-04 nu=0.01 NSraw=0.8792 alpha(W1/W8/all)=0.59/0.39/0.48 | 0.85 it/s
[Iter 23680/30000] Total=0.10840 | NS=0.10122 CO2(scaled)=0.00118 CO2_weight=1.00 guide_w=7.83 Walls=0.00047(x10) g_ns/g_walls=1.77 Windows=0.00104 Doors=0.00015 IC=0.00000 CO2_BC=0.00012 LR=2.87e-04 nu=0.01 NSraw=0.4814 alpha(W1/W8/all)=0.59/0.39/0.48 | 0.85 it/s
[Iter 23690/30000] Total=0.33515 | NS=0.32084 CO2(scaled)=0.00188 CO2_weight=1.00 guide_w=7.83 Walls=0.00103(x10) g_ns/g_walls=1.77 Windows=0.00186 Doors=0.00018 IC=0.00000 CO2_BC=0.00012 LR=2.87e-04 nu=0.01 NSraw=4.743 alpha(W1/W8/all)=0.59/0.39/0.48 | 0.85 it/s
[Iter 23700/30000] Total=0.17398 | NS=0.16076 CO2(scaled)=0.00155 CO2_weight=1.00 guide_w=24 Walls=0.00096(x10) g_ns/g_walls=3.48 Windows=0.00180 Doors=0.00014 IC=0.00000 CO2_BC=0.00010 LR=2.87e-04 nu=0.01 NSraw=0.7587 alpha(W1/W8/all)=0.59/0.39/0.48 | 0.85 it/s
[Iter 23710/30000] Total=0.25524 | NS=0.24692 CO2(scaled)=0.00112 CO2_weight=1.00 guide_w=24 Walls=0.00052(x10) g_ns/g_walls=3.48 Windows=0.00176 Doors=0.00015 IC=0.00000 CO2_BC=0.00010 LR=2.87e-04 nu=0.01 NSraw=1.917 alpha(W1/W8/all)=0.59/0.39/0.48 | 0.85 it/s
[Iter 23720/30000] Total=0.21615 | NS=0.20315 CO2(scaled)=0.00152 CO2_weight=1.00 guide_w=24 Walls=0.00097(x10) g_ns/g_walls=3.48 Windows=0.00148 Doors=0.00018 IC=0.00000 CO2_BC=0.00010 LR=2.87e-04 nu=0.01 NSraw=0.9917 alpha(W1/W8/all)=0.59/0.39/0.48 | 0.85 it/s
[Iter 23730/30000] Total=0.16186 | NS=0.15226 CO2(scaled)=0.00154 CO2_weight=1.00 guide_w=24 Walls=0.00065(x10) g_ns/g_walls=3.48 Windows=0.00126 Doors=0.00015 IC=0.00000 CO2_BC=0.00013 LR=2.86e-04 nu=0.01 NSraw=0.4651 alpha(W1/W8/all)=0.59/0.39/0.48 | 0.85 it/s
[Iter 23740/30000] Total=0.26277 | NS=0.21867 CO2(scaled)=0.00149 CO2_weight=1.00 guide_w=24 Walls=0.00378(x10) g_ns/g_walls=3.48 Windows=0.00447 Doors=0.00020 IC=0.00000 CO2_BC=0.00012 LR=2.86e-04 nu=0.01 NSraw=0.6216 alpha(W1/W8/all)=0.59/0.39/0.48 | 0.85 it/s
[Iter 23750/30000] Total=0.13995 | NS=0.11869 CO2(scaled)=0.00151 CO2_weight=1.00 guide_w=24 Walls=0.00174(x10) g_ns/g_walls=3.48 Windows=0.00198 Doors=0.00018 IC=0.00000 CO2_BC=0.00015 LR=2.86e-04 nu=0.01 NSraw=0.4587 alpha(W1/W8/all)=0.59/0.39/0.48 | 0.85 it/s
[Iter 23760/30000] Total=0.63966 | NS=0.61586 CO2(scaled)=0.00331 CO2_weight=1.00 guide_w=24 Walls=0.00188(x10) g_ns/g_walls=3.48 Windows=0.00138 Doors=0.00021 IC=0.00000 CO2_BC=0.00011 LR=2.86e-04 nu=0.01 NSraw=16.38 alpha(W1/W8/all)=0.59/0.39/0.48 | 0.85 it/s
[Iter 23770/30000] Total=0.55373 | NS=0.53252 CO2(scaled)=0.00193 CO2_weight=1.00 guide_w=24 Walls=0.00170(x10) g_ns/g_walls=3.48 Windows=0.00195 Doors=0.00025 IC=0.00000 CO2_BC=0.00013 LR=2.86e-04 nu=0.01 NSraw=22.92 alpha(W1/W8/all)=0.59/0.39/0.48 | 0.85 it/s
[Iter 23780/30000] Total=0.08007 | NS=0.06792 CO2(scaled)=0.00135 CO2_weight=1.00 guide_w=24 Walls=0.00092(x10) g_ns/g_walls=3.48 Windows=0.00135 Doors=0.00014 IC=0.00000 CO2_BC=0.00013 LR=2.86e-04 nu=0.01 NSraw=0.1558 alpha(W1/W8/all)=0.59/0.39/0.48 | 0.85 it/s
[Iter 23790/30000] Total=0.24184 | NS=0.23125 CO2(scaled)=0.00106 CO2_weight=1.00 guide_w=24 Walls=0.00082(x10) g_ns/g_walls=3.48 Windows=0.00096 Doors=0.00019 IC=0.00000 CO2_BC=0.00015 LR=2.86e-04 nu=0.01 NSraw=1.035 alpha(W1/W8/all)=0.59/0.39/0.48 | 0.85 it/s
[Iter 23800/30000] Total=0.16732 | NS=0.15183 CO2(scaled)=0.00254 CO2_weight=1.00 guide_w=5.34 Walls=0.00112(x10) g_ns/g_walls=1.18 Windows=0.00149 Doors=0.00014 IC=0.00000 CO2_BC=0.00010 LR=2.85e-04 nu=0.01 NSraw=0.5014 alpha(W1/W8/all)=0.59/0.39/0.48 | 0.85 it/s
[Iter 23810/30000] Total=0.51603 | NS=0.50008 CO2(scaled)=0.00166 CO2_weight=1.00 guide_w=5.34 Walls=0.00127(x10) g_ns/g_walls=1.18 Windows=0.00132 Doors=0.00017 IC=0.00000 CO2_BC=0.00010 LR=2.85e-04 nu=0.01 NSraw=13.92 alpha(W1/W8/all)=0.59/0.39/0.48 | 0.85 it/s
[Iter 23820/30000] Total=0.10942 | NS=0.08870 CO2(scaled)=0.00122 CO2_weight=1.00 guide_w=5.34 Walls=0.00170(x10) g_ns/g_walls=1.18 Windows=0.00211 Doors=0.00027 IC=0.00000 CO2_BC=0.00011 LR=2.85e-04 nu=0.01 NSraw=0.2793 alpha(W1/W8/all)=0.59/0.39/0.48 | 0.85 it/s
[Iter 23830/30000] Total=0.12014 | NS=0.10101 CO2(scaled)=0.00118 CO2_weight=1.00 guide_w=5.34 Walls=0.00155(x10) g_ns/g_walls=1.18 Windows=0.00214 Doors=0.00019 IC=0.00000 CO2_BC=0.00009 LR=2.85e-04 nu=0.01 NSraw=0.325 alpha(W1/W8/all)=0.59/0.39/0.48 | 0.85 it/s
[Iter 23840/30000] Total=0.07313 | NS=0.06237 CO2(scaled)=0.00124 CO2_weight=1.00 guide_w=5.34 Walls=0.00082(x10) g_ns/g_walls=1.18 Windows=0.00097 Doors=0.00018 IC=0.00000 CO2_BC=0.00014 LR=2.85e-04 nu=0.01 NSraw=0.1262 alpha(W1/W8/all)=0.59/0.39/0.48 | 0.85 it/s
[Iter 23850/30000] Total=0.46817 | NS=0.45759 CO2(scaled)=0.00130 CO2_weight=1.00 guide_w=5.34 Walls=0.00079(x10) g_ns/g_walls=1.18 Windows=0.00107 Doors=0.00020 IC=0.00000 CO2_BC=0.00012 LR=2.85e-04 nu=0.01 NSraw=10.24 alpha(W1/W8/all)=0.59/0.39/0.48 | 0.85 it/s
[Iter 23860/30000] Total=0.26016 | NS=0.25070 CO2(scaled)=0.00117 CO2_weight=1.00 guide_w=5.34 Walls=0.00071(x10) g_ns/g_walls=1.18 Windows=0.00072 Doors=0.00033 IC=0.00000 CO2_BC=0.00013 LR=2.85e-04 nu=0.01 NSraw=3.174 alpha(W1/W8/all)=0.59/0.39/0.48 | 0.85 it/s
[Iter 23870/30000] Total=0.20130 | NS=0.18169 CO2(scaled)=0.00139 CO2_weight=1.00 guide_w=5.34 Walls=0.00152(x10) g_ns/g_walls=1.18 Windows=0.00265 Doors=0.00023 IC=0.00000 CO2_BC=0.00010 LR=2.84e-04 nu=0.01 NSraw=0.8006 alpha(W1/W8/all)=0.59/0.39/0.48 | 0.85 it/s
[Iter 23880/30000] Total=0.40208 | NS=0.28942 CO2(scaled)=0.00501 CO2_weight=1.00 guide_w=5.34 Walls=0.01018(x10) g_ns/g_walls=1.18 Windows=0.00554 Doors=0.00023 IC=0.00000 CO2_BC=0.00012 LR=2.84e-04 nu=0.01 NSraw=1.025 alpha(W1/W8/all)=0.59/0.39/0.48 | 0.85 it/s
[Iter 23890/30000] Total=0.12613 | NS=0.11381 CO2(scaled)=0.00156 CO2_weight=1.00 guide_w=5.34 Walls=0.00091(x10) g_ns/g_walls=1.18 Windows=0.00132 Doors=0.00019 IC=0.00000 CO2_BC=0.00017 LR=2.84e-04 nu=0.01 NSraw=0.3334 alpha(W1/W8/all)=0.59/0.39/0.48 | 0.85 it/s
[Iter 23900/30000] Total=0.11675 | NS=0.09615 CO2(scaled)=0.00140 CO2_weight=1.00 guide_w=14.4 Walls=0.00169(x10) g_ns/g_walls=0.75 Windows=0.00196 Doors=0.00016 IC=0.00000 CO2_BC=0.00014 LR=2.84e-04 nu=0.01 NSraw=0.2845 alpha(W1/W8/all)=0.59/0.39/0.48 | 0.85 it/s
[Iter 23910/30000] Total=0.49633 | NS=0.47748 CO2(scaled)=0.00149 CO2_weight=1.00 guide_w=14.4 Walls=0.00155(x10) g_ns/g_walls=0.75 Windows=0.00145 Doors=0.00023 IC=0.00000 CO2_BC=0.00013 LR=2.84e-04 nu=0.01 NSraw=16.26 alpha(W1/W8/all)=0.59/0.39/0.48 | 0.85 it/s
[Iter 23920/30000] Total=0.07082 | NS=0.06040 CO2(scaled)=0.00147 CO2_weight=1.00 guide_w=14.4 Walls=0.00074(x10) g_ns/g_walls=0.75 Windows=0.00115 Doors=0.00023 IC=0.00000 CO2_BC=0.00016 LR=2.84e-04 nu=0.01 NSraw=0.1868 alpha(W1/W8/all)=0.59/0.39/0.48 | 0.85 it/s
[Iter 23930/30000] Total=0.15002 | NS=0.13826 CO2(scaled)=0.00125 CO2_weight=1.00 guide_w=14.4 Walls=0.00091(x10) g_ns/g_walls=0.75 Windows=0.00117 Doors=0.00020 IC=0.00000 CO2_BC=0.00010 LR=2.83e-04 nu=0.01 NSraw=0.5458 alpha(W1/W8/all)=0.59/0.39/0.48 | 0.85 it/s
[Iter 23940/30000] Total=0.09999 | NS=0.08557 CO2(scaled)=0.00194 CO2_weight=1.00 guide_w=14.4 Walls=0.00108(x10) g_ns/g_walls=0.75 Windows=0.00133 Doors=0.00024 IC=0.00000 CO2_BC=0.00012 LR=2.83e-04 nu=0.01 NSraw=0.3162 alpha(W1/W8/all)=0.59/0.39/0.48 | 0.85 it/s
[Iter 23950/30000] Total=0.61902 | NS=0.60816 CO2(scaled)=0.00129 CO2_weight=1.00 guide_w=14.4 Walls=0.00077(x10) g_ns/g_walls=0.75 Windows=0.00157 Doors=0.00023 IC=0.00000 CO2_BC=0.00011 LR=2.83e-04 nu=0.01 NSraw=12.59 alpha(W1/W8/all)=0.59/0.39/0.48 | 0.85 it/s
[Iter 23960/30000] Total=0.45035 | NS=0.43889 CO2(scaled)=0.00114 CO2_weight=1.00 guide_w=14.4 Walls=0.00087(x10) g_ns/g_walls=0.75 Windows=0.00132 Doors=0.00017 IC=0.00000 CO2_BC=0.00013 LR=2.83e-04 nu=0.01 NSraw=13.23 alpha(W1/W8/all)=0.59/0.39/0.48 | 0.85 it/s
[Iter 23970/30000] Total=0.38097 | NS=0.37182 CO2(scaled)=0.00157 CO2_weight=1.00 guide_w=14.4 Walls=0.00065(x10) g_ns/g_walls=0.75 Windows=0.00082 Doors=0.00015 IC=0.00000 CO2_BC=0.00011 LR=2.83e-04 nu=0.01 NSraw=7.443 alpha(W1/W8/all)=0.59/0.39/0.48 | 0.85 it/s
[Iter 23980/30000] Total=1.12805 | NS=1.11541 CO2(scaled)=0.00114 CO2_weight=1.00 guide_w=14.4 Walls=0.00103(x10) g_ns/g_walls=0.75 Windows=0.00094 Doors=0.00016 IC=0.00000 CO2_BC=0.00012 LR=2.83e-04 nu=0.01 NSraw=57.51 alpha(W1/W8/all)=0.59/0.39/0.48 | 0.85 it/s
[Iter 23990/30000] Total=0.18200 | NS=0.16170 CO2(scaled)=0.00134 CO2_weight=1.00 guide_w=14.4 Walls=0.00168(x10) g_ns/g_walls=0.75 Windows=0.00186 Doors=0.00022 IC=0.00000 CO2_BC=0.00011 LR=2.83e-04 nu=0.01 NSraw=0.5852 alpha(W1/W8/all)=0.59/0.39/0.48 | 0.85 it/s
[Iter 24000/30000] Total=0.20655 | NS=0.18212 CO2(scaled)=0.00143 CO2_weight=1.00 guide_w=22.3 Walls=0.00211(x10) g_ns/g_walls=2.23 Windows=0.00158 Doors=0.00022 IC=0.00000 CO2_BC=0.00010 LR=2.82e-04 nu=0.01 NSraw=0.6051 alpha(W1/W8/all)=0.59/0.39/0.48 | 0.85 it/s
  -> saved checkpoint: /home/iai-labor/BuildingControlCFD/experiments/gnot/checkpoints/v25_nsuniform_ab/gnot_v25_nsuniform_ab_iter24000.pth
[Iter 24010/30000] Total=0.24293 | NS=0.21687 CO2(scaled)=0.00464 CO2_weight=1.00 guide_w=22.3 Walls=0.00189(x10) g_ns/g_walls=2.23 Windows=0.00224 Doors=0.00024 IC=0.00000 CO2_BC=0.00008 LR=2.82e-04 nu=0.01 NSraw=0.8501 alpha(W1/W8/all)=0.59/0.39/0.48 | 0.85 it/s
[Iter 24020/30000] Total=0.15170 | NS=0.14161 CO2(scaled)=0.00140 CO2_weight=1.00 guide_w=22.3 Walls=0.00074(x10) g_ns/g_walls=2.23 Windows=0.00097 Doors=0.00023 IC=0.00000 CO2_BC=0.00010 LR=2.82e-04 nu=0.01 NSraw=0.6818 alpha(W1/W8/all)=0.59/0.39/0.48 | 0.85 it/s
[Iter 24030/30000] Total=0.11801 | NS=0.10260 CO2(scaled)=0.00115 CO2_weight=1.00 guide_w=22.3 Walls=0.00128(x10) g_ns/g_walls=2.23 Windows=0.00123 Doors=0.00013 IC=0.00000 CO2_BC=0.00009 LR=2.82e-04 nu=0.01 NSraw=0.3952 alpha(W1/W8/all)=0.59/0.39/0.48 | 0.85 it/s
[Iter 24040/30000] Total=0.11742 | NS=0.10847 CO2(scaled)=0.00146 CO2_weight=1.00 guide_w=22.3 Walls=0.00060(x10) g_ns/g_walls=2.23 Windows=0.00114 Doors=0.00024 IC=0.00000 CO2_BC=0.00010 LR=2.82e-04 nu=0.01 NSraw=0.5593 alpha(W1/W8/all)=0.59/0.39/0.48 | 0.85 it/s
[Iter 24050/30000] Total=0.27129 | NS=0.26431 CO2(scaled)=0.00122 CO2_weight=1.00 guide_w=22.3 Walls=0.00044(x10) g_ns/g_walls=2.23 Windows=0.00106 Doors=0.00019 IC=0.00000 CO2_BC=0.00011 LR=2.82e-04 nu=0.01 NSraw=1.101 alpha(W1/W8/all)=0.59/0.39/0.48 | 0.85 it/s
[Iter 24060/30000] Total=0.11136 | NS=0.10503 CO2(scaled)=0.00132 CO2_weight=1.00 guide_w=22.3 Walls=0.00036(x10) g_ns/g_walls=2.23 Windows=0.00109 Doors=0.00019 IC=0.00000 CO2_BC=0.00013 LR=2.82e-04 nu=0.01 NSraw=0.2983 alpha(W1/W8/all)=0.59/0.39/0.48 | 0.85 it/s
[Iter 24070/30000] Total=0.18357 | NS=0.15985 CO2(scaled)=0.00144 CO2_weight=1.00 guide_w=22.3 Walls=0.00199(x10) g_ns/g_walls=2.23 Windows=0.00210 Doors=0.00020 IC=0.00000 CO2_BC=0.00010 LR=2.81e-04 nu=0.01 NSraw=0.7346 alpha(W1/W8/all)=0.59/0.39/0.48 | 0.85 it/s
[Iter 24080/30000] Total=0.09411 | NS=0.08205 CO2(scaled)=0.00115 CO2_weight=1.00 guide_w=22.3 Walls=0.00098(x10) g_ns/g_walls=2.23 Windows=0.00077 Doors=0.00022 IC=0.00000 CO2_BC=0.00010 LR=2.81e-04 nu=0.01 NSraw=0.1595 alpha(W1/W8/all)=0.59/0.39/0.48 | 0.85 it/s
[Iter 24090/30000] Total=0.24641 | NS=0.23245 CO2(scaled)=0.00124 CO2_weight=1.00 guide_w=22.3 Walls=0.00112(x10) g_ns/g_walls=2.23 Windows=0.00128 Doors=0.00020 IC=0.00000 CO2_BC=0.00009 LR=2.81e-04 nu=0.01 NSraw=1.505 alpha(W1/W8/all)=0.59/0.39/0.48 | 0.85 it/s
[Iter 24100/30000] Total=0.21017 | NS=0.19602 CO2(scaled)=0.00196 CO2_weight=1.00 guide_w=21.5 Walls=0.00094(x10) g_ns/g_walls=4.81 Windows=0.00249 Doors=0.00020 IC=0.00000 CO2_BC=0.00011 LR=2.81e-04 nu=0.01 NSraw=0.9458 alpha(W1/W8/all)=0.59/0.39/0.48 | 0.85 it/s
[Iter 24110/30000] Total=0.16187 | NS=0.15207 CO2(scaled)=0.00133 CO2_weight=1.00 guide_w=21.5 Walls=0.00073(x10) g_ns/g_walls=4.81 Windows=0.00091 Doors=0.00018 IC=0.00000 CO2_BC=0.00011 LR=2.81e-04 nu=0.01 NSraw=0.6335 alpha(W1/W8/all)=0.59/0.39/0.48 | 0.85 it/s
[Iter 24120/30000] Total=0.13878 | NS=0.12805 CO2(scaled)=0.00129 CO2_weight=1.00 guide_w=21.5 Walls=0.00083(x10) g_ns/g_walls=4.81 Windows=0.00081 Doors=0.00024 IC=0.00000 CO2_BC=0.00012 LR=2.81e-04 nu=0.01 NSraw=0.5234 alpha(W1/W8/all)=0.59/0.39/0.48 | 0.85 it/s
[Iter 24130/30000] Total=0.46618 | NS=0.45491 CO2(scaled)=0.00172 CO2_weight=1.00 guide_w=21.5 Walls=0.00079(x10) g_ns/g_walls=4.81 Windows=0.00144 Doors=0.00014 IC=0.00000 CO2_BC=0.00012 LR=2.81e-04 nu=0.01 NSraw=10.96 alpha(W1/W8/all)=0.59/0.39/0.48 | 0.85 it/s
[Iter 24140/30000] Total=0.16990 | NS=0.16261 CO2(scaled)=0.00143 CO2_weight=1.00 guide_w=21.5 Walls=0.00046(x10) g_ns/g_walls=4.81 Windows=0.00095 Doors=0.00017 IC=0.00000 CO2_BC=0.00018 LR=2.80e-04 nu=0.01 NSraw=0.7316 alpha(W1/W8/all)=0.59/0.39/0.48 | 0.85 it/s
[Iter 24150/30000] Total=0.10172 | NS=0.08112 CO2(scaled)=0.00316 CO2_weight=1.00 guide_w=21.5 Walls=0.00157(x10) g_ns/g_walls=4.81 Windows=0.00151 Doors=0.00015 IC=0.00000 CO2_BC=0.00011 LR=2.80e-04 nu=0.01 NSraw=0.2094 alpha(W1/W8/all)=0.59/0.39/0.48 | 0.85 it/s
[Iter 24160/30000] Total=0.12046 | NS=0.11287 CO2(scaled)=0.00127 CO2_weight=1.00 guide_w=21.5 Walls=0.00051(x10) g_ns/g_walls=4.81 Windows=0.00102 Doors=0.00016 IC=0.00000 CO2_BC=0.00009 LR=2.80e-04 nu=0.01 NSraw=0.3364 alpha(W1/W8/all)=0.59/0.39/0.48 | 0.85 it/s
[Iter 24170/30000] Total=1.18461 | NS=1.17633 CO2(scaled)=0.00112 CO2_weight=1.00 guide_w=21.5 Walls=0.00059(x10) g_ns/g_walls=4.81 Windows=0.00090 Doors=0.00017 IC=0.00000 CO2_BC=0.00017 LR=2.80e-04 nu=0.01 NSraw=118 alpha(W1/W8/all)=0.59/0.39/0.48 | 0.85 it/s
[Iter 24180/30000] Total=0.17548 | NS=0.16389 CO2(scaled)=0.00135 CO2_weight=1.00 guide_w=21.5 Walls=0.00090(x10) g_ns/g_walls=4.81 Windows=0.00092 Doors=0.00023 IC=0.00000 CO2_BC=0.00008 LR=2.80e-04 nu=0.01 NSraw=0.5736 alpha(W1/W8/all)=0.59/0.39/0.48 | 0.85 it/s
[Iter 24190/30000] Total=0.59549 | NS=0.58854 CO2(scaled)=0.00139 CO2_weight=1.00 guide_w=21.5 Walls=0.00039(x10) g_ns/g_walls=4.81 Windows=0.00135 Doors=0.00019 IC=0.00000 CO2_BC=0.00010 LR=2.80e-04 nu=0.01 NSraw=12.71 alpha(W1/W8/all)=0.59/0.39/0.48 | 0.85 it/s
[Iter 24200/30000] Total=0.23004 | NS=0.19748 CO2(scaled)=0.00135 CO2_weight=1.00 guide_w=50.6 Walls=0.00280(x10) g_ns/g_walls=2.29 Windows=0.00288 Doors=0.00020 IC=0.00000 CO2_BC=0.00013 LR=2.79e-04 nu=0.01 NSraw=1.199 alpha(W1/W8/all)=0.59/0.39/0.48 | 0.85 it/s
[Iter 24210/30000] Total=0.73320 | NS=0.72490 CO2(scaled)=0.00122 CO2_weight=1.00 guide_w=50.6 Walls=0.00057(x10) g_ns/g_walls=2.29 Windows=0.00105 Doors=0.00023 IC=0.00000 CO2_BC=0.00010 LR=2.79e-04 nu=0.01 NSraw=18.21 alpha(W1/W8/all)=0.59/0.39/0.48 | 0.85 it/s
[Iter 24220/30000] Total=0.18372 | NS=0.16843 CO2(scaled)=0.00178 CO2_weight=1.00 guide_w=50.6 Walls=0.00117(x10) g_ns/g_walls=2.29 Windows=0.00153 Doors=0.00013 IC=0.00000 CO2_BC=0.00012 LR=2.79e-04 nu=0.01 NSraw=0.5096 alpha(W1/W8/all)=0.59/0.39/0.48 | 0.85 it/s
[Iter 24230/30000] Total=0.24658 | NS=0.23224 CO2(scaled)=0.00192 CO2_weight=1.00 guide_w=50.6 Walls=0.00112(x10) g_ns/g_walls=2.29 Windows=0.00098 Doors=0.00016 IC=0.00000 CO2_BC=0.00011 LR=2.79e-04 nu=0.01 NSraw=0.9016 alpha(W1/W8/all)=0.59/0.39/0.48 | 0.85 it/s
[Iter 24240/30000] Total=0.09909 | NS=0.08145 CO2(scaled)=0.00165 CO2_weight=1.00 guide_w=50.6 Walls=0.00133(x10) g_ns/g_walls=2.29 Windows=0.00233 Doors=0.00018 IC=0.00000 CO2_BC=0.00016 LR=2.79e-04 nu=0.01 NSraw=0.1468 alpha(W1/W8/all)=0.59/0.39/0.48 | 0.85 it/s
[Iter 24250/30000] Total=0.06270 | NS=0.04644 CO2(scaled)=0.00225 CO2_weight=1.00 guide_w=50.6 Walls=0.00119(x10) g_ns/g_walls=2.29 Windows=0.00173 Doors=0.00021 IC=0.00000 CO2_BC=0.00018 LR=2.79e-04 nu=0.01 NSraw=0.06349 alpha(W1/W8/all)=0.59/0.39/0.48 | 0.85 it/s
[Iter 24260/30000] Total=0.12927 | NS=0.11904 CO2(scaled)=0.00135 CO2_weight=1.00 guide_w=50.6 Walls=0.00073(x10) g_ns/g_walls=2.29 Windows=0.00129 Doors=0.00017 IC=0.00000 CO2_BC=0.00015 LR=2.79e-04 nu=0.01 NSraw=0.3445 alpha(W1/W8/all)=0.59/0.39/0.48 | 0.85 it/s
[Iter 24270/30000] Total=0.08247 | NS=0.05666 CO2(scaled)=0.00499 CO2_weight=1.00 guide_w=50.6 Walls=0.00187(x10) g_ns/g_walls=2.29 Windows=0.00179 Doors=0.00016 IC=0.00000 CO2_BC=0.00014 LR=2.78e-04 nu=0.01 NSraw=0.09174 alpha(W1/W8/all)=0.59/0.39/0.48 | 0.85 it/s
[Iter 24280/30000] Total=0.11498 | NS=0.10326 CO2(scaled)=0.00151 CO2_weight=1.00 guide_w=50.6 Walls=0.00085(x10) g_ns/g_walls=2.29 Windows=0.00140 Doors=0.00020 IC=0.00000 CO2_BC=0.00011 LR=2.78e-04 nu=0.01 NSraw=0.2806 alpha(W1/W8/all)=0.59/0.39/0.48 | 0.85 it/s
[Iter 24290/30000] Total=0.06872 | NS=0.05203 CO2(scaled)=0.00302 CO2_weight=1.00 guide_w=50.6 Walls=0.00116(x10) g_ns/g_walls=2.29 Windows=0.00177 Doors=0.00018 IC=0.00000 CO2_BC=0.00012 LR=2.78e-04 nu=0.01 NSraw=0.1146 alpha(W1/W8/all)=0.59/0.39/0.48 | 0.85 it/s
[Iter 24300/30000] Total=0.16495 | NS=0.15577 CO2(scaled)=0.00129 CO2_weight=1.00 guide_w=86.6 Walls=0.00063(x10) g_ns/g_walls=6.32 Windows=0.00127 Doors=0.00019 IC=0.00000 CO2_BC=0.00012 LR=2.78e-04 nu=0.01 NSraw=0.5858 alpha(W1/W8/all)=0.59/0.39/0.48 | 0.85 it/s
[Iter 24310/30000] Total=0.34152 | NS=0.32828 CO2(scaled)=0.00157 CO2_weight=1.00 guide_w=86.6 Walls=0.00104(x10) g_ns/g_walls=6.32 Windows=0.00104 Doors=0.00019 IC=0.00000 CO2_BC=0.00009 LR=2.78e-04 nu=0.01 NSraw=5.689 alpha(W1/W8/all)=0.59/0.39/0.48 | 0.85 it/s
[Iter 24320/30000] Total=0.32919 | NS=0.31972 CO2(scaled)=0.00138 CO2_weight=1.00 guide_w=86.6 Walls=0.00069(x10) g_ns/g_walls=6.32 Windows=0.00088 Doors=0.00016 IC=0.00000 CO2_BC=0.00012 LR=2.78e-04 nu=0.01 NSraw=2.37 alpha(W1/W8/all)=0.59/0.39/0.48 | 0.85 it/s
[Iter 24330/30000] Total=0.10200 | NS=0.09087 CO2(scaled)=0.00148 CO2_weight=1.00 guide_w=86.6 Walls=0.00069(x10) g_ns/g_walls=6.32 Windows=0.00247 Doors=0.00015 IC=0.00000 CO2_BC=0.00013 LR=2.78e-04 nu=0.01 NSraw=0.2287 alpha(W1/W8/all)=0.59/0.39/0.48 | 0.85 it/s
[Iter 24340/30000] Total=0.08176 | NS=0.07148 CO2(scaled)=0.00116 CO2_weight=1.00 guide_w=86.6 Walls=0.00073(x10) g_ns/g_walls=6.32 Windows=0.00159 Doors=0.00015 IC=0.00000 CO2_BC=0.00009 LR=2.77e-04 nu=0.01 NSraw=0.1482 alpha(W1/W8/all)=0.59/0.39/0.48 | 0.85 it/s
[Iter 24350/30000] Total=0.07847 | NS=0.06631 CO2(scaled)=0.00142 CO2_weight=1.00 guide_w=86.6 Walls=0.00095(x10) g_ns/g_walls=6.32 Windows=0.00099 Doors=0.00019 IC=0.00000 CO2_BC=0.00009 LR=2.77e-04 nu=0.01 NSraw=0.1647 alpha(W1/W8/all)=0.59/0.39/0.48 | 0.85 it/s
[Iter 24360/30000] Total=0.07409 | NS=0.06458 CO2(scaled)=0.00141 CO2_weight=1.00 guide_w=86.6 Walls=0.00069(x10) g_ns/g_walls=6.32 Windows=0.00095 Doors=0.00013 IC=0.00000 CO2_BC=0.00013 LR=2.77e-04 nu=0.01 NSraw=0.1351 alpha(W1/W8/all)=0.59/0.39/0.48 | 0.85 it/s
[Iter 24370/30000] Total=0.17295 | NS=0.16521 CO2(scaled)=0.00148 CO2_weight=1.00 guide_w=86.6 Walls=0.00049(x10) g_ns/g_walls=6.32 Windows=0.00105 Doors=0.00016 IC=0.00000 CO2_BC=0.00013 LR=2.77e-04 nu=0.01 NSraw=0.5084 alpha(W1/W8/all)=0.59/0.39/0.48 | 0.85 it/s
[Iter 24380/30000] Total=0.17146 | NS=0.16237 CO2(scaled)=0.00193 CO2_weight=1.00 guide_w=86.6 Walls=0.00062(x10) g_ns/g_walls=6.32 Windows=0.00075 Doors=0.00013 IC=0.00000 CO2_BC=0.00013 LR=2.77e-04 nu=0.01 NSraw=0.4962 alpha(W1/W8/all)=0.59/0.39/0.48 | 0.85 it/s
[Iter 24390/30000] Total=0.23862 | NS=0.23108 CO2(scaled)=0.00152 CO2_weight=1.00 guide_w=86.6 Walls=0.00048(x10) g_ns/g_walls=6.32 Windows=0.00101 Doors=0.00015 IC=0.00000 CO2_BC=0.00009 LR=2.77e-04 nu=0.01 NSraw=1.229 alpha(W1/W8/all)=0.59/0.39/0.48 | 0.85 it/s
[Iter 24400/30000] Total=0.34002 | NS=0.32899 CO2(scaled)=0.00246 CO2_weight=1.00 guide_w=10.7 Walls=0.00069(x10) g_ns/g_walls=4.09 Windows=0.00148 Doors=0.00013 IC=0.00000 CO2_BC=0.00011 LR=2.77e-04 nu=0.01 NSraw=1.47 alpha(W1/W8/all)=0.59/0.39/0.48 | 0.85 it/s
[Iter 24410/30000] Total=0.21205 | NS=0.19022 CO2(scaled)=0.00131 CO2_weight=1.00 guide_w=10.7 Walls=0.00182(x10) g_ns/g_walls=4.09 Windows=0.00204 Doors=0.00013 IC=0.00000 CO2_BC=0.00016 LR=2.76e-04 nu=0.01 NSraw=0.7592 alpha(W1/W8/all)=0.59/0.39/0.48 | 0.85 it/s
[Iter 24420/30000] Total=0.18348 | NS=0.17352 CO2(scaled)=0.00166 CO2_weight=1.00 guide_w=10.7 Walls=0.00066(x10) g_ns/g_walls=4.09 Windows=0.00140 Doors=0.00017 IC=0.00000 CO2_BC=0.00011 LR=2.76e-04 nu=0.01 NSraw=0.7909 alpha(W1/W8/all)=0.59/0.39/0.48 | 0.85 it/s
[Iter 24430/30000] Total=0.15140 | NS=0.14087 CO2(scaled)=0.00256 CO2_weight=1.00 guide_w=10.7 Walls=0.00066(x10) g_ns/g_walls=4.09 Windows=0.00105 Doors=0.00019 IC=0.00000 CO2_BC=0.00012 LR=2.76e-04 nu=0.01 NSraw=0.8886 alpha(W1/W8/all)=0.59/0.39/0.48 | 0.85 it/s
[Iter 24440/30000] Total=0.19762 | NS=0.18760 CO2(scaled)=0.00125 CO2_weight=1.00 guide_w=10.7 Walls=0.00074(x10) g_ns/g_walls=4.09 Windows=0.00118 Doors=0.00011 IC=0.00000 CO2_BC=0.00013 LR=2.76e-04 nu=0.01 NSraw=0.832 alpha(W1/W8/all)=0.59/0.39/0.48 | 0.85 it/s
[Iter 24450/30000] Total=0.22402 | NS=0.21317 CO2(scaled)=0.00131 CO2_weight=1.00 guide_w=10.7 Walls=0.00082(x10) g_ns/g_walls=4.09 Windows=0.00114 Doors=0.00013 IC=0.00000 CO2_BC=0.00012 LR=2.76e-04 nu=0.01 NSraw=1.781 alpha(W1/W8/all)=0.59/0.39/0.48 | 0.85 it/s
[Iter 24460/30000] Total=0.34401 | NS=0.33645 CO2(scaled)=0.00140 CO2_weight=1.00 guide_w=10.7 Walls=0.00048(x10) g_ns/g_walls=4.09 Windows=0.00107 Doors=0.00019 IC=0.00000 CO2_BC=0.00008 LR=2.76e-04 nu=0.01 NSraw=8.264 alpha(W1/W8/all)=0.59/0.39/0.48 | 0.85 it/s
[Iter 24470/30000] Total=1.00278 | NS=0.98801 CO2(scaled)=0.00257 CO2_weight=1.00 guide_w=10.7 Walls=0.00109(x10) g_ns/g_walls=4.09 Windows=0.00104 Doors=0.00017 IC=0.00000 CO2_BC=0.00011 LR=2.76e-04 nu=0.01 NSraw=75.99 alpha(W1/W8/all)=0.59/0.39/0.48 | 0.85 it/s
[Iter 24480/30000] Total=1.27815 | NS=1.26027 CO2(scaled)=0.00157 CO2_weight=1.00 guide_w=10.7 Walls=0.00150(x10) g_ns/g_walls=4.09 Windows=0.00110 Doors=0.00012 IC=0.00000 CO2_BC=0.00011 LR=2.75e-04 nu=0.01 NSraw=120.2 alpha(W1/W8/all)=0.59/0.39/0.48 | 0.85 it/s
[Iter 24490/30000] Total=0.15553 | NS=0.14606 CO2(scaled)=0.00132 CO2_weight=1.00 guide_w=10.7 Walls=0.00070(x10) g_ns/g_walls=4.09 Windows=0.00094 Doors=0.00010 IC=0.00000 CO2_BC=0.00011 LR=2.75e-04 nu=0.01 NSraw=0.4637 alpha(W1/W8/all)=0.59/0.39/0.48 | 0.85 it/s
[Iter 24500/30000] Total=0.12521 | NS=0.10545 CO2(scaled)=0.00196 CO2_weight=1.00 guide_w=2.14 Walls=0.00158(x10) g_ns/g_walls=0.273 Windows=0.00166 Doors=0.00018 IC=0.00000 CO2_BC=0.00012 LR=2.75e-04 nu=0.01 NSraw=0.2993 alpha(W1/W8/all)=0.59/0.39/0.48 | 0.85 it/s
[Iter 24510/30000] Total=1.31861 | NS=1.30835 CO2(scaled)=0.00117 CO2_weight=1.00 guide_w=2.14 Walls=0.00077(x10) g_ns/g_walls=0.273 Windows=0.00119 Doors=0.00012 IC=0.00000 CO2_BC=0.00012 LR=2.75e-04 nu=0.01 NSraw=113.5 alpha(W1/W8/all)=0.59/0.39/0.48 | 0.85 it/s
[Iter 24520/30000] Total=0.17735 | NS=0.16166 CO2(scaled)=0.00150 CO2_weight=1.00 guide_w=2.14 Walls=0.00126(x10) g_ns/g_walls=0.273 Windows=0.00130 Doors=0.00015 IC=0.00000 CO2_BC=0.00012 LR=2.75e-04 nu=0.01 NSraw=0.7123 alpha(W1/W8/all)=0.59/0.39/0.48 | 0.85 it/s
[Iter 24530/30000] Total=0.60132 | NS=0.57828 CO2(scaled)=0.00181 CO2_weight=1.00 guide_w=2.14 Walls=0.00189(x10) g_ns/g_walls=0.273 Windows=0.00191 Doors=0.00028 IC=0.00000 CO2_BC=0.00012 LR=2.75e-04 nu=0.01 NSraw=21.24 alpha(W1/W8/all)=0.59/0.39/0.48 | 0.85 it/s
[Iter 24540/30000] Total=0.15751 | NS=0.14199 CO2(scaled)=0.00214 CO2_weight=1.00 guide_w=2.14 Walls=0.00117(x10) g_ns/g_walls=0.273 Windows=0.00141 Doors=0.00019 IC=0.00000 CO2_BC=0.00013 LR=2.75e-04 nu=0.01 NSraw=0.3391 alpha(W1/W8/all)=0.59/0.39/0.48 | 0.85 it/s
[Iter 24550/30000] Total=0.13157 | NS=0.10979 CO2(scaled)=0.00153 CO2_weight=1.00 guide_w=2.14 Walls=0.00182(x10) g_ns/g_walls=0.273 Windows=0.00181 Doors=0.00017 IC=0.00000 CO2_BC=0.00010 LR=2.74e-04 nu=0.01 NSraw=0.2237 alpha(W1/W8/all)=0.59/0.39/0.48 | 0.85 it/s
[Iter 24560/30000] Total=0.16383 | NS=0.14684 CO2(scaled)=0.00114 CO2_weight=1.00 guide_w=2.14 Walls=0.00143(x10) g_ns/g_walls=0.273 Windows=0.00135 Doors=0.00014 IC=0.00000 CO2_BC=0.00008 LR=2.74e-04 nu=0.01 NSraw=0.3922 alpha(W1/W8/all)=0.59/0.39/0.48 | 0.85 it/s
[Iter 24570/30000] Total=0.48118 | NS=0.44838 CO2(scaled)=0.00247 CO2_weight=1.00 guide_w=2.14 Walls=0.00269(x10) g_ns/g_walls=0.273 Windows=0.00314 Doors=0.00019 IC=0.00000 CO2_BC=0.00012 LR=2.74e-04 nu=0.01 NSraw=3.167 alpha(W1/W8/all)=0.59/0.39/0.48 | 0.85 it/s
[Iter 24580/30000] Total=0.43548 | NS=0.40148 CO2(scaled)=0.00274 CO2_weight=1.00 guide_w=2.14 Walls=0.00293(x10) g_ns/g_walls=0.273 Windows=0.00174 Doors=0.00017 IC=0.00000 CO2_BC=0.00010 LR=2.74e-04 nu=0.01 NSraw=5.791 alpha(W1/W8/all)=0.59/0.39/0.48 | 0.85 it/s
[Iter 24590/30000] Total=0.26829 | NS=0.25893 CO2(scaled)=0.00150 CO2_weight=1.00 guide_w=2.14 Walls=0.00063(x10) g_ns/g_walls=0.273 Windows=0.00126 Doors=0.00018 IC=0.00000 CO2_BC=0.00014 LR=2.74e-04 nu=0.01 NSraw=1.285 alpha(W1/W8/all)=0.59/0.39/0.48 | 0.85 it/s
[Iter 24600/30000] Total=0.53965 | NS=0.53243 CO2(scaled)=0.00096 CO2_weight=1.00 guide_w=68.4 Walls=0.00050(x10) g_ns/g_walls=1.82 Windows=0.00104 Doors=0.00014 IC=0.00000 CO2_BC=0.00010 LR=2.74e-04 nu=0.01 NSraw=23.09 alpha(W1/W8/all)=0.59/0.39/0.48 | 0.85 it/s
[Iter 24610/30000] Total=0.06999 | NS=0.05948 CO2(scaled)=0.00103 CO2_weight=1.00 guide_w=68.4 Walls=0.00084(x10) g_ns/g_walls=1.82 Windows=0.00082 Doors=0.00014 IC=0.00000 CO2_BC=0.00009 LR=2.73e-04 nu=0.01 NSraw=0.1512 alpha(W1/W8/all)=0.59/0.39/0.48 | 0.85 it/s
[Iter 24620/30000] Total=0.04280 | NS=0.03361 CO2(scaled)=0.00142 CO2_weight=1.00 guide_w=68.4 Walls=0.00064(x10) g_ns/g_walls=1.82 Windows=0.00113 Doors=0.00015 IC=0.00000 CO2_BC=0.00008 LR=2.73e-04 nu=0.01 NSraw=0.04915 alpha(W1/W8/all)=0.59/0.39/0.48 | 0.85 it/s
[Iter 24630/30000] Total=0.22215 | NS=0.21290 CO2(scaled)=0.00118 CO2_weight=1.00 guide_w=68.4 Walls=0.00068(x10) g_ns/g_walls=1.82 Windows=0.00099 Doors=0.00015 IC=0.00000 CO2_BC=0.00011 LR=2.73e-04 nu=0.01 NSraw=0.9883 alpha(W1/W8/all)=0.59/0.39/0.48 | 0.85 it/s
[Iter 24640/30000] Total=0.21160 | NS=0.20336 CO2(scaled)=0.00106 CO2_weight=1.00 guide_w=68.4 Walls=0.00063(x10) g_ns/g_walls=1.82 Windows=0.00058 Doors=0.00019 IC=0.00000 CO2_BC=0.00012 LR=2.73e-04 nu=0.01 NSraw=0.8698 alpha(W1/W8/all)=0.59/0.39/0.48 | 0.85 it/s
[Iter 24650/30000] Total=0.09648 | NS=0.08002 CO2(scaled)=0.00137 CO2_weight=1.00 guide_w=68.4 Walls=0.00131(x10) g_ns/g_walls=1.82 Windows=0.00158 Doors=0.00026 IC=0.00000 CO2_BC=0.00012 LR=2.73e-04 nu=0.01 NSraw=0.177 alpha(W1/W8/all)=0.59/0.39/0.48 | 0.85 it/s
[Iter 24660/30000] Total=0.24131 | NS=0.22514 CO2(scaled)=0.00170 CO2_weight=1.00 guide_w=68.4 Walls=0.00127(x10) g_ns/g_walls=1.82 Windows=0.00148 Doors=0.00021 IC=0.00000 CO2_BC=0.00011 LR=2.73e-04 nu=0.01 NSraw=0.8494 alpha(W1/W8/all)=0.59/0.39/0.48 | 0.85 it/s
[Iter 24670/30000] Total=0.11713 | NS=0.10738 CO2(scaled)=0.00156 CO2_weight=1.00 guide_w=68.4 Walls=0.00071(x10) g_ns/g_walls=1.82 Windows=0.00084 Doors=0.00015 IC=0.00000 CO2_BC=0.00014 LR=2.73e-04 nu=0.01 NSraw=0.3854 alpha(W1/W8/all)=0.59/0.39/0.48 | 0.85 it/s
[Iter 24680/30000] Total=0.68605 | NS=0.67397 CO2(scaled)=0.00115 CO2_weight=1.00 guide_w=68.4 Walls=0.00092(x10) g_ns/g_walls=1.82 Windows=0.00140 Doors=0.00019 IC=0.00000 CO2_BC=0.00009 LR=2.72e-04 nu=0.01 NSraw=12.8 alpha(W1/W8/all)=0.59/0.39/0.48 | 0.85 it/s
[Iter 24690/30000] Total=0.07404 | NS=0.06341 CO2(scaled)=0.00107 CO2_weight=1.00 guide_w=68.4 Walls=0.00079(x10) g_ns/g_walls=1.82 Windows=0.00131 Doors=0.00019 IC=0.00000 CO2_BC=0.00013 LR=2.72e-04 nu=0.01 NSraw=0.113 alpha(W1/W8/all)=0.59/0.39/0.48 | 0.85 it/s
[Iter 24700/30000] Total=0.08006 | NS=0.06940 CO2(scaled)=0.00121 CO2_weight=1.00 guide_w=30.3 Walls=0.00078(x10) g_ns/g_walls=4.81 Windows=0.00138 Doors=0.00019 IC=0.00000 CO2_BC=0.00012 LR=2.72e-04 nu=0.01 NSraw=0.1196 alpha(W1/W8/all)=0.59/0.39/0.48 | 0.85 it/s
[Iter 24710/30000] Total=0.19675 | NS=0.18343 CO2(scaled)=0.00111 CO2_weight=1.00 guide_w=30.3 Walls=0.00109(x10) g_ns/g_walls=4.81 Windows=0.00093 Doors=0.00023 IC=0.00000 CO2_BC=0.00013 LR=2.72e-04 nu=0.01 NSraw=0.7765 alpha(W1/W8/all)=0.59/0.39/0.48 | 0.85 it/s
[Iter 24720/30000] Total=0.07041 | NS=0.05641 CO2(scaled)=0.00127 CO2_weight=1.00 guide_w=30.3 Walls=0.00116(x10) g_ns/g_walls=4.81 Windows=0.00081 Doors=0.00018 IC=0.00000 CO2_BC=0.00015 LR=2.72e-04 nu=0.01 NSraw=0.09947 alpha(W1/W8/all)=0.59/0.39/0.48 | 0.85 it/s
[Iter 24730/30000] Total=0.63748 | NS=0.62642 CO2(scaled)=0.00186 CO2_weight=1.00 guide_w=30.3 Walls=0.00076(x10) g_ns/g_walls=4.81 Windows=0.00130 Doors=0.00017 IC=0.00000 CO2_BC=0.00010 LR=2.72e-04 nu=0.01 NSraw=16.12 alpha(W1/W8/all)=0.59/0.39/0.48 | 0.85 it/s
[Iter 24740/30000] Total=0.18877 | NS=0.17176 CO2(scaled)=0.00178 CO2_weight=1.00 guide_w=30.3 Walls=0.00136(x10) g_ns/g_walls=4.81 Windows=0.00121 Doors=0.00029 IC=0.00000 CO2_BC=0.00016 LR=2.72e-04 nu=0.01 NSraw=0.6032 alpha(W1/W8/all)=0.59/0.39/0.48 | 0.85 it/s
[Iter 24750/30000] Total=0.34099 | NS=0.31952 CO2(scaled)=0.00165 CO2_weight=1.00 guide_w=30.3 Walls=0.00180(x10) g_ns/g_walls=4.81 Windows=0.00146 Doors=0.00028 IC=0.00000 CO2_BC=0.00013 LR=2.71e-04 nu=0.01 NSraw=1.905 alpha(W1/W8/all)=0.59/0.39/0.48 | 0.85 it/s
[Iter 24760/30000] Total=0.12244 | NS=0.11084 CO2(scaled)=0.00138 CO2_weight=1.00 guide_w=30.3 Walls=0.00088(x10) g_ns/g_walls=4.81 Windows=0.00105 Doors=0.00022 IC=0.00000 CO2_BC=0.00012 LR=2.71e-04 nu=0.01 NSraw=0.2965 alpha(W1/W8/all)=0.59/0.39/0.48 | 0.85 it/s
[Iter 24770/30000] Total=1.57405 | NS=1.56013 CO2(scaled)=0.00139 CO2_weight=1.00 guide_w=30.3 Walls=0.00108(x10) g_ns/g_walls=4.81 Windows=0.00139 Doors=0.00022 IC=0.00000 CO2_BC=0.00013 LR=2.71e-04 nu=0.01 NSraw=183 alpha(W1/W8/all)=0.59/0.39/0.48 | 0.85 it/s
[Iter 24780/30000] Total=0.26765 | NS=0.26000 CO2(scaled)=0.00181 CO2_weight=1.00 guide_w=30.3 Walls=0.00045(x10) g_ns/g_walls=4.81 Windows=0.00096 Doors=0.00024 IC=0.00000 CO2_BC=0.00013 LR=2.71e-04 nu=0.01 NSraw=1.238 alpha(W1/W8/all)=0.59/0.39/0.48 | 0.85 it/s
[Iter 24790/30000] Total=0.12786 | NS=0.10340 CO2(scaled)=0.00181 CO2_weight=1.00 guide_w=30.3 Walls=0.00213(x10) g_ns/g_walls=4.81 Windows=0.00092 Doors=0.00031 IC=0.00000 CO2_BC=0.00011 LR=2.71e-04 nu=0.01 NSraw=0.2862 alpha(W1/W8/all)=0.59/0.39/0.48 | 0.85 it/s
[Iter 24800/30000] Total=0.25747 | NS=0.23895 CO2(scaled)=0.00168 CO2_weight=1.00 guide_w=100 Walls=0.00152(x10) g_ns/g_walls=5.07 Windows=0.00135 Doors=0.00018 IC=0.00000 CO2_BC=0.00013 LR=2.71e-04 nu=0.01 NSraw=0.8792 alpha(W1/W8/all)=0.59/0.39/0.48 | 0.85 it/s
[Iter 24810/30000] Total=0.99735 | NS=0.98732 CO2(scaled)=0.00127 CO2_weight=1.00 guide_w=100 Walls=0.00076(x10) g_ns/g_walls=5.07 Windows=0.00086 Doors=0.00021 IC=0.00000 CO2_BC=0.00013 LR=2.71e-04 nu=0.01 NSraw=76.36 alpha(W1/W8/all)=0.59/0.39/0.48 | 0.85 it/s
[Iter 24820/30000] Total=0.28457 | NS=0.27335 CO2(scaled)=0.00154 CO2_weight=1.00 guide_w=100 Walls=0.00082(x10) g_ns/g_walls=5.07 Windows=0.00118 Doors=0.00021 IC=0.00000 CO2_BC=0.00010 LR=2.70e-04 nu=0.01 NSraw=1.691 alpha(W1/W8/all)=0.59/0.39/0.48 | 0.85 it/s
[Iter 24830/30000] Total=0.58577 | NS=0.55920 CO2(scaled)=0.00371 CO2_weight=1.00 guide_w=100 Walls=0.00205(x10) g_ns/g_walls=5.07 Windows=0.00205 Doors=0.00020 IC=0.00000 CO2_BC=0.00012 LR=2.70e-04 nu=0.01 NSraw=11.94 alpha(W1/W8/all)=0.59/0.39/0.48 | 0.85 it/s
[Iter 24840/30000] Total=0.19875 | NS=0.15371 CO2(scaled)=0.00141 CO2_weight=1.00 guide_w=100 Walls=0.00393(x10) g_ns/g_walls=5.07 Windows=0.00396 Doors=0.00020 IC=0.00000 CO2_BC=0.00012 LR=2.70e-04 nu=0.01 NSraw=1.356 alpha(W1/W8/all)=0.59/0.39/0.48 | 0.85 it/s
[Iter 24850/30000] Total=0.81663 | NS=0.80824 CO2(scaled)=0.00145 CO2_weight=1.00 guide_w=100 Walls=0.00058(x10) g_ns/g_walls=5.07 Windows=0.00085 Doors=0.00019 IC=0.00000 CO2_BC=0.00010 LR=2.70e-04 nu=0.01 NSraw=35.97 alpha(W1/W8/all)=0.59/0.39/0.48 | 0.85 it/s
[Iter 24860/30000] Total=0.17581 | NS=0.16906 CO2(scaled)=0.00114 CO2_weight=1.00 guide_w=100 Walls=0.00045(x10) g_ns/g_walls=5.07 Windows=0.00076 Doors=0.00020 IC=0.00000 CO2_BC=0.00013 LR=2.70e-04 nu=0.01 NSraw=0.8892 alpha(W1/W8/all)=0.59/0.39/0.48 | 0.85 it/s
[Iter 24870/30000] Total=0.13850 | NS=0.11300 CO2(scaled)=0.00152 CO2_weight=1.00 guide_w=100 Walls=0.00221(x10) g_ns/g_walls=5.07 Windows=0.00156 Doors=0.00024 IC=0.00000 CO2_BC=0.00013 LR=2.70e-04 nu=0.01 NSraw=0.2557 alpha(W1/W8/all)=0.59/0.39/0.48 | 0.85 it/s
[Iter 24880/30000] Total=0.15759 | NS=0.11294 CO2(scaled)=0.00170 CO2_weight=1.00 guide_w=100 Walls=0.00411(x10) g_ns/g_walls=5.07 Windows=0.00151 Doors=0.00021 IC=0.00000 CO2_BC=0.00011 LR=2.70e-04 nu=0.01 NSraw=0.4424 alpha(W1/W8/all)=0.59/0.39/0.48 | 0.85 it/s
[Iter 24890/30000] Total=0.52398 | NS=0.49863 CO2(scaled)=0.00150 CO2_weight=1.00 guide_w=100 Walls=0.00223(x10) g_ns/g_walls=5.07 Windows=0.00113 Doors=0.00025 IC=0.00000 CO2_BC=0.00014 LR=2.69e-04 nu=0.01 NSraw=14.37 alpha(W1/W8/all)=0.59/0.39/0.48 | 0.85 it/s
[Iter 24900/30000] Total=0.24447 | NS=0.16269 CO2(scaled)=0.00165 CO2_weight=1.00 guide_w=4.36 Walls=0.00787(x10) g_ns/g_walls=0.832 Windows=0.00110 Doors=0.00023 IC=0.00000 CO2_BC=0.00013 LR=2.69e-04 nu=0.01 NSraw=0.5967 alpha(W1/W8/all)=0.59/0.39/0.48 | 0.85 it/s
[Iter 24910/30000] Total=0.44177 | NS=0.43114 CO2(scaled)=0.00286 CO2_weight=1.00 guide_w=4.36 Walls=0.00065(x10) g_ns/g_walls=0.832 Windows=0.00100 Doors=0.00017 IC=0.00000 CO2_BC=0.00012 LR=2.69e-04 nu=0.01 NSraw=8.054 alpha(W1/W8/all)=0.59/0.39/0.48 | 0.85 it/s
[Iter 24920/30000] Total=0.08791 | NS=0.07670 CO2(scaled)=0.00174 CO2_weight=1.00 guide_w=4.36 Walls=0.00080(x10) g_ns/g_walls=0.832 Windows=0.00117 Doors=0.00022 IC=0.00000 CO2_BC=0.00013 LR=2.69e-04 nu=0.01 NSraw=0.3181 alpha(W1/W8/all)=0.59/0.39/0.48 | 0.85 it/s
[Iter 24930/30000] Total=0.38407 | NS=0.34124 CO2(scaled)=0.00468 CO2_weight=1.00 guide_w=4.36 Walls=0.00346(x10) g_ns/g_walls=0.832 Windows=0.00312 Doors=0.00034 IC=0.00000 CO2_BC=0.00011 LR=2.69e-04 nu=0.01 NSraw=7.921 alpha(W1/W8/all)=0.59/0.39/0.48 | 0.85 it/s
[Iter 24940/30000] Total=0.25958 | NS=0.24835 CO2(scaled)=0.00164 CO2_weight=1.00 guide_w=4.36 Walls=0.00078(x10) g_ns/g_walls=0.832 Windows=0.00117 Doors=0.00040 IC=0.00000 CO2_BC=0.00021 LR=2.69e-04 nu=0.01 NSraw=2.634 alpha(W1/W8/all)=0.59/0.39/0.48 | 0.85 it/s
[Iter 24950/30000] Total=0.10833 | NS=0.09584 CO2(scaled)=0.00152 CO2_weight=1.00 guide_w=4.36 Walls=0.00091(x10) g_ns/g_walls=0.832 Windows=0.00125 Doors=0.00045 IC=0.00000 CO2_BC=0.00022 LR=2.69e-04 nu=0.01 NSraw=0.2291 alpha(W1/W8/all)=0.59/0.39/0.48 | 0.85 it/s
[Iter 24960/30000] Total=0.13455 | NS=0.12254 CO2(scaled)=0.00214 CO2_weight=1.00 guide_w=4.36 Walls=0.00077(x10) g_ns/g_walls=0.832 Windows=0.00147 Doors=0.00040 IC=0.00000 CO2_BC=0.00026 LR=2.69e-04 nu=0.01 NSraw=0.4259 alpha(W1/W8/all)=0.59/0.39/0.48 | 0.85 it/s
[Iter 24970/30000] Total=0.29346 | NS=0.28044 CO2(scaled)=0.00146 CO2_weight=1.00 guide_w=4.36 Walls=0.00102(x10) g_ns/g_walls=0.832 Windows=0.00095 Doors=0.00025 IC=0.00000 CO2_BC=0.00010 LR=2.68e-04 nu=0.01 NSraw=1.517 alpha(W1/W8/all)=0.59/0.39/0.48 | 0.85 it/s
[Iter 24980/30000] Total=0.17524 | NS=0.16800 CO2(scaled)=0.00133 CO2_weight=1.00 guide_w=4.36 Walls=0.00044(x10) g_ns/g_walls=0.832 Windows=0.00115 Doors=0.00023 IC=0.00000 CO2_BC=0.00010 LR=2.68e-04 nu=0.01 NSraw=0.6132 alpha(W1/W8/all)=0.59/0.39/0.48 | 0.85 it/s
[Iter 24990/30000] Total=0.13966 | NS=0.11555 CO2(scaled)=0.00342 CO2_weight=1.00 guide_w=4.36 Walls=0.00184(x10) g_ns/g_walls=0.832 Windows=0.00187 Doors=0.00023 IC=0.00000 CO2_BC=0.00017 LR=2.68e-04 nu=0.01 NSraw=0.3812 alpha(W1/W8/all)=0.59/0.39/0.48 | 0.85 it/s
[Iter 25000/30000] Total=0.17525 | NS=0.13023 CO2(scaled)=0.00207 CO2_weight=1.00 guide_w=1.63 Walls=0.00387(x10) g_ns/g_walls=0.116 Windows=0.00391 Doors=0.00025 IC=0.00000 CO2_BC=0.00011 LR=2.68e-04 nu=0.01 NSraw=0.3461 alpha(W1/W8/all)=0.59/0.39/0.48 | 0.85 it/s
  -> saved checkpoint: /home/iai-labor/BuildingControlCFD/experiments/gnot/checkpoints/v25_nsuniform_ab/gnot_v25_nsuniform_ab_iter25000.pth
[Iter 25010/30000] Total=0.29118 | NS=0.26258 CO2(scaled)=0.00181 CO2_weight=1.00 guide_w=1.63 Walls=0.00238(x10) g_ns/g_walls=0.116 Windows=0.00265 Doors=0.00023 IC=0.00000 CO2_BC=0.00015 LR=2.68e-04 nu=0.01 NSraw=1.144 alpha(W1/W8/all)=0.59/0.39/0.48 | 0.85 it/s
[Iter 25020/30000] Total=0.73498 | NS=0.69725 CO2(scaled)=0.00325 CO2_weight=1.00 guide_w=1.63 Walls=0.00312(x10) g_ns/g_walls=0.116 Windows=0.00294 Doors=0.00023 IC=0.00000 CO2_BC=0.00010 LR=2.68e-04 nu=0.01 NSraw=38.96 alpha(W1/W8/all)=0.59/0.39/0.48 | 0.85 it/s
[Iter 25030/30000] Total=0.77234 | NS=0.74608 CO2(scaled)=0.00208 CO2_weight=1.00 guide_w=1.63 Walls=0.00219(x10) g_ns/g_walls=0.116 Windows=0.00191 Doors=0.00021 IC=0.00000 CO2_BC=0.00012 LR=2.68e-04 nu=0.01 NSraw=36.48 alpha(W1/W8/all)=0.59/0.39/0.48 | 0.85 it/s
[Iter 25040/30000] Total=0.36652 | NS=0.35918 CO2(scaled)=0.00138 CO2_weight=1.00 guide_w=1.63 Walls=0.00048(x10) g_ns/g_walls=0.116 Windows=0.00084 Doors=0.00018 IC=0.00000 CO2_BC=0.00015 LR=2.67e-04 nu=0.01 NSraw=4.533 alpha(W1/W8/all)=0.59/0.39/0.48 | 0.85 it/s
[Iter 25050/30000] Total=0.19434 | NS=0.17977 CO2(scaled)=0.00219 CO2_weight=1.00 guide_w=1.63 Walls=0.00105(x10) g_ns/g_walls=0.116 Windows=0.00152 Doors=0.00026 IC=0.00000 CO2_BC=0.00011 LR=2.67e-04 nu=0.01 NSraw=1.215 alpha(W1/W8/all)=0.59/0.39/0.48 | 0.85 it/s
[Iter 25060/30000] Total=0.04994 | NS=0.03781 CO2(scaled)=0.00153 CO2_weight=1.00 guide_w=1.63 Walls=0.00086(x10) g_ns/g_walls=0.116 Windows=0.00160 Doors=0.00024 IC=0.00000 CO2_BC=0.00013 LR=2.67e-04 nu=0.01 NSraw=0.04982 alpha(W1/W8/all)=0.59/0.39/0.48 | 0.85 it/s
[Iter 25070/30000] Total=1.29013 | NS=1.26770 CO2(scaled)=0.00254 CO2_weight=1.00 guide_w=1.63 Walls=0.00182(x10) g_ns/g_walls=0.116 Windows=0.00138 Doors=0.00022 IC=0.00000 CO2_BC=0.00009 LR=2.67e-04 nu=0.01 NSraw=113.5 alpha(W1/W8/all)=0.59/0.39/0.48 | 0.85 it/s
[Iter 25080/30000] Total=0.39278 | NS=0.38245 CO2(scaled)=0.00182 CO2_weight=1.00 guide_w=1.63 Walls=0.00070(x10) g_ns/g_walls=0.116 Windows=0.00124 Doors=0.00021 IC=0.00000 CO2_BC=0.00011 LR=2.67e-04 nu=0.01 NSraw=3.827 alpha(W1/W8/all)=0.59/0.39/0.48 | 0.85 it/s
[Iter 25090/30000] Total=0.31340 | NS=0.29671 CO2(scaled)=0.00231 CO2_weight=1.00 guide_w=1.63 Walls=0.00128(x10) g_ns/g_walls=0.116 Windows=0.00120 Doors=0.00023 IC=0.00000 CO2_BC=0.00013 LR=2.67e-04 nu=0.01 NSraw=4.83 alpha(W1/W8/all)=0.59/0.39/0.48 | 0.85 it/s
[Iter 25100/30000] Total=0.77564 | NS=0.76556 CO2(scaled)=0.00212 CO2_weight=1.00 guide_w=9.39 Walls=0.00066(x10) g_ns/g_walls=3.14 Windows=0.00105 Doors=0.00023 IC=0.00000 CO2_BC=0.00014 LR=2.67e-04 nu=0.01 NSraw=18.28 alpha(W1/W8/all)=0.59/0.39/0.48 | 0.85 it/s
[Iter 25110/30000] Total=0.49914 | NS=0.49253 CO2(scaled)=0.00092 CO2_weight=1.00 guide_w=9.39 Walls=0.00045(x10) g_ns/g_walls=3.14 Windows=0.00085 Doors=0.00026 IC=0.00000 CO2_BC=0.00012 LR=2.66e-04 nu=0.01 NSraw=15 alpha(W1/W8/all)=0.59/0.39/0.48 | 0.85 it/s
[Iter 25120/30000] Total=0.19336 | NS=0.18717 CO2(scaled)=0.00132 CO2_weight=1.00 guide_w=9.39 Walls=0.00034(x10) g_ns/g_walls=3.14 Windows=0.00110 Doors=0.00024 IC=0.00000 CO2_BC=0.00013 LR=2.66e-04 nu=0.01 NSraw=0.4962 alpha(W1/W8/all)=0.59/0.39/0.48 | 0.85 it/s
[Iter 25130/30000] Total=0.08610 | NS=0.07729 CO2(scaled)=0.00139 CO2_weight=1.00 guide_w=9.39 Walls=0.00060(x10) g_ns/g_walls=3.14 Windows=0.00104 Doors=0.00021 IC=0.00000 CO2_BC=0.00013 LR=2.66e-04 nu=0.01 NSraw=0.288 alpha(W1/W8/all)=0.59/0.39/0.48 | 0.85 it/s
[Iter 25140/30000] Total=0.23987 | NS=0.22580 CO2(scaled)=0.00408 CO2_weight=1.00 guide_w=9.39 Walls=0.00087(x10) g_ns/g_walls=3.14 Windows=0.00097 Doors=0.00020 IC=0.00000 CO2_BC=0.00012 LR=2.66e-04 nu=0.01 NSraw=0.8137 alpha(W1/W8/all)=0.59/0.39/0.48 | 0.85 it/s
[Iter 25150/30000] Total=0.25608 | NS=0.23929 CO2(scaled)=0.00117 CO2_weight=1.00 guide_w=9.39 Walls=0.00132(x10) g_ns/g_walls=3.14 Windows=0.00202 Doors=0.00026 IC=0.00000 CO2_BC=0.00012 LR=2.66e-04 nu=0.01 NSraw=1.743 alpha(W1/W8/all)=0.59/0.39/0.48 | 0.85 it/s
[Iter 25160/30000] Total=0.07798 | NS=0.07169 CO2(scaled)=0.00124 CO2_weight=1.00 guide_w=9.39 Walls=0.00038(x10) g_ns/g_walls=3.14 Windows=0.00096 Doors=0.00018 IC=0.00000 CO2_BC=0.00011 LR=2.66e-04 nu=0.01 NSraw=0.1303 alpha(W1/W8/all)=0.59/0.39/0.48 | 0.85 it/s
[Iter 25170/30000] Total=0.17166 | NS=0.15913 CO2(scaled)=0.00139 CO2_weight=1.00 guide_w=9.39 Walls=0.00097(x10) g_ns/g_walls=3.14 Windows=0.00109 Doors=0.00025 IC=0.00000 CO2_BC=0.00012 LR=2.66e-04 nu=0.01 NSraw=0.8102 alpha(W1/W8/all)=0.59/0.39/0.48 | 0.85 it/s
[Iter 25180/30000] Total=0.16665 | NS=0.15947 CO2(scaled)=0.00111 CO2_weight=1.00 guide_w=9.39 Walls=0.00047(x10) g_ns/g_walls=3.14 Windows=0.00107 Doors=0.00025 IC=0.00000 CO2_BC=0.00009 LR=2.65e-04 nu=0.01 NSraw=1.407 alpha(W1/W8/all)=0.59/0.39/0.48 | 0.85 it/s
[Iter 25190/30000] Total=0.39840 | NS=0.38972 CO2(scaled)=0.00107 CO2_weight=1.00 guide_w=9.39 Walls=0.00062(x10) g_ns/g_walls=3.14 Windows=0.00115 Doors=0.00017 IC=0.00000 CO2_BC=0.00014 LR=2.65e-04 nu=0.01 NSraw=2.954 alpha(W1/W8/all)=0.59/0.39/0.48 | 0.85 it/s
[Iter 25200/30000] Total=0.79095 | NS=0.77994 CO2(scaled)=0.00109 CO2_weight=1.00 guide_w=730 Walls=0.00083(x10) g_ns/g_walls=48.7 Windows=0.00141 Doors=0.00017 IC=0.00000 CO2_BC=0.00010 LR=2.65e-04 nu=0.01 NSraw=26.07 alpha(W1/W8/all)=0.59/0.39/0.48 | 0.85 it/s
[Iter 25210/30000] Total=0.16148 | NS=0.15349 CO2(scaled)=0.00104 CO2_weight=1.00 guide_w=730 Walls=0.00056(x10) g_ns/g_walls=48.7 Windows=0.00108 Doors=0.00018 IC=0.00000 CO2_BC=0.00013 LR=2.65e-04 nu=0.01 NSraw=0.5874 alpha(W1/W8/all)=0.59/0.39/0.48 | 0.85 it/s
[Iter 25220/30000] Total=0.57829 | NS=0.56669 CO2(scaled)=0.00133 CO2_weight=1.00 guide_w=730 Walls=0.00086(x10) g_ns/g_walls=48.7 Windows=0.00136 Doors=0.00017 IC=0.00000 CO2_BC=0.00010 LR=2.65e-04 nu=0.01 NSraw=20.1 alpha(W1/W8/all)=0.59/0.39/0.48 | 0.85 it/s
[Iter 25230/30000] Total=0.64439 | NS=0.63612 CO2(scaled)=0.00113 CO2_weight=1.00 guide_w=730 Walls=0.00055(x10) g_ns/g_walls=48.7 Windows=0.00124 Doors=0.00021 IC=0.00000 CO2_BC=0.00016 LR=2.65e-04 nu=0.01 NSraw=13.79 alpha(W1/W8/all)=0.59/0.39/0.48 | 0.85 it/s
[Iter 25240/30000] Total=0.14663 | NS=0.13566 CO2(scaled)=0.00139 CO2_weight=1.00 guide_w=730 Walls=0.00079(x10) g_ns/g_walls=48.7 Windows=0.00136 Doors=0.00017 IC=0.00000 CO2_BC=0.00011 LR=2.65e-04 nu=0.01 NSraw=0.3963 alpha(W1/W8/all)=0.59/0.39/0.48 | 0.85 it/s
[Iter 25250/30000] Total=0.10961 | NS=0.10246 CO2(scaled)=0.00228 CO2_weight=1.00 guide_w=730 Walls=0.00034(x10) g_ns/g_walls=48.7 Windows=0.00103 Doors=0.00027 IC=0.00000 CO2_BC=0.00015 LR=2.64e-04 nu=0.01 NSraw=0.1805 alpha(W1/W8/all)=0.59/0.39/0.48 | 0.85 it/s
[Iter 25260/30000] Total=0.22283 | NS=0.21233 CO2(scaled)=0.00146 CO2_weight=1.00 guide_w=730 Walls=0.00074(x10) g_ns/g_walls=48.7 Windows=0.00125 Doors=0.00022 IC=0.00000 CO2_BC=0.00012 LR=2.64e-04 nu=0.01 NSraw=1.578 alpha(W1/W8/all)=0.59/0.39/0.48 | 0.85 it/s
[Iter 25270/30000] Total=0.13617 | NS=0.12113 CO2(scaled)=0.00292 CO2_weight=1.00 guide_w=730 Walls=0.00106(x10) g_ns/g_walls=48.7 Windows=0.00118 Doors=0.00015 IC=0.00000 CO2_BC=0.00014 LR=2.64e-04 nu=0.01 NSraw=0.4403 alpha(W1/W8/all)=0.59/0.39/0.48 | 0.85 it/s
[Iter 25280/30000] Total=0.23014 | NS=0.20710 CO2(scaled)=0.00160 CO2_weight=1.00 guide_w=730 Walls=0.00196(x10) g_ns/g_walls=48.7 Windows=0.00162 Doors=0.00014 IC=0.00000 CO2_BC=0.00012 LR=2.64e-04 nu=0.01 NSraw=1.456 alpha(W1/W8/all)=0.59/0.39/0.48 | 0.85 it/s
[Iter 25290/30000] Total=0.72449 | NS=0.70774 CO2(scaled)=0.00134 CO2_weight=1.00 guide_w=730 Walls=0.00132(x10) g_ns/g_walls=48.7 Windows=0.00185 Doors=0.00026 IC=0.00000 CO2_BC=0.00014 LR=2.64e-04 nu=0.01 NSraw=21.7 alpha(W1/W8/all)=0.59/0.39/0.48 | 0.85 it/s
[Iter 25300/30000] Total=0.29441 | NS=0.28448 CO2(scaled)=0.00162 CO2_weight=1.00 guide_w=5.08 Walls=0.00071(x10) g_ns/g_walls=1.07 Windows=0.00074 Doors=0.00035 IC=0.00000 CO2_BC=0.00013 LR=2.64e-04 nu=0.01 NSraw=1.243 alpha(W1/W8/all)=0.59/0.39/0.48 | 0.85 it/s
[Iter 25310/30000] Total=0.13083 | NS=0.11605 CO2(scaled)=0.00164 CO2_weight=1.00 guide_w=5.08 Walls=0.00121(x10) g_ns/g_walls=1.07 Windows=0.00062 Doors=0.00024 IC=0.00000 CO2_BC=0.00014 LR=2.64e-04 nu=0.01 NSraw=0.3708 alpha(W1/W8/all)=0.59/0.39/0.48 | 0.85 it/s
[Iter 25320/30000] Total=0.12924 | NS=0.11970 CO2(scaled)=0.00133 CO2_weight=1.00 guide_w=5.08 Walls=0.00070(x10) g_ns/g_walls=1.07 Windows=0.00098 Doors=0.00016 IC=0.00000 CO2_BC=0.00009 LR=2.63e-04 nu=0.01 NSraw=0.4434 alpha(W1/W8/all)=0.59/0.39/0.48 | 0.85 it/s
[Iter 25330/30000] Total=0.11183 | NS=0.09821 CO2(scaled)=0.00257 CO2_weight=1.00 guide_w=5.08 Walls=0.00096(x10) g_ns/g_walls=1.07 Windows=0.00113 Doors=0.00021 IC=0.00000 CO2_BC=0.00012 LR=2.63e-04 nu=0.01 NSraw=0.3096 alpha(W1/W8/all)=0.59/0.39/0.48 | 0.85 it/s
[Iter 25340/30000] Total=1.27469 | NS=1.25820 CO2(scaled)=0.00181 CO2_weight=1.00 guide_w=5.08 Walls=0.00123(x10) g_ns/g_walls=1.07 Windows=0.00209 Doors=0.00019 IC=0.00000 CO2_BC=0.00010 LR=2.63e-04 nu=0.01 NSraw=77.58 alpha(W1/W8/all)=0.59/0.39/0.48 | 0.85 it/s
[Iter 25350/30000] Total=0.20240 | NS=0.19045 CO2(scaled)=0.00154 CO2_weight=1.00 guide_w=5.08 Walls=0.00089(x10) g_ns/g_walls=1.07 Windows=0.00114 Doors=0.00027 IC=0.00000 CO2_BC=0.00010 LR=2.63e-04 nu=0.01 NSraw=0.7617 alpha(W1/W8/all)=0.59/0.39/0.48 | 0.85 it/s
[Iter 25360/30000] Total=0.12213 | NS=0.11227 CO2(scaled)=0.00143 CO2_weight=1.00 guide_w=5.08 Walls=0.00070(x10) g_ns/g_walls=1.07 Windows=0.00114 Doors=0.00021 IC=0.00000 CO2_BC=0.00010 LR=2.63e-04 nu=0.01 NSraw=0.2433 alpha(W1/W8/all)=0.59/0.39/0.48 | 0.85 it/s
[Iter 25370/30000] Total=0.12843 | NS=0.11648 CO2(scaled)=0.00179 CO2_weight=1.00 guide_w=5.08 Walls=0.00080(x10) g_ns/g_walls=1.07 Windows=0.00182 Doors=0.00020 IC=0.00000 CO2_BC=0.00013 LR=2.63e-04 nu=0.01 NSraw=0.4836 alpha(W1/W8/all)=0.59/0.39/0.48 | 0.85 it/s
[Iter 25380/30000] Total=0.33527 | NS=0.32654 CO2(scaled)=0.00113 CO2_weight=1.00 guide_w=5.08 Walls=0.00060(x10) g_ns/g_walls=1.07 Windows=0.00130 Doors=0.00023 IC=0.00000 CO2_BC=0.00008 LR=2.63e-04 nu=0.01 NSraw=2.344 alpha(W1/W8/all)=0.59/0.39/0.48 | 0.85 it/s
[Iter 25390/30000] Total=0.16538 | NS=0.15422 CO2(scaled)=0.00212 CO2_weight=1.00 guide_w=5.08 Walls=0.00075(x10) g_ns/g_walls=1.07 Windows=0.00121 Doors=0.00021 IC=0.00000 CO2_BC=0.00011 LR=2.62e-04 nu=0.01 NSraw=0.3676 alpha(W1/W8/all)=0.59/0.39/0.48 | 0.85 it/s
[Iter 25400/30000] Total=0.05344 | NS=0.04254 CO2(scaled)=0.00172 CO2_weight=1.00 guide_w=0.794 Walls=0.00075(x10) g_ns/g_walls=0.19 Windows=0.00136 Doors=0.00024 IC=0.00000 CO2_BC=0.00009 LR=2.62e-04 nu=0.01 NSraw=0.06591 alpha(W1/W8/all)=0.59/0.39/0.48 | 0.85 it/s
[Iter 25410/30000] Total=0.09564 | NS=0.08576 CO2(scaled)=0.00161 CO2_weight=1.00 guide_w=0.794 Walls=0.00067(x10) g_ns/g_walls=0.19 Windows=0.00114 Doors=0.00029 IC=0.00000 CO2_BC=0.00013 LR=2.62e-04 nu=0.01 NSraw=0.2547 alpha(W1/W8/all)=0.59/0.39/0.48 | 0.85 it/s
[Iter 25420/30000] Total=1.62829 | NS=1.61796 CO2(scaled)=0.00204 CO2_weight=1.00 guide_w=0.794 Walls=0.00070(x10) g_ns/g_walls=0.19 Windows=0.00095 Doors=0.00025 IC=0.00000 CO2_BC=0.00011 LR=2.62e-04 nu=0.01 NSraw=228.1 alpha(W1/W8/all)=0.59/0.39/0.48 | 0.85 it/s
[Iter 25430/30000] Total=0.12293 | NS=0.11304 CO2(scaled)=0.00157 CO2_weight=1.00 guide_w=0.794 Walls=0.00071(x10) g_ns/g_walls=0.19 Windows=0.00098 Doors=0.00017 IC=0.00000 CO2_BC=0.00010 LR=2.62e-04 nu=0.01 NSraw=0.28 alpha(W1/W8/all)=0.59/0.39/0.48 | 0.85 it/s
[Iter 25440/30000] Total=0.16822 | NS=0.15886 CO2(scaled)=0.00136 CO2_weight=1.00 guide_w=0.794 Walls=0.00068(x10) g_ns/g_walls=0.19 Windows=0.00091 Doors=0.00020 IC=0.00000 CO2_BC=0.00010 LR=2.62e-04 nu=0.01 NSraw=0.5332 alpha(W1/W8/all)=0.59/0.39/0.48 | 0.85 it/s
[Iter 25450/30000] Total=0.10852 | NS=0.09441 CO2(scaled)=0.00171 CO2_weight=1.00 guide_w=0.794 Walls=0.00106(x10) g_ns/g_walls=0.19 Windows=0.00144 Doors=0.00023 IC=0.00000 CO2_BC=0.00012 LR=2.62e-04 nu=0.01 NSraw=0.2423 alpha(W1/W8/all)=0.59/0.39/0.48 | 0.85 it/s
[Iter 25460/30000] Total=0.15637 | NS=0.14838 CO2(scaled)=0.00119 CO2_weight=1.00 guide_w=0.794 Walls=0.00056(x10) g_ns/g_walls=0.19 Windows=0.00094 Doors=0.00019 IC=0.00000 CO2_BC=0.00011 LR=2.62e-04 nu=0.01 NSraw=0.505 alpha(W1/W8/all)=0.59/0.39/0.48 | 0.85 it/s
[Iter 25470/30000] Total=0.11851 | NS=0.11031 CO2(scaled)=0.00123 CO2_weight=1.00 guide_w=0.794 Walls=0.00060(x10) g_ns/g_walls=0.19 Windows=0.00066 Doors=0.00022 IC=0.00000 CO2_BC=0.00010 LR=2.61e-04 nu=0.01 NSraw=0.2513 alpha(W1/W8/all)=0.59/0.39/0.48 | 0.85 it/s
[Iter 25480/30000] Total=0.07879 | NS=0.05760 CO2(scaled)=0.00145 CO2_weight=1.00 guide_w=0.794 Walls=0.00169(x10) g_ns/g_walls=0.19 Windows=0.00243 Doors=0.00026 IC=0.00000 CO2_BC=0.00012 LR=2.61e-04 nu=0.01 NSraw=0.1084 alpha(W1/W8/all)=0.59/0.39/0.48 | 0.85 it/s
[Iter 25490/30000] Total=0.13540 | NS=0.12324 CO2(scaled)=0.00196 CO2_weight=1.00 guide_w=0.794 Walls=0.00089(x10) g_ns/g_walls=0.19 Windows=0.00106 Doors=0.00013 IC=0.00000 CO2_BC=0.00015 LR=2.61e-04 nu=0.01 NSraw=0.3659 alpha(W1/W8/all)=0.59/0.39/0.48 | 0.85 it/s
[Iter 25500/30000] Total=0.49473 | NS=0.47442 CO2(scaled)=0.00227 CO2_weight=1.00 guide_w=20.6 Walls=0.00161(x10) g_ns/g_walls=3.25 Windows=0.00163 Doors=0.00024 IC=0.00000 CO2_BC=0.00012 LR=2.61e-04 nu=0.01 NSraw=4.545 alpha(W1/W8/all)=0.59/0.39/0.48 | 0.85 it/s
[Iter 25510/30000] Total=0.12572 | NS=0.10887 CO2(scaled)=0.00134 CO2_weight=1.00 guide_w=20.6 Walls=0.00140(x10) g_ns/g_walls=3.25 Windows=0.00111 Doors=0.00026 IC=0.00000 CO2_BC=0.00011 LR=2.61e-04 nu=0.01 NSraw=0.406 alpha(W1/W8/all)=0.59/0.39/0.48 | 0.85 it/s
[Iter 25520/30000] Total=0.08087 | NS=0.06800 CO2(scaled)=0.00195 CO2_weight=1.00 guide_w=20.6 Walls=0.00094(x10) g_ns/g_walls=3.25 Windows=0.00106 Doors=0.00030 IC=0.00000 CO2_BC=0.00011 LR=2.61e-04 nu=0.01 NSraw=0.2339 alpha(W1/W8/all)=0.59/0.39/0.48 | 0.85 it/s
[Iter 25530/30000] Total=0.10750 | NS=0.09243 CO2(scaled)=0.00224 CO2_weight=1.00 guide_w=20.6 Walls=0.00110(x10) g_ns/g_walls=3.25 Windows=0.00149 Doors=0.00022 IC=0.00000 CO2_BC=0.00010 LR=2.61e-04 nu=0.01 NSraw=0.1811 alpha(W1/W8/all)=0.59/0.39/0.48 | 0.85 it/s
[Iter 25540/30000] Total=0.12888 | NS=0.12277 CO2(scaled)=0.00116 CO2_weight=1.00 guide_w=20.6 Walls=0.00039(x10) g_ns/g_walls=3.25 Windows=0.00070 Doors=0.00023 IC=0.00000 CO2_BC=0.00010 LR=2.60e-04 nu=0.01 NSraw=0.3327 alpha(W1/W8/all)=0.59/0.39/0.48 | 0.85 it/s
[Iter 25550/30000] Total=0.22969 | NS=0.22238 CO2(scaled)=0.00121 CO2_weight=1.00 guide_w=20.6 Walls=0.00049(x10) g_ns/g_walls=3.25 Windows=0.00080 Doors=0.00027 IC=0.00000 CO2_BC=0.00009 LR=2.60e-04 nu=0.01 NSraw=0.9955 alpha(W1/W8/all)=0.59/0.39/0.48 | 0.85 it/s
[Iter 25560/30000] Total=0.07504 | NS=0.05769 CO2(scaled)=0.00206 CO2_weight=1.00 guide_w=20.6 Walls=0.00138(x10) g_ns/g_walls=3.25 Windows=0.00109 Doors=0.00028 IC=0.00000 CO2_BC=0.00009 LR=2.60e-04 nu=0.01 NSraw=0.09421 alpha(W1/W8/all)=0.59/0.39/0.48 | 0.85 it/s
[Iter 25570/30000] Total=0.11467 | NS=0.10528 CO2(scaled)=0.00166 CO2_weight=1.00 guide_w=20.6 Walls=0.00059(x10) g_ns/g_walls=3.25 Windows=0.00129 Doors=0.00041 IC=0.00000 CO2_BC=0.00010 LR=2.60e-04 nu=0.01 NSraw=0.4092 alpha(W1/W8/all)=0.59/0.39/0.48 | 0.85 it/s
[Iter 25580/30000] Total=0.08841 | NS=0.07572 CO2(scaled)=0.00174 CO2_weight=1.00 guide_w=20.6 Walls=0.00091(x10) g_ns/g_walls=3.25 Windows=0.00137 Doors=0.00037 IC=0.00000 CO2_BC=0.00008 LR=2.60e-04 nu=0.01 NSraw=0.1487 alpha(W1/W8/all)=0.59/0.39/0.48 | 0.85 it/s
[Iter 25590/30000] Total=0.13997 | NS=0.12916 CO2(scaled)=0.00159 CO2_weight=1.00 guide_w=20.6 Walls=0.00081(x10) g_ns/g_walls=3.25 Windows=0.00086 Doors=0.00019 IC=0.00000 CO2_BC=0.00009 LR=2.60e-04 nu=0.01 NSraw=0.6135 alpha(W1/W8/all)=0.59/0.39/0.48 | 0.85 it/s
[Iter 25600/30000] Total=0.47317 | NS=0.45805 CO2(scaled)=0.00156 CO2_weight=1.00 guide_w=48 Walls=0.00114(x10) g_ns/g_walls=6.56 Windows=0.00177 Doors=0.00025 IC=0.00000 CO2_BC=0.00013 LR=2.60e-04 nu=0.01 NSraw=6.76 alpha(W1/W8/all)=0.59/0.39/0.48 | 0.85 it/s
[Iter 25610/30000] Total=0.19329 | NS=0.18300 CO2(scaled)=0.00203 CO2_weight=1.00 guide_w=48 Walls=0.00067(x10) g_ns/g_walls=6.56 Windows=0.00123 Doors=0.00021 IC=0.00000 CO2_BC=0.00013 LR=2.59e-04 nu=0.01 NSraw=1.136 alpha(W1/W8/all)=0.59/0.39/0.48 | 0.85 it/s
[Iter 25620/30000] Total=1.53952 | NS=1.53206 CO2(scaled)=0.00148 CO2_weight=1.00 guide_w=48 Walls=0.00049(x10) g_ns/g_walls=6.56 Windows=0.00068 Doors=0.00025 IC=0.00000 CO2_BC=0.00011 LR=2.59e-04 nu=0.01 NSraw=190.4 alpha(W1/W8/all)=0.59/0.39/0.48 | 0.85 it/s
[Iter 25630/30000] Total=0.11482 | NS=0.10632 CO2(scaled)=0.00138 CO2_weight=1.00 guide_w=48 Walls=0.00062(x10) g_ns/g_walls=6.56 Windows=0.00059 Doors=0.00022 IC=0.00000 CO2_BC=0.00012 LR=2.59e-04 nu=0.01 NSraw=0.2175 alpha(W1/W8/all)=0.59/0.39/0.48 | 0.85 it/s
[Iter 25640/30000] Total=0.13565 | NS=0.12394 CO2(scaled)=0.00128 CO2_weight=1.00 guide_w=48 Walls=0.00085(x10) g_ns/g_walls=6.56 Windows=0.00143 Doors=0.00035 IC=0.00000 CO2_BC=0.00012 LR=2.59e-04 nu=0.01 NSraw=0.3294 alpha(W1/W8/all)=0.59/0.39/0.48 | 0.85 it/s
[Iter 25650/30000] Total=0.14500 | NS=0.13493 CO2(scaled)=0.00149 CO2_weight=1.00 guide_w=48 Walls=0.00071(x10) g_ns/g_walls=6.56 Windows=0.00100 Doors=0.00037 IC=0.00000 CO2_BC=0.00010 LR=2.59e-04 nu=0.01 NSraw=0.4475 alpha(W1/W8/all)=0.59/0.39/0.48 | 0.85 it/s
[Iter 25660/30000] Total=0.19070 | NS=0.17947 CO2(scaled)=0.00144 CO2_weight=1.00 guide_w=48 Walls=0.00079(x10) g_ns/g_walls=6.56 Windows=0.00144 Doors=0.00034 IC=0.00000 CO2_BC=0.00011 LR=2.59e-04 nu=0.01 NSraw=0.8198 alpha(W1/W8/all)=0.59/0.39/0.48 | 0.85 it/s
[Iter 25670/30000] Total=1.32487 | NS=1.30515 CO2(scaled)=0.00118 CO2_weight=1.00 guide_w=48 Walls=0.00163(x10) g_ns/g_walls=6.56 Windows=0.00179 Doors=0.00031 IC=0.00000 CO2_BC=0.00010 LR=2.59e-04 nu=0.01 NSraw=81.41 alpha(W1/W8/all)=0.59/0.39/0.48 | 0.85 it/s
[Iter 25680/30000] Total=0.06276 | NS=0.05591 CO2(scaled)=0.00119 CO2_weight=1.00 guide_w=48 Walls=0.00045(x10) g_ns/g_walls=6.56 Windows=0.00090 Doors=0.00018 IC=0.00000 CO2_BC=0.00011 LR=2.59e-04 nu=0.01 NSraw=0.08501 alpha(W1/W8/all)=0.59/0.39/0.48 | 0.85 it/s
[Iter 25690/30000] Total=0.42182 | NS=0.40976 CO2(scaled)=0.00201 CO2_weight=1.00 guide_w=48 Walls=0.00087(x10) g_ns/g_walls=6.56 Windows=0.00096 Doors=0.00024 IC=0.00000 CO2_BC=0.00015 LR=2.58e-04 nu=0.01 NSraw=6.703 alpha(W1/W8/all)=0.59/0.39/0.48 | 0.85 it/s
[Iter 25700/30000] Total=0.10611 | NS=0.09583 CO2(scaled)=0.00143 CO2_weight=1.00 guide_w=6.18 Walls=0.00074(x10) g_ns/g_walls=1.17 Windows=0.00107 Doors=0.00030 IC=0.00000 CO2_BC=0.00011 LR=2.58e-04 nu=0.01 NSraw=0.2992 alpha(W1/W8/all)=0.59/0.39/0.48 | 0.85 it/s
[Iter 25710/30000] Total=0.13548 | NS=0.12444 CO2(scaled)=0.00144 CO2_weight=1.00 guide_w=6.18 Walls=0.00077(x10) g_ns/g_walls=1.17 Windows=0.00158 Doors=0.00025 IC=0.00000 CO2_BC=0.00011 LR=2.58e-04 nu=0.01 NSraw=0.42 alpha(W1/W8/all)=0.59/0.39/0.48 | 0.85 it/s
[Iter 25720/30000] Total=1.06012 | NS=1.04966 CO2(scaled)=0.00219 CO2_weight=1.00 guide_w=6.18 Walls=0.00069(x10) g_ns/g_walls=1.17 Windows=0.00103 Doors=0.00020 IC=0.00000 CO2_BC=0.00013 LR=2.58e-04 nu=0.01 NSraw=77.46 alpha(W1/W8/all)=0.59/0.39/0.48 | 0.85 it/s
[Iter 25730/30000] Total=0.27602 | NS=0.26185 CO2(scaled)=0.00163 CO2_weight=1.00 guide_w=6.18 Walls=0.00110(x10) g_ns/g_walls=1.17 Windows=0.00122 Doors=0.00020 IC=0.00000 CO2_BC=0.00011 LR=2.58e-04 nu=0.01 NSraw=4.56 alpha(W1/W8/all)=0.59/0.39/0.48 | 0.85 it/s
[Iter 25740/30000] Total=0.28766 | NS=0.25870 CO2(scaled)=0.00357 CO2_weight=1.00 guide_w=6.18 Walls=0.00221(x10) g_ns/g_walls=1.17 Windows=0.00286 Doors=0.00029 IC=0.00000 CO2_BC=0.00017 LR=2.58e-04 nu=0.01 NSraw=3.486 alpha(W1/W8/all)=0.59/0.39/0.48 | 0.85 it/s
[Iter 25750/30000] Total=0.44640 | NS=0.41104 CO2(scaled)=0.00142 CO2_weight=1.00 guide_w=6.18 Walls=0.00299(x10) g_ns/g_walls=1.17 Windows=0.00361 Doors=0.00025 IC=0.00000 CO2_BC=0.00013 LR=2.58e-04 nu=0.01 NSraw=5.897 alpha(W1/W8/all)=0.59/0.39/0.48 | 0.85 it/s
[Iter 25760/30000] Total=0.35334 | NS=0.33328 CO2(scaled)=0.00113 CO2_weight=1.00 guide_w=6.18 Walls=0.00163(x10) g_ns/g_walls=1.17 Windows=0.00231 Doors=0.00022 IC=0.00000 CO2_BC=0.00013 LR=2.57e-04 nu=0.01 NSraw=2.015 alpha(W1/W8/all)=0.59/0.39/0.48 | 0.85 it/s
[Iter 25770/30000] Total=0.22129 | NS=0.19475 CO2(scaled)=0.00155 CO2_weight=1.00 guide_w=6.18 Walls=0.00221(x10) g_ns/g_walls=1.17 Windows=0.00260 Doors=0.00022 IC=0.00000 CO2_BC=0.00011 LR=2.57e-04 nu=0.01 NSraw=1.45 alpha(W1/W8/all)=0.59/0.39/0.48 | 0.85 it/s
[Iter 25780/30000] Total=0.46319 | NS=0.43621 CO2(scaled)=0.00139 CO2_weight=1.00 guide_w=6.18 Walls=0.00225(x10) g_ns/g_walls=1.17 Windows=0.00279 Doors=0.00023 IC=0.00000 CO2_BC=0.00008 LR=2.57e-04 nu=0.01 NSraw=4.82 alpha(W1/W8/all)=0.59/0.39/0.48 | 0.85 it/s
[Iter 25790/30000] Total=0.20237 | NS=0.17013 CO2(scaled)=0.00164 CO2_weight=1.00 guide_w=6.18 Walls=0.00274(x10) g_ns/g_walls=1.17 Windows=0.00296 Doors=0.00015 IC=0.00000 CO2_BC=0.00011 LR=2.57e-04 nu=0.01 NSraw=1.014 alpha(W1/W8/all)=0.59/0.39/0.48 | 0.85 it/s
[Iter 25800/30000] Total=0.22777 | NS=0.20716 CO2(scaled)=0.00109 CO2_weight=1.00 guide_w=53.5 Walls=0.00172(x10) g_ns/g_walls=2.31 Windows=0.00200 Doors=0.00021 IC=0.00000 CO2_BC=0.00010 LR=2.57e-04 nu=0.01 NSraw=1.601 alpha(W1/W8/all)=0.59/0.39/0.48 | 0.85 it/s
[Iter 25810/30000] Total=0.38528 | NS=0.37635 CO2(scaled)=0.00179 CO2_weight=1.00 guide_w=53.5 Walls=0.00059(x10) g_ns/g_walls=2.31 Windows=0.00090 Doors=0.00021 IC=0.00000 CO2_BC=0.00012 LR=2.57e-04 nu=0.01 NSraw=2.857 alpha(W1/W8/all)=0.59/0.39/0.48 | 0.85 it/s
[Iter 25820/30000] Total=0.12273 | NS=0.10938 CO2(scaled)=0.00163 CO2_weight=1.00 guide_w=53.5 Walls=0.00103(x10) g_ns/g_walls=2.31 Windows=0.00110 Doors=0.00023 IC=0.00000 CO2_BC=0.00008 LR=2.57e-04 nu=0.01 NSraw=0.3947 alpha(W1/W8/all)=0.59/0.39/0.48 | 0.85 it/s
[Iter 25830/30000] Total=0.07079 | NS=0.05673 CO2(scaled)=0.00145 CO2_weight=1.00 guide_w=53.5 Walls=0.00109(x10) g_ns/g_walls=2.31 Windows=0.00137 Doors=0.00027 IC=0.00000 CO2_BC=0.00011 LR=2.56e-04 nu=0.01 NSraw=0.1256 alpha(W1/W8/all)=0.59/0.39/0.48 | 0.85 it/s
[Iter 25840/30000] Total=0.26054 | NS=0.22204 CO2(scaled)=0.00216 CO2_weight=1.00 guide_w=53.5 Walls=0.00331(x10) g_ns/g_walls=2.31 Windows=0.00292 Doors=0.00023 IC=0.00000 CO2_BC=0.00009 LR=2.56e-04 nu=0.01 NSraw=0.7771 alpha(W1/W8/all)=0.59/0.39/0.48 | 0.85 it/s
[Iter 25850/30000] Total=0.30681 | NS=0.28401 CO2(scaled)=0.00112 CO2_weight=1.00 guide_w=53.5 Walls=0.00191(x10) g_ns/g_walls=2.31 Windows=0.00226 Doors=0.00026 IC=0.00000 CO2_BC=0.00010 LR=2.56e-04 nu=0.01 NSraw=1.298 alpha(W1/W8/all)=0.59/0.39/0.48 | 0.85 it/s
[Iter 25860/30000] Total=0.10973 | NS=0.08988 CO2(scaled)=0.00111 CO2_weight=1.00 guide_w=53.5 Walls=0.00167(x10) g_ns/g_walls=2.31 Windows=0.00176 Doors=0.00019 IC=0.00000 CO2_BC=0.00010 LR=2.56e-04 nu=0.01 NSraw=0.1773 alpha(W1/W8/all)=0.59/0.39/0.48 | 0.85 it/s
[Iter 25870/30000] Total=0.12152 | NS=0.11465 CO2(scaled)=0.00095 CO2_weight=1.00 guide_w=53.5 Walls=0.00050(x10) g_ns/g_walls=2.31 Windows=0.00057 Doors=0.00023 IC=0.00000 CO2_BC=0.00010 LR=2.56e-04 nu=0.01 NSraw=0.3333 alpha(W1/W8/all)=0.59/0.39/0.48 | 0.85 it/s
[Iter 25880/30000] Total=0.15423 | NS=0.14589 CO2(scaled)=0.00132 CO2_weight=1.00 guide_w=53.5 Walls=0.00057(x10) g_ns/g_walls=2.31 Windows=0.00099 Doors=0.00028 IC=0.00000 CO2_BC=0.00010 LR=2.56e-04 nu=0.01 NSraw=0.489 alpha(W1/W8/all)=0.59/0.39/0.48 | 0.85 it/s
[Iter 25890/30000] Total=0.40097 | NS=0.38760 CO2(scaled)=0.00205 CO2_weight=1.00 guide_w=53.5 Walls=0.00098(x10) g_ns/g_walls=2.31 Windows=0.00123 Doors=0.00020 IC=0.00000 CO2_BC=0.00010 LR=2.56e-04 nu=0.01 NSraw=8.517 alpha(W1/W8/all)=0.59/0.39/0.48 | 0.85 it/s
[Iter 25900/30000] Total=0.46991 | NS=0.45932 CO2(scaled)=0.00133 CO2_weight=1.00 guide_w=116 Walls=0.00081(x10) g_ns/g_walls=21 Windows=0.00086 Doors=0.00021 IC=0.00000 CO2_BC=0.00011 LR=2.56e-04 nu=0.01 NSraw=13.33 alpha(W1/W8/all)=0.59/0.39/0.48 | 0.85 it/s
[Iter 25910/30000] Total=0.20663 | NS=0.19391 CO2(scaled)=0.00185 CO2_weight=1.00 guide_w=116 Walls=0.00094(x10) g_ns/g_walls=21 Windows=0.00108 Doors=0.00027 IC=0.00000 CO2_BC=0.00012 LR=2.55e-04 nu=0.01 NSraw=0.6987 alpha(W1/W8/all)=0.59/0.39/0.48 | 0.85 it/s
[Iter 25920/30000] Total=0.05959 | NS=0.05453 CO2(scaled)=0.00122 CO2_weight=1.00 guide_w=116 Walls=0.00029(x10) g_ns/g_walls=21 Windows=0.00050 Doors=0.00027 IC=0.00000 CO2_BC=0.00013 LR=2.55e-04 nu=0.01 NSraw=0.08516 alpha(W1/W8/all)=0.59/0.39/0.48 | 0.85 it/s
[Iter 25930/30000] Total=0.09810 | NS=0.08383 CO2(scaled)=0.00111 CO2_weight=1.00 guide_w=116 Walls=0.00112(x10) g_ns/g_walls=21 Windows=0.00161 Doors=0.00026 IC=0.00000 CO2_BC=0.00013 LR=2.55e-04 nu=0.01 NSraw=0.2023 alpha(W1/W8/all)=0.59/0.39/0.48 | 0.85 it/s
[Iter 25940/30000] Total=0.17599 | NS=0.16756 CO2(scaled)=0.00146 CO2_weight=1.00 guide_w=116 Walls=0.00058(x10) g_ns/g_walls=21 Windows=0.00083 Doors=0.00026 IC=0.00000 CO2_BC=0.00010 LR=2.55e-04 nu=0.01 NSraw=0.5039 alpha(W1/W8/all)=0.59/0.39/0.48 | 0.85 it/s
[Iter 25950/30000] Total=0.09666 | NS=0.08881 CO2(scaled)=0.00112 CO2_weight=1.00 guide_w=116 Walls=0.00055(x10) g_ns/g_walls=21 Windows=0.00091 Doors=0.00026 IC=0.00000 CO2_BC=0.00009 LR=2.55e-04 nu=0.01 NSraw=0.3855 alpha(W1/W8/all)=0.59/0.39/0.48 | 0.85 it/s
[Iter 25960/30000] Total=0.05193 | NS=0.04307 CO2(scaled)=0.00118 CO2_weight=1.00 guide_w=116 Walls=0.00061(x10) g_ns/g_walls=21 Windows=0.00123 Doors=0.00025 IC=0.00000 CO2_BC=0.00012 LR=2.55e-04 nu=0.01 NSraw=0.07285 alpha(W1/W8/all)=0.59/0.39/0.48 | 0.85 it/s
[Iter 25970/30000] Total=0.84272 | NS=0.83638 CO2(scaled)=0.00136 CO2_weight=1.00 guide_w=116 Walls=0.00035(x10) g_ns/g_walls=21 Windows=0.00098 Doors=0.00037 IC=0.00000 CO2_BC=0.00010 LR=2.55e-04 nu=0.01 NSraw=56.62 alpha(W1/W8/all)=0.59/0.39/0.48 | 0.85 it/s
[Iter 25980/30000] Total=0.16998 | NS=0.16058 CO2(scaled)=0.00234 CO2_weight=1.00 guide_w=116 Walls=0.00058(x10) g_ns/g_walls=21 Windows=0.00089 Doors=0.00031 IC=0.00000 CO2_BC=0.00009 LR=2.54e-04 nu=0.01 NSraw=0.6728 alpha(W1/W8/all)=0.59/0.39/0.48 | 0.85 it/s
[Iter 25990/30000] Total=0.05438 | NS=0.04472 CO2(scaled)=0.00124 CO2_weight=1.00 guide_w=116 Walls=0.00071(x10) g_ns/g_walls=21 Windows=0.00100 Doors=0.00020 IC=0.00000 CO2_BC=0.00011 LR=2.54e-04 nu=0.01 NSraw=0.06464 alpha(W1/W8/all)=0.59/0.39/0.48 | 0.85 it/s
[Iter 26000/30000] Total=0.06365 | NS=0.05709 CO2(scaled)=0.00109 CO2_weight=1.00 guide_w=18 Walls=0.00041(x10) g_ns/g_walls=4.73 Windows=0.00089 Doors=0.00026 IC=0.00000 CO2_BC=0.00026 LR=2.54e-04 nu=0.01 NSraw=0.08229 alpha(W1/W8/all)=0.59/0.39/0.48 | 0.85 it/s
  -> saved checkpoint: /home/iai-labor/BuildingControlCFD/experiments/gnot/checkpoints/v25_nsuniform_ab/gnot_v25_nsuniform_ab_iter26000.pth
[Iter 26010/30000] Total=0.11265 | NS=0.09965 CO2(scaled)=0.00130 CO2_weight=1.00 guide_w=18 Walls=0.00102(x10) g_ns/g_walls=4.73 Windows=0.00123 Doors=0.00016 IC=0.00000 CO2_BC=0.00011 LR=2.54e-04 nu=0.01 NSraw=0.2823 alpha(W1/W8/all)=0.59/0.39/0.48 | 0.85 it/s
[Iter 26020/30000] Total=0.48561 | NS=0.47691 CO2(scaled)=0.00114 CO2_weight=1.00 guide_w=18 Walls=0.00060(x10) g_ns/g_walls=4.73 Windows=0.00123 Doors=0.00021 IC=0.00000 CO2_BC=0.00012 LR=2.54e-04 nu=0.01 NSraw=8.889 alpha(W1/W8/all)=0.59/0.39/0.48 | 0.85 it/s
[Iter 26030/30000] Total=0.25972 | NS=0.24181 CO2(scaled)=0.00355 CO2_weight=1.00 guide_w=18 Walls=0.00123(x10) g_ns/g_walls=4.73 Windows=0.00170 Doors=0.00025 IC=0.00000 CO2_BC=0.00008 LR=2.54e-04 nu=0.01 NSraw=1.037 alpha(W1/W8/all)=0.59/0.39/0.48 | 0.85 it/s
[Iter 26040/30000] Total=0.14391 | NS=0.13219 CO2(scaled)=0.00235 CO2_weight=1.00 guide_w=18 Walls=0.00079(x10) g_ns/g_walls=4.73 Windows=0.00113 Doors=0.00020 IC=0.00000 CO2_BC=0.00012 LR=2.54e-04 nu=0.01 NSraw=0.4325 alpha(W1/W8/all)=0.59/0.39/0.48 | 0.85 it/s
[Iter 26050/30000] Total=0.19995 | NS=0.18678 CO2(scaled)=0.00251 CO2_weight=1.00 guide_w=18 Walls=0.00089(x10) g_ns/g_walls=4.73 Windows=0.00134 Doors=0.00030 IC=0.00000 CO2_BC=0.00013 LR=2.54e-04 nu=0.01 NSraw=0.8585 alpha(W1/W8/all)=0.59/0.39/0.48 | 0.85 it/s
[Iter 26060/30000] Total=0.98331 | NS=0.96983 CO2(scaled)=0.00239 CO2_weight=1.00 guide_w=18 Walls=0.00096(x10) g_ns/g_walls=4.73 Windows=0.00114 Doors=0.00022 IC=0.00000 CO2_BC=0.00012 LR=2.53e-04 nu=0.01 NSraw=79.72 alpha(W1/W8/all)=0.59/0.39/0.48 | 0.85 it/s
[Iter 26070/30000] Total=0.24121 | NS=0.23058 CO2(scaled)=0.00205 CO2_weight=1.00 guide_w=18 Walls=0.00069(x10) g_ns/g_walls=4.73 Windows=0.00139 Doors=0.00017 IC=0.00000 CO2_BC=0.00010 LR=2.53e-04 nu=0.01 NSraw=0.9563 alpha(W1/W8/all)=0.59/0.39/0.48 | 0.85 it/s
[Iter 26080/30000] Total=0.18923 | NS=0.17894 CO2(scaled)=0.00155 CO2_weight=1.00 guide_w=18 Walls=0.00070(x10) g_ns/g_walls=4.73 Windows=0.00138 Doors=0.00026 IC=0.00000 CO2_BC=0.00009 LR=2.53e-04 nu=0.01 NSraw=0.7963 alpha(W1/W8/all)=0.59/0.39/0.48 | 0.85 it/s
[Iter 26090/30000] Total=0.09728 | NS=0.08768 CO2(scaled)=0.00117 CO2_weight=1.00 guide_w=18 Walls=0.00071(x10) g_ns/g_walls=4.73 Windows=0.00097 Doors=0.00029 IC=0.00000 CO2_BC=0.00011 LR=2.53e-04 nu=0.01 NSraw=0.1801 alpha(W1/W8/all)=0.59/0.39/0.48 | 0.85 it/s
[Iter 26100/30000] Total=0.47705 | NS=0.46486 CO2(scaled)=0.00144 CO2_weight=1.00 guide_w=8.9 Walls=0.00096(x10) g_ns/g_walls=3.66 Windows=0.00078 Doors=0.00024 IC=0.00000 CO2_BC=0.00012 LR=2.53e-04 nu=0.01 NSraw=19.68 alpha(W1/W8/all)=0.59/0.39/0.48 | 0.85 it/s
[Iter 26110/30000] Total=0.12457 | NS=0.11616 CO2(scaled)=0.00165 CO2_weight=1.00 guide_w=8.9 Walls=0.00055(x10) g_ns/g_walls=3.66 Windows=0.00090 Doors=0.00026 IC=0.00000 CO2_BC=0.00014 LR=2.53e-04 nu=0.01 NSraw=0.2585 alpha(W1/W8/all)=0.59/0.39/0.48 | 0.85 it/s
[Iter 26120/30000] Total=0.11734 | NS=0.09550 CO2(scaled)=0.00345 CO2_weight=1.00 guide_w=8.9 Walls=0.00166(x10) g_ns/g_walls=3.66 Windows=0.00132 Doors=0.00032 IC=0.00000 CO2_BC=0.00010 LR=2.53e-04 nu=0.01 NSraw=0.2052 alpha(W1/W8/all)=0.59/0.39/0.48 | 0.85 it/s
[Iter 26130/30000] Total=0.19318 | NS=0.18030 CO2(scaled)=0.00209 CO2_weight=1.00 guide_w=8.9 Walls=0.00091(x10) g_ns/g_walls=3.66 Windows=0.00128 Doors=0.00028 IC=0.00000 CO2_BC=0.00012 LR=2.52e-04 nu=0.01 NSraw=0.8726 alpha(W1/W8/all)=0.59/0.39/0.48 | 0.85 it/s
[Iter 26140/30000] Total=0.50064 | NS=0.48999 CO2(scaled)=0.00188 CO2_weight=1.00 guide_w=8.9 Walls=0.00070(x10) g_ns/g_walls=3.66 Windows=0.00143 Doors=0.00026 IC=0.00000 CO2_BC=0.00011 LR=2.52e-04 nu=0.01 NSraw=10.99 alpha(W1/W8/all)=0.59/0.39/0.48 | 0.85 it/s
[Iter 26150/30000] Total=0.14155 | NS=0.13067 CO2(scaled)=0.00150 CO2_weight=1.00 guide_w=8.9 Walls=0.00073(x10) g_ns/g_walls=3.66 Windows=0.00164 Doors=0.00031 IC=0.00000 CO2_BC=0.00014 LR=2.52e-04 nu=0.01 NSraw=0.3976 alpha(W1/W8/all)=0.59/0.39/0.48 | 0.85 it/s
[Iter 26160/30000] Total=0.12015 | NS=0.10828 CO2(scaled)=0.00134 CO2_weight=1.00 guide_w=8.9 Walls=0.00092(x10) g_ns/g_walls=3.66 Windows=0.00102 Doors=0.00024 IC=0.00000 CO2_BC=0.00009 LR=2.52e-04 nu=0.01 NSraw=0.329 alpha(W1/W8/all)=0.59/0.39/0.48 | 0.85 it/s
[Iter 26170/30000] Total=0.20370 | NS=0.19084 CO2(scaled)=0.00161 CO2_weight=1.00 guide_w=8.9 Walls=0.00093(x10) g_ns/g_walls=3.66 Windows=0.00162 Doors=0.00026 IC=0.00000 CO2_BC=0.00012 LR=2.52e-04 nu=0.01 NSraw=0.6464 alpha(W1/W8/all)=0.59/0.39/0.48 | 0.85 it/s
[Iter 26180/30000] Total=0.30571 | NS=0.29693 CO2(scaled)=0.00122 CO2_weight=1.00 guide_w=8.9 Walls=0.00061(x10) g_ns/g_walls=3.66 Windows=0.00111 Doors=0.00025 IC=0.00000 CO2_BC=0.00011 LR=2.52e-04 nu=0.01 NSraw=1.212 alpha(W1/W8/all)=0.59/0.39/0.48 | 0.85 it/s
[Iter 26190/30000] Total=0.42653 | NS=0.41524 CO2(scaled)=0.00153 CO2_weight=1.00 guide_w=8.9 Walls=0.00083(x10) g_ns/g_walls=3.66 Windows=0.00115 Doors=0.00019 IC=0.00000 CO2_BC=0.00011 LR=2.52e-04 nu=0.01 NSraw=9.77 alpha(W1/W8/all)=0.59/0.39/0.48 | 0.85 it/s
[Iter 26200/30000] Total=0.13898 | NS=0.12147 CO2(scaled)=0.00117 CO2_weight=1.00 guide_w=3.38 Walls=0.00134(x10) g_ns/g_walls=0.202 Windows=0.00266 Doors=0.00020 IC=0.00000 CO2_BC=0.00011 LR=2.52e-04 nu=0.01 NSraw=0.3038 alpha(W1/W8/all)=0.59/0.39/0.48 | 0.85 it/s
[Iter 26210/30000] Total=0.09476 | NS=0.08438 CO2(scaled)=0.00155 CO2_weight=1.00 guide_w=3.38 Walls=0.00070(x10) g_ns/g_walls=0.202 Windows=0.00151 Doors=0.00026 IC=0.00000 CO2_BC=0.00009 LR=2.51e-04 nu=0.01 NSraw=0.1621 alpha(W1/W8/all)=0.59/0.39/0.48 | 0.85 it/s
[Iter 26220/30000] Total=0.18351 | NS=0.17299 CO2(scaled)=0.00235 CO2_weight=1.00 guide_w=3.38 Walls=0.00067(x10) g_ns/g_walls=0.202 Windows=0.00108 Doors=0.00030 IC=0.00000 CO2_BC=0.00009 LR=2.51e-04 nu=0.01 NSraw=0.7577 alpha(W1/W8/all)=0.59/0.39/0.48 | 0.85 it/s
[Iter 26230/30000] Total=0.15071 | NS=0.13458 CO2(scaled)=0.00206 CO2_weight=1.00 guide_w=3.38 Walls=0.00118(x10) g_ns/g_walls=0.202 Windows=0.00194 Doors=0.00027 IC=0.00000 CO2_BC=0.00011 LR=2.51e-04 nu=0.01 NSraw=0.5844 alpha(W1/W8/all)=0.59/0.39/0.48 | 0.85 it/s
[Iter 26240/30000] Total=0.05608 | NS=0.04632 CO2(scaled)=0.00159 CO2_weight=1.00 guide_w=3.38 Walls=0.00069(x10) g_ns/g_walls=0.202 Windows=0.00100 Doors=0.00019 IC=0.00000 CO2_BC=0.00011 LR=2.51e-04 nu=0.01 NSraw=0.08028 alpha(W1/W8/all)=0.59/0.39/0.48 | 0.85 it/s
[Iter 26250/30000] Total=0.11047 | NS=0.10530 CO2(scaled)=0.00113 CO2_weight=1.00 guide_w=3.38 Walls=0.00028(x10) g_ns/g_walls=0.202 Windows=0.00087 Doors=0.00022 IC=0.00000 CO2_BC=0.00010 LR=2.51e-04 nu=0.01 NSraw=0.4595 alpha(W1/W8/all)=0.59/0.39/0.48 | 0.85 it/s
[Iter 26260/30000] Total=0.42224 | NS=0.41267 CO2(scaled)=0.00122 CO2_weight=1.00 guide_w=3.38 Walls=0.00067(x10) g_ns/g_walls=0.202 Windows=0.00130 Doors=0.00020 IC=0.00000 CO2_BC=0.00011 LR=2.51e-04 nu=0.01 NSraw=4.298 alpha(W1/W8/all)=0.59/0.39/0.48 | 0.85 it/s
[Iter 26270/30000] Total=0.17206 | NS=0.15925 CO2(scaled)=0.00153 CO2_weight=1.00 guide_w=3.38 Walls=0.00094(x10) g_ns/g_walls=0.202 Windows=0.00160 Doors=0.00021 IC=0.00000 CO2_BC=0.00012 LR=2.51e-04 nu=0.01 NSraw=0.6818 alpha(W1/W8/all)=0.59/0.39/0.48 | 0.85 it/s
[Iter 26280/30000] Total=0.11981 | NS=0.11399 CO2(scaled)=0.00105 CO2_weight=1.00 guide_w=3.38 Walls=0.00036(x10) g_ns/g_walls=0.202 Windows=0.00081 Doors=0.00024 IC=0.00000 CO2_BC=0.00010 LR=2.50e-04 nu=0.01 NSraw=0.3049 alpha(W1/W8/all)=0.59/0.39/0.48 | 0.85 it/s
[Iter 26290/30000] Total=0.11888 | NS=0.10868 CO2(scaled)=0.00209 CO2_weight=1.00 guide_w=3.38 Walls=0.00066(x10) g_ns/g_walls=0.202 Windows=0.00118 Doors=0.00022 IC=0.00000 CO2_BC=0.00008 LR=2.50e-04 nu=0.01 NSraw=0.2729 alpha(W1/W8/all)=0.59/0.39/0.48 | 0.85 it/s
[Iter 26300/30000] Total=0.09637 | NS=0.07853 CO2(scaled)=0.00217 CO2_weight=1.00 guide_w=13.7 Walls=0.00138(x10) g_ns/g_walls=2.28 Windows=0.00154 Doors=0.00027 IC=0.00000 CO2_BC=0.00009 LR=2.50e-04 nu=0.01 NSraw=0.1516 alpha(W1/W8/all)=0.59/0.39/0.48 | 0.85 it/s
[Iter 26310/30000] Total=0.31098 | NS=0.29323 CO2(scaled)=0.00398 CO2_weight=1.00 guide_w=13.7 Walls=0.00122(x10) g_ns/g_walls=2.28 Windows=0.00123 Doors=0.00027 IC=0.00000 CO2_BC=0.00010 LR=2.50e-04 nu=0.01 NSraw=4.157 alpha(W1/W8/all)=0.59/0.39/0.48 | 0.85 it/s
[Iter 26320/30000] Total=0.07555 | NS=0.06351 CO2(scaled)=0.00201 CO2_weight=1.00 guide_w=13.7 Walls=0.00088(x10) g_ns/g_walls=2.28 Windows=0.00090 Doors=0.00024 IC=0.00000 CO2_BC=0.00012 LR=2.50e-04 nu=0.01 NSraw=0.09683 alpha(W1/W8/all)=0.59/0.39/0.48 | 0.85 it/s
[Iter 26330/30000] Total=0.48191 | NS=0.47192 CO2(scaled)=0.00181 CO2_weight=1.00 guide_w=13.7 Walls=0.00066(x10) g_ns/g_walls=2.28 Windows=0.00119 Doors=0.00031 IC=0.00000 CO2_BC=0.00012 LR=2.50e-04 nu=0.01 NSraw=12.98 alpha(W1/W8/all)=0.59/0.39/0.48 | 0.85 it/s
[Iter 26340/30000] Total=0.16690 | NS=0.15299 CO2(scaled)=0.00270 CO2_weight=1.00 guide_w=13.7 Walls=0.00096(x10) g_ns/g_walls=2.28 Windows=0.00112 Doors=0.00035 IC=0.00000 CO2_BC=0.00010 LR=2.50e-04 nu=0.01 NSraw=0.6761 alpha(W1/W8/all)=0.59/0.39/0.48 | 0.85 it/s
[Iter 26350/30000] Total=1.81830 | NS=1.80342 CO2(scaled)=0.00160 CO2_weight=1.00 guide_w=13.7 Walls=0.00118(x10) g_ns/g_walls=2.28 Windows=0.00120 Doors=0.00022 IC=0.00000 CO2_BC=0.00010 LR=2.50e-04 nu=0.01 NSraw=167.8 alpha(W1/W8/all)=0.59/0.39/0.48 | 0.85 it/s
[Iter 26360/30000] Total=0.39752 | NS=0.37545 CO2(scaled)=0.00156 CO2_weight=1.00 guide_w=13.7 Walls=0.00188(x10) g_ns/g_walls=2.28 Windows=0.00122 Doors=0.00033 IC=0.00000 CO2_BC=0.00011 LR=2.49e-04 nu=0.01 NSraw=5.677 alpha(W1/W8/all)=0.59/0.39/0.48 | 0.85 it/s
[Iter 26370/30000] Total=0.14004 | NS=0.12814 CO2(scaled)=0.00140 CO2_weight=1.00 guide_w=13.7 Walls=0.00089(x10) g_ns/g_walls=2.28 Windows=0.00132 Doors=0.00019 IC=0.00000 CO2_BC=0.00011 LR=2.49e-04 nu=0.01 NSraw=0.3674 alpha(W1/W8/all)=0.59/0.39/0.48 | 0.85 it/s
[Iter 26380/30000] Total=0.14931 | NS=0.13202 CO2(scaled)=0.00189 CO2_weight=1.00 guide_w=13.7 Walls=0.00135(x10) g_ns/g_walls=2.28 Windows=0.00169 Doors=0.00015 IC=0.00000 CO2_BC=0.00012 LR=2.49e-04 nu=0.01 NSraw=0.641 alpha(W1/W8/all)=0.59/0.39/0.48 | 0.85 it/s
[Iter 26390/30000] Total=0.17813 | NS=0.16284 CO2(scaled)=0.00161 CO2_weight=1.00 guide_w=13.7 Walls=0.00117(x10) g_ns/g_walls=2.28 Windows=0.00173 Doors=0.00018 IC=0.00000 CO2_BC=0.00010 LR=2.49e-04 nu=0.01 NSraw=0.4606 alpha(W1/W8/all)=0.59/0.39/0.48 | 0.85 it/s
[Iter 26400/30000] Total=0.21805 | NS=0.21114 CO2(scaled)=0.00124 CO2_weight=1.00 guide_w=64.2 Walls=0.00043(x10) g_ns/g_walls=17 Windows=0.00101 Doors=0.00019 IC=0.00000 CO2_BC=0.00014 LR=2.49e-04 nu=0.01 NSraw=0.7929 alpha(W1/W8/all)=0.59/0.39/0.48 | 0.85 it/s
[Iter 26410/30000] Total=0.14645 | NS=0.13719 CO2(scaled)=0.00133 CO2_weight=1.00 guide_w=64.2 Walls=0.00067(x10) g_ns/g_walls=17 Windows=0.00092 Doors=0.00019 IC=0.00000 CO2_BC=0.00012 LR=2.49e-04 nu=0.01 NSraw=0.5735 alpha(W1/W8/all)=0.59/0.39/0.48 | 0.85 it/s
[Iter 26420/30000] Total=0.12276 | NS=0.11577 CO2(scaled)=0.00096 CO2_weight=1.00 guide_w=64.2 Walls=0.00044(x10) g_ns/g_walls=17 Windows=0.00132 Doors=0.00019 IC=0.00000 CO2_BC=0.00010 LR=2.49e-04 nu=0.01 NSraw=0.5151 alpha(W1/W8/all)=0.59/0.39/0.48 | 0.85 it/s
[Iter 26430/30000] Total=0.15309 | NS=0.14389 CO2(scaled)=0.00129 CO2_weight=1.00 guide_w=64.2 Walls=0.00067(x10) g_ns/g_walls=17 Windows=0.00094 Doors=0.00020 IC=0.00000 CO2_BC=0.00010 LR=2.48e-04 nu=0.01 NSraw=0.4504 alpha(W1/W8/all)=0.59/0.39/0.48 | 0.85 it/s
[Iter 26440/30000] Total=0.13796 | NS=0.12745 CO2(scaled)=0.00123 CO2_weight=1.00 guide_w=64.2 Walls=0.00075(x10) g_ns/g_walls=17 Windows=0.00142 Doors=0.00020 IC=0.00000 CO2_BC=0.00012 LR=2.48e-04 nu=0.01 NSraw=0.373 alpha(W1/W8/all)=0.59/0.39/0.48 | 0.85 it/s
[Iter 26450/30000] Total=0.10365 | NS=0.09383 CO2(scaled)=0.00136 CO2_weight=1.00 guide_w=64.2 Walls=0.00072(x10) g_ns/g_walls=17 Windows=0.00102 Doors=0.00019 IC=0.00000 CO2_BC=0.00010 LR=2.48e-04 nu=0.01 NSraw=0.2012 alpha(W1/W8/all)=0.59/0.39/0.48 | 0.85 it/s
[Iter 26460/30000] Total=0.08274 | NS=0.05829 CO2(scaled)=0.00299 CO2_weight=1.00 guide_w=64.2 Walls=0.00195(x10) g_ns/g_walls=17 Windows=0.00160 Doors=0.00021 IC=0.00000 CO2_BC=0.00013 LR=2.48e-04 nu=0.01 NSraw=0.1338 alpha(W1/W8/all)=0.59/0.39/0.48 | 0.85 it/s
[Iter 26470/30000] Total=0.21577 | NS=0.18801 CO2(scaled)=0.00174 CO2_weight=1.00 guide_w=64.2 Walls=0.00231(x10) g_ns/g_walls=17 Windows=0.00260 Doors=0.00025 IC=0.00000 CO2_BC=0.00010 LR=2.48e-04 nu=0.01 NSraw=0.5493 alpha(W1/W8/all)=0.59/0.39/0.48 | 0.85 it/s
[Iter 26480/30000] Total=0.17991 | NS=0.16052 CO2(scaled)=0.00117 CO2_weight=1.00 guide_w=64.2 Walls=0.00157(x10) g_ns/g_walls=17 Windows=0.00215 Doors=0.00021 IC=0.00000 CO2_BC=0.00012 LR=2.48e-04 nu=0.01 NSraw=0.4149 alpha(W1/W8/all)=0.59/0.39/0.48 | 0.85 it/s
[Iter 26490/30000] Total=0.14300 | NS=0.12791 CO2(scaled)=0.00114 CO2_weight=1.00 guide_w=64.2 Walls=0.00121(x10) g_ns/g_walls=17 Windows=0.00162 Doors=0.00014 IC=0.00000 CO2_BC=0.00011 LR=2.48e-04 nu=0.01 NSraw=0.4403 alpha(W1/W8/all)=0.59/0.39/0.48 | 0.85 it/s
[Iter 26500/30000] Total=0.19029 | NS=0.18059 CO2(scaled)=0.00109 CO2_weight=1.00 guide_w=21.9 Walls=0.00072(x10) g_ns/g_walls=4.28 Windows=0.00117 Doors=0.00017 IC=0.00000 CO2_BC=0.00011 LR=2.48e-04 nu=0.01 NSraw=0.7764 alpha(W1/W8/all)=0.59/0.39/0.48 | 0.85 it/s
[Iter 26510/30000] Total=0.17460 | NS=0.16111 CO2(scaled)=0.00107 CO2_weight=1.00 guide_w=21.9 Walls=0.00104(x10) g_ns/g_walls=4.28 Windows=0.00166 Doors=0.00024 IC=0.00000 CO2_BC=0.00011 LR=2.47e-04 nu=0.01 NSraw=1.091 alpha(W1/W8/all)=0.59/0.39/0.48 | 0.85 it/s
[Iter 26520/30000] Total=0.19172 | NS=0.18035 CO2(scaled)=0.00182 CO2_weight=1.00 guide_w=21.9 Walls=0.00082(x10) g_ns/g_walls=4.28 Windows=0.00103 Doors=0.00019 IC=0.00000 CO2_BC=0.00012 LR=2.47e-04 nu=0.01 NSraw=0.8191 alpha(W1/W8/all)=0.59/0.39/0.48 | 0.85 it/s
[Iter 26530/30000] Total=0.14063 | NS=0.12899 CO2(scaled)=0.00124 CO2_weight=1.00 guide_w=21.9 Walls=0.00090(x10) g_ns/g_walls=4.28 Windows=0.00113 Doors=0.00020 IC=0.00000 CO2_BC=0.00009 LR=2.47e-04 nu=0.01 NSraw=0.3928 alpha(W1/W8/all)=0.59/0.39/0.48 | 0.85 it/s
[Iter 26540/30000] Total=0.10631 | NS=0.09807 CO2(scaled)=0.00134 CO2_weight=1.00 guide_w=21.9 Walls=0.00056(x10) g_ns/g_walls=4.28 Windows=0.00103 Doors=0.00022 IC=0.00000 CO2_BC=0.00010 LR=2.47e-04 nu=0.01 NSraw=0.3113 alpha(W1/W8/all)=0.59/0.39/0.48 | 0.85 it/s
[Iter 26550/30000] Total=1.62441 | NS=1.61613 CO2(scaled)=0.00126 CO2_weight=1.00 guide_w=21.9 Walls=0.00053(x10) g_ns/g_walls=4.28 Windows=0.00137 Doors=0.00021 IC=0.00000 CO2_BC=0.00011 LR=2.47e-04 nu=0.01 NSraw=200.2 alpha(W1/W8/all)=0.59/0.39/0.48 | 0.85 it/s
[Iter 26560/30000] Total=0.43870 | NS=0.42705 CO2(scaled)=0.00131 CO2_weight=1.00 guide_w=21.9 Walls=0.00090(x10) g_ns/g_walls=4.28 Windows=0.00100 Doors=0.00021 IC=0.00000 CO2_BC=0.00011 LR=2.47e-04 nu=0.01 NSraw=6.239 alpha(W1/W8/all)=0.59/0.39/0.48 | 0.85 it/s
[Iter 26570/30000] Total=0.23875 | NS=0.21421 CO2(scaled)=0.00137 CO2_weight=1.00 guide_w=21.9 Walls=0.00203(x10) g_ns/g_walls=4.28 Windows=0.00251 Doors=0.00021 IC=0.00000 CO2_BC=0.00017 LR=2.47e-04 nu=0.01 NSraw=1.79 alpha(W1/W8/all)=0.59/0.39/0.48 | 0.85 it/s
[Iter 26580/30000] Total=0.42160 | NS=0.41115 CO2(scaled)=0.00115 CO2_weight=1.00 guide_w=21.9 Walls=0.00076(x10) g_ns/g_walls=4.28 Windows=0.00147 Doors=0.00018 IC=0.00000 CO2_BC=0.00009 LR=2.47e-04 nu=0.01 NSraw=11.24 alpha(W1/W8/all)=0.59/0.39/0.48 | 0.85 it/s
[Iter 26590/30000] Total=0.91165 | NS=0.90223 CO2(scaled)=0.00131 CO2_weight=1.00 guide_w=21.9 Walls=0.00066(x10) g_ns/g_walls=4.28 Windows=0.00118 Doors=0.00026 IC=0.00000 CO2_BC=0.00011 LR=2.46e-04 nu=0.01 NSraw=44.53 alpha(W1/W8/all)=0.59/0.39/0.48 | 0.85 it/s
[Iter 26600/30000] Total=0.12576 | NS=0.11951 CO2(scaled)=0.00111 CO2_weight=1.00 guide_w=63.6 Walls=0.00038(x10) g_ns/g_walls=9.34 Windows=0.00097 Doors=0.00026 IC=0.00000 CO2_BC=0.00012 LR=2.46e-04 nu=0.01 NSraw=0.2989 alpha(W1/W8/all)=0.59/0.39/0.48 | 0.85 it/s
[Iter 26610/30000] Total=0.11940 | NS=0.10845 CO2(scaled)=0.00115 CO2_weight=1.00 guide_w=63.6 Walls=0.00081(x10) g_ns/g_walls=9.34 Windows=0.00134 Doors=0.00021 IC=0.00000 CO2_BC=0.00010 LR=2.46e-04 nu=0.01 NSraw=0.3809 alpha(W1/W8/all)=0.59/0.39/0.48 | 0.85 it/s
[Iter 26620/30000] Total=0.23785 | NS=0.22630 CO2(scaled)=0.00102 CO2_weight=1.00 guide_w=63.6 Walls=0.00089(x10) g_ns/g_walls=9.34 Windows=0.00127 Doors=0.00028 IC=0.00000 CO2_BC=0.00010 LR=2.46e-04 nu=0.01 NSraw=1.306 alpha(W1/W8/all)=0.59/0.39/0.48 | 0.85 it/s
[Iter 26630/30000] Total=0.12688 | NS=0.11423 CO2(scaled)=0.00178 CO2_weight=1.00 guide_w=63.6 Walls=0.00092(x10) g_ns/g_walls=9.34 Windows=0.00131 Doors=0.00022 IC=0.00000 CO2_BC=0.00012 LR=2.46e-04 nu=0.01 NSraw=0.2913 alpha(W1/W8/all)=0.59/0.39/0.48 | 0.85 it/s
[Iter 26640/30000] Total=0.35717 | NS=0.33068 CO2(scaled)=0.00368 CO2_weight=1.00 guide_w=63.6 Walls=0.00201(x10) g_ns/g_walls=9.34 Windows=0.00240 Doors=0.00022 IC=0.00000 CO2_BC=0.00013 LR=2.46e-04 nu=0.01 NSraw=4.871 alpha(W1/W8/all)=0.59/0.39/0.48 | 0.85 it/s
[Iter 26650/30000] Total=0.08341 | NS=0.07207 CO2(scaled)=0.00260 CO2_weight=1.00 guide_w=63.6 Walls=0.00073(x10) g_ns/g_walls=9.34 Windows=0.00119 Doors=0.00019 IC=0.00000 CO2_BC=0.00012 LR=2.46e-04 nu=0.01 NSraw=0.1362 alpha(W1/W8/all)=0.59/0.39/0.48 | 0.85 it/s
[Iter 26660/30000] Total=0.07979 | NS=0.07017 CO2(scaled)=0.00136 CO2_weight=1.00 guide_w=63.6 Walls=0.00066(x10) g_ns/g_walls=9.34 Windows=0.00132 Doors=0.00023 IC=0.00000 CO2_BC=0.00010 LR=2.46e-04 nu=0.01 NSraw=0.1328 alpha(W1/W8/all)=0.59/0.39/0.48 | 0.85 it/s
[Iter 26670/30000] Total=0.57488 | NS=0.56148 CO2(scaled)=0.00148 CO2_weight=1.00 guide_w=63.6 Walls=0.00099(x10) g_ns/g_walls=9.34 Windows=0.00172 Doors=0.00021 IC=0.00000 CO2_BC=0.00013 LR=2.45e-04 nu=0.01 NSraw=9.584 alpha(W1/W8/all)=0.59/0.39/0.48 | 0.85 it/s
[Iter 26680/30000] Total=0.10406 | NS=0.09405 CO2(scaled)=0.00113 CO2_weight=1.00 guide_w=63.6 Walls=0.00074(x10) g_ns/g_walls=9.34 Windows=0.00122 Doors=0.00015 IC=0.00000 CO2_BC=0.00010 LR=2.45e-04 nu=0.01 NSraw=0.2485 alpha(W1/W8/all)=0.59/0.39/0.48 | 0.85 it/s
[Iter 26690/30000] Total=0.18430 | NS=0.17283 CO2(scaled)=0.00122 CO2_weight=1.00 guide_w=63.6 Walls=0.00091(x10) g_ns/g_walls=9.34 Windows=0.00086 Doors=0.00016 IC=0.00000 CO2_BC=0.00010 LR=2.45e-04 nu=0.01 NSraw=0.6491 alpha(W1/W8/all)=0.59/0.39/0.48 | 0.85 it/s
[Iter 26700/30000] Total=0.06152 | NS=0.05217 CO2(scaled)=0.00106 CO2_weight=1.00 guide_w=3.27 Walls=0.00068(x10) g_ns/g_walls=0.438 Windows=0.00125 Doors=0.00018 IC=0.00000 CO2_BC=0.00010 LR=2.45e-04 nu=0.01 NSraw=0.09012 alpha(W1/W8/all)=0.59/0.39/0.48 | 0.85 it/s
[Iter 26710/30000] Total=0.17047 | NS=0.16086 CO2(scaled)=0.00150 CO2_weight=1.00 guide_w=3.27 Walls=0.00066(x10) g_ns/g_walls=0.438 Windows=0.00106 Doors=0.00027 IC=0.00000 CO2_BC=0.00013 LR=2.45e-04 nu=0.01 NSraw=0.8498 alpha(W1/W8/all)=0.59/0.39/0.48 | 0.85 it/s
[Iter 26720/30000] Total=0.16788 | NS=0.13140 CO2(scaled)=0.00114 CO2_weight=1.00 guide_w=3.27 Walls=0.00328(x10) g_ns/g_walls=0.438 Windows=0.00228 Doors=0.00015 IC=0.00000 CO2_BC=0.00009 LR=2.45e-04 nu=0.01 NSraw=0.482 alpha(W1/W8/all)=0.59/0.39/0.48 | 0.85 it/s
[Iter 26730/30000] Total=0.08307 | NS=0.06193 CO2(scaled)=0.00192 CO2_weight=1.00 guide_w=3.27 Walls=0.00163(x10) g_ns/g_walls=0.438 Windows=0.00254 Doors=0.00026 IC=0.00000 CO2_BC=0.00012 LR=2.45e-04 nu=0.01 NSraw=0.1804 alpha(W1/W8/all)=0.59/0.39/0.48 | 0.85 it/s
[Iter 26740/30000] Total=0.19716 | NS=0.18471 CO2(scaled)=0.00120 CO2_weight=1.00 guide_w=3.27 Walls=0.00099(x10) g_ns/g_walls=0.438 Windows=0.00096 Doors=0.00031 IC=0.00000 CO2_BC=0.00010 LR=2.44e-04 nu=0.01 NSraw=0.7696 alpha(W1/W8/all)=0.59/0.39/0.48 | 0.85 it/s
[Iter 26750/30000] Total=0.12176 | NS=0.10733 CO2(scaled)=0.00214 CO2_weight=1.00 guide_w=3.27 Walls=0.00104(x10) g_ns/g_walls=0.438 Windows=0.00139 Doors=0.00039 IC=0.00000 CO2_BC=0.00013 LR=2.44e-04 nu=0.01 NSraw=0.2583 alpha(W1/W8/all)=0.59/0.39/0.48 | 0.85 it/s
[Iter 26760/30000] Total=0.42340 | NS=0.41300 CO2(scaled)=0.00130 CO2_weight=1.00 guide_w=3.27 Walls=0.00072(x10) g_ns/g_walls=0.438 Windows=0.00131 Doors=0.00050 IC=0.00000 CO2_BC=0.00009 LR=2.44e-04 nu=0.01 NSraw=9.033 alpha(W1/W8/all)=0.59/0.39/0.48 | 0.85 it/s
[Iter 26770/30000] Total=0.16653 | NS=0.15683 CO2(scaled)=0.00138 CO2_weight=1.00 guide_w=3.27 Walls=0.00068(x10) g_ns/g_walls=0.438 Windows=0.00103 Doors=0.00037 IC=0.00000 CO2_BC=0.00011 LR=2.44e-04 nu=0.01 NSraw=0.5585 alpha(W1/W8/all)=0.59/0.39/0.48 | 0.85 it/s
[Iter 26780/30000] Total=0.29035 | NS=0.27117 CO2(scaled)=0.00120 CO2_weight=1.00 guide_w=3.27 Walls=0.00155(x10) g_ns/g_walls=0.438 Windows=0.00207 Doors=0.00026 IC=0.00000 CO2_BC=0.00011 LR=2.44e-04 nu=0.01 NSraw=1.205 alpha(W1/W8/all)=0.59/0.39/0.48 | 0.85 it/s
[Iter 26790/30000] Total=0.59372 | NS=0.57808 CO2(scaled)=0.00174 CO2_weight=1.00 guide_w=3.27 Walls=0.00119(x10) g_ns/g_walls=0.438 Windows=0.00159 Doors=0.00024 IC=0.00000 CO2_BC=0.00012 LR=2.44e-04 nu=0.01 NSraw=23.98 alpha(W1/W8/all)=0.59/0.39/0.48 | 0.85 it/s
[Iter 26800/30000] Total=0.17364 | NS=0.12077 CO2(scaled)=0.00175 CO2_weight=1.00 guide_w=11 Walls=0.00459(x10) g_ns/g_walls=0.732 Windows=0.00473 Doors=0.00030 IC=0.00000 CO2_BC=0.00015 LR=2.44e-04 nu=0.01 NSraw=0.4245 alpha(W1/W8/all)=0.59/0.39/0.48 | 0.85 it/s
[Iter 26810/30000] Total=0.23377 | NS=0.20479 CO2(scaled)=0.00144 CO2_weight=1.00 guide_w=11 Walls=0.00247(x10) g_ns/g_walls=0.732 Windows=0.00243 Doors=0.00027 IC=0.00000 CO2_BC=0.00011 LR=2.44e-04 nu=0.01 NSraw=1.089 alpha(W1/W8/all)=0.59/0.39/0.48 | 0.85 it/s
[Iter 26820/30000] Total=0.16932 | NS=0.15639 CO2(scaled)=0.00158 CO2_weight=1.00 guide_w=11 Walls=0.00092(x10) g_ns/g_walls=0.732 Windows=0.00156 Doors=0.00042 IC=0.00000 CO2_BC=0.00018 LR=2.43e-04 nu=0.01 NSraw=0.4862 alpha(W1/W8/all)=0.59/0.39/0.48 | 0.85 it/s
[Iter 26830/30000] Total=0.20928 | NS=0.19817 CO2(scaled)=0.00102 CO2_weight=1.00 guide_w=11 Walls=0.00084(x10) g_ns/g_walls=0.732 Windows=0.00129 Doors=0.00025 IC=0.00000 CO2_BC=0.00010 LR=2.43e-04 nu=0.01 NSraw=0.6522 alpha(W1/W8/all)=0.59/0.39/0.48 | 0.85 it/s
[Iter 26840/30000] Total=1.89324 | NS=1.86847 CO2(scaled)=0.00147 CO2_weight=1.00 guide_w=11 Walls=0.00218(x10) g_ns/g_walls=0.732 Windows=0.00108 Doors=0.00028 IC=0.00000 CO2_BC=0.00016 LR=2.43e-04 nu=0.01 NSraw=233.8 alpha(W1/W8/all)=0.59/0.39/0.48 | 0.85 it/s
[Iter 26850/30000] Total=0.16122 | NS=0.14665 CO2(scaled)=0.00211 CO2_weight=1.00 guide_w=11 Walls=0.00101(x10) g_ns/g_walls=0.732 Windows=0.00184 Doors=0.00039 IC=0.00000 CO2_BC=0.00016 LR=2.43e-04 nu=0.01 NSraw=0.8425 alpha(W1/W8/all)=0.59/0.39/0.48 | 0.85 it/s
[Iter 26860/30000] Total=0.14637 | NS=0.13412 CO2(scaled)=0.00135 CO2_weight=1.00 guide_w=11 Walls=0.00089(x10) g_ns/g_walls=0.732 Windows=0.00155 Doors=0.00030 IC=0.00000 CO2_BC=0.00013 LR=2.43e-04 nu=0.01 NSraw=0.3665 alpha(W1/W8/all)=0.59/0.39/0.48 | 0.85 it/s
[Iter 26870/30000] Total=0.02901 | NS=0.02151 CO2(scaled)=0.00096 CO2_weight=1.00 guide_w=11 Walls=0.00052(x10) g_ns/g_walls=0.732 Windows=0.00096 Doors=0.00030 IC=0.00000 CO2_BC=0.00011 LR=2.43e-04 nu=0.01 NSraw=0.0239 alpha(W1/W8/all)=0.59/0.39/0.48 | 0.85 it/s
[Iter 26880/30000] Total=0.12039 | NS=0.11350 CO2(scaled)=0.00119 CO2_weight=1.00 guide_w=11 Walls=0.00045(x10) g_ns/g_walls=0.732 Windows=0.00079 Doors=0.00030 IC=0.00000 CO2_BC=0.00012 LR=2.43e-04 nu=0.01 NSraw=0.337 alpha(W1/W8/all)=0.59/0.39/0.48 | 0.85 it/s
[Iter 26890/30000] Total=0.11053 | NS=0.10042 CO2(scaled)=0.00126 CO2_weight=1.00 guide_w=11 Walls=0.00072(x10) g_ns/g_walls=0.732 Windows=0.00119 Doors=0.00030 IC=0.00000 CO2_BC=0.00011 LR=2.43e-04 nu=0.01 NSraw=0.257 alpha(W1/W8/all)=0.59/0.39/0.48 | 0.85 it/s
[Iter 26900/30000] Total=0.20039 | NS=0.18110 CO2(scaled)=0.00091 CO2_weight=1.00 guide_w=47.9 Walls=0.00158(x10) g_ns/g_walls=1.66 Windows=0.00212 Doors=0.00035 IC=0.00000 CO2_BC=0.00012 LR=2.42e-04 nu=0.01 NSraw=0.773 alpha(W1/W8/all)=0.59/0.39/0.48 | 0.85 it/s
[Iter 26910/30000] Total=0.20206 | NS=0.19304 CO2(scaled)=0.00142 CO2_weight=1.00 guide_w=47.9 Walls=0.00058(x10) g_ns/g_walls=1.66 Windows=0.00145 Doors=0.00019 IC=0.00000 CO2_BC=0.00012 LR=2.42e-04 nu=0.01 NSraw=1.616 alpha(W1/W8/all)=0.59/0.39/0.48 | 0.85 it/s
[Iter 26920/30000] Total=0.14849 | NS=0.13898 CO2(scaled)=0.00133 CO2_weight=1.00 guide_w=47.9 Walls=0.00068(x10) g_ns/g_walls=1.66 Windows=0.00113 Doors=0.00022 IC=0.00000 CO2_BC=0.00009 LR=2.42e-04 nu=0.01 NSraw=0.6155 alpha(W1/W8/all)=0.59/0.39/0.48 | 0.85 it/s
[Iter 26930/30000] Total=0.63827 | NS=0.63023 CO2(scaled)=0.00115 CO2_weight=1.00 guide_w=47.9 Walls=0.00055(x10) g_ns/g_walls=1.66 Windows=0.00105 Doors=0.00023 IC=0.00000 CO2_BC=0.00009 LR=2.42e-04 nu=0.01 NSraw=28.17 alpha(W1/W8/all)=0.59/0.39/0.48 | 0.85 it/s
[Iter 26940/30000] Total=0.14951 | NS=0.12547 CO2(scaled)=0.00350 CO2_weight=1.00 guide_w=47.9 Walls=0.00184(x10) g_ns/g_walls=1.66 Windows=0.00178 Doors=0.00024 IC=0.00000 CO2_BC=0.00010 LR=2.42e-04 nu=0.01 NSraw=0.3551 alpha(W1/W8/all)=0.59/0.39/0.48 | 0.85 it/s
[Iter 26950/30000] Total=0.13450 | NS=0.12685 CO2(scaled)=0.00147 CO2_weight=1.00 guide_w=47.9 Walls=0.00047(x10) g_ns/g_walls=1.66 Windows=0.00112 Doors=0.00029 IC=0.00000 CO2_BC=0.00011 LR=2.42e-04 nu=0.01 NSraw=0.2984 alpha(W1/W8/all)=0.59/0.39/0.48 | 0.85 it/s
[Iter 26960/30000] Total=0.14819 | NS=0.13914 CO2(scaled)=0.00162 CO2_weight=1.00 guide_w=47.9 Walls=0.00059(x10) g_ns/g_walls=1.66 Windows=0.00105 Doors=0.00036 IC=0.00000 CO2_BC=0.00010 LR=2.42e-04 nu=0.01 NSraw=0.4165 alpha(W1/W8/all)=0.59/0.39/0.48 | 0.85 it/s
[Iter 26970/30000] Total=1.39626 | NS=1.38275 CO2(scaled)=0.00170 CO2_weight=1.00 guide_w=47.9 Walls=0.00099(x10) g_ns/g_walls=1.66 Windows=0.00144 Doors=0.00036 IC=0.00000 CO2_BC=0.00010 LR=2.42e-04 nu=0.01 NSraw=109.8 alpha(W1/W8/all)=0.59/0.39/0.48 | 0.85 it/s
[Iter 26980/30000] Total=0.20455 | NS=0.19093 CO2(scaled)=0.00198 CO2_weight=1.00 guide_w=47.9 Walls=0.00101(x10) g_ns/g_walls=1.66 Windows=0.00115 Doors=0.00033 IC=0.00000 CO2_BC=0.00010 LR=2.41e-04 nu=0.01 NSraw=1.514 alpha(W1/W8/all)=0.59/0.39/0.48 | 0.85 it/s
[Iter 26990/30000] Total=0.33898 | NS=0.32917 CO2(scaled)=0.00123 CO2_weight=1.00 guide_w=47.9 Walls=0.00068(x10) g_ns/g_walls=1.66 Windows=0.00123 Doors=0.00045 IC=0.00000 CO2_BC=0.00012 LR=2.41e-04 nu=0.01 NSraw=3.658 alpha(W1/W8/all)=0.59/0.39/0.48 | 0.85 it/s
[Iter 27000/30000] Total=0.09221 | NS=0.07002 CO2(scaled)=0.00183 CO2_weight=1.00 guide_w=1.97 Walls=0.00174(x10) g_ns/g_walls=0.248 Windows=0.00266 Doors=0.00020 IC=0.00000 CO2_BC=0.00011 LR=2.41e-04 nu=0.01 NSraw=0.1608 alpha(W1/W8/all)=0.59/0.39/0.48 | 0.85 it/s
  -> saved checkpoint: /home/iai-labor/BuildingControlCFD/experiments/gnot/checkpoints/v25_nsuniform_ab/gnot_v25_nsuniform_ab_iter27000.pth
[Iter 27010/30000] Total=0.80347 | NS=0.78861 CO2(scaled)=0.00125 CO2_weight=1.00 guide_w=1.97 Walls=0.00116(x10) g_ns/g_walls=0.248 Windows=0.00172 Doors=0.00018 IC=0.00000 CO2_BC=0.00010 LR=2.41e-04 nu=0.01 NSraw=35.5 alpha(W1/W8/all)=0.59/0.39/0.48 | 0.85 it/s
[Iter 27020/30000] Total=0.17212 | NS=0.15012 CO2(scaled)=0.00125 CO2_weight=1.00 guide_w=1.97 Walls=0.00185(x10) g_ns/g_walls=0.248 Windows=0.00191 Doors=0.00020 IC=0.00000 CO2_BC=0.00009 LR=2.41e-04 nu=0.01 NSraw=0.6161 alpha(W1/W8/all)=0.59/0.39/0.48 | 0.85 it/s
[Iter 27030/30000] Total=0.10642 | NS=0.09573 CO2(scaled)=0.00223 CO2_weight=1.00 guide_w=1.97 Walls=0.00065(x10) g_ns/g_walls=0.248 Windows=0.00150 Doors=0.00030 IC=0.00000 CO2_BC=0.00011 LR=2.41e-04 nu=0.01 NSraw=0.353 alpha(W1/W8/all)=0.59/0.39/0.48 | 0.85 it/s
[Iter 27040/30000] Total=0.21421 | NS=0.20660 CO2(scaled)=0.00118 CO2_weight=1.00 guide_w=1.97 Walls=0.00052(x10) g_ns/g_walls=0.248 Windows=0.00101 Doors=0.00017 IC=0.00000 CO2_BC=0.00009 LR=2.41e-04 nu=0.01 NSraw=0.6327 alpha(W1/W8/all)=0.59/0.39/0.48 | 0.85 it/s
[Iter 27050/30000] Total=0.16664 | NS=0.15484 CO2(scaled)=0.00102 CO2_weight=1.00 guide_w=1.97 Walls=0.00092(x10) g_ns/g_walls=0.248 Windows=0.00127 Doors=0.00021 IC=0.00000 CO2_BC=0.00011 LR=2.41e-04 nu=0.01 NSraw=0.7547 alpha(W1/W8/all)=0.59/0.39/0.48 | 0.85 it/s
[Iter 27060/30000] Total=0.24798 | NS=0.24010 CO2(scaled)=0.00127 CO2_weight=1.00 guide_w=1.97 Walls=0.00053(x10) g_ns/g_walls=0.248 Windows=0.00092 Doors=0.00027 IC=0.00000 CO2_BC=0.00015 LR=2.40e-04 nu=0.01 NSraw=0.7441 alpha(W1/W8/all)=0.59/0.39/0.48 | 0.85 it/s
[Iter 27070/30000] Total=0.26455 | NS=0.24879 CO2(scaled)=0.00167 CO2_weight=1.00 guide_w=1.97 Walls=0.00126(x10) g_ns/g_walls=0.248 Windows=0.00108 Doors=0.00027 IC=0.00000 CO2_BC=0.00011 LR=2.40e-04 nu=0.01 NSraw=1.551 alpha(W1/W8/all)=0.59/0.39/0.48 | 0.85 it/s
[Iter 27080/30000] Total=0.19240 | NS=0.16539 CO2(scaled)=0.00196 CO2_weight=1.00 guide_w=1.97 Walls=0.00226(x10) g_ns/g_walls=0.248 Windows=0.00217 Doors=0.00022 IC=0.00000 CO2_BC=0.00010 LR=2.40e-04 nu=0.01 NSraw=0.7796 alpha(W1/W8/all)=0.59/0.39/0.48 | 0.85 it/s
[Iter 27090/30000] Total=0.27359 | NS=0.24788 CO2(scaled)=0.00139 CO2_weight=1.00 guide_w=1.97 Walls=0.00221(x10) g_ns/g_walls=0.248 Windows=0.00194 Doors=0.00020 IC=0.00000 CO2_BC=0.00010 LR=2.40e-04 nu=0.01 NSraw=1.295 alpha(W1/W8/all)=0.59/0.39/0.48 | 0.85 it/s
[Iter 27100/30000] Total=0.08346 | NS=0.06662 CO2(scaled)=0.00235 CO2_weight=1.00 guide_w=0.934 Walls=0.00131(x10) g_ns/g_walls=0.235 Windows=0.00104 Doors=0.00024 IC=0.00000 CO2_BC=0.00008 LR=2.40e-04 nu=0.01 NSraw=0.1342 alpha(W1/W8/all)=0.59/0.39/0.48 | 0.85 it/s
[Iter 27110/30000] Total=0.10533 | NS=0.09096 CO2(scaled)=0.00134 CO2_weight=1.00 guide_w=0.934 Walls=0.00115(x10) g_ns/g_walls=0.235 Windows=0.00121 Doors=0.00025 IC=0.00000 CO2_BC=0.00010 LR=2.40e-04 nu=0.01 NSraw=0.2078 alpha(W1/W8/all)=0.59/0.39/0.48 | 0.85 it/s
[Iter 27120/30000] Total=0.09941 | NS=0.09092 CO2(scaled)=0.00098 CO2_weight=1.00 guide_w=0.934 Walls=0.00061(x10) g_ns/g_walls=0.235 Windows=0.00113 Doors=0.00017 IC=0.00000 CO2_BC=0.00010 LR=2.40e-04 nu=0.01 NSraw=0.2872 alpha(W1/W8/all)=0.59/0.39/0.48 | 0.85 it/s
[Iter 27130/30000] Total=0.07243 | NS=0.06176 CO2(scaled)=0.00122 CO2_weight=1.00 guide_w=0.934 Walls=0.00081(x10) g_ns/g_walls=0.235 Windows=0.00102 Doors=0.00021 IC=0.00000 CO2_BC=0.00010 LR=2.39e-04 nu=0.01 NSraw=0.1219 alpha(W1/W8/all)=0.59/0.39/0.48 | 0.85 it/s
[Iter 27140/30000] Total=0.12687 | NS=0.11591 CO2(scaled)=0.00132 CO2_weight=1.00 guide_w=0.934 Walls=0.00083(x10) g_ns/g_walls=0.235 Windows=0.00110 Doors=0.00019 IC=0.00000 CO2_BC=0.00009 LR=2.39e-04 nu=0.01 NSraw=0.3399 alpha(W1/W8/all)=0.59/0.39/0.48 | 0.85 it/s
[Iter 27150/30000] Total=1.60550 | NS=1.58959 CO2(scaled)=0.00107 CO2_weight=1.00 guide_w=0.934 Walls=0.00126(x10) g_ns/g_walls=0.235 Windows=0.00185 Doors=0.00029 IC=0.00000 CO2_BC=0.00013 LR=2.39e-04 nu=0.01 NSraw=155.7 alpha(W1/W8/all)=0.59/0.39/0.48 | 0.85 it/s
[Iter 27160/30000] Total=0.20318 | NS=0.19042 CO2(scaled)=0.00109 CO2_weight=1.00 guide_w=0.934 Walls=0.00100(x10) g_ns/g_walls=0.235 Windows=0.00122 Doors=0.00035 IC=0.00000 CO2_BC=0.00011 LR=2.39e-04 nu=0.01 NSraw=1.891 alpha(W1/W8/all)=0.59/0.39/0.48 | 0.85 it/s
[Iter 27170/30000] Total=0.10277 | NS=0.08908 CO2(scaled)=0.00123 CO2_weight=1.00 guide_w=0.934 Walls=0.00108(x10) g_ns/g_walls=0.235 Windows=0.00136 Doors=0.00022 IC=0.00000 CO2_BC=0.00011 LR=2.39e-04 nu=0.01 NSraw=0.2053 alpha(W1/W8/all)=0.59/0.39/0.48 | 0.85 it/s
[Iter 27180/30000] Total=0.20590 | NS=0.19799 CO2(scaled)=0.00158 CO2_weight=1.00 guide_w=0.934 Walls=0.00050(x10) g_ns/g_walls=0.235 Windows=0.00089 Doors=0.00027 IC=0.00000 CO2_BC=0.00011 LR=2.39e-04 nu=0.01 NSraw=1.089 alpha(W1/W8/all)=0.59/0.39/0.48 | 0.85 it/s
[Iter 27190/30000] Total=0.14376 | NS=0.13763 CO2(scaled)=0.00091 CO2_weight=1.00 guide_w=0.934 Walls=0.00039(x10) g_ns/g_walls=0.235 Windows=0.00099 Doors=0.00026 IC=0.00000 CO2_BC=0.00011 LR=2.39e-04 nu=0.01 NSraw=0.5594 alpha(W1/W8/all)=0.59/0.39/0.48 | 0.85 it/s
[Iter 27200/30000] Total=0.24899 | NS=0.23436 CO2(scaled)=0.00146 CO2_weight=1.00 guide_w=4.2 Walls=0.00112(x10) g_ns/g_walls=0.601 Windows=0.00158 Doors=0.00028 IC=0.00000 CO2_BC=0.00011 LR=2.39e-04 nu=0.01 NSraw=0.9817 alpha(W1/W8/all)=0.59/0.39/0.48 | 0.85 it/s
[Iter 27210/30000] Total=0.19001 | NS=0.17077 CO2(scaled)=0.00149 CO2_weight=1.00 guide_w=4.2 Walls=0.00152(x10) g_ns/g_walls=0.601 Windows=0.00219 Doors=0.00024 IC=0.00000 CO2_BC=0.00013 LR=2.38e-04 nu=0.01 NSraw=0.667 alpha(W1/W8/all)=0.59/0.39/0.48 | 0.85 it/s
[Iter 27220/30000] Total=1.04672 | NS=1.02960 CO2(scaled)=0.00112 CO2_weight=1.00 guide_w=4.2 Walls=0.00140(x10) g_ns/g_walls=0.601 Windows=0.00160 Doors=0.00028 IC=0.00000 CO2_BC=0.00010 LR=2.38e-04 nu=0.01 NSraw=74.73 alpha(W1/W8/all)=0.59/0.39/0.48 | 0.85 it/s
[Iter 27230/30000] Total=0.41034 | NS=0.35974 CO2(scaled)=0.00122 CO2_weight=1.00 guide_w=4.2 Walls=0.00444(x10) g_ns/g_walls=0.601 Windows=0.00452 Doors=0.00040 IC=0.00000 CO2_BC=0.00010 LR=2.38e-04 nu=0.01 NSraw=3.738 alpha(W1/W8/all)=0.59/0.39/0.48 | 0.85 it/s
[Iter 27240/30000] Total=0.04936 | NS=0.03666 CO2(scaled)=0.00159 CO2_weight=1.00 guide_w=4.2 Walls=0.00093(x10) g_ns/g_walls=0.601 Windows=0.00143 Doors=0.00022 IC=0.00000 CO2_BC=0.00011 LR=2.38e-04 nu=0.01 NSraw=0.05479 alpha(W1/W8/all)=0.59/0.39/0.48 | 0.85 it/s
[Iter 27250/30000] Total=0.18677 | NS=0.18019 CO2(scaled)=0.00110 CO2_weight=1.00 guide_w=4.2 Walls=0.00039(x10) g_ns/g_walls=0.601 Windows=0.00118 Doors=0.00029 IC=0.00000 CO2_BC=0.00009 LR=2.38e-04 nu=0.01 NSraw=0.9092 alpha(W1/W8/all)=0.59/0.39/0.48 | 0.85 it/s
[Iter 27260/30000] Total=0.06819 | NS=0.05394 CO2(scaled)=0.00110 CO2_weight=1.00 guide_w=4.2 Walls=0.00115(x10) g_ns/g_walls=0.601 Windows=0.00126 Doors=0.00025 IC=0.00000 CO2_BC=0.00010 LR=2.38e-04 nu=0.01 NSraw=0.08456 alpha(W1/W8/all)=0.59/0.39/0.48 | 0.85 it/s
[Iter 27270/30000] Total=0.04941 | NS=0.01964 CO2(scaled)=0.00272 CO2_weight=1.00 guide_w=4.2 Walls=0.00242(x10) g_ns/g_walls=0.601 Windows=0.00249 Doors=0.00029 IC=0.00000 CO2_BC=0.00011 LR=2.38e-04 nu=0.01 NSraw=0.02137 alpha(W1/W8/all)=0.59/0.39/0.48 | 0.85 it/s
[Iter 27280/30000] Total=0.09614 | NS=0.07987 CO2(scaled)=0.00166 CO2_weight=1.00 guide_w=4.2 Walls=0.00130(x10) g_ns/g_walls=0.601 Windows=0.00138 Doors=0.00015 IC=0.00000 CO2_BC=0.00011 LR=2.38e-04 nu=0.01 NSraw=0.1931 alpha(W1/W8/all)=0.59/0.39/0.48 | 0.85 it/s
[Iter 27290/30000] Total=0.25133 | NS=0.22888 CO2(scaled)=0.00126 CO2_weight=1.00 guide_w=4.2 Walls=0.00185(x10) g_ns/g_walls=0.601 Windows=0.00229 Doors=0.00024 IC=0.00000 CO2_BC=0.00011 LR=2.37e-04 nu=0.01 NSraw=0.8622 alpha(W1/W8/all)=0.59/0.39/0.48 | 0.85 it/s
[Iter 27300/30000] Total=0.19565 | NS=0.14009 CO2(scaled)=0.00133 CO2_weight=1.00 guide_w=5.91 Walls=0.00499(x10) g_ns/g_walls=0.259 Windows=0.00386 Doors=0.00030 IC=0.00000 CO2_BC=0.00012 LR=2.37e-04 nu=0.01 NSraw=0.502 alpha(W1/W8/all)=0.59/0.39/0.48 | 0.85 it/s
[Iter 27310/30000] Total=0.20174 | NS=0.17565 CO2(scaled)=0.00161 CO2_weight=1.00 guide_w=5.91 Walls=0.00219(x10) g_ns/g_walls=0.259 Windows=0.00218 Doors=0.00025 IC=0.00000 CO2_BC=0.00010 LR=2.37e-04 nu=0.01 NSraw=0.5961 alpha(W1/W8/all)=0.59/0.39/0.48 | 0.85 it/s
[Iter 27320/30000] Total=0.10753 | NS=0.09123 CO2(scaled)=0.00109 CO2_weight=1.00 guide_w=5.91 Walls=0.00134(x10) g_ns/g_walls=0.259 Windows=0.00139 Doors=0.00030 IC=0.00000 CO2_BC=0.00011 LR=2.37e-04 nu=0.01 NSraw=0.4052 alpha(W1/W8/all)=0.59/0.39/0.48 | 0.85 it/s
[Iter 27330/30000] Total=0.09841 | NS=0.07697 CO2(scaled)=0.00137 CO2_weight=1.00 guide_w=5.91 Walls=0.00175(x10) g_ns/g_walls=0.259 Windows=0.00224 Doors=0.00025 IC=0.00000 CO2_BC=0.00009 LR=2.37e-04 nu=0.01 NSraw=0.2015 alpha(W1/W8/all)=0.59/0.39/0.48 | 0.85 it/s
[Iter 27340/30000] Total=0.32386 | NS=0.25152 CO2(scaled)=0.00131 CO2_weight=1.00 guide_w=5.91 Walls=0.00650(x10) g_ns/g_walls=0.259 Windows=0.00566 Doors=0.00026 IC=0.00000 CO2_BC=0.00009 LR=2.37e-04 nu=0.01 NSraw=2.348 alpha(W1/W8/all)=0.59/0.39/0.48 | 0.85 it/s
[Iter 27350/30000] Total=0.22984 | NS=0.20297 CO2(scaled)=0.00115 CO2_weight=1.00 guide_w=5.91 Walls=0.00231(x10) g_ns/g_walls=0.259 Windows=0.00223 Doors=0.00031 IC=0.00000 CO2_BC=0.00013 LR=2.37e-04 nu=0.01 NSraw=0.8842 alpha(W1/W8/all)=0.59/0.39/0.48 | 0.85 it/s
[Iter 27360/30000] Total=0.25626 | NS=0.24360 CO2(scaled)=0.00209 CO2_weight=1.00 guide_w=5.91 Walls=0.00092(x10) g_ns/g_walls=0.259 Windows=0.00088 Doors=0.00036 IC=0.00000 CO2_BC=0.00011 LR=2.37e-04 nu=0.01 NSraw=0.7022 alpha(W1/W8/all)=0.59/0.39/0.48 | 0.85 it/s
[Iter 27370/30000] Total=0.08681 | NS=0.07299 CO2(scaled)=0.00255 CO2_weight=1.00 guide_w=5.91 Walls=0.00099(x10) g_ns/g_walls=0.259 Windows=0.00100 Doors=0.00028 IC=0.00000 CO2_BC=0.00012 LR=2.36e-04 nu=0.01 NSraw=0.1511 alpha(W1/W8/all)=0.59/0.39/0.48 | 0.85 it/s
[Iter 27380/30000] Total=0.39498 | NS=0.38676 CO2(scaled)=0.00164 CO2_weight=1.00 guide_w=5.91 Walls=0.00051(x10) g_ns/g_walls=0.259 Windows=0.00104 Doors=0.00026 IC=0.00000 CO2_BC=0.00014 LR=2.36e-04 nu=0.01 NSraw=5.618 alpha(W1/W8/all)=0.59/0.39/0.48 | 0.85 it/s
[Iter 27390/30000] Total=0.10390 | NS=0.08713 CO2(scaled)=0.00128 CO2_weight=1.00 guide_w=5.91 Walls=0.00134(x10) g_ns/g_walls=0.259 Windows=0.00177 Doors=0.00022 IC=0.00000 CO2_BC=0.00011 LR=2.36e-04 nu=0.01 NSraw=0.3392 alpha(W1/W8/all)=0.59/0.39/0.48 | 0.85 it/s
[Iter 27400/30000] Total=0.32064 | NS=0.30319 CO2(scaled)=0.00177 CO2_weight=1.00 guide_w=9.21 Walls=0.00134(x10) g_ns/g_walls=1.47 Windows=0.00184 Doors=0.00030 IC=0.00000 CO2_BC=0.00009 LR=2.36e-04 nu=0.01 NSraw=1.501 alpha(W1/W8/all)=0.59/0.39/0.48 | 0.85 it/s
[Iter 27410/30000] Total=0.15477 | NS=0.14273 CO2(scaled)=0.00187 CO2_weight=1.00 guide_w=9.21 Walls=0.00086(x10) g_ns/g_walls=1.47 Windows=0.00128 Doors=0.00023 IC=0.00000 CO2_BC=0.00010 LR=2.36e-04 nu=0.01 NSraw=0.5533 alpha(W1/W8/all)=0.59/0.39/0.48 | 0.85 it/s
[Iter 27420/30000] Total=0.09422 | NS=0.08607 CO2(scaled)=0.00118 CO2_weight=1.00 guide_w=9.21 Walls=0.00058(x10) g_ns/g_walls=1.47 Windows=0.00083 Doors=0.00022 IC=0.00000 CO2_BC=0.00009 LR=2.36e-04 nu=0.01 NSraw=0.2104 alpha(W1/W8/all)=0.59/0.39/0.48 | 0.85 it/s
[Iter 27430/30000] Total=0.28609 | NS=0.27276 CO2(scaled)=0.00156 CO2_weight=1.00 guide_w=9.21 Walls=0.00098(x10) g_ns/g_walls=1.47 Windows=0.00159 Doors=0.00024 IC=0.00000 CO2_BC=0.00010 LR=2.36e-04 nu=0.01 NSraw=1.305 alpha(W1/W8/all)=0.59/0.39/0.48 | 0.85 it/s
[Iter 27440/30000] Total=0.14687 | NS=0.12993 CO2(scaled)=0.00292 CO2_weight=1.00 guide_w=9.21 Walls=0.00121(x10) g_ns/g_walls=1.47 Windows=0.00154 Doors=0.00024 IC=0.00000 CO2_BC=0.00010 LR=2.36e-04 nu=0.01 NSraw=0.7908 alpha(W1/W8/all)=0.59/0.39/0.48 | 0.85 it/s
[Iter 27450/30000] Total=0.22861 | NS=0.22323 CO2(scaled)=0.00130 CO2_weight=1.00 guide_w=9.21 Walls=0.00027(x10) g_ns/g_walls=1.47 Windows=0.00109 Doors=0.00020 IC=0.00000 CO2_BC=0.00011 LR=2.35e-04 nu=0.01 NSraw=0.7795 alpha(W1/W8/all)=0.59/0.39/0.48 | 0.85 it/s
[Iter 27460/30000] Total=0.09676 | NS=0.08608 CO2(scaled)=0.00149 CO2_weight=1.00 guide_w=9.21 Walls=0.00078(x10) g_ns/g_walls=1.47 Windows=0.00111 Doors=0.00020 IC=0.00000 CO2_BC=0.00010 LR=2.35e-04 nu=0.01 NSraw=0.1596 alpha(W1/W8/all)=0.59/0.39/0.48 | 0.85 it/s
[Iter 27470/30000] Total=0.34884 | NS=0.34145 CO2(scaled)=0.00096 CO2_weight=1.00 guide_w=9.21 Walls=0.00054(x10) g_ns/g_walls=1.47 Windows=0.00083 Doors=0.00016 IC=0.00000 CO2_BC=0.00008 LR=2.35e-04 nu=0.01 NSraw=5.843 alpha(W1/W8/all)=0.59/0.39/0.48 | 0.85 it/s
[Iter 27480/30000] Total=0.20829 | NS=0.18654 CO2(scaled)=0.00130 CO2_weight=1.00 guide_w=9.21 Walls=0.00177(x10) g_ns/g_walls=1.47 Windows=0.00234 Doors=0.00027 IC=0.00000 CO2_BC=0.00010 LR=2.35e-04 nu=0.01 NSraw=0.917 alpha(W1/W8/all)=0.59/0.39/0.48 | 0.85 it/s
[Iter 27490/30000] Total=0.12474 | NS=0.10290 CO2(scaled)=0.00140 CO2_weight=1.00 guide_w=9.21 Walls=0.00181(x10) g_ns/g_walls=1.47 Windows=0.00204 Doors=0.00022 IC=0.00000 CO2_BC=0.00010 LR=2.35e-04 nu=0.01 NSraw=0.2011 alpha(W1/W8/all)=0.59/0.39/0.48 | 0.85 it/s
[Iter 27500/30000] Total=0.35545 | NS=0.33980 CO2(scaled)=0.00135 CO2_weight=1.00 guide_w=25.8 Walls=0.00132(x10) g_ns/g_walls=4.38 Windows=0.00079 Doors=0.00025 IC=0.00000 CO2_BC=0.00010 LR=2.35e-04 nu=0.01 NSraw=7.94 alpha(W1/W8/all)=0.59/0.39/0.48 | 0.85 it/s
[Iter 27510/30000] Total=0.39890 | NS=0.39281 CO2(scaled)=0.00121 CO2_weight=1.00 guide_w=25.8 Walls=0.00037(x10) g_ns/g_walls=4.38 Windows=0.00086 Doors=0.00019 IC=0.00000 CO2_BC=0.00010 LR=2.35e-04 nu=0.01 NSraw=3.572 alpha(W1/W8/all)=0.59/0.39/0.48 | 0.85 it/s
[Iter 27520/30000] Total=0.13857 | NS=0.11825 CO2(scaled)=0.00350 CO2_weight=1.00 guide_w=25.8 Walls=0.00151(x10) g_ns/g_walls=4.38 Windows=0.00142 Doors=0.00024 IC=0.00000 CO2_BC=0.00009 LR=2.35e-04 nu=0.01 NSraw=0.3934 alpha(W1/W8/all)=0.59/0.39/0.48 | 0.85 it/s
[Iter 27530/30000] Total=1.60698 | NS=1.59962 CO2(scaled)=0.00137 CO2_weight=1.00 guide_w=25.8 Walls=0.00045(x10) g_ns/g_walls=4.38 Windows=0.00115 Doors=0.00029 IC=0.00000 CO2_BC=0.00009 LR=2.35e-04 nu=0.01 NSraw=231 alpha(W1/W8/all)=0.59/0.39/0.48 | 0.85 it/s
[Iter 27540/30000] Total=0.11846 | NS=0.11124 CO2(scaled)=0.00121 CO2_weight=1.00 guide_w=25.8 Walls=0.00047(x10) g_ns/g_walls=4.38 Windows=0.00093 Doors=0.00028 IC=0.00000 CO2_BC=0.00009 LR=2.34e-04 nu=0.01 NSraw=0.5401 alpha(W1/W8/all)=0.59/0.39/0.48 | 0.85 it/s
[Iter 27550/30000] Total=0.17446 | NS=0.15365 CO2(scaled)=0.00215 CO2_weight=1.00 guide_w=25.8 Walls=0.00164(x10) g_ns/g_walls=4.38 Windows=0.00187 Doors=0.00029 IC=0.00000 CO2_BC=0.00009 LR=2.34e-04 nu=0.01 NSraw=0.6769 alpha(W1/W8/all)=0.59/0.39/0.48 | 0.85 it/s
[Iter 27560/30000] Total=0.12794 | NS=0.11622 CO2(scaled)=0.00154 CO2_weight=1.00 guide_w=25.8 Walls=0.00083(x10) g_ns/g_walls=4.38 Windows=0.00137 Doors=0.00034 IC=0.00000 CO2_BC=0.00011 LR=2.34e-04 nu=0.01 NSraw=0.2933 alpha(W1/W8/all)=0.59/0.39/0.48 | 0.85 it/s
[Iter 27570/30000] Total=0.15869 | NS=0.14442 CO2(scaled)=0.00154 CO2_weight=1.00 guide_w=25.8 Walls=0.00108(x10) g_ns/g_walls=4.38 Windows=0.00158 Doors=0.00022 IC=0.00000 CO2_BC=0.00013 LR=2.34e-04 nu=0.01 NSraw=0.4173 alpha(W1/W8/all)=0.59/0.39/0.48 | 0.85 it/s
[Iter 27580/30000] Total=0.06538 | NS=0.05781 CO2(scaled)=0.00130 CO2_weight=1.00 guide_w=25.8 Walls=0.00049(x10) g_ns/g_walls=4.38 Windows=0.00104 Doors=0.00019 IC=0.00000 CO2_BC=0.00009 LR=2.34e-04 nu=0.01 NSraw=0.1256 alpha(W1/W8/all)=0.59/0.39/0.48 | 0.85 it/s
[Iter 27590/30000] Total=0.09898 | NS=0.09055 CO2(scaled)=0.00111 CO2_weight=1.00 guide_w=25.8 Walls=0.00058(x10) g_ns/g_walls=4.38 Windows=0.00111 Doors=0.00027 IC=0.00000 CO2_BC=0.00009 LR=2.34e-04 nu=0.01 NSraw=0.1762 alpha(W1/W8/all)=0.59/0.39/0.48 | 0.85 it/s
[Iter 27600/30000] Total=0.12397 | NS=0.11714 CO2(scaled)=0.00113 CO2_weight=1.00 guide_w=17.8 Walls=0.00040(x10) g_ns/g_walls=2.47 Windows=0.00116 Doors=0.00038 IC=0.00000 CO2_BC=0.00011 LR=2.34e-04 nu=0.01 NSraw=0.2707 alpha(W1/W8/all)=0.59/0.39/0.48 | 0.85 it/s
[Iter 27610/30000] Total=0.05389 | NS=0.04744 CO2(scaled)=0.00116 CO2_weight=1.00 guide_w=17.8 Walls=0.00036(x10) g_ns/g_walls=2.47 Windows=0.00119 Doors=0.00037 IC=0.00000 CO2_BC=0.00010 LR=2.34e-04 nu=0.01 NSraw=0.08719 alpha(W1/W8/all)=0.59/0.39/0.48 | 0.85 it/s
[Iter 27620/30000] Total=0.03275 | NS=0.02464 CO2(scaled)=0.00099 CO2_weight=1.00 guide_w=17.8 Walls=0.00057(x10) g_ns/g_walls=2.47 Windows=0.00103 Doors=0.00029 IC=0.00000 CO2_BC=0.00015 LR=2.33e-04 nu=0.01 NSraw=0.02977 alpha(W1/W8/all)=0.59/0.39/0.48 | 0.85 it/s
[Iter 27630/30000] Total=0.18601 | NS=0.15178 CO2(scaled)=0.00151 CO2_weight=1.00 guide_w=17.8 Walls=0.00307(x10) g_ns/g_walls=2.47 Windows=0.00145 Doors=0.00040 IC=0.00000 CO2_BC=0.00014 LR=2.33e-04 nu=0.01 NSraw=0.563 alpha(W1/W8/all)=0.59/0.39/0.48 | 0.85 it/s
[Iter 27640/30000] Total=0.08068 | NS=0.07442 CO2(scaled)=0.00109 CO2_weight=1.00 guide_w=17.8 Walls=0.00038(x10) g_ns/g_walls=2.47 Windows=0.00097 Doors=0.00032 IC=0.00000 CO2_BC=0.00011 LR=2.33e-04 nu=0.01 NSraw=0.1972 alpha(W1/W8/all)=0.59/0.39/0.48 | 0.85 it/s
[Iter 27650/30000] Total=0.54289 | NS=0.53419 CO2(scaled)=0.00105 CO2_weight=1.00 guide_w=17.8 Walls=0.00060(x10) g_ns/g_walls=2.47 Windows=0.00132 Doors=0.00022 IC=0.00000 CO2_BC=0.00012 LR=2.33e-04 nu=0.01 NSraw=18.07 alpha(W1/W8/all)=0.59/0.39/0.48 | 0.85 it/s
[Iter 27660/30000] Total=0.05731 | NS=0.04649 CO2(scaled)=0.00103 CO2_weight=1.00 guide_w=17.8 Walls=0.00087(x10) g_ns/g_walls=2.47 Windows=0.00073 Doors=0.00026 IC=0.00000 CO2_BC=0.00012 LR=2.33e-04 nu=0.01 NSraw=0.08487 alpha(W1/W8/all)=0.59/0.39/0.48 | 0.85 it/s
[Iter 27670/30000] Total=0.11631 | NS=0.10625 CO2(scaled)=0.00136 CO2_weight=1.00 guide_w=17.8 Walls=0.00074(x10) g_ns/g_walls=2.47 Windows=0.00093 Doors=0.00028 IC=0.00000 CO2_BC=0.00009 LR=2.33e-04 nu=0.01 NSraw=0.2615 alpha(W1/W8/all)=0.59/0.39/0.48 | 0.85 it/s
[Iter 27680/30000] Total=0.24676 | NS=0.24094 CO2(scaled)=0.00112 CO2_weight=1.00 guide_w=17.8 Walls=0.00035(x10) g_ns/g_walls=2.47 Windows=0.00073 Doors=0.00033 IC=0.00000 CO2_BC=0.00010 LR=2.33e-04 nu=0.01 NSraw=1.141 alpha(W1/W8/all)=0.59/0.39/0.48 | 0.85 it/s
[Iter 27690/30000] Total=1.16177 | NS=1.15255 CO2(scaled)=0.00113 CO2_weight=1.00 guide_w=17.8 Walls=0.00065(x10) g_ns/g_walls=2.47 Windows=0.00111 Doors=0.00034 IC=0.00000 CO2_BC=0.00012 LR=2.33e-04 nu=0.01 NSraw=110.9 alpha(W1/W8/all)=0.59/0.39/0.48 | 0.85 it/s
[Iter 27700/30000] Total=0.29959 | NS=0.29355 CO2(scaled)=0.00104 CO2_weight=1.00 guide_w=33.1 Walls=0.00038(x10) g_ns/g_walls=3.71 Windows=0.00091 Doors=0.00020 IC=0.00000 CO2_BC=0.00011 LR=2.32e-04 nu=0.01 NSraw=3.141 alpha(W1/W8/all)=0.59/0.39/0.48 | 0.85 it/s
[Iter 27710/30000] Total=1.26551 | NS=1.25506 CO2(scaled)=0.00173 CO2_weight=1.00 guide_w=33.1 Walls=0.00073(x10) g_ns/g_walls=3.71 Windows=0.00092 Doors=0.00040 IC=0.00000 CO2_BC=0.00011 LR=2.32e-04 nu=0.01 NSraw=118.6 alpha(W1/W8/all)=0.59/0.39/0.48 | 0.85 it/s
[Iter 27720/30000] Total=0.19071 | NS=0.16657 CO2(scaled)=0.00121 CO2_weight=1.00 guide_w=33.1 Walls=0.00214(x10) g_ns/g_walls=3.71 Windows=0.00115 Doors=0.00032 IC=0.00000 CO2_BC=0.00011 LR=2.32e-04 nu=0.01 NSraw=0.8165 alpha(W1/W8/all)=0.59/0.39/0.48 | 0.85 it/s
[Iter 27730/30000] Total=0.06256 | NS=0.04963 CO2(scaled)=0.00105 CO2_weight=1.00 guide_w=33.1 Walls=0.00104(x10) g_ns/g_walls=3.71 Windows=0.00109 Doors=0.00030 IC=0.00000 CO2_BC=0.00010 LR=2.32e-04 nu=0.01 NSraw=0.06997 alpha(W1/W8/all)=0.59/0.39/0.48 | 0.85 it/s
[Iter 27740/30000] Total=0.10016 | NS=0.08802 CO2(scaled)=0.00128 CO2_weight=1.00 guide_w=33.1 Walls=0.00092(x10) g_ns/g_walls=3.71 Windows=0.00135 Doors=0.00023 IC=0.00000 CO2_BC=0.00008 LR=2.32e-04 nu=0.01 NSraw=0.2633 alpha(W1/W8/all)=0.59/0.39/0.48 | 0.85 it/s
[Iter 27750/30000] Total=0.06725 | NS=0.05253 CO2(scaled)=0.00129 CO2_weight=1.00 guide_w=33.1 Walls=0.00118(x10) g_ns/g_walls=3.71 Windows=0.00124 Doors=0.00028 IC=0.00000 CO2_BC=0.00010 LR=2.32e-04 nu=0.01 NSraw=0.08799 alpha(W1/W8/all)=0.59/0.39/0.48 | 0.85 it/s
[Iter 27760/30000] Total=0.15712 | NS=0.12951 CO2(scaled)=0.00177 CO2_weight=1.00 guide_w=33.1 Walls=0.00224(x10) g_ns/g_walls=3.71 Windows=0.00304 Doors=0.00029 IC=0.00000 CO2_BC=0.00010 LR=2.32e-04 nu=0.01 NSraw=0.4623 alpha(W1/W8/all)=0.59/0.39/0.48 | 0.85 it/s
[Iter 27770/30000] Total=0.15848 | NS=0.14538 CO2(scaled)=0.00112 CO2_weight=1.00 guide_w=33.1 Walls=0.00103(x10) g_ns/g_walls=3.71 Windows=0.00115 Doors=0.00038 IC=0.00000 CO2_BC=0.00011 LR=2.32e-04 nu=0.01 NSraw=0.615 alpha(W1/W8/all)=0.59/0.39/0.48 | 0.85 it/s
[Iter 27780/30000] Total=0.46671 | NS=0.46053 CO2(scaled)=0.00118 CO2_weight=1.00 guide_w=33.1 Walls=0.00038(x10) g_ns/g_walls=3.71 Windows=0.00086 Doors=0.00024 IC=0.00000 CO2_BC=0.00011 LR=2.31e-04 nu=0.01 NSraw=8.66 alpha(W1/W8/all)=0.59/0.39/0.48 | 0.85 it/s
[Iter 27790/30000] Total=0.09796 | NS=0.07004 CO2(scaled)=0.00153 CO2_weight=1.00 guide_w=33.1 Walls=0.00235(x10) g_ns/g_walls=3.71 Windows=0.00254 Doors=0.00021 IC=0.00000 CO2_BC=0.00010 LR=2.31e-04 nu=0.01 NSraw=0.2384 alpha(W1/W8/all)=0.59/0.39/0.48 | 0.85 it/s
[Iter 27800/30000] Total=0.32948 | NS=0.31833 CO2(scaled)=0.00128 CO2_weight=1.00 guide_w=139 Walls=0.00081(x10) g_ns/g_walls=5.84 Windows=0.00137 Doors=0.00027 IC=0.00000 CO2_BC=0.00010 LR=2.31e-04 nu=0.01 NSraw=2.343 alpha(W1/W8/all)=0.59/0.39/0.48 | 0.85 it/s
[Iter 27810/30000] Total=0.77398 | NS=0.76309 CO2(scaled)=0.00149 CO2_weight=1.00 guide_w=139 Walls=0.00082(x10) g_ns/g_walls=5.84 Windows=0.00081 Doors=0.00033 IC=0.00000 CO2_BC=0.00009 LR=2.31e-04 nu=0.01 NSraw=34.39 alpha(W1/W8/all)=0.59/0.39/0.48 | 0.85 it/s
[Iter 27820/30000] Total=0.06288 | NS=0.04692 CO2(scaled)=0.00273 CO2_weight=1.00 guide_w=139 Walls=0.00116(x10) g_ns/g_walls=5.84 Windows=0.00133 Doors=0.00025 IC=0.00000 CO2_BC=0.00010 LR=2.31e-04 nu=0.01 NSraw=0.06444 alpha(W1/W8/all)=0.59/0.39/0.48 | 0.85 it/s
[Iter 27830/30000] Total=0.04372 | NS=0.03745 CO2(scaled)=0.00119 CO2_weight=1.00 guide_w=139 Walls=0.00040(x10) g_ns/g_walls=5.84 Windows=0.00082 Doors=0.00017 IC=0.00000 CO2_BC=0.00011 LR=2.31e-04 nu=0.01 NSraw=0.05378 alpha(W1/W8/all)=0.59/0.39/0.48 | 0.85 it/s
[Iter 27840/30000] Total=0.09705 | NS=0.08458 CO2(scaled)=0.00185 CO2_weight=1.00 guide_w=139 Walls=0.00092(x10) g_ns/g_walls=5.84 Windows=0.00093 Doors=0.00035 IC=0.00000 CO2_BC=0.00011 LR=2.31e-04 nu=0.01 NSraw=0.2538 alpha(W1/W8/all)=0.59/0.39/0.48 | 0.85 it/s
[Iter 27850/30000] Total=0.11231 | NS=0.09251 CO2(scaled)=0.00144 CO2_weight=1.00 guide_w=139 Walls=0.00167(x10) g_ns/g_walls=5.84 Windows=0.00131 Doors=0.00023 IC=0.00000 CO2_BC=0.00011 LR=2.31e-04 nu=0.01 NSraw=0.235 alpha(W1/W8/all)=0.59/0.39/0.48 | 0.85 it/s
[Iter 27860/30000] Total=0.46009 | NS=0.45148 CO2(scaled)=0.00138 CO2_weight=1.00 guide_w=139 Walls=0.00064(x10) g_ns/g_walls=5.84 Windows=0.00054 Doors=0.00020 IC=0.00000 CO2_BC=0.00011 LR=2.30e-04 nu=0.01 NSraw=14.8 alpha(W1/W8/all)=0.59/0.39/0.48 | 0.85 it/s
[Iter 27870/30000] Total=0.73263 | NS=0.72567 CO2(scaled)=0.00174 CO2_weight=1.00 guide_w=139 Walls=0.00042(x10) g_ns/g_walls=5.84 Windows=0.00075 Doors=0.00014 IC=0.00000 CO2_BC=0.00009 LR=2.30e-04 nu=0.01 NSraw=37.5 alpha(W1/W8/all)=0.59/0.39/0.48 | 0.85 it/s
[Iter 27880/30000] Total=0.45033 | NS=0.43906 CO2(scaled)=0.00100 CO2_weight=1.00 guide_w=139 Walls=0.00089(x10) g_ns/g_walls=5.84 Windows=0.00108 Doors=0.00018 IC=0.00000 CO2_BC=0.00011 LR=2.30e-04 nu=0.01 NSraw=11.21 alpha(W1/W8/all)=0.59/0.39/0.48 | 0.85 it/s
[Iter 27890/30000] Total=0.13489 | NS=0.10472 CO2(scaled)=0.00108 CO2_weight=1.00 guide_w=139 Walls=0.00255(x10) g_ns/g_walls=5.84 Windows=0.00329 Doors=0.00018 IC=0.00000 CO2_BC=0.00010 LR=2.30e-04 nu=0.01 NSraw=0.3303 alpha(W1/W8/all)=0.59/0.39/0.48 | 0.85 it/s
[Iter 27900/30000] Total=0.19983 | NS=0.18638 CO2(scaled)=0.00105 CO2_weight=1.00 guide_w=62 Walls=0.00109(x10) g_ns/g_walls=4.05 Windows=0.00122 Doors=0.00019 IC=0.00000 CO2_BC=0.00011 LR=2.30e-04 nu=0.01 NSraw=1.211 alpha(W1/W8/all)=0.59/0.39/0.48 | 0.85 it/s
[Iter 27910/30000] Total=0.24784 | NS=0.23262 CO2(scaled)=0.00117 CO2_weight=1.00 guide_w=62 Walls=0.00126(x10) g_ns/g_walls=4.05 Windows=0.00117 Doors=0.00024 IC=0.00000 CO2_BC=0.00010 LR=2.30e-04 nu=0.01 NSraw=1.097 alpha(W1/W8/all)=0.59/0.39/0.48 | 0.85 it/s
[Iter 27920/30000] Total=0.20047 | NS=0.18716 CO2(scaled)=0.00181 CO2_weight=1.00 guide_w=62 Walls=0.00100(x10) g_ns/g_walls=4.05 Windows=0.00106 Doors=0.00037 IC=0.00000 CO2_BC=0.00012 LR=2.30e-04 nu=0.01 NSraw=0.9058 alpha(W1/W8/all)=0.59/0.39/0.48 | 0.85 it/s
[Iter 27930/30000] Total=0.15757 | NS=0.14695 CO2(scaled)=0.00136 CO2_weight=1.00 guide_w=62 Walls=0.00076(x10) g_ns/g_walls=4.05 Windows=0.00116 Doors=0.00035 IC=0.00000 CO2_BC=0.00013 LR=2.30e-04 nu=0.01 NSraw=0.8922 alpha(W1/W8/all)=0.59/0.39/0.48 | 0.85 it/s
[Iter 27940/30000] Total=0.37073 | NS=0.35560 CO2(scaled)=0.00126 CO2_weight=1.00 guide_w=62 Walls=0.00115(x10) g_ns/g_walls=4.05 Windows=0.00193 Doors=0.00030 IC=0.00000 CO2_BC=0.00012 LR=2.29e-04 nu=0.01 NSraw=7.744 alpha(W1/W8/all)=0.59/0.39/0.48 | 0.85 it/s
[Iter 27950/30000] Total=0.15827 | NS=0.14556 CO2(scaled)=0.00168 CO2_weight=1.00 guide_w=62 Walls=0.00086(x10) g_ns/g_walls=4.05 Windows=0.00199 Doors=0.00025 IC=0.00000 CO2_BC=0.00015 LR=2.29e-04 nu=0.01 NSraw=0.46 alpha(W1/W8/all)=0.59/0.39/0.48 | 0.85 it/s
[Iter 27960/30000] Total=0.59117 | NS=0.58506 CO2(scaled)=0.00119 CO2_weight=1.00 guide_w=62 Walls=0.00034(x10) g_ns/g_walls=4.05 Windows=0.00094 Doors=0.00039 IC=0.00000 CO2_BC=0.00016 LR=2.29e-04 nu=0.01 NSraw=13.32 alpha(W1/W8/all)=0.59/0.39/0.48 | 0.85 it/s
[Iter 27970/30000] Total=0.65423 | NS=0.64738 CO2(scaled)=0.00129 CO2_weight=1.00 guide_w=62 Walls=0.00043(x10) g_ns/g_walls=4.05 Windows=0.00074 Doors=0.00035 IC=0.00000 CO2_BC=0.00013 LR=2.29e-04 nu=0.01 NSraw=31.31 alpha(W1/W8/all)=0.59/0.39/0.48 | 0.85 it/s
[Iter 27980/30000] Total=0.13435 | NS=0.12849 CO2(scaled)=0.00126 CO2_weight=1.00 guide_w=62 Walls=0.00028(x10) g_ns/g_walls=4.05 Windows=0.00125 Doors=0.00037 IC=0.00000 CO2_BC=0.00014 LR=2.29e-04 nu=0.01 NSraw=0.4077 alpha(W1/W8/all)=0.59/0.39/0.48 | 0.85 it/s
[Iter 27990/30000] Total=0.16099 | NS=0.15119 CO2(scaled)=0.00129 CO2_weight=1.00 guide_w=62 Walls=0.00071(x10) g_ns/g_walls=4.05 Windows=0.00102 Doors=0.00025 IC=0.00000 CO2_BC=0.00012 LR=2.29e-04 nu=0.01 NSraw=0.7053 alpha(W1/W8/all)=0.59/0.39/0.48 | 0.85 it/s
[Iter 28000/30000] Total=0.16734 | NS=0.15891 CO2(scaled)=0.00127 CO2_weight=1.00 guide_w=26.2 Walls=0.00048(x10) g_ns/g_walls=4.77 Windows=0.00186 Doors=0.00040 IC=0.00000 CO2_BC=0.00011 LR=2.29e-04 nu=0.01 NSraw=0.6718 alpha(W1/W8/all)=0.59/0.39/0.48 | 0.85 it/s
  -> saved checkpoint: /home/iai-labor/BuildingControlCFD/experiments/gnot/checkpoints/v25_nsuniform_ab/gnot_v25_nsuniform_ab_iter28000.pth
[Iter 28010/30000] Total=0.24943 | NS=0.23960 CO2(scaled)=0.00176 CO2_weight=1.00 guide_w=26.2 Walls=0.00064(x10) g_ns/g_walls=4.77 Windows=0.00094 Doors=0.00059 IC=0.00000 CO2_BC=0.00011 LR=2.29e-04 nu=0.01 NSraw=4.522 alpha(W1/W8/all)=0.59/0.39/0.48 | 0.85 it/s
[Iter 28020/30000] Total=1.56366 | NS=1.55683 CO2(scaled)=0.00138 CO2_weight=1.00 guide_w=26.2 Walls=0.00041(x10) g_ns/g_walls=4.77 Windows=0.00069 Doors=0.00057 IC=0.00000 CO2_BC=0.00011 LR=2.29e-04 nu=0.01 NSraw=200.8 alpha(W1/W8/all)=0.59/0.39/0.48 | 0.85 it/s
[Iter 28030/30000] Total=0.21207 | NS=0.18650 CO2(scaled)=0.00245 CO2_weight=1.00 guide_w=26.2 Walls=0.00205(x10) g_ns/g_walls=4.77 Windows=0.00212 Doors=0.00038 IC=0.00000 CO2_BC=0.00013 LR=2.28e-04 nu=0.01 NSraw=0.6348 alpha(W1/W8/all)=0.59/0.39/0.48 | 0.85 it/s
[Iter 28040/30000] Total=0.25108 | NS=0.21350 CO2(scaled)=0.00145 CO2_weight=1.00 guide_w=26.2 Walls=0.00321(x10) g_ns/g_walls=4.77 Windows=0.00368 Doors=0.00027 IC=0.00000 CO2_BC=0.00010 LR=2.28e-04 nu=0.01 NSraw=1.515 alpha(W1/W8/all)=0.59/0.39/0.48 | 0.85 it/s
[Iter 28050/30000] Total=0.44924 | NS=0.42910 CO2(scaled)=0.00115 CO2_weight=1.00 guide_w=26.2 Walls=0.00165(x10) g_ns/g_walls=4.77 Windows=0.00198 Doors=0.00038 IC=0.00000 CO2_BC=0.00010 LR=2.28e-04 nu=0.01 NSraw=5.866 alpha(W1/W8/all)=0.59/0.39/0.48 | 0.85 it/s
[Iter 28060/30000] Total=0.08282 | NS=0.07549 CO2(scaled)=0.00102 CO2_weight=1.00 guide_w=26.2 Walls=0.00049(x10) g_ns/g_walls=4.77 Windows=0.00096 Doors=0.00029 IC=0.00000 CO2_BC=0.00011 LR=2.28e-04 nu=0.01 NSraw=0.1601 alpha(W1/W8/all)=0.59/0.39/0.48 | 0.85 it/s
[Iter 28070/30000] Total=0.16003 | NS=0.12313 CO2(scaled)=0.00578 CO2_weight=1.00 guide_w=26.2 Walls=0.00284(x10) g_ns/g_walls=4.77 Windows=0.00235 Doors=0.00026 IC=0.00000 CO2_BC=0.00011 LR=2.28e-04 nu=0.01 NSraw=0.3842 alpha(W1/W8/all)=0.59/0.39/0.48 | 0.85 it/s
[Iter 28080/30000] Total=0.11942 | NS=0.11051 CO2(scaled)=0.00123 CO2_weight=1.00 guide_w=26.2 Walls=0.00062(x10) g_ns/g_walls=4.77 Windows=0.00112 Doors=0.00022 IC=0.00000 CO2_BC=0.00011 LR=2.28e-04 nu=0.01 NSraw=0.2951 alpha(W1/W8/all)=0.59/0.39/0.48 | 0.85 it/s
[Iter 28090/30000] Total=0.16011 | NS=0.14669 CO2(scaled)=0.00112 CO2_weight=1.00 guide_w=26.2 Walls=0.00107(x10) g_ns/g_walls=4.77 Windows=0.00124 Doors=0.00027 IC=0.00000 CO2_BC=0.00010 LR=2.28e-04 nu=0.01 NSraw=0.6527 alpha(W1/W8/all)=0.59/0.39/0.48 | 0.85 it/s
[Iter 28100/30000] Total=0.09685 | NS=0.07820 CO2(scaled)=0.00198 CO2_weight=1.00 guide_w=2.3 Walls=0.00145(x10) g_ns/g_walls=0.387 Windows=0.00171 Doors=0.00033 IC=0.00000 CO2_BC=0.00011 LR=2.28e-04 nu=0.01 NSraw=0.1425 alpha(W1/W8/all)=0.59/0.39/0.48 | 0.85 it/s
[Iter 28110/30000] Total=0.58654 | NS=0.56076 CO2(scaled)=0.00243 CO2_weight=1.00 guide_w=2.3 Walls=0.00206(x10) g_ns/g_walls=0.387 Windows=0.00245 Doors=0.00019 IC=0.00000 CO2_BC=0.00010 LR=2.27e-04 nu=0.01 NSraw=17.15 alpha(W1/W8/all)=0.59/0.39/0.48 | 0.85 it/s
[Iter 28120/30000] Total=0.12802 | NS=0.10512 CO2(scaled)=0.00123 CO2_weight=1.00 guide_w=2.3 Walls=0.00193(x10) g_ns/g_walls=0.387 Windows=0.00198 Doors=0.00033 IC=0.00000 CO2_BC=0.00011 LR=2.27e-04 nu=0.01 NSraw=0.3107 alpha(W1/W8/all)=0.59/0.39/0.48 | 0.85 it/s
[Iter 28130/30000] Total=0.05547 | NS=0.02595 CO2(scaled)=0.00115 CO2_weight=1.00 guide_w=2.3 Walls=0.00251(x10) g_ns/g_walls=0.387 Windows=0.00292 Doors=0.00023 IC=0.00000 CO2_BC=0.00009 LR=2.27e-04 nu=0.01 NSraw=0.03196 alpha(W1/W8/all)=0.59/0.39/0.48 | 0.85 it/s
[Iter 28140/30000] Total=0.08666 | NS=0.07731 CO2(scaled)=0.00117 CO2_weight=1.00 guide_w=2.3 Walls=0.00068(x10) g_ns/g_walls=0.387 Windows=0.00104 Doors=0.00022 IC=0.00000 CO2_BC=0.00013 LR=2.27e-04 nu=0.01 NSraw=0.1559 alpha(W1/W8/all)=0.59/0.39/0.48 | 0.85 it/s
[Iter 28150/30000] Total=0.12063 | NS=0.11386 CO2(scaled)=0.00162 CO2_weight=1.00 guide_w=2.3 Walls=0.00037(x10) g_ns/g_walls=0.387 Windows=0.00105 Doors=0.00028 IC=0.00000 CO2_BC=0.00012 LR=2.27e-04 nu=0.01 NSraw=0.3871 alpha(W1/W8/all)=0.59/0.39/0.48 | 0.85 it/s
[Iter 28160/30000] Total=0.08080 | NS=0.07443 CO2(scaled)=0.00128 CO2_weight=1.00 guide_w=2.3 Walls=0.00038(x10) g_ns/g_walls=0.387 Windows=0.00085 Doors=0.00031 IC=0.00000 CO2_BC=0.00012 LR=2.27e-04 nu=0.01 NSraw=0.2001 alpha(W1/W8/all)=0.59/0.39/0.48 | 0.85 it/s
[Iter 28170/30000] Total=0.06767 | NS=0.05511 CO2(scaled)=0.00154 CO2_weight=1.00 guide_w=2.3 Walls=0.00097(x10) g_ns/g_walls=0.387 Windows=0.00091 Doors=0.00032 IC=0.00000 CO2_BC=0.00011 LR=2.27e-04 nu=0.01 NSraw=0.08815 alpha(W1/W8/all)=0.59/0.39/0.48 | 0.85 it/s
[Iter 28180/30000] Total=0.13914 | NS=0.12994 CO2(scaled)=0.00141 CO2_weight=1.00 guide_w=2.3 Walls=0.00066(x10) g_ns/g_walls=0.387 Windows=0.00086 Doors=0.00024 IC=0.00000 CO2_BC=0.00008 LR=2.27e-04 nu=0.01 NSraw=0.303 alpha(W1/W8/all)=0.59/0.39/0.48 | 0.85 it/s
[Iter 28190/30000] Total=1.08751 | NS=1.08026 CO2(scaled)=0.00124 CO2_weight=1.00 guide_w=2.3 Walls=0.00045(x10) g_ns/g_walls=0.387 Windows=0.00104 Doors=0.00032 IC=0.00000 CO2_BC=0.00013 LR=2.26e-04 nu=0.01 NSraw=99.22 alpha(W1/W8/all)=0.59/0.39/0.48 | 0.85 it/s
[Iter 28200/30000] Total=0.19046 | NS=0.18359 CO2(scaled)=0.00120 CO2_weight=1.00 guide_w=9.13 Walls=0.00045(x10) g_ns/g_walls=1.35 Windows=0.00080 Doors=0.00023 IC=0.00000 CO2_BC=0.00011 LR=2.26e-04 nu=0.01 NSraw=0.8625 alpha(W1/W8/all)=0.59/0.39/0.48 | 0.85 it/s
[Iter 28210/30000] Total=0.26113 | NS=0.25623 CO2(scaled)=0.00113 CO2_weight=1.00 guide_w=9.13 Walls=0.00029(x10) g_ns/g_walls=1.35 Windows=0.00055 Doors=0.00020 IC=0.00000 CO2_BC=0.00011 LR=2.26e-04 nu=0.01 NSraw=1.28 alpha(W1/W8/all)=0.59/0.39/0.48 | 0.85 it/s
[Iter 28220/30000] Total=0.13487 | NS=0.12512 CO2(scaled)=0.00145 CO2_weight=1.00 guide_w=9.13 Walls=0.00070(x10) g_ns/g_walls=1.35 Windows=0.00096 Doors=0.00025 IC=0.00000 CO2_BC=0.00010 LR=2.26e-04 nu=0.01 NSraw=0.5904 alpha(W1/W8/all)=0.59/0.39/0.48 | 0.85 it/s
[Iter 28230/30000] Total=0.20186 | NS=0.18447 CO2(scaled)=0.00251 CO2_weight=1.00 guide_w=9.13 Walls=0.00129(x10) g_ns/g_walls=1.35 Windows=0.00170 Doors=0.00024 IC=0.00000 CO2_BC=0.00007 LR=2.26e-04 nu=0.01 NSraw=0.782 alpha(W1/W8/all)=0.59/0.39/0.48 | 0.85 it/s
[Iter 28240/30000] Total=0.18339 | NS=0.17068 CO2(scaled)=0.00190 CO2_weight=1.00 guide_w=9.13 Walls=0.00092(x10) g_ns/g_walls=1.35 Windows=0.00135 Doors=0.00020 IC=0.00000 CO2_BC=0.00009 LR=2.26e-04 nu=0.01 NSraw=0.8011 alpha(W1/W8/all)=0.59/0.39/0.48 | 0.85 it/s
[Iter 28250/30000] Total=0.20444 | NS=0.18725 CO2(scaled)=0.00177 CO2_weight=1.00 guide_w=9.13 Walls=0.00134(x10) g_ns/g_walls=1.35 Windows=0.00173 Doors=0.00023 IC=0.00000 CO2_BC=0.00008 LR=2.26e-04 nu=0.01 NSraw=1.64 alpha(W1/W8/all)=0.59/0.39/0.48 | 0.85 it/s
[Iter 28260/30000] Total=0.08770 | NS=0.04030 CO2(scaled)=0.00220 CO2_weight=1.00 guide_w=9.13 Walls=0.00409(x10) g_ns/g_walls=1.35 Windows=0.00404 Doors=0.00019 IC=0.00000 CO2_BC=0.00009 LR=2.26e-04 nu=0.01 NSraw=0.07413 alpha(W1/W8/all)=0.59/0.39/0.48 | 0.85 it/s
[Iter 28270/30000] Total=0.30004 | NS=0.28608 CO2(scaled)=0.00188 CO2_weight=1.00 guide_w=9.13 Walls=0.00104(x10) g_ns/g_walls=1.35 Windows=0.00140 Doors=0.00017 IC=0.00000 CO2_BC=0.00010 LR=2.26e-04 nu=0.01 NSraw=3.999 alpha(W1/W8/all)=0.59/0.39/0.48 | 0.85 it/s
[Iter 28280/30000] Total=0.17035 | NS=0.15838 CO2(scaled)=0.00133 CO2_weight=1.00 guide_w=9.13 Walls=0.00091(x10) g_ns/g_walls=1.35 Windows=0.00119 Doors=0.00027 IC=0.00000 CO2_BC=0.00010 LR=2.25e-04 nu=0.01 NSraw=0.6753 alpha(W1/W8/all)=0.59/0.39/0.48 | 0.85 it/s
[Iter 28290/30000] Total=0.07462 | NS=0.06638 CO2(scaled)=0.00129 CO2_weight=1.00 guide_w=9.13 Walls=0.00056(x10) g_ns/g_walls=1.35 Windows=0.00106 Doors=0.00024 IC=0.00000 CO2_BC=0.00010 LR=2.25e-04 nu=0.01 NSraw=0.1138 alpha(W1/W8/all)=0.59/0.39/0.48 | 0.85 it/s
[Iter 28300/30000] Total=0.12951 | NS=0.12270 CO2(scaled)=0.00122 CO2_weight=1.00 guide_w=5.9 Walls=0.00044(x10) g_ns/g_walls=1.94 Windows=0.00089 Doors=0.00018 IC=0.00000 CO2_BC=0.00009 LR=2.25e-04 nu=0.01 NSraw=0.282 alpha(W1/W8/all)=0.59/0.39/0.48 | 0.85 it/s
[Iter 28310/30000] Total=0.16465 | NS=0.15743 CO2(scaled)=0.00097 CO2_weight=1.00 guide_w=5.9 Walls=0.00052(x10) g_ns/g_walls=1.94 Windows=0.00072 Doors=0.00028 IC=0.00000 CO2_BC=0.00010 LR=2.25e-04 nu=0.01 NSraw=0.655 alpha(W1/W8/all)=0.59/0.39/0.48 | 0.85 it/s
[Iter 28320/30000] Total=0.20092 | NS=0.19041 CO2(scaled)=0.00211 CO2_weight=1.00 guide_w=5.9 Walls=0.00072(x10) g_ns/g_walls=1.94 Windows=0.00085 Doors=0.00026 IC=0.00000 CO2_BC=0.00010 LR=2.25e-04 nu=0.01 NSraw=0.8308 alpha(W1/W8/all)=0.59/0.39/0.48 | 0.85 it/s
[Iter 28330/30000] Total=0.11632 | NS=0.10664 CO2(scaled)=0.00124 CO2_weight=1.00 guide_w=5.9 Walls=0.00073(x10) g_ns/g_walls=1.94 Windows=0.00082 Doors=0.00021 IC=0.00000 CO2_BC=0.00012 LR=2.25e-04 nu=0.01 NSraw=0.3456 alpha(W1/W8/all)=0.59/0.39/0.48 | 0.85 it/s
[Iter 28340/30000] Total=0.07817 | NS=0.06624 CO2(scaled)=0.00204 CO2_weight=1.00 guide_w=5.9 Walls=0.00086(x10) g_ns/g_walls=1.94 Windows=0.00083 Doors=0.00028 IC=0.00000 CO2_BC=0.00013 LR=2.25e-04 nu=0.01 NSraw=0.1153 alpha(W1/W8/all)=0.59/0.39/0.48 | 0.85 it/s
[Iter 28350/30000] Total=0.10134 | NS=0.09547 CO2(scaled)=0.00080 CO2_weight=1.00 guide_w=5.9 Walls=0.00039(x10) g_ns/g_walls=1.94 Windows=0.00075 Doors=0.00030 IC=0.00000 CO2_BC=0.00008 LR=2.25e-04 nu=0.01 NSraw=0.205 alpha(W1/W8/all)=0.59/0.39/0.48 | 0.85 it/s
[Iter 28360/30000] Total=0.13278 | NS=0.11496 CO2(scaled)=0.00328 CO2_weight=1.00 guide_w=5.9 Walls=0.00132(x10) g_ns/g_walls=1.94 Windows=0.00103 Doors=0.00028 IC=0.00000 CO2_BC=0.00008 LR=2.24e-04 nu=0.01 NSraw=0.4623 alpha(W1/W8/all)=0.59/0.39/0.48 | 0.85 it/s
[Iter 28370/30000] Total=0.19037 | NS=0.17654 CO2(scaled)=0.00242 CO2_weight=1.00 guide_w=5.9 Walls=0.00091(x10) g_ns/g_walls=1.94 Windows=0.00200 Doors=0.00027 IC=0.00000 CO2_BC=0.00009 LR=2.24e-04 nu=0.01 NSraw=0.7884 alpha(W1/W8/all)=0.59/0.39/0.48 | 0.85 it/s
[Iter 28380/30000] Total=0.19638 | NS=0.18504 CO2(scaled)=0.00145 CO2_weight=1.00 guide_w=5.9 Walls=0.00071(x10) g_ns/g_walls=1.94 Windows=0.00235 Doors=0.00029 IC=0.00000 CO2_BC=0.00014 LR=2.24e-04 nu=0.01 NSraw=0.812 alpha(W1/W8/all)=0.59/0.39/0.48 | 0.85 it/s
[Iter 28390/30000] Total=0.11717 | NS=0.10107 CO2(scaled)=0.00182 CO2_weight=1.00 guide_w=5.9 Walls=0.00122(x10) g_ns/g_walls=1.94 Windows=0.00164 Doors=0.00031 IC=0.00000 CO2_BC=0.00011 LR=2.24e-04 nu=0.01 NSraw=0.313 alpha(W1/W8/all)=0.59/0.39/0.48 | 0.85 it/s
[Iter 28400/30000] Total=0.05474 | NS=0.04805 CO2(scaled)=0.00102 CO2_weight=1.00 guide_w=1.67 Walls=0.00041(x10) g_ns/g_walls=0.326 Windows=0.00103 Doors=0.00041 IC=0.00000 CO2_BC=0.00011 LR=2.24e-04 nu=0.01 NSraw=0.07837 alpha(W1/W8/all)=0.59/0.39/0.48 | 0.85 it/s
[Iter 28410/30000] Total=0.29289 | NS=0.28442 CO2(scaled)=0.00111 CO2_weight=1.00 guide_w=1.67 Walls=0.00058(x10) g_ns/g_walls=0.326 Windows=0.00112 Doors=0.00038 IC=0.00000 CO2_BC=0.00010 LR=2.24e-04 nu=0.01 NSraw=2.38 alpha(W1/W8/all)=0.59/0.39/0.48 | 0.85 it/s
[Iter 28420/30000] Total=0.09162 | NS=0.08610 CO2(scaled)=0.00105 CO2_weight=1.00 guide_w=1.67 Walls=0.00033(x10) g_ns/g_walls=0.326 Windows=0.00083 Doors=0.00027 IC=0.00000 CO2_BC=0.00011 LR=2.24e-04 nu=0.01 NSraw=0.1775 alpha(W1/W8/all)=0.59/0.39/0.48 | 0.85 it/s
[Iter 28430/30000] Total=0.59046 | NS=0.58230 CO2(scaled)=0.00129 CO2_weight=1.00 guide_w=1.67 Walls=0.00055(x10) g_ns/g_walls=0.326 Windows=0.00099 Doors=0.00027 IC=0.00000 CO2_BC=0.00012 LR=2.24e-04 nu=0.01 NSraw=7.509 alpha(W1/W8/all)=0.59/0.39/0.48 | 0.85 it/s
[Iter 28440/30000] Total=0.71344 | NS=0.70545 CO2(scaled)=0.00153 CO2_weight=1.00 guide_w=1.67 Walls=0.00051(x10) g_ns/g_walls=0.326 Windows=0.00106 Doors=0.00021 IC=0.00000 CO2_BC=0.00011 LR=2.24e-04 nu=0.01 NSraw=24.81 alpha(W1/W8/all)=0.59/0.39/0.48 | 0.85 it/s
[Iter 28450/30000] Total=0.79377 | NS=0.77336 CO2(scaled)=0.00206 CO2_weight=1.00 guide_w=1.67 Walls=0.00163(x10) g_ns/g_walls=0.326 Windows=0.00163 Doors=0.00033 IC=0.00000 CO2_BC=0.00010 LR=2.23e-04 nu=0.01 NSraw=19.61 alpha(W1/W8/all)=0.59/0.39/0.48 | 0.85 it/s
[Iter 28460/30000] Total=0.10988 | NS=0.08560 CO2(scaled)=0.00454 CO2_weight=1.00 guide_w=1.67 Walls=0.00177(x10) g_ns/g_walls=0.326 Windows=0.00174 Doors=0.00025 IC=0.00000 CO2_BC=0.00009 LR=2.23e-04 nu=0.01 NSraw=0.2386 alpha(W1/W8/all)=0.59/0.39/0.48 | 0.85 it/s
[Iter 28470/30000] Total=0.19033 | NS=0.16413 CO2(scaled)=0.00207 CO2_weight=1.00 guide_w=1.67 Walls=0.00212(x10) g_ns/g_walls=0.326 Windows=0.00258 Doors=0.00028 IC=0.00000 CO2_BC=0.00011 LR=2.23e-04 nu=0.01 NSraw=0.7712 alpha(W1/W8/all)=0.59/0.39/0.48 | 0.85 it/s
[Iter 28480/30000] Total=0.11915 | NS=0.11078 CO2(scaled)=0.00149 CO2_weight=1.00 guide_w=1.67 Walls=0.00055(x10) g_ns/g_walls=0.326 Windows=0.00107 Doors=0.00026 IC=0.00000 CO2_BC=0.00010 LR=2.23e-04 nu=0.01 NSraw=0.2696 alpha(W1/W8/all)=0.59/0.39/0.48 | 0.85 it/s
[Iter 28490/30000] Total=0.11931 | NS=0.11054 CO2(scaled)=0.00131 CO2_weight=1.00 guide_w=1.67 Walls=0.00060(x10) g_ns/g_walls=0.326 Windows=0.00108 Doors=0.00028 IC=0.00000 CO2_BC=0.00011 LR=2.23e-04 nu=0.01 NSraw=0.2705 alpha(W1/W8/all)=0.59/0.39/0.48 | 0.85 it/s
[Iter 28500/30000] Total=0.14635 | NS=0.13888 CO2(scaled)=0.00128 CO2_weight=1.00 guide_w=3.7 Walls=0.00049(x10) g_ns/g_walls=0.792 Windows=0.00095 Doors=0.00023 IC=0.00000 CO2_BC=0.00011 LR=2.23e-04 nu=0.01 NSraw=0.4844 alpha(W1/W8/all)=0.59/0.39/0.48 | 0.85 it/s
[Iter 28510/30000] Total=0.14355 | NS=0.13194 CO2(scaled)=0.00128 CO2_weight=1.00 guide_w=3.7 Walls=0.00093(x10) g_ns/g_walls=0.792 Windows=0.00060 Doors=0.00030 IC=0.00000 CO2_BC=0.00012 LR=2.23e-04 nu=0.01 NSraw=0.3583 alpha(W1/W8/all)=0.59/0.39/0.48 | 0.85 it/s
[Iter 28520/30000] Total=0.20581 | NS=0.19477 CO2(scaled)=0.00240 CO2_weight=1.00 guide_w=3.7 Walls=0.00073(x10) g_ns/g_walls=0.792 Windows=0.00090 Doors=0.00035 IC=0.00000 CO2_BC=0.00010 LR=2.23e-04 nu=0.01 NSraw=2.39 alpha(W1/W8/all)=0.59/0.39/0.48 | 0.85 it/s
[Iter 28530/30000] Total=0.14641 | NS=0.13327 CO2(scaled)=0.00295 CO2_weight=1.00 guide_w=3.7 Walls=0.00086(x10) g_ns/g_walls=0.792 Windows=0.00130 Doors=0.00024 IC=0.00000 CO2_BC=0.00009 LR=2.22e-04 nu=0.01 NSraw=0.3874 alpha(W1/W8/all)=0.59/0.39/0.48 | 0.85 it/s
[Iter 28540/30000] Total=0.15863 | NS=0.14937 CO2(scaled)=0.00153 CO2_weight=1.00 guide_w=3.7 Walls=0.00063(x10) g_ns/g_walls=0.792 Windows=0.00101 Doors=0.00032 IC=0.00000 CO2_BC=0.00011 LR=2.22e-04 nu=0.01 NSraw=0.4413 alpha(W1/W8/all)=0.59/0.39/0.48 | 0.85 it/s
[Iter 28550/30000] Total=0.40399 | NS=0.39496 CO2(scaled)=0.00175 CO2_weight=1.00 guide_w=3.7 Walls=0.00061(x10) g_ns/g_walls=0.792 Windows=0.00081 Doors=0.00030 IC=0.00000 CO2_BC=0.00009 LR=2.22e-04 nu=0.01 NSraw=5.04 alpha(W1/W8/all)=0.59/0.39/0.48 | 0.85 it/s
[Iter 28560/30000] Total=0.20548 | NS=0.19638 CO2(scaled)=0.00141 CO2_weight=1.00 guide_w=3.7 Walls=0.00063(x10) g_ns/g_walls=0.792 Windows=0.00095 Doors=0.00036 IC=0.00000 CO2_BC=0.00010 LR=2.22e-04 nu=0.01 NSraw=1.286 alpha(W1/W8/all)=0.59/0.39/0.48 | 0.85 it/s
[Iter 28570/30000] Total=0.43345 | NS=0.40770 CO2(scaled)=0.00102 CO2_weight=1.00 guide_w=3.7 Walls=0.00232(x10) g_ns/g_walls=0.792 Windows=0.00117 Doors=0.00022 IC=0.00000 CO2_BC=0.00010 LR=2.22e-04 nu=0.01 NSraw=5.35 alpha(W1/W8/all)=0.59/0.39/0.48 | 0.85 it/s
[Iter 28580/30000] Total=0.06376 | NS=0.05598 CO2(scaled)=0.00124 CO2_weight=1.00 guide_w=3.7 Walls=0.00052(x10) g_ns/g_walls=0.792 Windows=0.00093 Doors=0.00034 IC=0.00000 CO2_BC=0.00011 LR=2.22e-04 nu=0.01 NSraw=0.0806 alpha(W1/W8/all)=0.59/0.39/0.48 | 0.85 it/s
[Iter 28590/30000] Total=0.16730 | NS=0.14924 CO2(scaled)=0.00099 CO2_weight=1.00 guide_w=3.7 Walls=0.00149(x10) g_ns/g_walls=0.792 Windows=0.00179 Doors=0.00031 IC=0.00000 CO2_BC=0.00009 LR=2.22e-04 nu=0.01 NSraw=0.5365 alpha(W1/W8/all)=0.59/0.39/0.48 | 0.85 it/s
[Iter 28600/30000] Total=0.11970 | NS=0.09889 CO2(scaled)=0.00120 CO2_weight=1.00 guide_w=2.49 Walls=0.00172(x10) g_ns/g_walls=0.268 Windows=0.00196 Doors=0.00033 IC=0.00000 CO2_BC=0.00009 LR=2.22e-04 nu=0.01 NSraw=0.3093 alpha(W1/W8/all)=0.59/0.39/0.48 | 0.85 it/s
[Iter 28610/30000] Total=0.17672 | NS=0.16450 CO2(scaled)=0.00112 CO2_weight=1.00 guide_w=2.49 Walls=0.00095(x10) g_ns/g_walls=0.268 Windows=0.00117 Doors=0.00035 IC=0.00000 CO2_BC=0.00011 LR=2.22e-04 nu=0.01 NSraw=0.9114 alpha(W1/W8/all)=0.59/0.39/0.48 | 0.85 it/s
[Iter 28620/30000] Total=0.17077 | NS=0.15998 CO2(scaled)=0.00141 CO2_weight=1.00 guide_w=2.49 Walls=0.00079(x10) g_ns/g_walls=0.268 Windows=0.00103 Doors=0.00035 IC=0.00000 CO2_BC=0.00012 LR=2.21e-04 nu=0.01 NSraw=0.7222 alpha(W1/W8/all)=0.59/0.39/0.48 | 0.85 it/s
[Iter 28630/30000] Total=0.13679 | NS=0.12527 CO2(scaled)=0.00221 CO2_weight=1.00 guide_w=2.49 Walls=0.00077(x10) g_ns/g_walls=0.268 Windows=0.00118 Doors=0.00035 IC=0.00000 CO2_BC=0.00009 LR=2.21e-04 nu=0.01 NSraw=0.6031 alpha(W1/W8/all)=0.59/0.39/0.48 | 0.85 it/s
[Iter 28640/30000] Total=0.60642 | NS=0.59769 CO2(scaled)=0.00171 CO2_weight=1.00 guide_w=2.49 Walls=0.00058(x10) g_ns/g_walls=0.268 Windows=0.00085 Doors=0.00026 IC=0.00000 CO2_BC=0.00010 LR=2.21e-04 nu=0.01 NSraw=24.69 alpha(W1/W8/all)=0.59/0.39/0.48 | 0.85 it/s
[Iter 28650/30000] Total=0.09377 | NS=0.07155 CO2(scaled)=0.00370 CO2_weight=1.00 guide_w=2.49 Walls=0.00162(x10) g_ns/g_walls=0.268 Windows=0.00180 Doors=0.00041 IC=0.00000 CO2_BC=0.00010 LR=2.21e-04 nu=0.01 NSraw=0.1596 alpha(W1/W8/all)=0.59/0.39/0.48 | 0.85 it/s
[Iter 28660/30000] Total=0.16758 | NS=0.15384 CO2(scaled)=0.00243 CO2_weight=1.00 guide_w=2.49 Walls=0.00089(x10) g_ns/g_walls=0.268 Windows=0.00194 Doors=0.00032 IC=0.00000 CO2_BC=0.00013 LR=2.21e-04 nu=0.01 NSraw=0.6366 alpha(W1/W8/all)=0.59/0.39/0.48 | 0.85 it/s
[Iter 28670/30000] Total=0.32494 | NS=0.31558 CO2(scaled)=0.00136 CO2_weight=1.00 guide_w=2.49 Walls=0.00063(x10) g_ns/g_walls=0.268 Windows=0.00116 Doors=0.00046 IC=0.00000 CO2_BC=0.00010 LR=2.21e-04 nu=0.01 NSraw=2.454 alpha(W1/W8/all)=0.59/0.39/0.48 | 0.85 it/s
[Iter 28680/30000] Total=0.27926 | NS=0.26753 CO2(scaled)=0.00215 CO2_weight=1.00 guide_w=2.49 Walls=0.00080(x10) g_ns/g_walls=0.268 Windows=0.00108 Doors=0.00040 IC=0.00000 CO2_BC=0.00009 LR=2.21e-04 nu=0.01 NSraw=2.566 alpha(W1/W8/all)=0.59/0.39/0.48 | 0.85 it/s
[Iter 28690/30000] Total=0.09087 | NS=0.08163 CO2(scaled)=0.00164 CO2_weight=1.00 guide_w=2.49 Walls=0.00061(x10) g_ns/g_walls=0.268 Windows=0.00109 Doors=0.00027 IC=0.00000 CO2_BC=0.00010 LR=2.21e-04 nu=0.01 NSraw=0.1738 alpha(W1/W8/all)=0.59/0.39/0.48 | 0.85 it/s
[Iter 28700/30000] Total=0.08700 | NS=0.07920 CO2(scaled)=0.00131 CO2_weight=1.00 guide_w=8.65 Walls=0.00051(x10) g_ns/g_walls=0.809 Windows=0.00097 Doors=0.00031 IC=0.00000 CO2_BC=0.00009 LR=2.20e-04 nu=0.01 NSraw=0.1445 alpha(W1/W8/all)=0.59/0.39/0.48 | 0.85 it/s
[Iter 28710/30000] Total=0.16473 | NS=0.15814 CO2(scaled)=0.00103 CO2_weight=1.00 guide_w=8.65 Walls=0.00043(x10) g_ns/g_walls=0.809 Windows=0.00079 Doors=0.00032 IC=0.00000 CO2_BC=0.00011 LR=2.20e-04 nu=0.01 NSraw=0.5179 alpha(W1/W8/all)=0.59/0.39/0.48 | 0.85 it/s
[Iter 28720/30000] Total=0.11326 | NS=0.10373 CO2(scaled)=0.00099 CO2_weight=1.00 guide_w=8.65 Walls=0.00071(x10) g_ns/g_walls=0.809 Windows=0.00103 Doors=0.00028 IC=0.00000 CO2_BC=0.00009 LR=2.20e-04 nu=0.01 NSraw=0.4474 alpha(W1/W8/all)=0.59/0.39/0.48 | 0.85 it/s
[Iter 28730/30000] Total=0.09503 | NS=0.08497 CO2(scaled)=0.00098 CO2_weight=1.00 guide_w=8.65 Walls=0.00079(x10) g_ns/g_walls=0.809 Windows=0.00069 Doors=0.00040 IC=0.00000 CO2_BC=0.00009 LR=2.20e-04 nu=0.01 NSraw=0.2308 alpha(W1/W8/all)=0.59/0.39/0.48 | 0.85 it/s
[Iter 28740/30000] Total=0.10343 | NS=0.09666 CO2(scaled)=0.00108 CO2_weight=1.00 guide_w=8.65 Walls=0.00044(x10) g_ns/g_walls=0.809 Windows=0.00084 Doors=0.00037 IC=0.00000 CO2_BC=0.00011 LR=2.20e-04 nu=0.01 NSraw=0.303 alpha(W1/W8/all)=0.59/0.39/0.48 | 0.85 it/s
[Iter 28750/30000] Total=0.11476 | NS=0.10456 CO2(scaled)=0.00122 CO2_weight=1.00 guide_w=8.65 Walls=0.00075(x10) g_ns/g_walls=0.809 Windows=0.00106 Doors=0.00036 IC=0.00000 CO2_BC=0.00010 LR=2.20e-04 nu=0.01 NSraw=0.2583 alpha(W1/W8/all)=0.59/0.39/0.48 | 0.85 it/s
[Iter 28760/30000] Total=0.33135 | NS=0.31355 CO2(scaled)=0.00228 CO2_weight=1.00 guide_w=8.65 Walls=0.00134(x10) g_ns/g_walls=0.809 Windows=0.00173 Doors=0.00027 IC=0.00000 CO2_BC=0.00010 LR=2.20e-04 nu=0.01 NSraw=5.392 alpha(W1/W8/all)=0.59/0.39/0.48 | 0.85 it/s
[Iter 28770/30000] Total=0.12927 | NS=0.11233 CO2(scaled)=0.00139 CO2_weight=1.00 guide_w=8.65 Walls=0.00134(x10) g_ns/g_walls=0.809 Windows=0.00171 Doors=0.00030 IC=0.00000 CO2_BC=0.00009 LR=2.20e-04 nu=0.01 NSraw=0.3285 alpha(W1/W8/all)=0.59/0.39/0.48 | 0.85 it/s
[Iter 28780/30000] Total=0.12767 | NS=0.11671 CO2(scaled)=0.00202 CO2_weight=1.00 guide_w=8.65 Walls=0.00077(x10) g_ns/g_walls=0.809 Windows=0.00092 Doors=0.00027 IC=0.00000 CO2_BC=0.00009 LR=2.20e-04 nu=0.01 NSraw=0.4137 alpha(W1/W8/all)=0.59/0.39/0.48 | 0.85 it/s
[Iter 28790/30000] Total=0.16594 | NS=0.15285 CO2(scaled)=0.00124 CO2_weight=1.00 guide_w=8.65 Walls=0.00100(x10) g_ns/g_walls=0.809 Windows=0.00145 Doors=0.00029 IC=0.00000 CO2_BC=0.00010 LR=2.19e-04 nu=0.01 NSraw=0.5348 alpha(W1/W8/all)=0.59/0.39/0.48 | 0.85 it/s
[Iter 28800/30000] Total=0.80830 | NS=0.79735 CO2(scaled)=0.00109 CO2_weight=1.00 guide_w=120 Walls=0.00087(x10) g_ns/g_walls=13.1 Windows=0.00082 Doors=0.00023 IC=0.00000 CO2_BC=0.00009 LR=2.19e-04 nu=0.01 NSraw=49.07 alpha(W1/W8/all)=0.59/0.39/0.48 | 0.85 it/s
[Iter 28810/30000] Total=0.62628 | NS=0.61808 CO2(scaled)=0.00092 CO2_weight=1.00 guide_w=120 Walls=0.00064(x10) g_ns/g_walls=13.1 Windows=0.00055 Doors=0.00025 IC=0.00000 CO2_BC=0.00011 LR=2.19e-04 nu=0.01 NSraw=16.85 alpha(W1/W8/all)=0.59/0.39/0.48 | 0.85 it/s
[Iter 28820/30000] Total=0.26868 | NS=0.25861 CO2(scaled)=0.00140 CO2_weight=1.00 guide_w=120 Walls=0.00072(x10) g_ns/g_walls=13.1 Windows=0.00108 Doors=0.00030 IC=0.00000 CO2_BC=0.00009 LR=2.19e-04 nu=0.01 NSraw=1.221 alpha(W1/W8/all)=0.59/0.39/0.48 | 0.85 it/s
[Iter 28830/30000] Total=0.34001 | NS=0.32973 CO2(scaled)=0.00159 CO2_weight=1.00 guide_w=120 Walls=0.00072(x10) g_ns/g_walls=13.1 Windows=0.00121 Doors=0.00022 IC=0.00000 CO2_BC=0.00009 LR=2.19e-04 nu=0.01 NSraw=3.349 alpha(W1/W8/all)=0.59/0.39/0.48 | 0.85 it/s
[Iter 28840/30000] Total=0.19650 | NS=0.18845 CO2(scaled)=0.00131 CO2_weight=1.00 guide_w=120 Walls=0.00054(x10) g_ns/g_walls=13.1 Windows=0.00094 Doors=0.00027 IC=0.00000 CO2_BC=0.00009 LR=2.19e-04 nu=0.01 NSraw=0.7323 alpha(W1/W8/all)=0.59/0.39/0.48 | 0.85 it/s
[Iter 28850/30000] Total=0.11011 | NS=0.09169 CO2(scaled)=0.00193 CO2_weight=1.00 guide_w=120 Walls=0.00139(x10) g_ns/g_walls=13.1 Windows=0.00213 Doors=0.00038 IC=0.00000 CO2_BC=0.00010 LR=2.19e-04 nu=0.01 NSraw=0.2823 alpha(W1/W8/all)=0.59/0.39/0.48 | 0.85 it/s
[Iter 28860/30000] Total=0.30742 | NS=0.29375 CO2(scaled)=0.00167 CO2_weight=1.00 guide_w=120 Walls=0.00102(x10) g_ns/g_walls=13.1 Windows=0.00132 Doors=0.00037 IC=0.00000 CO2_BC=0.00008 LR=2.19e-04 nu=0.01 NSraw=2.602 alpha(W1/W8/all)=0.59/0.39/0.48 | 0.85 it/s
[Iter 28870/30000] Total=0.39298 | NS=0.37944 CO2(scaled)=0.00140 CO2_weight=1.00 guide_w=120 Walls=0.00104(x10) g_ns/g_walls=13.1 Windows=0.00127 Doors=0.00036 IC=0.00000 CO2_BC=0.00012 LR=2.19e-04 nu=0.01 NSraw=9.747 alpha(W1/W8/all)=0.59/0.39/0.48 | 0.85 it/s
[Iter 28880/30000] Total=0.59004 | NS=0.57534 CO2(scaled)=0.00487 CO2_weight=1.00 guide_w=120 Walls=0.00080(x10) g_ns/g_walls=13.1 Windows=0.00146 Doors=0.00025 IC=0.00000 CO2_BC=0.00009 LR=2.18e-04 nu=0.01 NSraw=19.88 alpha(W1/W8/all)=0.59/0.39/0.48 | 0.85 it/s
[Iter 28890/30000] Total=0.15442 | NS=0.14588 CO2(scaled)=0.00150 CO2_weight=1.00 guide_w=120 Walls=0.00052(x10) g_ns/g_walls=13.1 Windows=0.00149 Doors=0.00021 IC=0.00000 CO2_BC=0.00011 LR=2.18e-04 nu=0.01 NSraw=0.4829 alpha(W1/W8/all)=0.59/0.39/0.48 | 0.85 it/s
[Iter 28900/30000] Total=0.33309 | NS=0.32240 CO2(scaled)=0.00119 CO2_weight=1.00 guide_w=45.2 Walls=0.00080(x10) g_ns/g_walls=4.14 Windows=0.00106 Doors=0.00028 IC=0.00000 CO2_BC=0.00014 LR=2.18e-04 nu=0.01 NSraw=3.725 alpha(W1/W8/all)=0.59/0.39/0.48 | 0.85 it/s
[Iter 28910/30000] Total=0.12396 | NS=0.11596 CO2(scaled)=0.00135 CO2_weight=1.00 guide_w=45.2 Walls=0.00050(x10) g_ns/g_walls=4.14 Windows=0.00119 Doors=0.00038 IC=0.00000 CO2_BC=0.00010 LR=2.18e-04 nu=0.01 NSraw=0.3309 alpha(W1/W8/all)=0.59/0.39/0.48 | 0.85 it/s
[Iter 28920/30000] Total=0.41568 | NS=0.40798 CO2(scaled)=0.00189 CO2_weight=1.00 guide_w=45.2 Walls=0.00045(x10) g_ns/g_walls=4.14 Windows=0.00093 Doors=0.00024 IC=0.00000 CO2_BC=0.00011 LR=2.18e-04 nu=0.01 NSraw=10.11 alpha(W1/W8/all)=0.59/0.39/0.48 | 0.85 it/s
[Iter 28930/30000] Total=0.75974 | NS=0.75275 CO2(scaled)=0.00120 CO2_weight=1.00 guide_w=45.2 Walls=0.00045(x10) g_ns/g_walls=4.14 Windows=0.00091 Doors=0.00024 IC=0.00000 CO2_BC=0.00013 LR=2.18e-04 nu=0.01 NSraw=46.99 alpha(W1/W8/all)=0.59/0.39/0.48 | 0.85 it/s
[Iter 28940/30000] Total=0.11784 | NS=0.10479 CO2(scaled)=0.00164 CO2_weight=1.00 guide_w=45.2 Walls=0.00097(x10) g_ns/g_walls=4.14 Windows=0.00134 Doors=0.00027 IC=0.00000 CO2_BC=0.00010 LR=2.18e-04 nu=0.01 NSraw=0.3113 alpha(W1/W8/all)=0.59/0.39/0.48 | 0.85 it/s
[Iter 28950/30000] Total=0.14662 | NS=0.13585 CO2(scaled)=0.00129 CO2_weight=1.00 guide_w=45.2 Walls=0.00080(x10) g_ns/g_walls=4.14 Windows=0.00118 Doors=0.00021 IC=0.00000 CO2_BC=0.00010 LR=2.18e-04 nu=0.01 NSraw=0.3839 alpha(W1/W8/all)=0.59/0.39/0.48 | 0.85 it/s
[Iter 28960/30000] Total=0.12256 | NS=0.10806 CO2(scaled)=0.00107 CO2_weight=1.00 guide_w=45.2 Walls=0.00117(x10) g_ns/g_walls=4.14 Windows=0.00144 Doors=0.00021 IC=0.00000 CO2_BC=0.00010 LR=2.17e-04 nu=0.01 NSraw=0.2826 alpha(W1/W8/all)=0.59/0.39/0.48 | 0.85 it/s
[Iter 28970/30000] Total=0.19905 | NS=0.18858 CO2(scaled)=0.00107 CO2_weight=1.00 guide_w=45.2 Walls=0.00080(x10) g_ns/g_walls=4.14 Windows=0.00099 Doors=0.00026 IC=0.00000 CO2_BC=0.00010 LR=2.17e-04 nu=0.01 NSraw=0.7534 alpha(W1/W8/all)=0.59/0.39/0.48 | 0.85 it/s
[Iter 28980/30000] Total=0.12831 | NS=0.11738 CO2(scaled)=0.00172 CO2_weight=1.00 guide_w=45.2 Walls=0.00075(x10) g_ns/g_walls=4.14 Windows=0.00129 Doors=0.00030 IC=0.00000 CO2_BC=0.00011 LR=2.17e-04 nu=0.01 NSraw=0.2665 alpha(W1/W8/all)=0.59/0.39/0.48 | 0.85 it/s
[Iter 28990/30000] Total=0.12748 | NS=0.11888 CO2(scaled)=0.00108 CO2_weight=1.00 guide_w=45.2 Walls=0.00060(x10) g_ns/g_walls=4.14 Windows=0.00108 Doors=0.00030 IC=0.00000 CO2_BC=0.00011 LR=2.17e-04 nu=0.01 NSraw=0.3885 alpha(W1/W8/all)=0.59/0.39/0.48 | 0.85 it/s
[Iter 29000/30000] Total=0.13379 | NS=0.09814 CO2(scaled)=0.00194 CO2_weight=1.00 guide_w=2.27 Walls=0.00303(x10) g_ns/g_walls=0.2 Windows=0.00306 Doors=0.00024 IC=0.00000 CO2_BC=0.00012 LR=2.17e-04 nu=0.01 NSraw=0.2037 alpha(W1/W8/all)=0.59/0.39/0.48 | 0.85 it/s
  -> saved checkpoint: /home/iai-labor/BuildingControlCFD/experiments/gnot/checkpoints/v25_nsuniform_ab/gnot_v25_nsuniform_ab_iter29000.pth
[Iter 29010/30000] Total=0.06466 | NS=0.04384 CO2(scaled)=0.00111 CO2_weight=1.00 guide_w=2.27 Walls=0.00173(x10) g_ns/g_walls=0.2 Windows=0.00203 Doors=0.00030 IC=0.00000 CO2_BC=0.00011 LR=2.17e-04 nu=0.01 NSraw=0.0547 alpha(W1/W8/all)=0.59/0.39/0.48 | 0.85 it/s
[Iter 29020/30000] Total=0.13546 | NS=0.11326 CO2(scaled)=0.00124 CO2_weight=1.00 guide_w=2.27 Walls=0.00182(x10) g_ns/g_walls=0.2 Windows=0.00239 Doors=0.00030 IC=0.00000 CO2_BC=0.00009 LR=2.17e-04 nu=0.01 NSraw=0.3175 alpha(W1/W8/all)=0.59/0.39/0.48 | 0.85 it/s
[Iter 29030/30000] Total=0.27654 | NS=0.24811 CO2(scaled)=0.00283 CO2_weight=1.00 guide_w=2.27 Walls=0.00226(x10) g_ns/g_walls=0.2 Windows=0.00258 Doors=0.00031 IC=0.00000 CO2_BC=0.00010 LR=2.17e-04 nu=0.01 NSraw=2.807 alpha(W1/W8/all)=0.59/0.39/0.48 | 0.85 it/s
[Iter 29040/30000] Total=0.32335 | NS=0.31591 CO2(scaled)=0.00163 CO2_weight=1.00 guide_w=2.27 Walls=0.00047(x10) g_ns/g_walls=0.2 Windows=0.00072 Doors=0.00028 IC=0.00000 CO2_BC=0.00008 LR=2.17e-04 nu=0.01 NSraw=6.008 alpha(W1/W8/all)=0.59/0.39/0.48 | 0.85 it/s
[Iter 29050/30000] Total=0.18620 | NS=0.17711 CO2(scaled)=0.00154 CO2_weight=1.00 guide_w=2.27 Walls=0.00060(x10) g_ns/g_walls=0.2 Windows=0.00115 Doors=0.00028 IC=0.00000 CO2_BC=0.00009 LR=2.16e-04 nu=0.01 NSraw=0.9446 alpha(W1/W8/all)=0.59/0.39/0.48 | 0.85 it/s
[Iter 29060/30000] Total=0.16917 | NS=0.15830 CO2(scaled)=0.00120 CO2_weight=1.00 guide_w=2.27 Walls=0.00078(x10) g_ns/g_walls=0.2 Windows=0.00157 Doors=0.00023 IC=0.00000 CO2_BC=0.00007 LR=2.16e-04 nu=0.01 NSraw=0.7058 alpha(W1/W8/all)=0.59/0.39/0.48 | 0.85 it/s
[Iter 29070/30000] Total=0.22551 | NS=0.21403 CO2(scaled)=0.00126 CO2_weight=1.00 guide_w=2.27 Walls=0.00086(x10) g_ns/g_walls=0.2 Windows=0.00125 Doors=0.00027 IC=0.00000 CO2_BC=0.00009 LR=2.16e-04 nu=0.01 NSraw=1.584 alpha(W1/W8/all)=0.59/0.39/0.48 | 0.85 it/s
[Iter 29080/30000] Total=0.15822 | NS=0.15108 CO2(scaled)=0.00143 CO2_weight=1.00 guide_w=2.27 Walls=0.00042(x10) g_ns/g_walls=0.2 Windows=0.00117 Doors=0.00027 IC=0.00000 CO2_BC=0.00009 LR=2.16e-04 nu=0.01 NSraw=0.5076 alpha(W1/W8/all)=0.59/0.39/0.48 | 0.85 it/s
[Iter 29090/30000] Total=0.22949 | NS=0.21981 CO2(scaled)=0.00180 CO2_weight=1.00 guide_w=2.27 Walls=0.00061(x10) g_ns/g_walls=0.2 Windows=0.00136 Doors=0.00030 IC=0.00000 CO2_BC=0.00009 LR=2.16e-04 nu=0.01 NSraw=1.294 alpha(W1/W8/all)=0.59/0.39/0.48 | 0.85 it/s
[Iter 29100/30000] Total=0.07853 | NS=0.05796 CO2(scaled)=0.00135 CO2_weight=1.00 guide_w=2.15 Walls=0.00158(x10) g_ns/g_walls=0.177 Windows=0.00303 Doors=0.00035 IC=0.00000 CO2_BC=0.00009 LR=2.16e-04 nu=0.01 NSraw=0.09413 alpha(W1/W8/all)=0.59/0.39/0.48 | 0.85 it/s
[Iter 29110/30000] Total=0.11011 | NS=0.07303 CO2(scaled)=0.00163 CO2_weight=1.00 guide_w=2.15 Walls=0.00315(x10) g_ns/g_walls=0.177 Windows=0.00354 Doors=0.00026 IC=0.00000 CO2_BC=0.00010 LR=2.16e-04 nu=0.01 NSraw=0.2002 alpha(W1/W8/all)=0.59/0.39/0.48 | 0.85 it/s
[Iter 29120/30000] Total=0.05246 | NS=0.03089 CO2(scaled)=0.00127 CO2_weight=1.00 guide_w=2.15 Walls=0.00177(x10) g_ns/g_walls=0.177 Windows=0.00236 Doors=0.00018 IC=0.00000 CO2_BC=0.00009 LR=2.16e-04 nu=0.01 NSraw=0.0393 alpha(W1/W8/all)=0.59/0.39/0.48 | 0.85 it/s
[Iter 29130/30000] Total=0.04730 | NS=0.03620 CO2(scaled)=0.00129 CO2_weight=1.00 guide_w=2.15 Walls=0.00079(x10) g_ns/g_walls=0.177 Windows=0.00155 Doors=0.00030 IC=0.00000 CO2_BC=0.00009 LR=2.16e-04 nu=0.01 NSraw=0.04477 alpha(W1/W8/all)=0.59/0.39/0.48 | 0.85 it/s
[Iter 29140/30000] Total=0.53313 | NS=0.52651 CO2(scaled)=0.00105 CO2_weight=1.00 guide_w=2.15 Walls=0.00044(x10) g_ns/g_walls=0.177 Windows=0.00083 Doors=0.00031 IC=0.00000 CO2_BC=0.00008 LR=2.15e-04 nu=0.01 NSraw=22.46 alpha(W1/W8/all)=0.59/0.39/0.48 | 0.85 it/s
[Iter 29150/30000] Total=0.13253 | NS=0.11846 CO2(scaled)=0.00118 CO2_weight=1.00 guide_w=2.15 Walls=0.00109(x10) g_ns/g_walls=0.177 Windows=0.00157 Doors=0.00035 IC=0.00000 CO2_BC=0.00009 LR=2.15e-04 nu=0.01 NSraw=0.3853 alpha(W1/W8/all)=0.59/0.39/0.48 | 0.85 it/s
[Iter 29160/30000] Total=0.16464 | NS=0.14826 CO2(scaled)=0.00119 CO2_weight=1.00 guide_w=2.15 Walls=0.00130(x10) g_ns/g_walls=0.177 Windows=0.00176 Doors=0.00037 IC=0.00000 CO2_BC=0.00008 LR=2.15e-04 nu=0.01 NSraw=0.4797 alpha(W1/W8/all)=0.59/0.39/0.48 | 0.85 it/s
[Iter 29170/30000] Total=0.23154 | NS=0.21375 CO2(scaled)=0.00288 CO2_weight=1.00 guide_w=2.15 Walls=0.00129(x10) g_ns/g_walls=0.177 Windows=0.00167 Doors=0.00023 IC=0.00000 CO2_BC=0.00009 LR=2.15e-04 nu=0.01 NSraw=2.498 alpha(W1/W8/all)=0.59/0.39/0.48 | 0.85 it/s
[Iter 29180/30000] Total=0.60264 | NS=0.59014 CO2(scaled)=0.00108 CO2_weight=1.00 guide_w=2.15 Walls=0.00096(x10) g_ns/g_walls=0.177 Windows=0.00150 Doors=0.00024 IC=0.00000 CO2_BC=0.00009 LR=2.15e-04 nu=0.01 NSraw=18.37 alpha(W1/W8/all)=0.59/0.39/0.48 | 0.85 it/s
[Iter 29190/30000] Total=0.38269 | NS=0.37503 CO2(scaled)=0.00105 CO2_weight=1.00 guide_w=2.15 Walls=0.00054(x10) g_ns/g_walls=0.177 Windows=0.00095 Doors=0.00018 IC=0.00000 CO2_BC=0.00010 LR=2.15e-04 nu=0.01 NSraw=5.934 alpha(W1/W8/all)=0.59/0.39/0.48 | 0.85 it/s
[Iter 29200/30000] Total=1.05880 | NS=1.04788 CO2(scaled)=0.00221 CO2_weight=1.00 guide_w=34.3 Walls=0.00074(x10) g_ns/g_walls=11.5 Windows=0.00095 Doors=0.00028 IC=0.00000 CO2_BC=0.00009 LR=2.15e-04 nu=0.01 NSraw=81.38 alpha(W1/W8/all)=0.59/0.39/0.48 | 0.85 it/s
[Iter 29210/30000] Total=0.07841 | NS=0.07044 CO2(scaled)=0.00137 CO2_weight=1.00 guide_w=34.3 Walls=0.00050(x10) g_ns/g_walls=11.5 Windows=0.00130 Doors=0.00019 IC=0.00000 CO2_BC=0.00009 LR=2.15e-04 nu=0.01 NSraw=0.1735 alpha(W1/W8/all)=0.59/0.39/0.48 | 0.85 it/s
[Iter 29220/30000] Total=0.17323 | NS=0.16615 CO2(scaled)=0.00160 CO2_weight=1.00 guide_w=34.3 Walls=0.00042(x10) g_ns/g_walls=11.5 Windows=0.00101 Doors=0.00019 IC=0.00000 CO2_BC=0.00010 LR=2.15e-04 nu=0.01 NSraw=0.4109 alpha(W1/W8/all)=0.59/0.39/0.48 | 0.85 it/s
[Iter 29230/30000] Total=0.11725 | NS=0.10408 CO2(scaled)=0.00147 CO2_weight=1.00 guide_w=34.3 Walls=0.00099(x10) g_ns/g_walls=11.5 Windows=0.00137 Doors=0.00035 IC=0.00000 CO2_BC=0.00009 LR=2.14e-04 nu=0.01 NSraw=0.2741 alpha(W1/W8/all)=0.59/0.39/0.48 | 0.85 it/s
[Iter 29240/30000] Total=0.20738 | NS=0.19637 CO2(scaled)=0.00110 CO2_weight=1.00 guide_w=34.3 Walls=0.00080(x10) g_ns/g_walls=11.5 Windows=0.00158 Doors=0.00027 IC=0.00000 CO2_BC=0.00008 LR=2.14e-04 nu=0.01 NSraw=1.014 alpha(W1/W8/all)=0.59/0.39/0.48 | 0.85 it/s
[Iter 29250/30000] Total=0.12758 | NS=0.10907 CO2(scaled)=0.00093 CO2_weight=1.00 guide_w=34.3 Walls=0.00157(x10) g_ns/g_walls=11.5 Windows=0.00155 Doors=0.00026 IC=0.00000 CO2_BC=0.00009 LR=2.14e-04 nu=0.01 NSraw=0.5398 alpha(W1/W8/all)=0.59/0.39/0.48 | 0.85 it/s
[Iter 29260/30000] Total=0.14559 | NS=0.11761 CO2(scaled)=0.00094 CO2_weight=1.00 guide_w=34.3 Walls=0.00238(x10) g_ns/g_walls=11.5 Windows=0.00291 Doors=0.00024 IC=0.00000 CO2_BC=0.00012 LR=2.14e-04 nu=0.01 NSraw=0.3824 alpha(W1/W8/all)=0.59/0.39/0.48 | 0.85 it/s
[Iter 29270/30000] Total=0.33874 | NS=0.32909 CO2(scaled)=0.00141 CO2_weight=1.00 guide_w=34.3 Walls=0.00069(x10) g_ns/g_walls=11.5 Windows=0.00102 Doors=0.00023 IC=0.00000 CO2_BC=0.00013 LR=2.14e-04 nu=0.01 NSraw=4.843 alpha(W1/W8/all)=0.59/0.39/0.48 | 0.85 it/s
[Iter 29280/30000] Total=0.26607 | NS=0.25775 CO2(scaled)=0.00149 CO2_weight=1.00 guide_w=34.3 Walls=0.00057(x10) g_ns/g_walls=11.5 Windows=0.00083 Doors=0.00022 IC=0.00000 CO2_BC=0.00009 LR=2.14e-04 nu=0.01 NSraw=1.07 alpha(W1/W8/all)=0.59/0.39/0.48 | 0.85 it/s
[Iter 29290/30000] Total=1.67448 | NS=1.66678 CO2(scaled)=0.00107 CO2_weight=1.00 guide_w=34.3 Walls=0.00053(x10) g_ns/g_walls=11.5 Windows=0.00088 Doors=0.00034 IC=0.00000 CO2_BC=0.00010 LR=2.14e-04 nu=0.01 NSraw=198.8 alpha(W1/W8/all)=0.59/0.39/0.48 | 0.85 it/s
[Iter 29300/30000] Total=0.23562 | NS=0.22342 CO2(scaled)=0.00156 CO2_weight=1.00 guide_w=6.02 Walls=0.00087(x10) g_ns/g_walls=1.16 Windows=0.00143 Doors=0.00037 IC=0.00000 CO2_BC=0.00010 LR=2.14e-04 nu=0.01 NSraw=0.9257 alpha(W1/W8/all)=0.59/0.39/0.48 | 0.85 it/s
[Iter 29310/30000] Total=0.09896 | NS=0.08796 CO2(scaled)=0.00111 CO2_weight=1.00 guide_w=6.02 Walls=0.00083(x10) g_ns/g_walls=1.16 Windows=0.00114 Doors=0.00029 IC=0.00000 CO2_BC=0.00014 LR=2.14e-04 nu=0.01 NSraw=0.2316 alpha(W1/W8/all)=0.59/0.39/0.48 | 0.85 it/s
[Iter 29320/30000] Total=0.13897 | NS=0.09861 CO2(scaled)=0.00235 CO2_weight=1.00 guide_w=6.02 Walls=0.00339(x10) g_ns/g_walls=1.16 Windows=0.00370 Doors=0.00029 IC=0.00000 CO2_BC=0.00010 LR=2.13e-04 nu=0.01 NSraw=0.2921 alpha(W1/W8/all)=0.59/0.39/0.48 | 0.85 it/s
[Iter 29330/30000] Total=0.38914 | NS=0.37922 CO2(scaled)=0.00109 CO2_weight=1.00 guide_w=6.02 Walls=0.00066(x10) g_ns/g_walls=1.16 Windows=0.00172 Doors=0.00038 IC=0.00000 CO2_BC=0.00010 LR=2.13e-04 nu=0.01 NSraw=9.143 alpha(W1/W8/all)=0.59/0.39/0.48 | 0.85 it/s
[Iter 29340/30000] Total=0.29756 | NS=0.28915 CO2(scaled)=0.00128 CO2_weight=1.00 guide_w=6.02 Walls=0.00057(x10) g_ns/g_walls=1.16 Windows=0.00105 Doors=0.00031 IC=0.00000 CO2_BC=0.00007 LR=2.13e-04 nu=0.01 NSraw=3.47 alpha(W1/W8/all)=0.59/0.39/0.48 | 0.85 it/s
[Iter 29350/30000] Total=0.30542 | NS=0.28783 CO2(scaled)=0.00108 CO2_weight=1.00 guide_w=6.02 Walls=0.00142(x10) g_ns/g_walls=1.16 Windows=0.00197 Doors=0.00026 IC=0.00000 CO2_BC=0.00010 LR=2.13e-04 nu=0.01 NSraw=1.003 alpha(W1/W8/all)=0.59/0.39/0.48 | 0.85 it/s
[Iter 29360/30000] Total=0.43162 | NS=0.42306 CO2(scaled)=0.00119 CO2_weight=1.00 guide_w=6.02 Walls=0.00060(x10) g_ns/g_walls=1.16 Windows=0.00105 Doors=0.00026 IC=0.00000 CO2_BC=0.00008 LR=2.13e-04 nu=0.01 NSraw=7.585 alpha(W1/W8/all)=0.59/0.39/0.48 | 0.85 it/s
[Iter 29370/30000] Total=0.06939 | NS=0.05410 CO2(scaled)=0.00121 CO2_weight=1.00 guide_w=6.02 Walls=0.00128(x10) g_ns/g_walls=1.16 Windows=0.00084 Doors=0.00032 IC=0.00000 CO2_BC=0.00009 LR=2.13e-04 nu=0.01 NSraw=0.08599 alpha(W1/W8/all)=0.59/0.39/0.48 | 0.85 it/s
[Iter 29380/30000] Total=0.36754 | NS=0.35778 CO2(scaled)=0.00145 CO2_weight=1.00 guide_w=6.02 Walls=0.00067(x10) g_ns/g_walls=1.16 Windows=0.00119 Doors=0.00030 IC=0.00000 CO2_BC=0.00008 LR=2.13e-04 nu=0.01 NSraw=7.556 alpha(W1/W8/all)=0.59/0.39/0.48 | 0.85 it/s
[Iter 29390/30000] Total=0.25760 | NS=0.24679 CO2(scaled)=0.00129 CO2_weight=1.00 guide_w=6.02 Walls=0.00081(x10) g_ns/g_walls=1.16 Windows=0.00096 Doors=0.00035 IC=0.00000 CO2_BC=0.00009 LR=2.13e-04 nu=0.01 NSraw=2.332 alpha(W1/W8/all)=0.59/0.39/0.48 | 0.85 it/s
[Iter 29400/30000] Total=0.80268 | NS=0.79549 CO2(scaled)=0.00162 CO2_weight=1.00 guide_w=111 Walls=0.00043(x10) g_ns/g_walls=34.5 Windows=0.00093 Doors=0.00029 IC=0.00000 CO2_BC=0.00009 LR=2.13e-04 nu=0.01 NSraw=44.52 alpha(W1/W8/all)=0.59/0.39/0.48 | 0.85 it/s
[Iter 29410/30000] Total=0.11864 | NS=0.11190 CO2(scaled)=0.00141 CO2_weight=1.00 guide_w=111 Walls=0.00042(x10) g_ns/g_walls=34.5 Windows=0.00080 Doors=0.00026 IC=0.00000 CO2_BC=0.00009 LR=2.12e-04 nu=0.01 NSraw=0.2913 alpha(W1/W8/all)=0.59/0.39/0.48 | 0.85 it/s
[Iter 29420/30000] Total=0.15656 | NS=0.14543 CO2(scaled)=0.00194 CO2_weight=1.00 guide_w=111 Walls=0.00074(x10) g_ns/g_walls=34.5 Windows=0.00115 Doors=0.00053 IC=0.00000 CO2_BC=0.00011 LR=2.12e-04 nu=0.01 NSraw=0.487 alpha(W1/W8/all)=0.59/0.39/0.48 | 0.85 it/s
[Iter 29430/30000] Total=0.08154 | NS=0.06606 CO2(scaled)=0.00104 CO2_weight=1.00 guide_w=111 Walls=0.00129(x10) g_ns/g_walls=34.5 Windows=0.00093 Doors=0.00054 IC=0.00000 CO2_BC=0.00009 LR=2.12e-04 nu=0.01 NSraw=0.1807 alpha(W1/W8/all)=0.59/0.39/0.48 | 0.85 it/s
[Iter 29440/30000] Total=0.10972 | NS=0.10059 CO2(scaled)=0.00145 CO2_weight=1.00 guide_w=111 Walls=0.00059(x10) g_ns/g_walls=34.5 Windows=0.00125 Doors=0.00038 IC=0.00000 CO2_BC=0.00011 LR=2.12e-04 nu=0.01 NSraw=0.1904 alpha(W1/W8/all)=0.59/0.39/0.48 | 0.85 it/s
[Iter 29450/30000] Total=0.13253 | NS=0.12571 CO2(scaled)=0.00105 CO2_weight=1.00 guide_w=111 Walls=0.00043(x10) g_ns/g_walls=34.5 Windows=0.00096 Doors=0.00041 IC=0.00000 CO2_BC=0.00010 LR=2.12e-04 nu=0.01 NSraw=0.3936 alpha(W1/W8/all)=0.59/0.39/0.48 | 0.85 it/s
[Iter 29460/30000] Total=0.57176 | NS=0.55874 CO2(scaled)=0.00212 CO2_weight=1.00 guide_w=111 Walls=0.00091(x10) g_ns/g_walls=34.5 Windows=0.00125 Doors=0.00045 IC=0.00000 CO2_BC=0.00010 LR=2.12e-04 nu=0.01 NSraw=15.43 alpha(W1/W8/all)=0.59/0.39/0.48 | 0.85 it/s
[Iter 29470/30000] Total=0.29460 | NS=0.28070 CO2(scaled)=0.00139 CO2_weight=1.00 guide_w=111 Walls=0.00106(x10) g_ns/g_walls=34.5 Windows=0.00155 Doors=0.00031 IC=0.00000 CO2_BC=0.00008 LR=2.12e-04 nu=0.01 NSraw=1.281 alpha(W1/W8/all)=0.59/0.39/0.48 | 0.85 it/s
[Iter 29480/30000] Total=0.15976 | NS=0.15183 CO2(scaled)=0.00138 CO2_weight=1.00 guide_w=111 Walls=0.00051(x10) g_ns/g_walls=34.5 Windows=0.00095 Doors=0.00041 IC=0.00000 CO2_BC=0.00008 LR=2.12e-04 nu=0.01 NSraw=0.5586 alpha(W1/W8/all)=0.59/0.39/0.48 | 0.85 it/s
[Iter 29490/30000] Total=0.13321 | NS=0.11757 CO2(scaled)=0.00114 CO2_weight=1.00 guide_w=111 Walls=0.00132(x10) g_ns/g_walls=34.5 Windows=0.00091 Doors=0.00029 IC=0.00000 CO2_BC=0.00008 LR=2.11e-04 nu=0.01 NSraw=0.4092 alpha(W1/W8/all)=0.59/0.39/0.48 | 0.85 it/s
[Iter 29500/30000] Total=0.57665 | NS=0.56836 CO2(scaled)=0.00170 CO2_weight=1.00 guide_w=28.5 Walls=0.00050(x10) g_ns/g_walls=14.2 Windows=0.00111 Doors=0.00042 IC=0.00000 CO2_BC=0.00009 LR=2.11e-04 nu=0.01 NSraw=15.29 alpha(W1/W8/all)=0.59/0.39/0.48 | 0.85 it/s
[Iter 29510/30000] Total=0.07984 | NS=0.06699 CO2(scaled)=0.00149 CO2_weight=1.00 guide_w=28.5 Walls=0.00100(x10) g_ns/g_walls=14.2 Windows=0.00084 Doors=0.00042 IC=0.00000 CO2_BC=0.00011 LR=2.11e-04 nu=0.01 NSraw=0.1087 alpha(W1/W8/all)=0.59/0.39/0.48 | 0.85 it/s
[Iter 29520/30000] Total=0.47175 | NS=0.46314 CO2(scaled)=0.00122 CO2_weight=1.00 guide_w=28.5 Walls=0.00061(x10) g_ns/g_walls=14.2 Windows=0.00076 Doors=0.00039 IC=0.00000 CO2_BC=0.00012 LR=2.11e-04 nu=0.01 NSraw=12.07 alpha(W1/W8/all)=0.59/0.39/0.48 | 0.85 it/s
[Iter 29530/30000] Total=0.11977 | NS=0.10001 CO2(scaled)=0.00351 CO2_weight=1.00 guide_w=28.5 Walls=0.00147(x10) g_ns/g_walls=14.2 Windows=0.00120 Doors=0.00031 IC=0.00000 CO2_BC=0.00008 LR=2.11e-04 nu=0.01 NSraw=0.1851 alpha(W1/W8/all)=0.59/0.39/0.48 | 0.85 it/s
[Iter 29540/30000] Total=0.06459 | NS=0.05362 CO2(scaled)=0.00154 CO2_weight=1.00 guide_w=28.5 Walls=0.00080(x10) g_ns/g_walls=14.2 Windows=0.00105 Doors=0.00025 IC=0.00000 CO2_BC=0.00011 LR=2.11e-04 nu=0.01 NSraw=0.07957 alpha(W1/W8/all)=0.59/0.39/0.48 | 0.85 it/s
[Iter 29550/30000] Total=0.07492 | NS=0.06524 CO2(scaled)=0.00120 CO2_weight=1.00 guide_w=28.5 Walls=0.00069(x10) g_ns/g_walls=14.2 Windows=0.00123 Doors=0.00028 IC=0.00000 CO2_BC=0.00011 LR=2.11e-04 nu=0.01 NSraw=0.1227 alpha(W1/W8/all)=0.59/0.39/0.48 | 0.85 it/s
[Iter 29560/30000] Total=0.05374 | NS=0.04456 CO2(scaled)=0.00193 CO2_weight=1.00 guide_w=28.5 Walls=0.00060(x10) g_ns/g_walls=14.2 Windows=0.00096 Doors=0.00024 IC=0.00000 CO2_BC=0.00009 LR=2.11e-04 nu=0.01 NSraw=0.06616 alpha(W1/W8/all)=0.59/0.39/0.48 | 0.85 it/s
[Iter 29570/30000] Total=0.07873 | NS=0.05631 CO2(scaled)=0.00230 CO2_weight=1.00 guide_w=28.5 Walls=0.00185(x10) g_ns/g_walls=14.2 Windows=0.00123 Doors=0.00033 IC=0.00000 CO2_BC=0.00011 LR=2.11e-04 nu=0.01 NSraw=0.07886 alpha(W1/W8/all)=0.59/0.39/0.48 | 0.85 it/s
[Iter 29580/30000] Total=0.05748 | NS=0.04701 CO2(scaled)=0.00146 CO2_weight=1.00 guide_w=28.5 Walls=0.00073(x10) g_ns/g_walls=14.2 Windows=0.00119 Doors=0.00046 IC=0.00000 CO2_BC=0.00009 LR=2.10e-04 nu=0.01 NSraw=0.06329 alpha(W1/W8/all)=0.59/0.39/0.48 | 0.85 it/s
[Iter 29590/30000] Total=0.49533 | NS=0.48170 CO2(scaled)=0.00161 CO2_weight=1.00 guide_w=28.5 Walls=0.00105(x10) g_ns/g_walls=14.2 Windows=0.00113 Doors=0.00032 IC=0.00000 CO2_BC=0.00010 LR=2.10e-04 nu=0.01 NSraw=14.4 alpha(W1/W8/all)=0.59/0.39/0.48 | 0.85 it/s
[Iter 29600/30000] Total=0.17757 | NS=0.15555 CO2(scaled)=0.00254 CO2_weight=1.00 guide_w=11.2 Walls=0.00170(x10) g_ns/g_walls=1.85 Windows=0.00210 Doors=0.00028 IC=0.00000 CO2_BC=0.00012 LR=2.10e-04 nu=0.01 NSraw=0.6075 alpha(W1/W8/all)=0.59/0.39/0.48 | 0.85 it/s
[Iter 29610/30000] Total=0.14443 | NS=0.13190 CO2(scaled)=0.00107 CO2_weight=1.00 guide_w=11.2 Walls=0.00100(x10) g_ns/g_walls=1.85 Windows=0.00100 Doors=0.00032 IC=0.00000 CO2_BC=0.00010 LR=2.10e-04 nu=0.01 NSraw=0.5212 alpha(W1/W8/all)=0.59/0.39/0.48 | 0.85 it/s
[Iter 29620/30000] Total=0.32210 | NS=0.31355 CO2(scaled)=0.00119 CO2_weight=1.00 guide_w=11.2 Walls=0.00059(x10) g_ns/g_walls=1.85 Windows=0.00102 Doors=0.00031 IC=0.00000 CO2_BC=0.00008 LR=2.10e-04 nu=0.01 NSraw=4.27 alpha(W1/W8/all)=0.59/0.39/0.48 | 0.85 it/s
[Iter 29630/30000] Total=0.19714 | NS=0.18800 CO2(scaled)=0.00095 CO2_weight=1.00 guide_w=11.2 Walls=0.00069(x10) g_ns/g_walls=1.85 Windows=0.00084 Doors=0.00035 IC=0.00000 CO2_BC=0.00011 LR=2.10e-04 nu=0.01 NSraw=1.365 alpha(W1/W8/all)=0.59/0.39/0.48 | 0.85 it/s
[Iter 29640/30000] Total=0.30992 | NS=0.29648 CO2(scaled)=0.00111 CO2_weight=1.00 guide_w=11.2 Walls=0.00104(x10) g_ns/g_walls=1.85 Windows=0.00158 Doors=0.00029 IC=0.00000 CO2_BC=0.00008 LR=2.10e-04 nu=0.01 NSraw=1.915 alpha(W1/W8/all)=0.59/0.39/0.48 | 0.85 it/s
[Iter 29650/30000] Total=0.10326 | NS=0.09164 CO2(scaled)=0.00116 CO2_weight=1.00 guide_w=11.2 Walls=0.00088(x10) g_ns/g_walls=1.85 Windows=0.00128 Doors=0.00024 IC=0.00000 CO2_BC=0.00010 LR=2.10e-04 nu=0.01 NSraw=0.2731 alpha(W1/W8/all)=0.59/0.39/0.48 | 0.85 it/s
[Iter 29660/30000] Total=0.35389 | NS=0.33999 CO2(scaled)=0.00153 CO2_weight=1.00 guide_w=11.2 Walls=0.00107(x10) g_ns/g_walls=1.85 Windows=0.00121 Doors=0.00034 IC=0.00000 CO2_BC=0.00010 LR=2.10e-04 nu=0.01 NSraw=4.687 alpha(W1/W8/all)=0.59/0.39/0.48 | 0.85 it/s
[Iter 29670/30000] Total=0.33495 | NS=0.32609 CO2(scaled)=0.00136 CO2_weight=1.00 guide_w=11.2 Walls=0.00062(x10) g_ns/g_walls=1.85 Windows=0.00096 Doors=0.00027 IC=0.00000 CO2_BC=0.00010 LR=2.10e-04 nu=0.01 NSraw=1.557 alpha(W1/W8/all)=0.59/0.39/0.48 | 0.85 it/s
[Iter 29680/30000] Total=0.13685 | NS=0.13065 CO2(scaled)=0.00101 CO2_weight=1.00 guide_w=11.2 Walls=0.00038(x10) g_ns/g_walls=1.85 Windows=0.00107 Doors=0.00027 IC=0.00000 CO2_BC=0.00010 LR=2.09e-04 nu=0.01 NSraw=0.3987 alpha(W1/W8/all)=0.59/0.39/0.48 | 0.85 it/s
[Iter 29690/30000] Total=0.06201 | NS=0.05432 CO2(scaled)=0.00155 CO2_weight=1.00 guide_w=11.2 Walls=0.00045(x10) g_ns/g_walls=1.85 Windows=0.00123 Doors=0.00035 IC=0.00000 CO2_BC=0.00009 LR=2.09e-04 nu=0.01 NSraw=0.1058 alpha(W1/W8/all)=0.59/0.39/0.48 | 0.85 it/s
[Iter 29700/30000] Total=1.06165 | NS=1.05340 CO2(scaled)=0.00135 CO2_weight=1.00 guide_w=34.2 Walls=0.00054(x10) g_ns/g_walls=10.2 Windows=0.00110 Doors=0.00030 IC=0.00000 CO2_BC=0.00011 LR=2.09e-04 nu=0.01 NSraw=88.27 alpha(W1/W8/all)=0.59/0.39/0.48 | 0.85 it/s
[Iter 29710/30000] Total=0.07371 | NS=0.06720 CO2(scaled)=0.00105 CO2_weight=1.00 guide_w=34.2 Walls=0.00038(x10) g_ns/g_walls=10.2 Windows=0.00117 Doors=0.00036 IC=0.00000 CO2_BC=0.00012 LR=2.09e-04 nu=0.01 NSraw=0.1157 alpha(W1/W8/all)=0.59/0.39/0.48 | 0.85 it/s
[Iter 29720/30000] Total=0.11621 | NS=0.10918 CO2(scaled)=0.00115 CO2_weight=1.00 guide_w=34.2 Walls=0.00049(x10) g_ns/g_walls=10.2 Windows=0.00060 Doors=0.00033 IC=0.00000 CO2_BC=0.00009 LR=2.09e-04 nu=0.01 NSraw=0.4807 alpha(W1/W8/all)=0.59/0.39/0.48 | 0.85 it/s
[Iter 29730/30000] Total=0.05815 | NS=0.03628 CO2(scaled)=0.00222 CO2_weight=1.00 guide_w=34.2 Walls=0.00169(x10) g_ns/g_walls=10.2 Windows=0.00231 Doors=0.00033 IC=0.00000 CO2_BC=0.00012 LR=2.09e-04 nu=0.01 NSraw=0.06204 alpha(W1/W8/all)=0.59/0.39/0.48 | 0.85 it/s
[Iter 29740/30000] Total=0.07275 | NS=0.06340 CO2(scaled)=0.00128 CO2_weight=1.00 guide_w=34.2 Walls=0.00062(x10) g_ns/g_walls=10.2 Windows=0.00143 Doors=0.00031 IC=0.00000 CO2_BC=0.00014 LR=2.09e-04 nu=0.01 NSraw=0.1545 alpha(W1/W8/all)=0.59/0.39/0.48 | 0.85 it/s
[Iter 29750/30000] Total=0.09878 | NS=0.08134 CO2(scaled)=0.00116 CO2_weight=1.00 guide_w=34.2 Walls=0.00140(x10) g_ns/g_walls=10.2 Windows=0.00183 Doors=0.00035 IC=0.00000 CO2_BC=0.00011 LR=2.09e-04 nu=0.01 NSraw=0.1991 alpha(W1/W8/all)=0.59/0.39/0.48 | 0.85 it/s
[Iter 29760/30000] Total=0.12694 | NS=0.11530 CO2(scaled)=0.00109 CO2_weight=1.00 guide_w=34.2 Walls=0.00085(x10) g_ns/g_walls=10.2 Windows=0.00154 Doors=0.00038 IC=0.00000 CO2_BC=0.00010 LR=2.09e-04 nu=0.01 NSraw=0.7097 alpha(W1/W8/all)=0.59/0.39/0.48 | 0.85 it/s
[Iter 29770/30000] Total=0.62867 | NS=0.61749 CO2(scaled)=0.00200 CO2_weight=1.00 guide_w=34.2 Walls=0.00073(x10) g_ns/g_walls=10.2 Windows=0.00148 Doors=0.00030 IC=0.00000 CO2_BC=0.00011 LR=2.08e-04 nu=0.01 NSraw=16.41 alpha(W1/W8/all)=0.59/0.39/0.48 | 0.85 it/s
[Iter 29780/30000] Total=0.07999 | NS=0.06825 CO2(scaled)=0.00113 CO2_weight=1.00 guide_w=34.2 Walls=0.00085(x10) g_ns/g_walls=10.2 Windows=0.00149 Doors=0.00048 IC=0.00000 CO2_BC=0.00010 LR=2.08e-04 nu=0.01 NSraw=0.109 alpha(W1/W8/all)=0.59/0.39/0.48 | 0.85 it/s
[Iter 29790/30000] Total=0.12803 | NS=0.11729 CO2(scaled)=0.00141 CO2_weight=1.00 guide_w=34.2 Walls=0.00073(x10) g_ns/g_walls=10.2 Windows=0.00156 Doors=0.00037 IC=0.00000 CO2_BC=0.00010 LR=2.08e-04 nu=0.01 NSraw=0.3388 alpha(W1/W8/all)=0.59/0.39/0.48 | 0.85 it/s
[Iter 29800/30000] Total=0.19449 | NS=0.17432 CO2(scaled)=0.00158 CO2_weight=1.00 guide_w=5.91 Walls=0.00167(x10) g_ns/g_walls=1.67 Windows=0.00151 Doors=0.00032 IC=0.00000 CO2_BC=0.00011 LR=2.08e-04 nu=0.01 NSraw=1.091 alpha(W1/W8/all)=0.59/0.39/0.48 | 0.85 it/s
[Iter 29810/30000] Total=0.18905 | NS=0.18158 CO2(scaled)=0.00122 CO2_weight=1.00 guide_w=5.91 Walls=0.00047(x10) g_ns/g_walls=1.67 Windows=0.00117 Doors=0.00029 IC=0.00000 CO2_BC=0.00008 LR=2.08e-04 nu=0.01 NSraw=0.5784 alpha(W1/W8/all)=0.59/0.39/0.48 | 0.85 it/s
[Iter 29820/30000] Total=0.28608 | NS=0.27913 CO2(scaled)=0.00125 CO2_weight=1.00 guide_w=5.91 Walls=0.00044(x10) g_ns/g_walls=1.67 Windows=0.00090 Doors=0.00026 IC=0.00000 CO2_BC=0.00010 LR=2.08e-04 nu=0.01 NSraw=3.345 alpha(W1/W8/all)=0.59/0.39/0.48 | 0.85 it/s
[Iter 29830/30000] Total=0.18141 | NS=0.16830 CO2(scaled)=0.00107 CO2_weight=1.00 guide_w=5.91 Walls=0.00107(x10) g_ns/g_walls=1.67 Windows=0.00105 Doors=0.00021 IC=0.00000 CO2_BC=0.00009 LR=2.08e-04 nu=0.01 NSraw=0.5024 alpha(W1/W8/all)=0.59/0.39/0.48 | 0.85 it/s
[Iter 29840/30000] Total=0.30845 | NS=0.29737 CO2(scaled)=0.00140 CO2_weight=1.00 guide_w=5.91 Walls=0.00083(x10) g_ns/g_walls=1.67 Windows=0.00106 Doors=0.00028 IC=0.00000 CO2_BC=0.00009 LR=2.08e-04 nu=0.01 NSraw=5.028 alpha(W1/W8/all)=0.59/0.39/0.48 | 0.85 it/s
[Iter 29850/30000] Total=0.19108 | NS=0.17531 CO2(scaled)=0.00181 CO2_weight=1.00 guide_w=5.91 Walls=0.00117(x10) g_ns/g_walls=1.67 Windows=0.00194 Doors=0.00028 IC=0.00000 CO2_BC=0.00009 LR=2.08e-04 nu=0.01 NSraw=0.6997 alpha(W1/W8/all)=0.59/0.39/0.48 | 0.85 it/s
[Iter 29860/30000] Total=0.24360 | NS=0.22958 CO2(scaled)=0.00170 CO2_weight=1.00 guide_w=5.91 Walls=0.00100(x10) g_ns/g_walls=1.67 Windows=0.00195 Doors=0.00028 IC=0.00000 CO2_BC=0.00009 LR=2.07e-04 nu=0.01 NSraw=1.345 alpha(W1/W8/all)=0.59/0.39/0.48 | 0.85 it/s
[Iter 29870/30000] Total=0.45871 | NS=0.45096 CO2(scaled)=0.00122 CO2_weight=1.00 guide_w=5.91 Walls=0.00050(x10) g_ns/g_walls=1.67 Windows=0.00109 Doors=0.00032 IC=0.00000 CO2_BC=0.00010 LR=2.07e-04 nu=0.01 NSraw=14.06 alpha(W1/W8/all)=0.59/0.39/0.48 | 0.85 it/s
[Iter 29880/30000] Total=0.09109 | NS=0.08470 CO2(scaled)=0.00125 CO2_weight=1.00 guide_w=5.91 Walls=0.00034(x10) g_ns/g_walls=1.67 Windows=0.00115 Doors=0.00043 IC=0.00000 CO2_BC=0.00012 LR=2.07e-04 nu=0.01 NSraw=0.1879 alpha(W1/W8/all)=0.59/0.39/0.48 | 0.85 it/s
[Iter 29890/30000] Total=0.03847 | NS=0.03195 CO2(scaled)=0.00119 CO2_weight=1.00 guide_w=5.91 Walls=0.00037(x10) g_ns/g_walls=1.67 Windows=0.00107 Doors=0.00047 IC=0.00000 CO2_BC=0.00011 LR=2.07e-04 nu=0.01 NSraw=0.04664 alpha(W1/W8/all)=0.59/0.39/0.48 | 0.85 it/s
[Iter 29900/30000] Total=0.27538 | NS=0.26410 CO2(scaled)=0.00268 CO2_weight=1.00 guide_w=7.15 Walls=0.00071(x10) g_ns/g_walls=2.76 Windows=0.00102 Doors=0.00042 IC=0.00000 CO2_BC=0.00010 LR=2.07e-04 nu=0.01 NSraw=2.136 alpha(W1/W8/all)=0.59/0.39/0.48 | 0.85 it/s
[Iter 29910/30000] Total=0.14102 | NS=0.13045 CO2(scaled)=0.00096 CO2_weight=1.00 guide_w=7.15 Walls=0.00080(x10) g_ns/g_walls=2.76 Windows=0.00100 Doors=0.00054 IC=0.00000 CO2_BC=0.00011 LR=2.07e-04 nu=0.01 NSraw=0.3488 alpha(W1/W8/all)=0.59/0.39/0.48 | 0.85 it/s
[Iter 29920/30000] Total=0.10488 | NS=0.09936 CO2(scaled)=0.00124 CO2_weight=1.00 guide_w=7.15 Walls=0.00029(x10) g_ns/g_walls=2.76 Windows=0.00091 Doors=0.00033 IC=0.00000 CO2_BC=0.00012 LR=2.07e-04 nu=0.01 NSraw=0.3123 alpha(W1/W8/all)=0.59/0.39/0.48 | 0.85 it/s
[Iter 29930/30000] Total=0.29623 | NS=0.28585 CO2(scaled)=0.00141 CO2_weight=1.00 guide_w=7.15 Walls=0.00074(x10) g_ns/g_walls=2.76 Windows=0.00107 Doors=0.00040 IC=0.00000 CO2_BC=0.00013 LR=2.07e-04 nu=0.01 NSraw=2.303 alpha(W1/W8/all)=0.59/0.39/0.48 | 0.85 it/s
[Iter 29940/30000] Total=0.14313 | NS=0.12855 CO2(scaled)=0.00163 CO2_weight=1.00 guide_w=7.15 Walls=0.00108(x10) g_ns/g_walls=2.76 Windows=0.00148 Doors=0.00058 IC=0.00000 CO2_BC=0.00007 LR=2.07e-04 nu=0.01 NSraw=0.4152 alpha(W1/W8/all)=0.59/0.39/0.48 | 0.85 it/s
[Iter 29950/30000] Total=1.08265 | NS=1.06142 CO2(scaled)=0.00156 CO2_weight=1.00 guide_w=7.15 Walls=0.00174(x10) g_ns/g_walls=2.76 Windows=0.00183 Doors=0.00037 IC=0.00000 CO2_BC=0.00010 LR=2.06e-04 nu=0.01 NSraw=95.13 alpha(W1/W8/all)=0.59/0.39/0.48 | 0.85 it/s
[Iter 29960/30000] Total=0.08792 | NS=0.08180 CO2(scaled)=0.00112 CO2_weight=1.00 guide_w=7.15 Walls=0.00037(x10) g_ns/g_walls=2.76 Windows=0.00079 Doors=0.00038 IC=0.00000 CO2_BC=0.00013 LR=2.06e-04 nu=0.01 NSraw=0.2037 alpha(W1/W8/all)=0.59/0.39/0.48 | 0.85 it/s
[Iter 29970/30000] Total=0.20876 | NS=0.20006 CO2(scaled)=0.00111 CO2_weight=1.00 guide_w=7.15 Walls=0.00062(x10) g_ns/g_walls=2.76 Windows=0.00089 Doors=0.00037 IC=0.00000 CO2_BC=0.00011 LR=2.06e-04 nu=0.01 NSraw=0.8217 alpha(W1/W8/all)=0.59/0.39/0.48 | 0.85 it/s
[Iter 29980/30000] Total=1.40985 | NS=1.40341 CO2(scaled)=0.00093 CO2_weight=1.00 guide_w=7.15 Walls=0.00041(x10) g_ns/g_walls=2.76 Windows=0.00095 Doors=0.00042 IC=0.00000 CO2_BC=0.00009 LR=2.06e-04 nu=0.01 NSraw=179.6 alpha(W1/W8/all)=0.59/0.39/0.48 | 0.85 it/s
[Iter 29990/30000] Total=0.19697 | NS=0.18987 CO2(scaled)=0.00140 CO2_weight=1.00 guide_w=7.15 Walls=0.00045(x10) g_ns/g_walls=2.76 Windows=0.00076 Doors=0.00033 IC=0.00000 CO2_BC=0.00008 LR=2.06e-04 nu=0.01 NSraw=0.9753 alpha(W1/W8/all)=0.59/0.39/0.48 | 0.85 it/s
[Iter 30000/30000] Total=0.36423 | NS=0.35646 CO2(scaled)=0.00098 CO2_weight=1.00 guide_w=443 Walls=0.00054(x10) g_ns/g_walls=36.5 Windows=0.00109 Doors=0.00021 IC=0.00000 CO2_BC=0.00010 LR=2.06e-04 nu=0.01 NSraw=7.431 alpha(W1/W8/all)=0.59/0.39/0.48 | 0.85 it/s
  -> saved checkpoint: /home/iai-labor/BuildingControlCFD/experiments/gnot/checkpoints/v25_nsuniform_ab/gnot_v25_nsuniform_ab_iter30000.pth
Training complete. Final checkpoint: /home/iai-labor/BuildingControlCFD/experiments/gnot/checkpoints/v25_nsuniform_ab/gnot_v25_nsuniform_ab_final.pth
Best checkpoint (lowest unweighted_total=0.02436): /home/iai-labor/BuildingControlCFD/experiments/gnot/checkpoints/v25_nsuniform_ab/gnot_v25_nsuniform_ab_best.pth
